time,"[PCM] Actual Electronic Throttle Control (°)","[PCM] Actual Output Shaft Speed (rpm)","[PCM] Actual Torque Converter Slip (rpm)","[PCM] Actual Turbine Shaft Speed (rpm)","[PCM] ATF Temperature (℃)","[PCM] Commanded Gear ()","[PCM] Commanded Gear Ratio ()","[PCM] Currently Detected Engine Misfire ()","[PCM] Desired Electronic Throttle Control (°)","[PCM] Desired Torque Converter Slip (rpm)","[PCM] Fuel level (%)","[PCM] Knock Sensor 1 ()","[PCM] Knock Sensor 2 ()","[PCM] Measured Gear Ratio ()","Absolute pedal position D (%)","Absolute pedal position E (%)","Absolute throttle position B (%)","Altitude (GPS) (m)","Ambient air temperature (℃)","Average fuel consumption (L/100km)","Average fuel consumption (Today) (L/100km)","Average fuel consumption (total) (L/100km)","Average fuel consumption (Week) (L/100km)","Average fuel consumption 10 sec (L/100km)","Average speed (km/h)","Average speed (GPS) (km/h)","Calculated instant fuel consumption (L/100km)","Calculated instant fuel rate (L/h)","Commanded throttle actuator (%)","Distance travelled (km)","Distance travelled (Today) (km)","Distance travelled (total) (km)","Distance travelled (Week) (km)","Engine RPM (rpm)","Engine RPM x1000 (rpm)","Ethanol fuel percent (%)","Fuel economizer (based on fuel system status and throttle position) ()","Fuel used (L)","Fuel used (Today) (L)","Fuel used (total) (L)","Fuel used (Week) (L)","Fuel used price ($)","Fuel used price (Today) ($)","Fuel used price (total) ($)","Fuel used price (Week) ($)","Fuel/Air commanded equivalence ratio ()","Instant engine power (based on fuel consumption) (hp)","Intake air temperature (℃)","Long term fuel % trim - Bank 1 (%)","Long term fuel % trim - Bank 2 (%)","MAF air flow rate (g/sec)","Oxygen sensor 1 Wide Range Current (mA) (mA)","Oxygen sensor 1 Wide Range Equivalence ratio ()","Oxygen sensor 2 Bank 1 Voltage (V)","Oxygen sensor 2 Bank 2 Voltage (V)","Power from MAF (hp)","Relative throttle position (%)","Short term fuel % trim - Bank 1 (%)","Short term fuel % trim - Bank 2 (%)","Speed (GPS) (km/h)","Throttle position (%)","Timing advance (°)","Vehicle acceleration (g)","Vehicle speed (km/h)",Latitude,Longtitude,
17:54:33.541,,,,,,,,,,,,,,,,,,138.50001525878906,,,,,,,,0.4302653969675329,,,,,,,,,,,,,,,,,,,,,,,,,,,,,,,,,,0.44315532445907596,,,,,21.9143497,39.3121921,
17:54:33.541,,,,,,,,,,,,,,,,,,138.50001525878906,,,,,,,,0.43026576063812233,,,,,,,,,,,,,,,,,,,,,,,,,,,,,,,,,,0.44315532445907596,,,,,21.9143497,39.3121921,
17:54:34.538,,,,,,,,,,,,,,,,,,138.50001525878906,,,,,,,,0.4326723245928926,,,,,,,,,,,,,,,,,,,,,,,,,,,,,,,,,,0.4471598625183106,,,,,21.9143497,39.3121921,
17:54:34.539,,,,,,,,,,,,,,,,,,138.50001525878906,,,,,,,,0.43267259627118876,,,,,,,,,,,,,,,,,,,,,,,,,,,,,,,,,,0.4471598625183106,,,,,21.9143496,39.3121921,
17:54:35.527,,,,,,,,,,,,,,,,,,138.50001525878906,,,,,,,,0.4345806513425832,,,,,,,,,,,,,,,,,,,,,,,,,,,,,,,,,,0.44809029400348666,,,,,21.9143496,39.3121921,
17:54:35.528,,,,,,,,,,,,,,,,,,138.50001525878906,,,,,,,,0.4345810983460694,,,,,,,,,,,,,,,,,,,,,,,,,,,,,,,,,,0.44809029400348666,,,,,21.9143495,39.3121921,
17:54:36.532,,,,,,,,,,,,,,,,,,138.50001525878906,,,,,,,,0.4360803587131888,,,,,,,,,,,,,,,,,,,,,,,,,,,,,,,,,,0.4480114907026291,,,,,21.9143495,39.3121921,
17:54:36.532,,,,,,,,,,,,,,,,,,138.50001525878906,,,,,,,,0.43608054865313106,,,,,,,,,,,,,,,,,,,,,,,,,,,,,,,,,,0.4480114907026291,,,,,21.9143488,39.312192,
17:54:37.539,,,,,,,,,,,,,,,,,,138.50001525878906,,,,,,,,0.4372405391414007,,,,,,,,,,,,,,,,,,,,,,,,,,,,,,,,,,0.44759733080863956,,,,,21.9143488,39.312192,
17:54:37.540,,,,,,,,,,,,,,,,,,138.00001525878906,,,,,,,,0.4372407796607864,,,,,,,,,,,,,,,,,,,,,,,,,,,,,,,,,,0.44759733080863956,,,,,21.9143492,39.3122009,
17:54:38.542,,,,,,,,,,,,,,,,,,138.00001525878906,,,,,,,,0.4375763966219018,,,,,,,,,,,,,,,,,,,,,,,,,,,,,,,,,,0.4409244775772095,,,,,21.9143492,39.3122009,
17:54:38.542,,,,,,,,,,,,,,,,,,138.00001525878906,,,,,,,,0.43757641612210013,,,,,,,,,,,,,,,,,,,,,,,,,,,,,,,,,,0.4409244775772095,,,,,21.9143491,39.312201,
17:54:39.532,,,,,,,,,,,,,,,,,,138.00001525878906,,,,,,,,0.4379711316900993,,,,,,,,,,,,,,,,,,,,,,,,,,,,,,,,,,0.4423612028360367,,,,,21.9143491,39.312201,
17:54:39.532,,,,,,,,,,,,,,,,,,138.00001525878906,,,,,,,,0.4379711809879859,,,,,,,,,,,,,,,,,,,,,,,,,,,,,,,,,,0.4423612028360367,,,,,21.9143491,39.312201,
17:54:40.544,,,,,,,,,,,,,,,,,,138.00001525878906,,,,,,,,0.43841699530675793,,,,,,,,,,,,,,,,,,,,,,,,,,,,,,,,,,0.4437002420425415,,,,,21.9143491,39.312201,
17:54:40.544,,,,,,,,,,,,,,,,,,138.00001525878906,,,,,,,,0.4384170665885721,,,,,,,,,,,,,,,,,,,,,,,,,,,,,,,,,,0.4437002420425415,,,,,21.9143491,39.312201,
17:54:41.527,,,,,,,,,,,,,,,,,,138.00001525878906,,,,,,,,0.438449641887012,,,,,,,,,,,,,,,,,,,,,,,,,,,,,,,,,,0.43888068795204166,,,,,21.9143491,39.312201,
17:54:41.528,,,,,,,,,,,,,,,,,,138.00001525878906,,,,,,,,0.43844964760826033,,,,,,,,,,,,,,,,,,,,,,,,,,,,,,,,,,0.43888068795204166,,,,,21.9143491,39.312201,
17:54:42.538,,,,,,,,,,,,,,,,,,138.00001525878906,,,,,,,,0.43845038899012756,,,,,,,,,,,,,,,,,,,,,,,,,,,,,,,,,,0.4384606540203095,,,,,21.9143491,39.312201,
17:54:42.538,,,,,,,,,,,,,,,,,,138.00001525878906,,,,,,,,0.43845038907518213,,,,,,,,,,,,,,,,,,,,,,,,,,,,,,,,,,0.4384606540203095,,,,,21.9143491,39.3122009,
17:54:43.539,,,,,,,,,,,,,,,,,,138.00001525878906,,,,,,,,0.438699265209201,,,,,,,,,,,,,,,,,,,,,,,,,,,,,,,,,,0.44243150353431704,,,,,21.9143491,39.3122009,
17:54:43.539,,,,,,,,,,,,,,,,,,138.00001525878906,,,,,,,,0.4386992967660965,,,,,,,,,,,,,,,,,,,,,,,,,,,,,,,,,,0.44243150353431704,,,,,21.9143491,39.3122008,
17:54:44.371,,,,,,,,,,,,,,,,,,138.00001525878906,,,,,,,,0.4388565901244318,,,,,,,,,,,,,,,,,,,,,,,,,,,,,,,,,,0.44188264310359954,,,,,21.9143491,39.3122008,
17:54:44.371,,,,,,,,,,,,,,,,,,138.00001525878906,,,,,,,,0.43885660481086114,,,,,,,,,,,,,,,,,,,,,,,,,,,,,,,,,,0.44188264310359954,,,,,21.9143491,39.3122011,
17:55:09.536,,,,,,,,,,,,,,,,,,137.70001220703125,,,,,,,,0.17589946800626602,,,,,,,,,,,,,,,,,,,,,,,,,,,,,,,,,,0,,,,,21.9142829,39.3123045,
17:55:09.536,,,,,,,,,,,,,,,,,,137.70001220703125,,,,,,,,0.17589923723853612,,,,,,,,,,,,,,,,,,,,,,,,,,,,,,,,,,0,,,,,21.9143543,39.3121719,
17:55:09.652,,,,,,,,,,,,,,,,,,137.70001220703125,,,,,,,,0.17541531650211353,,,,,,,,,,,,,,,,,,,,,,,,,,,,,,,,,,0,,,,,21.9143543,39.3121719,
17:55:09.652,,,,,,,,,,,,,,,,,,137.70001220703125,,,,,,,,0.17541501452969419,,,,,,,,,,,,,,,,,,,,,,,,,,,,,,,,,,0,,,,,21.9143543,39.3121719,
17:55:10.533,,,,,,,,,,,,,,,,,,137.70001220703125,,,,,,,,0.17181906691155555,,,,,,,,,,,,,,,,,,,,,,,,,,,,,,,,,,0,,,,,21.9143543,39.3121719,
17:55:10.534,,,,,,,,,,,,,,,,,,137.70001220703125,,,,,,,,0.17181757757332605,,,,,,,,,,,,,,,,,,,,,,,,,,,,,,,,,,0,,,,,21.9143561,39.3121704,
17:55:11.173,,,,,64.25,,,,,,,,,,,,,,,,,,,,,,,,,,,,,,,,,,,,,,,,,,,,,,,,,,,,,,,,,,,,21.9143561,39.3121704,
17:55:11.361,,,,,64.1875,,,,,,,,,,,,,,,,,,,,,,,,,,,,,,,,,,,,,,,,,,,,,,,,,,,,,,,,,,,,21.9143561,39.3121704,
17:55:11.425,,,,,64.1875,,,,,,,,,,,,,,,,,,,,,,,,,,,,,,,,,,,,,,,,,,,,,,,,,,,,,,,,,,,,21.9143561,39.3121704,
17:55:11.498,,,,,64.25,,,,,,,,,,,,,,,,,,,,,,,,,,,,,,,,,,,,,,,,,,,,,,,,,,,,,,,,,,,,21.9143561,39.3121704,
17:55:11.545,,,,,,,,,,,,,,,,,,137.70001220703125,,,,,,,,0.16786866438080023,,,,,,,,,,,,,,,,,,,,,,,,,,,,,,,,,,0,,,,,21.9143561,39.3121704,
17:55:11.545,,,,,,,,,,,,,,,,,,137.70001220703125,,,,,,,,0.16786832146059777,,,,,,,,,,,,,,,,,,,,,,,,,,,,,,,,,,0,,,,,21.9143549,39.3121726,
17:55:11.601,,,,,64.25,,,,,,,,,,,,,,,,,,,,,,,,,,,,,,,,,,,,,,,,,,,,,,,,,,,,,,,,,,,,21.9143549,39.3121726,
17:55:11.685,,,,,64.25,,,,,,,,,,,,,,,,,,,,,,,,,,,,,,,,,,,,,,,,,,,,,,,,,,,,,,,,,,,,21.9143549,39.3121726,
17:55:11.722,,,,,64.25,,,,,,,,,,,,,,,,,,,,,,,,,,,,,,,,,,,,,,,,,,,,,,,,,,,,,,,,,,,,21.9143549,39.3121726,
17:55:11.752,,,,,64.25,,,,,,,,,,,,,,,,,,,,,,,,,,,,,,,,,,,,,,,,,,,,,,,,,,,,,,,,,,,,21.9143549,39.3121726,
17:55:11.822,,,,,64.3125,,,,,,,,,,,,,,,,,,,,,,,,,,,,,,,,,,,,,,,,,,,,,,,,,,,,,,,,,,,,21.9143549,39.3121726,
17:55:11.882,,,,,64.3125,,,,,,,,,,,,,,,,,,,,,,,,,,,,,,,,,,,,,,,,,,,,,,,,,,,,,,,,,,,,21.9143549,39.3121726,
17:55:11.937,,,,,64.25,,,,,,,,,,,,,,,,,,,,,,,,,,,,,,,,,,,,,,,,,,,,,,,,,,,,,,,,,,,,21.9143549,39.3121726,
17:55:11.997,,,,,64.25,,,,,,,,,,,,,,,,,,,,,,,,,,,,,,,,,,,,,,,,,,,,,,,,,,,,,,,,,,,,21.9143549,39.3121726,
17:55:12.054,,,,,64.25,,,,,,,,,,,,,,,,,,,,,,,,,,,,,,,,,,,,,,,,,,,,,,,,,,,,,,,,,,,,21.9143549,39.3121726,
17:55:12.121,,,,,64.3125,,,,,,,,,,,,,,,,,,,,,,,,,,,,,,,,,,,,,,,,,,,,,,,,,,,,,,,,,,,,21.9143549,39.3121726,
17:55:12.181,,,,,64.3125,,,,,,,,,,,,,,,,,,,,,,,,,,,,,,,,,,,,,,,,,,,,,,,,,,,,,,,,,,,,21.9143549,39.3121726,
17:55:12.241,,,,,64.25,,,,,,,,,,,,,,,,,,,,,,,,,,,,,,,,,,,,,,,,,,,,,,,,,,,,,,,,,,,,21.9143549,39.3121726,
17:55:12.293,,,,,64.3125,,,,,,,,,,,,,,,,,,,,,,,,,,,,,,,,,,,,,,,,,,,,,,,,,,,,,,,,,,,,21.9143549,39.3121726,
17:55:12.358,,,,,64.3125,,,,,,,,,,,,,,,,,,,,,,,,,,,,,,,,,,,,,,,,,,,,,,,,,,,,,,,,,,,,21.9143549,39.3121726,
17:55:12.420,,,,,64.3125,,,,,,,,,,,,,,,,,,,,,,,,,,,,,,,,,,,,,,,,,,,,,,,,,,,,,,,,,,,,21.9143549,39.3121726,
17:55:12.482,,,,,64.3125,,,,,,,,,,,,,,,,,,,,,,,,,,,,,,,,,,,,,,,,,,,,,,,,,,,,,,,,,,,,21.9143549,39.3121726,
17:55:12.521,,,,,,,,,,,,,,,,,,137.70001220703125,,,,,,,,0.16422614759812484,,,,,,,,,,,,,,,,,,,,,,,,,,,,,,,,,,0,,,,,21.9143549,39.3121726,
17:55:12.521,,,,,,,,,,,,,,,,,,137.70001220703125,,,,,,,,0.16422589533313156,,,,,,,,,,,,,,,,,,,,,,,,,,,,,,,,,,0,,,,,21.9143574,39.312172,
17:55:12.572,,,,,64.25,,,,,,,,,,,,,,,,,,,,,,,,,,,,,,,,,,,,,,,,,,,,,,,,,,,,,,,,,,,,21.9143574,39.312172,
17:55:12.634,,,,,64.25,,,,,,,,,,,,,,,,,,,,,,,,,,,,,,,,,,,,,,,,,,,,,,,,,,,,,,,,,,,,21.9143574,39.312172,
17:55:12.689,,,,,64.25,,,,,,,,,,,,,,,,,,,,,,,,,,,,,,,,,,,,,,,,,,,,,,,,,,,,,,,,,,,,21.9143574,39.312172,
17:55:12.763,,,,,64.25,,,,,,,,,,,,,,,,,,,,,,,,,,,,,,,,,,,,,,,,,,,,,,,,,,,,,,,,,,,,21.9143574,39.312172,
17:55:12.808,,,,,64.3125,,,,,,,,,,,,,,,,,,,,,,,,,,,,,,,,,,,,,,,,,,,,,,,,,,,,,,,,,,,,21.9143574,39.312172,
17:55:12.861,,,,,64.3125,,,,,,,,,,,,,,,,,,,,,,,,,,,,,,,,,,,,,,,,,,,,,,,,,,,,,,,,,,,,21.9143574,39.312172,
17:55:12.945,,,,,64.25,,,,,,,,,,,,,,,,,,,,,,,,,,,,,,,,,,,,,,,,,,,,,,,,,,,,,,,,,,,,21.9143574,39.312172,
17:55:13.020,,,,,64.1875,,,,,,,,,,,,,,,,,,,,,,,,,,,,,,,,,,,,,,,,,,,,,,,,,,,,,,,,,,,,21.9143574,39.312172,
17:55:13.153,,,,,64.1875,,,,,,,,,,,,,,,,,,,,,,,,,,,,,,,,,,,,,,,,,,,,,,,,,,,,,,,,,,,,21.9143574,39.312172,
17:55:13.254,,,,,64.25,,,,,,,,,,,,,,,,,,,,,,,,,,,,,,,,,,,,,,,,,,,,,,,,,,,,,,,,,,,,21.9143574,39.312172,
17:55:13.317,,,,,64.25,,,,,,,,,,,,,,,,,,,,,,,,,,,,,,,,,,,,,,,,,,,,,,,,,,,,,,,,,,,,21.9143574,39.312172,
17:55:13.377,,,,,64.25,,,,,,,,,,,,,,,,,,,,,,,,,,,,,,,,,,,,,,,,,,,,,,,,,,,,,,,,,,,,21.9143574,39.312172,
17:55:13.442,,,,,64.25,,,,,,,,,,,,,,,,,,,,,,,,,,,,,,,,,,,,,,,,,,,,,,,,,,,,,,,,,,,,21.9143574,39.312172,
17:55:13.497,,,,,64.25,,,,,,,,,,,,,,,,,,,,,,,,,,,,,,,,,,,,,,,,,,,,,,,,,,,,,,,,,,,,21.9143574,39.312172,
17:55:13.538,,,,,,,,,,,,,,,,,,137.70001220703125,,,,,,,,0.16059556342284326,,,,,,,,,,,,,,,,,,,,,,,,,,,,,,,,,,0,,,,,21.9143574,39.312172,
17:55:13.538,,,,,,,,,,,,,,,,,,137.70001220703125,,,,,,,,0.16059531834811322,,,,,,,,,,,,,,,,,,,,,,,,,,,,,,,,,,0,,,,,21.9143564,39.3121695,
17:55:13.722,,,,,64.25,,,,,,,,,,,,,,,,,,,,,,,,,,,,,,,,,,,,,,,,,,,,,,,,,,,,,,,,,,,,21.9143564,39.3121695,
17:55:14.117,,,,,,,,,,,,,,,,,,,,,,,,,,,,,,,,,,,,,,,,,,,,,,14.40652128,,,,,,,,,,,,,,,,,,,21.9143564,39.3121695,
17:55:14.190,,,,,64.3125,,,,,,,,,,,,,,,,,,,,,,,,,,,,,,,,,,,,,,,,,,,,,,,,,,,,,,,,,,,,21.9143564,39.3121695,
17:55:14.384,,,,,,,,,,,,,,,,,,,,,,,,,,,,,,,,,,,,,,,,,,,,,,14.40652128,,,,,,,,,,,,,,,,,,,21.9143564,39.3121695,
17:55:14.520,,,,,64.25,,,,,,,,,,,,,,,,,,,,,,,,,,,,,,,,,,,,,,,,,,,,,,,,,,,,,,,,,,,,21.9143564,39.3121695,
17:55:14.529,,,,,,,,,,,,,,,,,,137.70001220703125,,,,,,,,0.15721066296250327,,,,,,,,,,,,,,,,,,,,,,,,,,,,,,,,,,0,,,,,21.9143564,39.3121695,
17:55:14.529,,,,,,,,,,,,,,,,,,137.70001220703125,,,,,,,,0.15721035183307988,,,,,,,,,,,,,,,,,,,,,,,,,,,,,,,,,,0,,,,,21.914356,39.3121682,
17:55:14.625,,,,,,,,,,,,,,,,,,,,,,,,,,,,,,,,,,,,,,,,,,,,,,14.40652128,,,,,,,,,,,,,,,,,,,21.914356,39.3121682,
17:55:14.696,,,,,64.25,,,,,,,,,,,,,,,,,,,,,,,,,,,,,,,,,,,,,,,,,,,,,,,,,,,,,,,,,,,,21.914356,39.3121682,
17:55:14.797,,,,,,,,,,,,,,,,,,,,,,,,,,,,,,,,,,,,,,,,,,,,,,14.40652128,,,,,,,,,,,,,,,,,,,21.914356,39.3121682,
17:55:14.885,,,,,64.25,,,,,,,,,,,,,,,,,,,,,,,,,,,,,,,,,,,,,,,,,,,,,,,,,,,,,,,,,,,,21.914356,39.3121682,
17:55:15.125,,,,,,,,,,,,,,,,,,,,,,,,,,,,,,,,,,,,,,,,,,,,,,14.40652128,,,,,,,,,,,,,,,,,,,21.914356,39.3121682,
17:55:15.209,,,,,64.1875,,,,,,,,,,,,,,,,,,,,,,,,,,,,,,,,,,,,,,,,,,,,,,,,,,,,,,,,,,,,21.914356,39.3121682,
17:55:15.314,,,,,,,,,,,,,,,,,,,,,,,,,,,,,,,,,,,,,,,,,,,,,,14.863311240000002,,,,,,,,,,,,,,,,,,,21.914356,39.3121682,
17:55:15.389,,,,,64.1875,,,,,,,,,,,,,,,,,,,,,,,,,,,,,,,,,,,,,,,,,,,,,,,,,,,,,,,,,,,,21.914356,39.3121682,
17:55:15.481,,,,,,,,,,,,,,,,,,,,,,,,,,,,,,,,,,,,,,,,,,,,,,14.863311240000002,,,,,,,,,,,,,,,,,,,21.914356,39.3121682,
17:55:15.537,,,,,,,,,,,,,,,,,,137.70001220703125,,,,,,,,0.15630523903155435,,,,,,,,,,,,,,,,,,,,,,,,,,,,,,,,,,0.11410200297832489,,,,,21.914356,39.3121682,
17:55:15.537,,,,,,,,,,,,,,,,,,137.70001220703125,,,,,,,,0.15630504454509278,,,,,,,,,,,,,,,,,,,,,,,,,,,,,,,,,,0.11410200297832489,,,,,21.9143548,39.3121687,
17:55:15.577,,,,,64.125,,,,,,,,,,,,,,,,,,,,,,,,,,,,,,,,,,,,,,,,,,,,,,,,,,,,,,,,,,,,21.9143548,39.3121687,
17:55:15.658,,,,,,,,,,,,,,,,,,,,,,,,,,,,,,,,,,,,,,,,,,,,,,14.863311240000002,,,,,,,,,,,,,,,,,,,21.9143548,39.3121687,
17:55:15.722,,,,,64.125,,,,,,,,,,,,,,,,,,,,,,,,,,,,,,,,,,,,,,,,,,,,,,,,,,,,,,,,,,,,21.9143548,39.3121687,
17:55:15.814,,,,,,,,,,,,,,,,,,,,,,,,,,,,,,,,,,,,,,,,,,,,,,14.863311240000002,,,,,,,,,,,,,,,,,,,21.9143548,39.3121687,
17:55:16.034,,,,,64.1875,,,,,,,,,,,,,,,,,,,,,,,,,,,,,,,,,,,,,,,,,,,,,,,,,,,,,,,,,,,,21.9143548,39.3121687,
17:55:16.460,,,,,,,,,,,,,,,,,,,,,,,,,,,,,,,,,,,,,,,,,,,,,,14.863311240000002,,,,,,,,,,,,,,,,,,,21.9143548,39.3121687,
17:55:16.527,,,,,,,,,,,,,,,,,,137.70001220703125,,,,,,,,0.15547428821179526,,,,,,,,,,,,,,,,,,,,,,,,,,,,,,,,,,0.11521005034446717,,,,,21.9143548,39.3121687,
17:55:16.527,,,,,,,,,,,,,,,,,,137.70001220703125,,,,,,,,0.1554742247627403,,,,,,,,,,,,,,,,,,,,,,,,,,,,,,,,,,0.11521005034446717,,,,,21.9143542,39.3121684,
17:55:16.631,,,,,,,,,3.890684367132067,,,,,,,,,,,,,,,,,,,,,,,,,,,,,,,,,,,,,,,,,,,,,,,,,,,,,,,,21.9143542,39.3121684,
17:55:16.842,,,,,,,,,,,,,,,,,,,,,,,,,,,,,,,,,,,,,,,,,,,,,,14.863311240000002,,,,,,,,,,,,,,,,,,,21.9143542,39.3121684,
17:55:17.034,,,,,,,,,2.7559014267185473,,,,,,,,,,,,,,,,,,,,,,,,,,,,,,,,,,,,,,,,,,,,,,,,,,,,,,,,21.9143542,39.3121684,
17:55:17.106,,,,,,,,,,,,,,,,,,,,,,,,,,,,,,,,,,,,,,,,,,,,,,14.863311240000002,,,,,,,,,,,,,,,,,,,21.9143542,39.3121684,
17:55:17.194,,,,,,,,,2.5664454108491648,,,,,,,,,,,,,,,,,,,,,,,,,,,,,,,,,,,,,,,,,,,,,,,,,,,,,,,,21.9143542,39.3121684,
17:55:17.285,,,,,,,,,,,,,,,,,,,,,,,,,,,,,,,,,,,,,,,,,,,,,,14.37973008,,,,,,,,,,,,,,,,,,,21.9143542,39.3121684,
17:55:17.386,,,,,,,,,2.505897611963073,,,,,,,,,,,,,,,,,,,,,,,,,,,,,,,,,,,,,,,,,,,,,,,,,,,,,,,,21.9143542,39.3121684,
17:55:17.489,,,,,,,,,,,,,,,,,,,,,,,,,,,,,,,,,,,,,,,,,,,,,,14.37973008,,,,,,,,,,,,,,,,,,,21.9143542,39.3121684,
17:55:17.532,,,,,,,,,,,,,,,,,,137.70001220703125,,,,,,,,0.15534776223969032,,,,,,,,,,,,,,,,,,,,,,,,,,,,,,,,,,0.1491838350892067,,,,,21.9143542,39.3121684,
17:55:17.532,,,,,,,,,,,,,,,,,,137.70001220703125,,,,,,,,0.1553477542875328,,,,,,,,,,,,,,,,,,,,,,,,,,,,,,,,,,0.1491838350892067,,,,,21.9143529,39.3121693,
17:55:17.606,,,,,,,,,2.488319218738079,,,,,,,,,,,,,,,,,,,,,,,,,,,,,,,,,,,,,,,,,,,,,,,,,,,,,,,,21.9143529,39.3121693,
17:55:17.693,,,,,,,,,,,,,,,,,,,,,,,,,,,,,,,,,,,,,,,,,,,,,,14.37973008,,,,,,,,,,,,,,,,,,,21.9143529,39.3121693,
17:55:17.758,,,,,,,,,2.4785534447241933,,,,,,,,,,,,,,,,,,,,,,,,,,,,,,,,,,,,,,,,,,,,,,,,,,,,,,,,21.9143529,39.3121693,
17:55:17.814,,,,,,,,,,,,,,,,,,,,,,,,,,,,,,,,,,,,,,,,,,,,,,14.37973008,,,,,,,,,,,,,,,,,,,21.9143529,39.3121693,
17:55:17.876,,,,,,,,,2.4648813611047533,,,,,,,,,,,,,,,,,,,,,,,,,,,,,,,,,,,,,,,,,,,,,,,,,,,,,,,,21.9143529,39.3121693,
17:55:17.941,,,,,,,,,,,,,,,,,,,,,,,,,,,,,,,,,,,,,,,,,,,,,,14.37973008,,,,,,,,,,,,,,,,,,,21.9143529,39.3121693,
17:55:18.032,,,,,,,,,2.4492561226825362,,,,,,,,,,,,,,,,,,,,,,,,,,,,,,,,,,,,,,,,,,,,,,,,,,,,,,,,21.9143529,39.3121693,
17:55:18.137,,,,,,,,,,,,,,,,,,,,,,,,,,,,,,,,,,,,,,,,,,,,,,14.37973008,,,,,,,,,,,,,,,,,,,21.9143529,39.3121693,
17:55:18.278,,,,,,,,,2.4531624322880905,,,,,,,,,,,,,,,,,,,,,,,,,,,,,,,,,,,,,,,,,,,,,,,,,,,,,,,,21.9143529,39.3121693,
17:55:18.422,,,,,,,,,,,,,,,,,,,,,,,,,,,,,,,,,,,,,,,,,,,,,,14.867776440000002,,,,,,,,,,,,,,,,,,,21.9143529,39.3121693,
17:55:18.472,,,,,,,,,2.4551155870908676,,,,,,,,,,,,,,,,,,,,,,,,,,,,,,,,,,,,,,,,,,,,,,,,,,,,,,,,21.9143529,39.3121693,
17:55:18.637,,,,,,,,,,,,,,,,,,137.70001220703125,,,,,,,,0.1557396308542206,,,,,,,,,,,,,,,,,,,,,,,,,,,,,,,,,,0.17348106801509858,,,,,21.9143529,39.3121693,
17:55:18.637,,,,,,,,,,,,,,,,,,137.70001220703125,,,,,,,,0.15573970480554808,,,,,,,,,,,,,,,,,,,,,,,,,,,,,,,,,,0.17348106801509858,,,,,21.9143529,39.3121692,
17:55:18.724,,,,,,,,,,,,,,,,,,,,,,,,,,,,,,,,,,,,,,,,,,,,,,14.867776440000002,,,,,,,,,,,,,,,,,,,21.9143529,39.3121692,
17:55:18.806,,,,,,,,,2.4492561226825362,,,,,,,,,,,,,,,,,,,,,,,,,,,,,,,,,,,,,,,,,,,,,,,,,,,,,,,,21.9143529,39.3121692,
17:55:18.903,,,,,,,,,,,,,,,,,,,,,,,,,,,,,,,,,,,,,,,,,,,,,,14.867776440000002,,,,,,,,,,,,,,,,,,,21.9143529,39.3121692,
17:55:19.040,,,,,,,,,2.460975051499199,,,,,,,,,,,,,,,,,,,,,,,,,,,,,,,,,,,,,,,,,,,,,,,,,,,,,,,,21.9143529,39.3121692,
17:55:19.139,,,,,,,,,,,,,,,,,,,,,,,,,,,,,,,,,,,,,,,,,,,,,,14.867776440000002,,,,,,,,,,,,,,,,,,,21.9143529,39.3121692,
17:55:19.302,,,,,,,,,2.4648813611047533,,,,,,,,,,,,,,,,,,,,,,,,,,,,,,,,,,,,,,,,,,,,,,,,,,,,,,,,21.9143529,39.3121692,
17:55:19.478,,,,,,,,,,,,,,,,,,,,,,,,,,,,,,,,,,,,,,,,,,,,,,14.867776440000002,,,,,,,,,,,,,,,,,,,21.9143529,39.3121692,
17:55:19.527,,,,,,,,,,,,,,,,,,137.70001220703125,,,,,,,,0.15638399198421624,,,,,,,,,,,,,,,,,,,,,,,,,,,,,,,,,,0.1933656245470047,,,,,21.9143529,39.3121692,
17:55:19.527,,,,,,,,,,,,,,,,,,137.70001220703125,,,,,,,,0.1563840972586917,,,,,,,,,,,,,,,,,,,,,,,,,,,,,,,,,,0.1933656245470047,,,,,21.9143529,39.3121692,
17:55:19.661,2.423865110246433,,,,,,,,,,,,,,,,,,,,,,,,,,,,,,,,,,,,,,,,,,,,,,,,,,,,,,,,,,,,,,,,21.9143529,39.3121692,
17:55:19.808,,,,,,,,,,,43.13725490196079,,,,,,,,,,,,,,,,,,,,,,,,,,,,,,,,,,,,,,,,,,,,,,,,,,,,,,21.9143529,39.3121692,
17:55:19.961,,,,,,,4.170962081330587,,,,,,,,,,,,,,,,,,,,,,,,,,,,,,,,,,,,,,,,,,,,,,,,,,,,,,,,,,21.9143529,39.3121692,
17:55:20.114,,,,,,1,,,,,,,,,,,,,,,,,,,,,,,,,,,,,,,,,,,,,,,,,,,,,,,,,,,,,,,,,,,21.9143529,39.3121692,
17:55:20.269,,,,,,,,,,,,202,,,,,,,,,,,,,,,,,,,,,,,,,,,,,,,,,,,,,,,,,,,,,,,,,,,,,21.9143529,39.3121692,
17:55:20.434,,,,,,,,,,,,,210,,,,,,,,,,,,,,,,,,,,,,,,,,,,,,,,,,,,,,,,,,,,,,,,,,,,21.9143529,39.3121692,
17:55:20.534,,,,,,,,,,,,,,,,,,137.70001220703125,,,,,,,,0.15735203271624681,,,,,,,,,,,,,,,,,,,,,,,,,,,,,,,,,,0.20732548981904983,,,,,21.9143529,39.3121692,
17:55:20.535,,,,,,,,,,,,,,,,,,137.70001220703125,,,,,,,,0.1573522263950192,,,,,,,,,,,,,,,,,,,,,,,,,,,,,,,,,,0.20732548981904983,,,,,21.9143529,39.3121692,
17:55:20.597,,,,,,,,0,,,,,,,,,,,,,,,,,,,,,,,,,,,,,,,,,,,,,,,,,,,,,,,,,,,,,,,,,21.9143529,39.3121692,
17:55:20.746,,,,,64.25,,,,,,,,,,,,,,,,,,,,,,,,,,,,,,,,,,,,,,,,,,,,,,,,,,,,,,,,,,,,21.9143529,39.3121692,
17:55:20.894,,,,,,,,,,,,,,5.0000762951094835,,,,,,,,,,,,,,,,,,,,,,,,,,,,,,,,,,,,,,,,,,,,,,,,,,,21.9143529,39.3121692,
17:55:21.044,,,,637.25,,,,,,,,,,,,,,,,,,,,,,,,,,,,,,,,,,,,,,,,,,,,,,,,,,,,,,,,,,,,,21.9143529,39.3121692,
17:55:21.205,,0,,,,,,,,,,,,,,,,,,,,,,,,,,,,,,,,,,,,,,,,,,,,,,,,,,,,,,,,,,,,,,,21.9143529,39.3121692,
17:55:21.384,,,11.75,,,,,,,,,,,,,,,,,,,,,,,,,,,,,,,,,,,,,,,,,,,,,,,,,,,,,,,,,,,,,,21.9143529,39.3121692,
17:55:21.536,,,,,,,,,,,,,,,,,,137.70001220703125,,,,,,,,0.15856100209258217,,,,,,,,,,,,,,,,,,,,,,,,,,,,,,,,,,0.22251372635364533,,,,,21.9143529,39.3121692,
17:55:21.537,,,,,,,,,,,,,,,,,,137.70001220703125,,,,,,,,0.1585612541149735,,,,,,,,,,,,,,,,,,,,,,,,,,,,,,,,,,0.22251372635364533,,,,,21.9143529,39.3121691,
17:55:21.558,,,,,,,,,,1020,,,,,,,,,,,,,,,,,,,,,,,,,,,,,,,,,,,,,,,,,,,,,,,,,,,,,,,21.9143529,39.3121691,
17:55:21.636,,,,,,,,,2.476600289921416,,,,,,,,,,,,,,,,,,,,,,,,,,,,,,,,,,,,,,,,,,,,,,,,,,,,,,,,21.9143529,39.3121691,
17:55:21.827,,,,,,,,,,,,,,,,,,,,,,,,,,,,,,,,,,,,,,,,,,,,,,14.87224164,,,,,,,,,,,,,,,,,,,21.9143529,39.3121691,
17:55:22.033,2.423865110246433,,,,,,,,,,,,,,,,,,,,,,,,,,,,,,,,,,,,,,,,,,,,,,,,,,,,,,,,,,,,,,,,21.9143529,39.3121691,
17:55:22.193,,,,,,,,,,,43.13725490196079,,,,,,,,,,,,,,,,,,,,,,,,,,,,,,,,,,,,,,,,,,,,,,,,,,,,,,21.9143529,39.3121691,
17:55:22.329,,,,,,,4.170962081330587,,,,,,,,,,,,,,,,,,,,,,,,,,,,,,,,,,,,,,,,,,,,,,,,,,,,,,,,,,21.9143529,39.3121691,
17:55:22.490,,,,,,1,,,,,,,,,,,,,,,,,,,,,,,,,,,,,,,,,,,,,,,,,,,,,,,,,,,,,,,,,,,21.9143529,39.3121691,
17:55:22.538,,,,,,,,,,,,,,,,,,137.70001220703125,,,,,,,,0.15999862712586355,,,,,,,,,,,,,,,,,,,,,,,,,,,,,,,,,,0.23749287128448487,,,,,21.9143529,39.3121691,
17:55:22.538,,,,,,,,,,,,,,,,,,137.70001220703125,,,,,,,,0.1599988408633662,,,,,,,,,,,,,,,,,,,,,,,,,,,,,,,,,,0.23749287128448487,,,,,21.9143528,39.3121691,
17:55:22.643,,,,,,,,,,,,198,,,,,,,,,,,,,,,,,,,,,,,,,,,,,,,,,,,,,,,,,,,,,,,,,,,,,21.9143528,39.3121691,
17:55:22.817,,,,,,,,,,,,,228,,,,,,,,,,,,,,,,,,,,,,,,,,,,,,,,,,,,,,,,,,,,,,,,,,,,21.9143528,39.3121691,
17:55:22.958,,,,,,,,0,,,,,,,,,,,,,,,,,,,,,,,,,,,,,,,,,,,,,,,,,,,,,,,,,,,,,,,,,21.9143528,39.3121691,
17:55:23.010,,,,,64.3125,,,,,,,,,,,,,,,,,,,,,,,,,,,,,,,,,,,,,,,,,,,,,,,,,,,,,,,,,,,,21.9143528,39.3121691,
17:55:23.186,,,,,,,,,,,,,,5.0000762951094835,,,,,,,,,,,,,,,,,,,,,,,,,,,,,,,,,,,,,,,,,,,,,,,,,,,21.9143528,39.3121691,
17:55:23.352,,,,664.5,,,,,,,,,,,,,,,,,,,,,,,,,,,,,,,,,,,,,,,,,,,,,,,,,,,,,,,,,,,,,21.9143528,39.3121691,
17:55:23.501,,0,,,,,,,,,,,,,,,,,,,,,,,,,,,,,,,,,,,,,,,,,,,,,,,,,,,,,,,,,,,,,,,21.9143528,39.3121691,
17:55:23.538,,,,,,,,,,,,,,,,,,137.70001220703125,,,,,,,,0.1614749490412471,,,,,,,,,,,,,,,,,,,,,,,,,,,,,,,,,,0.24271481037139894,,,,,21.9143528,39.3121691,
17:55:23.538,,,,,,,,,,,,,,,,,,137.70001220703125,,,,,,,,0.1614751602611951,,,,,,,,,,,,,,,,,,,,,,,,,,,,,,,,,,0.24271481037139894,,,,,21.9143528,39.3121691,
17:55:23.662,,,8.5,,,,,,,,,,,,,,,,,,,,,,,,,,,,,,,,,,,,,,,,,,,,,,,,,,,,,,,,,,,,,,21.9143528,39.3121691,
17:55:23.807,,,,,,,,,,1020,,,,,,,,,,,,,,,,,,,,,,,,,,,,,,,,,,,,,,,,,,,,,,,,,,,,,,,21.9143528,39.3121691,
17:55:23.967,,,,,,,,,1.7929961089494164,,,,,,,,,,,,,,,,,,,,,,,,,,,,,,,,,,,,,,,,,,,,,,,,,,,,,,,,21.9143528,39.3121691,
17:55:24.197,,,,,,,,,,,,,,,,,,,,,,,,,,,,,,,,,,,,,,,,,,,,,,14.87224164,,,,,,,,,,,,,,,,,,,21.9143528,39.3121691,
17:55:24.218,,,,,,,,,,,,,,,,,,137.70001220703125,,,,,,,,0.162467965778992,,,,,,,,,,,,,,,,,,,,,,,,,,,,,,,,,,0.2441829711198807,,,,,21.9143528,39.3121691,
17:55:24.218,,,,,,,,,,,,,,,,,,138.00001525878906,,,,,,,,0.16246820552559318,,,,,,,,,,,,,,,,,,,,,,,,,,,,,,,,,,0.2441829711198807,,,,,21.9143528,39.3121691,
17:55:24.347,,,,,,,,,,,,,,,,,,,,,,,,,,,,,,,,,,,,,,,,,,,,,,,,,,,,,,,,,,-0.78125,,,,,,,21.9143528,39.3121691,
17:55:24.510,,,,,,,,,,,,,,,,,,,,,,,,,,,,,,,,,,,,,,,,,,,,,,,,,,,,,,,,,,,-2.34375,,,,,,21.9143528,39.3121691,
17:55:24.695,,,,,,,,,,,,,,,,,,,,,,,,,,,,,,,,,,,,,,,,,,,,,,,,,,,,,,0.76,,,,,,,,,,,21.9143528,39.3121691,
17:55:24.910,,,,,,,,,,,,,,,,,,,,,,,,,,,,,,,,,,,,,,,,,,,,,,,,,,,,,,,0.78,,,,,,,,,,21.9143528,39.3121691,
17:55:24.991,,,,,,,,,1.775417715724422,,,,,,,,,,,,,,,,,,,,,,,,,,,,,,,,,,,,,,,,,,,,,,,,,,,,,,,,21.9143528,39.3121691,
17:55:25.073,,,,,,,,,,,,,,,,,,,,,,,,,,,,,,,,,,,,,,,,,,,,,,14.40339564,,,,,,,,,,,,,,,,,,,21.9143528,39.3121691,
17:55:25.215,,,,,,,,,,,,,,,,,,,,,,,,,,,,,,,,,,,,,,,,,,,,,,,,,,,,,,,,,,-0.78125,,,,,,,21.9143528,39.3121691,
17:55:25.366,,,,,,,,,,,,,,,,,,,,,,,,,,,,,,,,,,,,,,,,,,,,,,,,,,,,,,,,,,,-0.78125,,,,,,21.9143528,39.3121691,
17:55:25.532,,,,,,,,,,,,,,,,,,138.00001525878906,,,,,,,,0.16462873218403004,,,,,,,,,,,,,,,,,,,,,,,,,,,,,,,,,,0.25782535672187806,,,,,21.9143528,39.3121691,
17:55:25.533,,,,,,,,,,,,,,,,,,138.00001525878906,,,,,,,,0.16462897419181602,,,,,,,,,,,,,,,,,,,,,,,,,,,,,,,,,,0.25782535672187806,,,,,21.9143529,39.3121709,
17:55:25.541,,,,,,,,,,,,,,,,,,,,,,,,,,,,,,,,,,,,,,,,,,,,,,,,,,,,,,0.76,,,,,,,,,,,21.9143529,39.3121709,
17:55:25.686,,,,,,,,,,,,,,,,,,,,,,,,,,,,,,,,,,,,,,,,,,,,,,,,,,,,,,,0.775,,,,,,,,,,21.9143529,39.3121709,
17:55:25.775,,,,,,,,,1.777370870527199,,,,,,,,,,,,,,,,,,,,,,,,,,,,,,,,,,,,,,,,,,,,,,,,,,,,,,,,21.9143529,39.3121709,
17:55:25.866,,,,,,,,,,,,,,,,,,,,,,,,,,,,,,,,,,,,,,,,,,,,,,14.870455560000002,,,,,,,,,,,,,,,,,,,21.9143529,39.3121709,
17:55:25.922,,,,,,,,,,,,,,,,,,,,,,,,,,,,,,,,,,,,,,,,,,,,,,,,,,,,,,,,,,-2.34375,,,,,,,21.9143529,39.3121709,
17:55:25.978,,,,,,,,,,,,,,,,,,,,,,,,,,,,,,,,,,,,,,,,,,,,,,,,,,,,,,,,,,,-4.6875,,,,,,21.9143529,39.3121709,
17:55:26.047,,,,,,,,,,,,,,,,,,,,,,,,,,,,,,,,,,,,,,,,,,,,,,,,,,,,,,0.77,,,,,,,,,,,21.9143529,39.3121709,
17:55:26.098,,,,,,,,,,,,,,,,,,,,,,,,,,,,,,,,,,,,,,,,,,,,,,,,,,,,,,,0.79,,,,,,,,,,21.9143529,39.3121709,
17:55:26.162,,,,,,,,,1.7988555733577478,,,,,,,,,,,,,,,,,,,,,,,,,,,,,,,,,,,,,,,,,,,,,,,,,,,,,,,,21.9143529,39.3121709,
17:55:26.295,,,,,,,,,,,,,,,,,,,,,,,,,,,,,,,,,,,,,,,,,,,,,,14.870455560000002,,,,,,,,,,,,,,,,,,,21.9143529,39.3121709,
17:55:26.338,,,,,,,,,,,,,,,,,,,,,,,,,,,,,,,,,,,,,,,,,,,,,,,,,,,,,,,,,,-2.34375,,,,,,,21.9143529,39.3121709,
17:55:26.401,,,,,,,,,,,,,,,,,,,,,,,,,,,,,,,,,,,,,,,,,,,,,,,,,,,,,,,,,,,-3.125,,,,,,21.9143529,39.3121709,
17:55:26.454,,,,,,,,,,,,,,,,,,,,,,,,,,,,,,,,,,,,,,,,,,,,,,,,,,,,,,0.775,,,,,,,,,,,21.9143529,39.3121709,
17:55:26.493,,,,,,,,,,,,,,,,,,,,,,,,,,,,,,,,,,,,,,,,,,,,,,,,,,,,,,,0.795,,,,,,,,,,21.9143529,39.3121709,
17:55:26.533,,,,,,,,,,,,,,,,,,138.00001525878906,,,,,,,,0.16637525404436784,,,,,,,,,,,,,,,,,,,,,,,,,,,,,,,,,,0.2676410347223282,,,,,21.9143529,39.3121709,
17:55:26.533,,,,,,,,,,,,,,,,,,138.00001525878906,,,,,,,,0.16637557159421354,,,,,,,,,,,,,,,,,,,,,,,,,,,,,,,,,,0.2676410347223282,,,,,21.9143529,39.3121708,
17:55:26.554,,,,,,,,,1.8047150377660792,,,,,,,,,,,,,,,,,,,,,,,,,,,,,,,,,,,,,,,,,,,,,,,,,,,,,,,,21.9143529,39.3121708,
17:55:26.640,,,,,,,,,,,,,,,,,,,,,,,,,,,,,,,,,,,,,,,,,,,,,,14.870455560000002,,,,,,,,,,,,,,,,,,,21.9143529,39.3121708,
17:55:26.695,,,,,,,,,,,,,,,,,,,,,,,,,,,,,,,,,,,,,,,,,,,,,,,,,,,,,,,,,,-1.5625,,,,,,,21.9143529,39.3121708,
17:55:26.770,,,,,,,,,,,,,,,,,,,,,,,,,,,,,,,,,,,,,,,,,,,,,,,,,,,,,,,,,,,-3.125,,,,,,21.9143529,39.3121708,
17:55:26.821,,,,,,,,,,,,,,,,,,,,,,,,,,,,,,,,,,,,,,,,,,,,,,,,,,,,,,0.77,,,,,,,,,,,21.9143529,39.3121708,
17:55:26.899,,,,,,,,,,,,,,,,,,,,,,,,,,,,,,,,,,,,,,,,,,,,,,,,,,,,,,,0.795,,,,,,,,,,21.9143529,39.3121708,
17:55:27.002,,,,,,,,,1.7949492637521935,,,,,,,,,,,,,,,,,,,,,,,,,,,,,,,,,,,,,,,,,,,,,,,,,,,,,,,,21.9143529,39.3121708,
17:55:27.115,,,,,,,,,,,,,,,,,,,,,,,,,,,,,,,,,,,,,,,,,,,,,,14.870455560000002,,,,,,,,,,,,,,,,,,,21.9143529,39.3121708,
17:55:27.145,,,,,,,,,,,,,,,,,,,,,,,,,,,,,,,,,,,,,,,,,,,,,,,,,,,,,,,,,,0,,,,,,,21.9143529,39.3121708,
17:55:27.219,,,,,,,,,,,,,,,,,,,,,,,,,,,,,,,,,,,,,,,,,,,,,,,,,,,,,,,,,,,-1.5625,,,,,,21.9143529,39.3121708,
17:55:27.269,,,,,,,,,,,,,,,,,,,,,,,,,,,,,,,,,,,,,,,,,,,,,,,,,,,,,,0.765,,,,,,,,,,,21.9143529,39.3121708,
17:55:27.335,,,,,,,,,,,,,,,,,,,,,,,,,,,,,,,,,,,,,,,,,,,,,,,,,,,,,,,0.785,,,,,,,,,,21.9143529,39.3121708,
17:55:27.414,,,,,,,,,1.7910429541466393,,,,,,,,,,,,,,,,,,,,,,,,,,,,,,,,,,,,,,,,,,,,,,,,,,,,,,,,21.9143529,39.3121708,
17:55:27.478,,,,,,,,,,,,,,,,,,,,,,,,,,,,,,,,,,,,,,,,,,,,,,14.40652128,,,,,,,,,,,,,,,,,,,21.9143529,39.3121708,
17:55:27.527,,,,,,,,,,,,,,,,,,138.00001525878906,,,,,,,,0.1679227478041171,,,,,,,,,,,,,,,,,,,,,,,,,,,,,,,,,,0.25977585911750795,,,,,21.9143529,39.3121708,
17:55:27.527,,,,,,,,,,,,,,,,,,138.00001525878906,,,,,,,,0.1679230555637072,,,,,,,,,,,,,,,,,,,,,,,,,,,,,,,,,,0.25977585911750795,,,,,21.9143528,39.3121708,
17:55:27.546,,,,,,,,,,,,,,,,,,,,,,,,,,,,,,,,,,,,,,,,,,,,,,,,,,,,,,,,,,0,,,,,,,21.9143528,39.3121708,
17:55:27.598,,,,,,,,,,,,,,,,,,,,,,,,,,,,,,,,,,,,,,,,,,,,,,,,,,,,,,,,,,,-0.78125,,,,,,21.9143528,39.3121708,
17:55:27.649,,,,,,,,,,,,,,,,,,,,,,,,,,,,,,,,,,,,,,,,,,,,,,,,,,,,,,0.765,,,,,,,,,,,21.9143528,39.3121708,
17:55:27.733,,,,,,,,,,,,,,,,,,,,,,,,,,,,,,,,,,,,,,,,,,,,,,,,,,,,,,,0.78,,,,,,,,,,21.9143528,39.3121708,
17:55:27.839,,,,,,,,,1.7832303349355307,,,,,,,,,,,,,,,,,,,,,,,,,,,,,,,,,,,,,,,,,,,,,,,,,,,,,,,,21.9143528,39.3121708,
17:55:27.925,,,,,,,,,,,,,,,,,,,,,,,,,,,,,,,,,,,,,,,,,,,,,,14.40652128,,,,,,,,,,,,,,,,,,,21.9143528,39.3121708,
17:55:27.956,,,,,,,,,,,,,,,,,,,,,,,,,,,,,,,,,,,,,,,,,,,,,,,,,,,,,,,,,,0,,,,,,,21.9143528,39.3121708,
17:55:27.998,,,,,,,,,,,,,,,,,,,,,,,,,,,,,,,,,,,,,,,,,,,,,,,,,,,,,,,,,,,0.78125,,,,,,21.9143528,39.3121708,
17:55:28.049,,,,,,,,,,,,,,,,,,,,,,,,,,,,,,,,,,,,,,,,,,,,,,,,,,,,,,0.765,,,,,,,,,,,21.9143528,39.3121708,
17:55:28.126,,,,,,,,,,,,,,,,,,,,,,,,,,,,,,,,,,,,,,,,,,,,,,,,,,,,,,,0.78,,,,,,,,,,21.9143528,39.3121708,
17:55:28.202,,,,,,,,,1.777370870527199,,,,,,,,,,,,,,,,,,,,,,,,,,,,,,,,,,,,,,,,,,,,,,,,,,,,,,,,21.9143528,39.3121708,
17:55:28.302,,,,,,,,,,,,,,,,,,,,,,,,,,,,,,,,,,,,,,,,,,,,,,14.40652128,,,,,,,,,,,,,,,,,,,21.9143528,39.3121708,
17:55:28.354,,,,,,,,,,,,,,,,,,,,,,,,,,,,,,,,,,,,,,,,,,,,,,,,,,,,,,,,,,0,,,,,,,21.9143528,39.3121708,
17:55:28.405,,,,,,,,,,,,,,,,,,,,,,,,,,,,,,,,,,,,,,,,,,,,,,,,,,,,,,,,,,,-0.78125,,,,,,21.9143528,39.3121708,
17:55:28.481,,,,,,,,,,,,,,,,,,,,,,,,,,,,,,,,,,,,,,,,,,,,,,,,,,,,,,0.765,,,,,,,,,,,21.9143528,39.3121708,
17:55:28.533,,,,,,,,,,,,,,,,,,,,,,,,,,,,,,,,,,,,,,,,,,,,,,,,,,,,,,,0.775,,,,,,,,,,21.9143528,39.3121708,
17:55:28.548,,,,,,,,,,,,,,,,,,138.00001525878906,,,,,,,,0.16945945816993827,,,,,,,,,,,,,,,,,,,,,,,,,,,,,,,,,,0.25967428386211394,,,,,21.9143528,39.3121708,
17:55:28.549,,,,,,,,,,,,,,,,,,138.00001525878906,,,,,,,,0.1694596990415021,,,,,,,,,,,,,,,,,,,,,,,,,,,,,,,,,,0.25967428386211394,,,,,21.9143527,39.3121707,
17:55:28.585,,,,,,,,,1.775417715724422,,,,,,,,,,,,,,,,,,,,,,,,,,,,,,,,,,,,,,,,,,,,,,,,,,,,,,,,21.9143527,39.3121707,
17:55:28.650,,,,,,,,,,,,,,,,,,,,,,,,,,,,,,,,,,,,,,,,,,,,,,14.40652128,,,,,,,,,,,,,,,,,,,21.9143527,39.3121707,
17:55:28.710,,,,,,,,,,,,,,,,,,,,,,,,,,,,,,,,,,,,,,,,,,,,,,,,,,,,,,,,,,-0.78125,,,,,,,21.9143527,39.3121707,
17:55:28.773,,,,,,,,,,,,,,,,,,,,,,,,,,,,,,,,,,,,,,,,,,,,,,,,,,,,,,,,,,,-1.5625,,,,,,21.9143527,39.3121707,
17:55:28.838,,,,,,,,,,,,,,,,,,,,,,,,,,,,,,,,,,,,,,,,,,,,,,,,,,,,,,0.76,,,,,,,,,,,21.9143527,39.3121707,
17:55:28.889,,,,,,,,,,,,,,,,,,,,,,,,,,,,,,,,,,,,,,,,,,,,,,,,,,,,,,,0.775,,,,,,,,,,21.9143527,39.3121707,
17:55:28.942,,,,,,,,,1.7910429541466393,,,,,,,,,,,,,,,,,,,,,,,,,,,,,,,,,,,,,,,,,,,,,,,,,,,,,,,,21.9143527,39.3121707,
17:55:29.005,,,,,,,,,,,,,,,,,,,,,,,,,,,,,,,,,,,,,,,,,,,,,,14.870009040000001,,,,,,,,,,,,,,,,,,,21.9143527,39.3121707,
17:55:29.059,,,,,,,,,,,,,,,,,,,,,,,,,,,,,,,,,,,,,,,,,,,,,,,,,,,,,,,,,,-1.5625,,,,,,,21.9143527,39.3121707,
17:55:29.137,,,,,,,,,,,,,,,,,,,,,,,,,,,,,,,,,,,,,,,,,,,,,,,,,,,,,,,,,,,-1.5625,,,,,,21.9143527,39.3121707,
17:55:29.193,,,,,,,,,,,,,,,,,,,,,,,,,,,,,,,,,,,,,,,,,,,,,,,,,,,,,,0.765,,,,,,,,,,,21.9143527,39.3121707,
17:55:29.269,,,,,,,,,,,,,,,,,,,,,,,,,,,,,,,,,,,,,,,,,,,,,,,,,,,,,,,0.775,,,,,,,,,,21.9143527,39.3121707,
17:55:29.338,,,,,,,,,1.8047150377660792,,,,,,,,,,,,,,,,,,,,,,,,,,,,,,,,,,,,,,,,,,,,,,,,,,,,,,,,21.9143527,39.3121707,
17:55:29.394,,,,,,,,,,,,,,,,,,,,,,,,,,,,,,,,,,,,,,,,,,,,,,14.870009040000001,,,,,,,,,,,,,,,,,,,21.9143527,39.3121707,
17:55:29.434,,,,,,,,,,,,,,,,,,,,,,,,,,,,,,,,,,,,,,,,,,,,,,,,,,,,,,,,,,-0.78125,,,,,,,21.9143527,39.3121707,
17:55:29.497,,,,,,,,,,,,,,,,,,,,,,,,,,,,,,,,,,,,,,,,,,,,,,,,,,,,,,,,,,,-2.34375,,,,,,21.9143527,39.3121707,
17:55:29.541,,,,,,,,,,,,,,,,,,138.00001525878906,,,,,,,,0.17103802847928856,,,,,,,,,,,,,,,,,,,,,,,,,,,,,,,,,,0.2680975735187531,,,,,21.9143527,39.3121707,
17:55:29.541,,,,,,,,,,,,,,,,,,138.00001525878906,,,,,,,,0.17103825968512434,,,,,,,,,,,,,,,,,,,,,,,,,,,,,,,,,,0.2680975735187531,,,,,21.9143536,39.3121723,
17:55:29.553,,,,,,,,,,,,,,,,,,,,,,,,,,,,,,,,,,,,,,,,,,,,,,,,,,,,,,0.765,,,,,,,,,,,21.9143536,39.3121723,
17:55:29.617,,,,,,,,,,,,,,,,,,,,,,,,,,,,,,,,,,,,,,,,,,,,,,,,,,,,,,,0.78,,,,,,,,,,21.9143536,39.3121723,
17:55:29.693,,,,,,,,,1.816433966582742,,,,,,,,,,,,,,,,,,,,,,,,,,,,,,,,,,,,,,,,,,,,,,,,,,,,,,,,21.9143536,39.3121723,
17:55:29.761,,,,,,,,,,,,,,,,,,,,,,,,,,,,,,,,,,,,,,,,,,,,,,14.870009040000001,,,,,,,,,,,,,,,,,,,21.9143536,39.3121723,
17:55:29.826,,,,,,,,,,,,,,,,,,,,,,,,,,,,,,,,,,,,,,,,,,,,,,,,,,,,,,,,,,0,,,,,,,21.9143536,39.3121723,
17:55:29.901,,,,,,,,,,,,,,,,,,,,,,,,,,,,,,,,,,,,,,,,,,,,,,,,,,,,,,,,,,,-1.5625,,,,,,21.9143536,39.3121723,
17:55:29.954,,,,,,,,,,,,,,,,,,,,,,,,,,,,,,,,,,,,,,,,,,,,,,,,,,,,,,0.765,,,,,,,,,,,21.9143536,39.3121723,
17:55:30.006,,,,,,,,,,,,,,,,,,,,,,,,,,,,,,,,,,,,,,,,,,,,,,,,,,,,,,,0.78,,,,,,,,,,21.9143536,39.3121723,
17:55:30.099,,,,,,,,,1.8066681925688564,,,,,,,,,,,,,,,,,,,,,,,,,,,,,,,,,,,,,,,,,,,,,,,,,,,,,,,,21.9143536,39.3121723,
17:55:30.178,,,,,,,,,,,,,,,,,,,,,,,,,,,,,,,,,,,,,,,,,,,,,,14.870009040000001,,,,,,,,,,,,,,,,,,,21.9143536,39.3121723,
17:55:30.247,,,,,,,,,,,,,,,,,,,,,,,,,,,,,,,,,,,,,,,,,,,,,,,,,,,,,,,,,,2.34375,,,,,,,21.9143536,39.3121723,
17:55:30.302,,,,,,,,,,,,,,,,,,,,,,,,,,,,,,,,,,,,,,,,,,,,,,,,,,,,,,,,,,,0.78125,,,,,,21.9143536,39.3121723,
17:55:30.366,,,,,,,,,,,,,,,,,,,,,,,,,,,,,,,,,,,,,,,,,,,,,,,,,,,,,,0.765,,,,,,,,,,,21.9143536,39.3121723,
17:55:30.419,,,,,,,,,,,,,,,,,,,,,,,,,,,,,,,,,,,,,,,,,,,,,,,,,,,,,,,0.78,,,,,,,,,,21.9143536,39.3121723,
17:55:30.521,,,,,,,,,1.8047150377660792,,,,,,,,,,,,,,,,,,,,,,,,,,,,,,,,,,,,,,,,,,,,,,,,,,,,,,,,21.9143536,39.3121723,
17:55:30.530,,,,,,,,,,,,,,,,,,138.00001525878906,,,,,,,,0.17250316446604577,,,,,,,,,,,,,,,,,,,,,,,,,,,,,,,,,,0.264296293258667,,,,,21.9143536,39.3121723,
17:55:30.531,,,,,,,,,,,,,,,,,,138.00001525878906,,,,,,,,0.1725033732799147,,,,,,,,,,,,,,,,,,,,,,,,,,,,,,,,,,0.264296293258667,,,,,21.9143536,39.3121723,
17:55:30.633,,,,,,,,,,,,,,,,,,,,,,,,,,,,,,,,,,,,,,,,,,,,,,14.870009040000001,,,,,,,,,,,,,,,,,,,21.9143536,39.3121723,
17:55:30.689,,,,,,,,,,,,,,,,,,,,,,,,,,,,,,,,,,,,,,,,,,,,,,,,,,,,,,,,,,1.5625,,,,,,,21.9143536,39.3121723,
17:55:30.753,,,,,,,,,,,,,,,,,,,,,,,,,,,,,,,,,,,,,,,,,,,,,,,,,,,,,,,,,,,0.78125,,,,,,21.9143536,39.3121723,
17:55:30.817,,,,,,,,,,,,,,,,,,,,,,,,,,,,,,,,,,,,,,,,,,,,,,,,,,,,,,0.76,,,,,,,,,,,21.9143536,39.3121723,
17:55:30.869,,,,,,,,,,,,,,,,,,,,,,,,,,,,,,,,,,,,,,,,,,,,,,,,,,,,,,,0.775,,,,,,,,,,21.9143536,39.3121723,
17:55:30.923,,,,,,,,,4.281315327687495,,,,,,,,,,,,,,,,,,,,,,,,,,,,,,,,,,,,,,,,,,,,,,,,,,,,,,,,21.9143536,39.3121723,
17:55:30.994,,,,,,,,,,,,,,,,,,,,,,,,,,,,,,,,,,,,,,,,,,,,,,14.40339564,,,,,,,,,,,,,,,,,,,21.9143536,39.3121723,
17:55:31.047,,,,,,,,,,,,,,,,,,,,,,,,,,,,,,,,,,,,,,,,,,,,,,,,,,,,,,,,,,1.5625,,,,,,,21.9143536,39.3121723,
17:55:31.114,,,,,,,,,,,,,,,,,,,,,,,,,,,,,,,,,,,,,,,,,,,,,,,,,,,,,,,,,,,0,,,,,,21.9143536,39.3121723,
17:55:31.171,,,,,,,,,,,,,,,,,,,,,,,,,,,,,,,,,,,,,,,,,,,,,,,,,,,,,,0.76,,,,,,,,,,,21.9143536,39.3121723,
17:55:31.249,,,,,,,,,,,,,,,,,,,,,,,,,,,,,,,,,,,,,,,,,,,,,,,,,,,,,,,0.775,,,,,,,,,,21.9143536,39.3121723,
17:55:31.353,,,,,,,,,2.8008239871824214,,,,,,,,,,,,,,,,,,,,,,,,,,,,,,,,,,,,,,,,,,,,,,,,,,,,,,,,21.9143536,39.3121723,
17:55:31.469,,,,,,,,,,,,,,,,,,,,,,,,,,,,,,,,,,,,,,,,,,,,,,14.40339564,,,,,,,,,,,,,,,,,,,21.9143536,39.3121723,
17:55:31.534,,,,,,,,,,,,,,,,,,138.00001525878906,,,,,,,,0.17411247940653193,,,,,,,,,,,,,,,,,,,,,,,,,,,,,,,,,,0.27512115240097046,,,,,21.9143536,39.3121723,
17:55:31.534,,,,,,,,,,,,,,,,,,138.00001525878906,,,,,,,,0.1741127153662533,,,,,,,,,,,,,,,,,,,,,,,,,,,,,,,,,,0.27512115240097046,,,,,21.9143535,39.3121722,
17:55:31.534,,,,,,,,,,,,,,,,,,,,,,,,,,,,,,,,,,,,,,,,,,,,,,,,,,,,,,,,,,4.6875,,,,,,,21.9143535,39.3121722,
17:55:31.587,,,,,,,,,,,,,,,,,,,,,,,,,,,,,,,,,,,,,,,,,,,,,,,,,,,,,,,,,,,4.6875,,,,,,21.9143535,39.3121722,
17:55:31.662,,,,,,,,,,,,,,,,,,,,,,,,,,,,,,,,,,,,,,,,,,,,,,,,,,,,,,0.76,,,,,,,,,,,21.9143535,39.3121722,
17:55:31.765,,,,,,,,,,,,,,,,,,,,,,,,,,,,,,,,,,,,,,,,,,,,,,,,,,,,,,,0.76,,,,,,,,,,21.9143535,39.3121722,
17:55:31.852,,,,,,,,,2.476600289921416,,,,,,,,,,,,,,,,,,,,,,,,,,,,,,,,,,,,,,,,,,,,,,,,,,,,,,,,21.9143535,39.3121722,
17:55:32.022,,,,,,,,,2.474647135118639,,,,,,,,,,,,,,,,,,,,,,,,,,,,,,,,,,,,,,,,,,,,,,,,,,,,,,,,21.9143535,39.3121722,
17:55:32.237,,,,,,,,,,,,,,,,,,,,,,,,,,,,,,,,,,,,,,,,,,,,,,,,,,,,,,,,,,-0.78125,,,,,,,21.9143535,39.3121722,
17:55:32.378,,,,,,,,,,,,,,,,,,,,,,,,,,,,,,,,,,,,,,,,,,,,,,14.87626032,,,,,,,,,,,,,,,,,,,21.9143535,39.3121722,
17:55:32.429,,,,,,,,,,,,,,,,,,,,,,,,,,,,,,,,,,,,,,,,,,,,,,,,,,,,,,,,,,0,,,,,,,21.9143535,39.3121722,
17:55:32.494,,,,,,,,,,,,,,,,,,,,,,,,,,,,,,,,,,,,,,,,,,,,,,14.87626032,,,,,,,,,,,,,,,,,,,21.9143535,39.3121722,
17:55:32.533,,,,,,,,,,,,,,,,,,138.00001525878906,,,,,,,,0.17572784826232926,,,,,,,,,,,,,,,,,,,,,,,,,,,,,,,,,,0.27916688919067384,,,,,21.9143535,39.3121722,
17:55:32.534,,,,,,,,,,,,,,,,,,138.00001525878906,,,,,,,,0.17572809048082932,,,,,,,,,,,,,,,,,,,,,,,,,,,,,,,,,,0.27916688919067384,,,,,21.9143534,39.3121722,
17:55:32.545,,,,,,,,,,,,,,,,,,,,,,,,,,,,,,,,,,,,,,,,,,,,,,,,,,,,,,,,,,0,,,,,,,21.9143534,39.3121722,
17:55:32.572,,,,,,,,,,,,,,,,,,,,,,,,,,,,,,,,,,,,,,,,,,,,,,14.87626032,,,,,,,,,,,,,,,,,,,21.9143534,39.3121722,
17:55:32.658,,,,,,,,,,,,,,,,,,,,,,,,,,,,,,,,,,,,,,,,,,,,,,,,,,,,,,,,,,0,,,,,,,21.9143534,39.3121722,
17:55:32.697,,,,,,,,,,,,,,,,,,,,,,,,,,,,,,,,,,,,,,,,,,,,,,14.87626032,,,,,,,,,,,,,,,,,,,21.9143534,39.3121722,
17:55:32.787,,,,,,,,,,,,,,,,,,,,,,,,,,,,,,,,,,,,,,,,,,,,,,,,,,,,,,,,,,0,,,,,,,21.9143534,39.3121722,
17:55:32.852,,,,,,,,,,,,,,,,,,,,,,,,,,,,,,,,,,,,,,,,,,,,,,14.87626032,,,,,,,,,,,,,,,,,,,21.9143534,39.3121722,
17:55:32.914,,,,,,,,,,,,,,,,,,,,,,,,,,,,,,,,,,,,,,,,,,,,,,,,,,,,,,,,,,0.78125,,,,,,,21.9143534,39.3121722,
17:55:32.965,,,,,,,,,,,,,,,,,,,,,,,,,,,,,,,,,,,,,,,,,,,,,,14.87626032,,,,,,,,,,,,,,,,,,,21.9143534,39.3121722,
17:55:33.021,,,,,,,,,,,,,,,,,,,,,,,,,,,,,,,,,,,,,,,,,,,,,,,,,,,,,,,,,,1.5625,,,,,,,21.9143534,39.3121722,
17:55:33.062,,,,,,,,,,,,,,,,,,,,,,,,,,,,,,,,,,,,,,,,,,,,,,14.87626032,,,,,,,,,,,,,,,,,,,21.9143534,39.3121722,
17:55:33.125,,,,,,,,,,,,,,,,,,,,,,,,,,,,,,,,,,,,,,,,,,,,,,,,,,,,,,,,,,2.34375,,,,,,,21.9143534,39.3121722,
17:55:33.176,,,,,,,,,,,,,,,,,,,,,,,,,,,,,,,,,,,,,,,,,,,,,,14.87626032,,,,,,,,,,,,,,,,,,,21.9143534,39.3121722,
17:55:33.206,,,,,,,,,,,,,,,,,,,,,,,,,,,,,,,,,,,,,,,,,,,,,,,,,,,,,,,,,,3.125,,,,,,,21.9143534,39.3121722,
17:55:33.233,,,,,,,,,,,,,,,,,,,,,,,,,,,,,,,,,,,,,,,,,,,,,,14.87626032,,,,,,,,,,,,,,,,,,,21.9143534,39.3121722,
17:55:33.273,,,,,,,,,,,,,,,,,,,,,,,,,,,,,,,,,,,,,,,,,,,,,,,,,,,,,,,,,,3.125,,,,,,,21.9143534,39.3121722,
17:55:33.325,,,,,,,,,,,,,,,,,,,,,,,,,,,,,,,,,,,,,,,,,,,,,,14.87626032,,,,,,,,,,,,,,,,,,,21.9143534,39.3121722,
17:55:33.398,,,,,,,,,,,,,,,,,,,,,,,,,,,,,,,,,,,,,,,,,,,,,,,,,,,,,,,,,,3.125,,,,,,,21.9143534,39.3121722,
17:55:33.545,,,,,,,,,,,,,,,,,,,,,,,,,,,,,,,,,,,,,,,,,,,,,,14.87626032,,,,,,,,,,,,,,,,,,,21.9143534,39.3121722,
17:55:33.800,,,,,,,,,,,,,,,,,,138.00001525878906,,,,,,,,0.17780349871170625,,,,,,,,,,,,,,,,,,,,,,,,,,,,,,,,,,0.2842875748872757,,,,,21.9143534,39.3121722,
17:55:33.801,,,,,,,,,,,,,,,,,,138.00001525878906,,,,,,,,0.17780377077226409,,,,,,,,,,,,,,,,,,,,,,,,,,,,,,,,,,0.2842875748872757,,,,,21.9143533,39.3121722,
17:55:33.849,,,,,,,,,,,,,,,,,,,,,,,,,,,,,,,,,,,,,,,,,,,,,,,,,,,,,,,,,,2.34375,,,,,,,21.9143533,39.3121722,
17:55:33.899,,,,,,,,,,,,,,,,,,,,,,,,,,,,,,,,,,,,,,,,,,,,,,14.87626032,,,,,,,,,,,,,,,,,,,21.9143533,39.3121722,
17:55:33.994,,,,,,,,,,,,,,,,,,,,,,,,,,,,,,,,,,,,,,,,,,,,,,,,,,,,,,,,,,3.125,,,,,,,21.9143533,39.3121722,
17:55:34.082,,,,,,,,,,,,,,,,,,,,,,,,,,,,,,,,,,,,,,,,,,,,,,14.4025026,,,,,,,,,,,,,,,,,,,21.9143533,39.3121722,
17:55:34.163,,,,,,,,,,,,,,,,,,,,,,,,,,,,,,,,,,,,,,,,,,,,,,,,,,,,,,,,,,3.90625,,,,,,,21.9143533,39.3121722,
17:55:34.357,,,,,,,,,,,,,,,,,,,,,,,,,,,,,,,,,,,,,,,,,,,,,,14.4025026,,,,,,,,,,,,,,,,,,,21.9143533,39.3121722,
17:55:34.474,,,,,,,,,,,,,,,,,,,,,,,,,,,,,,,,,,,,,,,,,,,,,,,,,,,,,,,,,,3.90625,,,,,,,21.9143533,39.3121722,
17:55:34.534,,,,,,,,,,,,,,,,,,138.00001525878906,,,,,,,,0.17902031897657003,,,,,,,,,,,,,,,,,,,,,,,,,,,,,,,,,,0.2889274746179581,,,,,21.9143533,39.3121722,
17:55:34.534,,,,,,,,,,,,,,,,,,138.00001525878906,,,,,,,,0.17902055799302177,,,,,,,,,,,,,,,,,,,,,,,,,,,,,,,,,,0.2889274746179581,,,,,21.9143531,39.3121722,
17:55:34.537,,,,,,,,,,,,,,,,,,,,,,,,,,,,,,,,,,,,,,,,,,,,,,14.4025026,,,,,,,,,,,,,,,,,,,21.9143531,39.3121722,
17:55:34.694,,,,,,,,,,,,,,,,,,,,,,,,,,,,,,,,,,,,,,,,,,,,,,,,,,,,,,,,,,3.90625,,,,,,,21.9143531,39.3121722,
17:55:34.850,,,,,,,,,,,,,,,,,,,,,,,,,,,,,,,,,,,,,,,,,,,,,,14.4025026,,,,,,,,,,,,,,,,,,,21.9143531,39.3121722,
17:55:35.023,,,,,,,,,,,,,,,,,,,,,,,,,,,,,,,,,,,,,,,,,,,,,,,,,,,,,,,,,1.5686274509803921,,,,,,,,21.9143531,39.3121722,
17:55:35.170,,,,,,,,,,,,,,,,,,,38,,,,,,,,,,,,,,,,,,,,,,,,,,,,,,,,,,,,,,,,,,,,,,21.9143531,39.3121722,
17:55:35.325,,,,,,,,,,,,,,,,,16.07843137254902,,,,,,,,,,,,,,,,,,,,,,,,,,,,,,,,,,,,,,,,,,,,,,,,21.9143531,39.3121722,
17:55:35.490,,,,,,,,,,,,,,,14.901960784313726,,,,,,,,,,,,,,,,,,,,,,,,,,,,,,,,,,,,,,,,,,,,,,,,,,21.9143531,39.3121722,
17:55:35.527,,,,,,,,,,,,,,,,,,138.00001525878906,,,,,,,,0.1805510529586295,,,,,,,,,,,,,,,,,,,,,,,,,,,,,,,,,,0.2838557124137879,,,,,21.9143531,39.3121722,
17:55:35.527,,,,,,,,,,,,,,,,,,138.00001525878906,,,,,,,,0.18055130913062384,,,,,,,,,,,,,,,,,,,,,,,,,,,,,,,,,,0.2838557124137879,,,,,21.914353,39.3121721,
17:55:35.674,,,,,,,,,,,,,,,,7.450980392156863,,,,,,,,,,,,,,,,,,,,,,,,,,,,,,,,,,,,,,,,,,,,,,,,,21.914353,39.3121721,
17:55:35.839,,,,,,,,,,,,,,,,,,,,,,,,,,,,,2.7450980392156863,,,,,,,,,,,,,,,,,,,,,,,,,,,,,,,,,,,,21.914353,39.3121721,
17:55:35.986,,,,,,,,,,,,,,,,,,,,,,,,,,,,,,,,,,,,18.431372549019606,,,,,,,,,,,,,,,,,,,,,,,,,,,,,21.914353,39.3121721,
17:55:36.318,,,,,,,,,,,,,,,,,,,,,,,,,,,,,,,,,,,,,1,,,,,,,,,,,,,,,,,,,,,,,,13.72549019607843,,,,21.914353,39.3121721,
17:55:36.491,,,,,,,,,,,,,,,,,,,,,,,,,,,,,,,,,,,,,,,,,,,,,,,,,,,,0.02734375,14.927813249999998,,,,,,,,,,,,21.914353,39.3121721,
17:55:36.531,,,,,,,,,,,,,,,,,,138.00001525878906,,,,,,,,0.1821327533943247,,,,,,,,,,,,,,,,,,,,,,,,,,,,,,,,,,0.2892112791538239,,,,,21.914353,39.3121721,
17:55:36.531,,,,,,,,,,,,,,,,,,138.00001525878906,,,,,,,,0.1821329821573915,,,,,,,,,,,,,,,,,,,,,,,,,,,,,,,,,,0.2892112791538239,,,,,21.9143529,39.3121721,
17:55:36.637,,,,,,,,,,,,,,,,,,,,,,,,,,,,1.4667848561783763,,,,,,,,,,,,,,,,,,,5.738352637012544,,,,4.44,,,,,5.328,,,,,,,,,21.9143529,39.3121721,
17:55:36.825,,,,,,,,,,,,,,,,,,,,,,,,,,,,,,,,,,,,,,,,,,,,,,,,,,,,,,,,,,,,,,,,0,21.9143529,39.3121721,
17:55:36.898,,,,,,,,,,,,,,,,,,,,,,,,,,,,,,,,,,,,,,,,,,,,,,,,,,,,,,,,,,2.34375,,,,,,,21.9143529,39.3121721,
17:55:36.922,,,,,,,,,,,,,,,,,,,,,,,,,,,,,,,,,,,,,,,,,,,,,,14.870009040000001,,,,,,,,,,,,,,,,,,,21.9143529,39.3121721,
17:55:37.059,,,,,,,,,,,,,,,,,,,,,,,,,,,,,,,,,,,,,,,,,,,,,,,,,,,,,,,,,0,,,,,,,,21.9143529,39.3121721,
17:55:37.230,,,,,,,,,,,,,,,,,,,38,,,,,,,,,,,,,,,,,,,,,,,,,,,,,,,,,,,,,,,,,,,,,,21.9143529,39.3121721,
17:55:37.394,,,,,,,,,,,,,,,,,14.901960784313726,,,,,,,,,,,,,,,,,,,,,,,,,,,,,,,,,,,,,,,,,,,,,,,,21.9143529,39.3121721,
17:55:37.535,,,,,,,,,,,,,,,,,,138.00001525878906,,,,,,,,0.18372982102315133,,,,,,,,,,,,,,,,,,,,,,,,,,,,,,,,,,0.2935414105653763,,,,,21.9143529,39.3121721,
17:55:37.535,,,,,,,,,,,,,,,,,,137.70001220703125,,,,,,,,0.18373005273269952,,,,,,,,,,,,,,,,,,,,,,,,,,,,,,,,,,0.2935414105653763,,,,,21.9143533,39.3121735,
17:55:37.537,,,,,,,,,,,,,,,14.901960784313726,,,,,,,,,,,,,,,,,,,,,,,,,,,,,,,,,,,,,,,,,,,,,,,,,,21.9143533,39.3121735,
17:55:37.710,,,,,,,,,,,,,,,,7.450980392156863,,,,,,,,,,,,,,,,,,,,,,,,,,,,,,,,,,,,,,,,,,,,,,,,,21.9143533,39.3121735,
17:55:37.869,,,,,,,,,,,,,,,,,,,,,,,,,,,,,1.9607843137254901,,,,,,,,,,,,,,,,,,,,,,,,,,,,,,,,,,,,21.9143533,39.3121735,
17:55:38.025,,,,,,,,,,,,,,,,,,,,,,,,,,,,,,,,,,,,18.431372549019606,,,,,,,,,,,,,,,,,,,,,,,,,,,,,21.9143533,39.3121735,
17:55:38.334,,,,,,,,,,,,,,,,,,,,,,,,,,,,,,,,,,,,,1,,,,,,,,,,,,,,,,,,,,,,,,12.941176470588236,,,,21.9143533,39.3121735,
17:55:38.527,,,,,,,,,,,,,,,,,,137.70001220703125,,,,,,,,0.18524011460183246,,,,,,,,,,,,,,,,,,,,,,,,,,,,,,,,,,0.29176758527755736,,,,,21.9143533,39.3121735,
17:55:38.527,,,,,,,,,,,,,,,,,,137.70001220703125,,,,,,,,0.1852403279861792,,,,,,,,,,,,,,,,,,,,,,,,,,,,,,,,,,0.29176758527755736,,,,,21.9143532,39.3121734,
17:55:38.562,,,,,,,,,,,,,,,,,,,,,,,,,,,,,,,,,,,,,,,,,,,,,,,,,,,,-0.22265625,14.190277499999999,,,,,,,,,,,,21.9143532,39.3121734,
17:55:38.710,,,,,,,,,,,,,,,,,,,,0.004589233190531894,,,,5.047766976839106,,,,1.1607407167838917,,,,,,,,,,0.0006675667486910408,0.000668,0.9921490000000001,0.11397,0.0006742424161779512,0.00067468,1.0020704900000001,0.1151097,,4.54104739695694,,,,3.34,,,,,4.008,,,,,,,,,21.9143532,39.3121734,
17:55:39.045,,,,,,,,,,,,,,,,,,,,,,,,,0,,,,,0,11.912474,14.498596,12.889426,,,,,,,,,,,,,,,,,,,,,,,,,,,,,,,0,21.9143532,39.3121734,
17:55:39.122,,,,,,,,,,,,,,,,,,,,,,,,,,,,,,,,,,,,,,,,,,,,,,,,,,,,,,,,,,-1.5625,,,,,,,21.9143532,39.3121734,
17:55:39.309,,,,,,,,,,,,,,,,,,,,,,,,,,,,,,,,,,,,,,,,,,,,,,,,,,,,,,,,,,-0.78125,,,,,,,21.9143532,39.3121734,
17:55:40.054,,,,,,,,,,,,,,,,,,,,,,,,,,,,,,,,,,,,,,,,,,,,,,14.869116,,,,,,,,,,,,,,,,,,,21.9143532,39.3121734,
17:55:40.163,,,,,,,,,,,,,,,,,,137.70001220703125,,,,,,,,0.1879579822423756,,,,,,,,,,,,,,,,,,,,,,,,,,,,,,,,,,0.3059215754270554,,,,,21.9143532,39.3121734,
17:55:40.163,,,,,,,,,,,,,,,,,,137.70001220703125,,,,,,,,0.18795822945536306,,,,,,,,,,,,,,,,,,,,,,,,,,,,,,,,,,0.3059215754270554,,,,,21.9143532,39.3121734,
17:55:40.360,,,,,,,,,,,,,,,,,,,,,,,,,,,,,,,,,,,,,,,,,,,,,,,,,,,,,,,,,,,-1.5625,,,,,,21.9143532,39.3121734,
17:55:40.543,,,,,,,,,,,,,,,,,,137.70001220703125,,,,,,,,0.18857477001116404,,,,,,,,,,,,,,,,,,,,,,,,,,,,,,,,,,0.30641604065895084,,,,,21.9143532,39.3121734,
17:55:40.543,,,,,,,,,,,,,,,,,,137.70001220703125,,,,,,,,0.18857534464030665,,,,,,,,,,,,,,,,,,,,,,,,,,,,,,,,,,0.30641604065895084,,,,,21.9143531,39.3121733,
17:55:40.549,,,,,,,,,,,,,,,,,,,,,,,,,,,,,,,,,,,,,,,,,,,,,,,,,,,,,,,,,,-0.78125,,,,,,,21.9143531,39.3121733,
17:55:40.695,,,,,,,,,,,,,,,,,,,,,,,,,,,,,,,,,,,,,,,,,,,,,,,,,,,,,,,,,,-0.78125,,,,,,,21.9143531,39.3121733,
17:55:40.895,,,,,,,,,,,,,,,,,,,,,,,,,,,,,,,,,,,,,,,,,,,,,,,,,,,,,,,,,,,-1.5625,,,,,,21.9143531,39.3121733,
17:55:40.945,,,,,,,,,,,,,,,,,,,,,,,,,,,,,,,,,,,,,,,,,,,,,,,,,,,,,,,,,,-1.5625,,,,,,,21.9143531,39.3121733,
17:55:40.973,,,,,,,,,,,,,,,,,,,,,,,,,,,,,,,,,,,,,,,,,,,,,,,,,,,,,,,,,,,-2.34375,,,,,,21.9143531,39.3121733,
17:55:41.013,,,,,,,,,,,,,,,,,,,,,,,,,,,,,,,,,,,,,,,,,,,,,,,,,,,,,,,,,,-1.5625,,,,,,,21.9143531,39.3121733,
17:55:41.076,,,,,,,,,,,,,,,,,,,,,,,,,,,,,,,,,,,,,,,,,,,,,,,,,,,,,,,,,,,-2.34375,,,,,,21.9143531,39.3121733,
17:55:41.135,,,,,,,,,,,,,,,,,,,,,,,,,,,,,,,,,,,,,,,,,,,,,,,,,,,,,,,,,,-0.78125,,,,,,,21.9143531,39.3121733,
17:55:41.186,,,,,,,,,,,,,,,,,,,,,,,,,,,,,,,,,,,,,,,,,,,,,,,,,,,,,,,,,,,-2.34375,,,,,,21.9143531,39.3121733,
17:55:41.252,,,,,,,,,,,,,,,,,,,,,,,,,,,,,,,,,,,,,,,,,,,,,,,,,,,,,,,,,,-0.78125,,,,,,,21.9143531,39.3121733,
17:55:41.315,,,,,,,,,,,,,,,,,,,,,,,,,,,,,,,,,,,,,,,,,,,,,,,,,,,,,,,,,,,-2.34375,,,,,,21.9143531,39.3121733,
17:55:41.381,,,,,,,,,,,,,,,,,,,,,,,,,,,,,,,,,,,,,,,,,,,,,,,,,,,,,,,,,,-1.5625,,,,,,,21.9143531,39.3121733,
17:55:41.429,,,,,,,,,,,,,,,,,,,,,,,,,,,,,,,,,,,,,,,,,,,,,,,,,,,,,,,,,,,-2.34375,,,,,,21.9143531,39.3121733,
17:55:41.494,,,,,,,,,,,,,,,,,,,,,,,,,,,,,,,,,,,,,,,,,,,,,,,,,,,,,,,,,,-1.5625,,,,,,,21.9143531,39.3121733,
17:55:41.522,,,,,,,,,,,,,,,,,,137.70001220703125,,,,,,,,0.1901387200263371,,,,,,,,,,,,,,,,,,,,,,,,,,,,,,,,,,0.30672039091587067,,,,,21.9143531,39.3121733,
17:55:41.522,,,,,,,,,,,,,,,,,,137.70001220703125,,,,,,,,0.19013882434040172,,,,,,,,,,,,,,,,,,,,,,,,,,,,,,,,,,0.30672039091587067,,,,,21.9143525,39.3121731,
17:55:41.569,,,,,,,,,,,,,,,,,,,,,,,,,,,,,,,,,,,,,,,,,,,,,,,,,,,,,,,,,,,-2.34375,,,,,,21.9143525,39.3121731,
17:55:41.618,,,,,,,,,,,,,,,,,,,,,,,,,,,,,,,,,,,,,,,,,,,,,,,,,,,,,,,,,,-2.34375,,,,,,,21.9143525,39.3121731,
17:55:41.762,,,,,,,,,,,,,,,,,,,,,,,,,,,,,,,,,,,,,,,,,,,,,,,,,,,,,,,,,,,-2.34375,,,,,,21.9143525,39.3121731,
17:55:41.849,,,,,,,,,,,,,,,,,,,,,,,,,,,,,,,,,,,,,,,,,,,,,,,,,,,,,,,,,,-2.34375,,,,,,,21.9143525,39.3121731,
17:55:41.873,,,,,,,,,,,,,,,,,,,,,,,,,,,,,,,,,,,,,,,,,,,,,,,,,,,,,,,,,,,-3.125,,,,,,21.9143525,39.3121731,
17:55:42.022,,,,,,,,,,,,,,,,,,,,,,,,,,,,,,,,,,,,,,,,,,,,,,,,,,,,,,,,,,-1.5625,,,,,,,21.9143525,39.3121731,
17:55:42.110,,,,,,,,,,,,,,,,,,,,,,,,,,,,,,,,,,,,,,,,,,,,,,,,,,,,,,,,,,,-3.125,,,,,,21.9143525,39.3121731,
17:55:42.149,,,,,,,,,,,,,,,,,,,,,,,,,,,,,,,,,,,,,,,,,,,,,,,,,,,,,,,,,,-1.5625,,,,,,,21.9143525,39.3121731,
17:55:42.221,,,,,,,,,,,,,,,,,,,,,,,,,,,,,,,,,,,,,,,,,,,,,,,,,,,,,,,,,,,-2.34375,,,,,,21.9143525,39.3121731,
17:55:42.274,,,,,,,,,,,,,,,,,,,,,,,,,,,,,,,,,,,,,,,,,,,,,,,,,,,,,,,,,,-0.78125,,,,,,,21.9143525,39.3121731,
17:55:42.338,,,,,,,,,,,,,,,,,,,,,,,,,,,,,,,,,,,,,,,,,,,,,,,,,,,,,,,,,,,-2.34375,,,,,,21.9143525,39.3121731,
17:55:42.390,,,,,,,,,,,,,,,,,,,,,,,,,,,,,,,,,,,,,,,,,,,,,,,,,,,,,,,,,,-0.78125,,,,,,,21.9143525,39.3121731,
17:55:42.453,,,,,,,,,,,,,,,,,,,,,,,,,,,,,,,,,,,,,,,,,,,,,,,,,,,,,,,,,,,-1.5625,,,,,,21.9143525,39.3121731,
17:55:42.527,,,,,,,,,,,,,,,,,,137.70001220703125,,,,,,,,0.19170613128320574,,,,,,,,,,,,,,,,,,,,,,,,,,,,,,,,,,0.3071354627609253,,,,,21.9143525,39.3121731,
17:55:42.527,,,,,,,,,,,,,,,,,,137.70001220703125,,,,,,,,0.19170635062814528,,,,,,,,,,,,,,,,,,,,,,,,,,,,,,,,,,0.3071354627609253,,,,,21.9143524,39.3121731,
17:55:42.528,,,,,,,,,,,,,,,,,,,,,,,,,,,,,,,,,,,,,,,,,,,,,,,,,,,,,,,,,,0,,,,,,,21.9143524,39.3121731,
17:55:42.570,,,,,,,,,,,,,,,,,,,,,,,,,,,,,,,,,,,,,,,,,,,,,,,,,,,,,,,,,,,-1.5625,,,,,,21.9143524,39.3121731,
17:55:42.628,,,,,,,,,,,,,,,,,,,,,,,,,,,,,,,,,,,,,,,,,,,,,,,,,,,,,,,,,,0.78125,,,,,,,21.9143524,39.3121731,
17:55:42.702,,,,,,,,,,,,,,,,,,,,,,,,,,,,,,,,,,,,,,,,,,,,,,,,,,,,,,,,,,,-0.78125,,,,,,21.9143524,39.3121731,
17:55:42.754,,,,,,,,,,,,,,,,,,,,,,,,,,,,,,,,,,,,,,,,,,,,,,,,,,,,,,,,,,0.78125,,,,,,,21.9143524,39.3121731,
17:55:42.818,,,,,,,,,,,,,,,,,,,,,,,,,,,,,,,,,,,,,,,,,,,,,,,,,,,,,,,,,,,-0.78125,,,,,,21.9143524,39.3121731,
17:55:42.869,,,,,,,,,,,,,,,,,,,,,,,,,,,,,,,,,,,,,,,,,,,,,,,,,,,,,,,,,,0.78125,,,,,,,21.9143524,39.3121731,
17:55:42.933,,,,,,,,,,,,,,,,,,,,,,,,,,,,,,,,,,,,,,,,,,,,,,,,,,,,,,,,,,,-0.78125,,,,,,21.9143524,39.3121731,
17:55:42.997,,,,,,,,,,,,,,,,,,,,,,,,,,,,,,,,,,,,,,,,,,,,,,,,,,,,,,,,,,0.78125,,,,,,,21.9143524,39.3121731,
17:55:43.054,,,,,,,,,,,,,,,,,,,,,,,,,,,,,,,,,,,,,,,,,,,,,,,,,,,,,,,,,,,0,,,,,,21.9143524,39.3121731,
17:55:43.110,,,,,,,,,,,,,,,,,,,,,,,,,,,,,,,,,,,,,,,,,,,,,,,,,,,,,,,,,,0.78125,,,,,,,21.9143524,39.3121731,
17:55:43.174,,,,,,,,,,,,,,,,,,,,,,,,,,,,,,,,,,,,,,,,,,,,,,,,,,,,,,,,,,,-0.78125,,,,,,21.9143524,39.3121731,
17:55:43.251,,,,,,,,,,,,,,,,,,,,,,,,,,,,,,,,,,,,,,,,,,,,,,,,,,,,,,,,,,0.78125,,,,,,,21.9143524,39.3121731,
17:55:43.285,,,,,,,,,,,,,,,,,,,,,,,,,,,,,,,,,,,,,,,,,,,,,,,,,,,,,,,,,,,-0.78125,,,,,,21.9143524,39.3121731,
17:55:43.313,,,,,,,,,,,,,,,,,,,,,,,,,,,,,,,,,,,,,,,,,,,,,,,,,,,,,,,,,,0,,,,,,,21.9143524,39.3121731,
17:55:43.354,,,,,,,,,,,,,,,,,,,,,,,,,,,,,,,,,,,,,,,,,,,,,,,,,,,,,,,,,,,-0.78125,,,,,,21.9143524,39.3121731,
17:55:43.405,,,,,,,,,,,,,,,,,,,,,,,,,,,,,,,,,,,,,,,,,,,,,,,,,,,,,,,,,,0,,,,,,,21.9143524,39.3121731,
17:55:43.444,,,,,,,,,,,,,,,,,,,,,,,,,,,,,,,,,,,,,,,,,,,,,,,,,,,,,,,,,,,-0.78125,,,,,,21.9143524,39.3121731,
17:55:43.494,,,,,,,,,,,,,,,,,,,,,,,,,,,,,,,,,,,,,,,,,,,,,,,,,,,,,,,,,,0.78125,,,,,,,21.9143524,39.3121731,
17:55:43.534,,,,,,,,,,,,,,,,,,,,,,,,,,,,,,,,,,,,,,,,,,,,,,,,,,,,,,,,,,,-0.78125,,,,,,21.9143524,39.3121731,
17:55:43.545,,,,,,,,,,,,,,,,,,137.70001220703125,,,,,,,,0.1932448509058966,,,,,,,,,,,,,,,,,,,,,,,,,,,,,,,,,,0.3065234363079071,,,,,21.9143524,39.3121731,
17:55:43.545,,,,,,,,,,,,,,,,,,137.70001220703125,,,,,,,,0.19324494971542783,,,,,,,,,,,,,,,,,,,,,,,,,,,,,,,,,,0.3065234363079071,,,,,21.9143524,39.3121731,
17:55:43.587,,,,,,,,,,,,,,,,,,,,,,,,,,,,,,,,,,,,,,,,,,,,,,,,,,,,,,,,,,0.78125,,,,,,,21.9143524,39.3121731,
17:55:43.614,,,,,,,,,,,,,,,,,,,,,,,,,,,,,,,,,,,,,,,,,,,,,,,,,,,,,,,,,,,-0.78125,,,,,,21.9143524,39.3121731,
17:55:43.654,,,,,,,,,,,,,,,,,,,,,,,,,,,,,,,,,,,,,,,,,,,,,,,,,,,,,,,,,,0.78125,,,,,,,21.9143524,39.3121731,
17:55:43.728,,,,,,,,,,,,,,,,,,,,,,,,,,,,,,,,,,,,,,,,,,,,,,,,,,,,,,,,,,,0,,,,,,21.9143524,39.3121731,
17:55:43.783,,,,,,,,,,,,,,,,,,,,,,,,,,,,,,,,,,,,,,,,,,,,,,,,,,,,,,,,,,0.78125,,,,,,,21.9143524,39.3121731,
17:55:43.833,,,,,,,,,,,,,,,,,,,,,,,,,,,,,,,,,,,,,,,,,,,,,,,,,,,,,,,,,,,0.78125,,,,,,21.9143524,39.3121731,
17:55:43.896,,,,,,,,,,,,,,,,,,,,,,,,,,,,,,,,,,,,,,,,,,,,,,,,,,,,,,,,,,0.78125,,,,,,,21.9143524,39.3121731,
17:55:43.958,,,,,,,,,,,,,,,,,,,,,,,,,,,,,,,,,,,,,,,,,,,,,,,,,,,,,,,,,,,0.78125,,,,,,21.9143524,39.3121731,
17:55:44.010,,,,,,,,,,,,,,,,,,,,,,,,,,,,,,,,,,,,,,,,,,,,,,,,,,,,,,,,,,0.78125,,,,,,,21.9143524,39.3121731,
17:55:44.076,,,,,,,,,,,,,,,,,,,,,,,,,,,,,,,,,,,,,,,,,,,,,,,,,,,,,,,,,,,0,,,,,,21.9143524,39.3121731,
17:55:44.129,,,,,,,,,,,,,,,,,,,,,,,,,,,,,,,,,,,,,,,,,,,,,,,,,,,,,,,,,,0,,,,,,,21.9143524,39.3121731,
17:55:44.194,,,,,,,,,,,,,,,,,,,,,,,,,,,,,,,,,,,,,,,,,,,,,,,,,,,,,,,,,,,-0.78125,,,,,,21.9143524,39.3121731,
17:55:44.258,,,,,,,,,,,,,,,,,,,,,,,,,,,,,,,,,,,,,,,,,,,,,,,,,,,,,,,,,,0,,,,,,,21.9143524,39.3121731,
17:55:44.310,,,,,,,,,,,,,,,,,,,,,,,,,,,,,,,,,,,,,,,,,,,,,,,,,,,,,,,,,,,-0.78125,,,,,,21.9143524,39.3121731,
17:55:44.374,,,,,,,,,,,,,,,,,,,,,,,,,,,,,,,,,,,,,,,,,,,,,,,,,,,,,,,,,,0,,,,,,,21.9143524,39.3121731,
17:55:44.453,,,,,,,,,,,,,,,,,,,,,,,,,,,,,,,,,,,,,,,,,,,,,,,,,,,,,,,,,,,-1.5625,,,,,,21.9143524,39.3121731,
17:55:44.534,,,,,,,,,,,,,,,,,,,,,,,,,,,,,,,,,,,,,,,,,,,,,,,,,,,,,,,,,,0,,,,,,,21.9143524,39.3121731,
17:55:44.543,,,,,,,,,,,,,,,,,,137.70001220703125,,,,,,,,0.19465412792047285,,,,,,,,,,,,,,,,,,,,,,,,,,,,,,,,,,0.30202212631702424,,,,,21.9143524,39.3121731,
17:55:44.543,,,,,,,,,,,,,,,,,,137.70001220703125,,,,,,,,0.19465423918375485,,,,,,,,,,,,,,,,,,,,,,,,,,,,,,,,,,0.30202212631702424,,,,,21.9143523,39.312173,
17:55:44.585,,,,,,,,,,,,,,,,,,,,,,,,,,,,,,,,,,,,,,,,,,,,,,,,,,,,,,,,,,,-1.5625,,,,,,21.9143523,39.312173,
17:55:44.705,,,,,,,,,,,,,,,,,,,,,,,,,,,,,,,,,,,,,,,,,,,,,,,,,,,,,,,,,,-0.78125,,,,,,,21.9143523,39.312173,
17:55:44.795,,,,,,,,,,,,,,,,,,,,,,,,,,,,,,,,,,,,,,,,,,,,,,,,,,,,,,,,,,,-0.78125,,,,,,21.9143523,39.312173,
17:55:44.879,,,,,,,,,,,,,,,,,,,,,,,,,,,,,,,,,,,,,,,,,,,,,,,,,,,,,,,,,,0,,,,,,,21.9143523,39.312173,
17:55:44.960,,,,,,,,,,,,,,,,,,,,,,,,,,,,,,,,,,,,,,,,,,,,,,,,,,,,,,,,,,,-0.78125,,,,,,21.9143523,39.312173,
17:55:45.049,,,,,,,,,,,,,,,,,,,,,,,,,,,,,,,,,,,,,,,,,,,,,,,,,,,,,,,,,,-0.78125,,,,,,,21.9143523,39.312173,
17:55:45.164,,,,,,,,,,,,,,,,,,,,,,,,,,,,,,,,,,,,,,,,,,,,,,,,,,,,,,,,,,,-0.78125,,,,,,21.9143523,39.312173,
17:55:45.205,,,,,,,,,,,,,,,,,,,,,,,,,,,,,,,,,,,,,,,,,,,,,,,,,,,,,,,,,,-0.78125,,,,,,,21.9143523,39.312173,
17:55:45.283,,,,,,,,,,,,,,,,,,,,,,,,,,,,,,,,,,,,,,,,,,,,,,,,,,,,,,,,,,,-1.5625,,,,,,21.9143523,39.312173,
17:55:45.333,,,,,,,,,,,,,,,,,,,,,,,,,,,,,,,,,,,,,,,,,,,,,,,,,,,,,,,,,,-0.78125,,,,,,,21.9143523,39.312173,
17:55:45.399,,,,,,,,,,,,,,,,,,,,,,,,,,,,,,,,,,,,,,,,,,,,,,,,,,,,,,,,,,,-1.5625,,,,,,21.9143523,39.312173,
17:55:45.449,,,,,,,,,,,,,,,,,,,,,,,,,,,,,,,,,,,,,,,,,,,,,,,,,,,,,,,,,,0,,,,,,,21.9143523,39.312173,
17:55:45.513,,,,,,,,,,,,,,,,,,,,,,,,,,,,,,,,,,,,,,,,,,,,,,,,,,,,,,,,,,,-1.5625,,,,,,21.9143523,39.312173,
17:55:45.526,,,,,,,,,,,,,,,,,,137.70001220703125,,,,,,,,0.19594860358908867,,,,,,,,,,,,,,,,,,,,,,,,,,,,,,,,,,0.29735725522041323,,,,,21.9143523,39.312173,
17:55:45.526,,,,,,,,,,,,,,,,,,138.60000610351562,,,,,,,,0.1959486866776883,,,,,,,,,,,,,,,,,,,,,,,,,,,,,,,,,,0.29735725522041323,,,,,21.914351,39.3121734,
17:55:45.574,,,,,,,,,,,,,,,,,,,,,,,,,,,,,,,,,,,,,,,,,,,,,,,,,,,,,,,,,,0.78125,,,,,,,21.914351,39.3121734,
17:55:45.636,,,,,,,,,,,,,,,,,,,,,,,,,,,,,,,,,,,,,,,,,,,,,,,,,,,,,,,,,,,0,,,,,,21.914351,39.3121734,
17:55:45.698,,,,,,,,,,,,,,,,,,,,,,,,,,,,,,,,,,,,,,,,,,,,,,,,,,,,,,,,,,2.34375,,,,,,,21.914351,39.3121734,
17:55:45.751,,,,,,,,,,,,,,,,,,,,,,,,,,,,,,,,,,,,,,,,,,,,,,,,,,,,,,,,,,,1.5625,,,,,,21.914351,39.3121734,
17:55:45.814,,,,,,,,,,,,,,,,,,,,,,,,,,,,,,,,,,,,,,,,,,,,,,,,,,,,,,,,,,3.90625,,,,,,,21.914351,39.3121734,
17:55:45.891,,,,,,,,,,,,,,,,,,,,,,,,,,,,,,,,,,,,,,,,,,,,,,,,,,,,,,,,,,,3.125,,,,,,21.914351,39.3121734,
17:55:45.969,,,,,,,,,,,,,,,,,,,,,,,,,,,,,,,,,,,,,,,,,,,,,,,,,,,,,,,,,,4.6875,,,,,,,21.914351,39.3121734,
17:55:46.034,,,,,,,,,,,,,,,,,,,,,,,,,,,,,,,,,,,,,,,,,,,,,,,,,,,,,,,,,,,3.90625,,,,,,21.914351,39.3121734,
17:55:46.073,,,,,,,,,,,,,,,,,,,,,,,,,,,,,,,,,,,,,,,,,,,,,,,,,,,,,,,,,,3.90625,,,,,,,21.914351,39.3121734,
17:55:46.114,,,,,,,,,,,,,,,,,,,,,,,,,,,,,,,,,,,,,,,,,,,,,,,,,,,,,,,,,,,3.90625,,,,,,21.914351,39.3121734,
17:55:46.178,,,,,,,,,,,,,,,,,,,,,,,,,,,,,,,,,,,,,,,,,,,,,,,,,,,,,,,,,,3.125,,,,,,,21.914351,39.3121734,
17:55:46.221,,,,,,,,,,,,,,,,,,,,,,,,,,,,,,,,,,,,,,,,,,,,,,,,,,,,,,,,,,,3.125,,,,,,21.914351,39.3121734,
17:55:46.261,,,,,,,,,,,,,,,,,,,,,,,,,,,,,,,,,,,,,,,,,,,,,,,,,,,,,,,,,,2.34375,,,,,,,21.914351,39.3121734,
17:55:46.327,,,,,,,,,,,,,,,,,,,,,,,,,,,,,,,,,,,,,,,,,,,,,,,,,,,,,,,,,,,2.34375,,,,,,21.914351,39.3121734,
17:55:46.378,,,,,,,,,,,,,,,,,,,,,,,,,,,,,,,,,,,,,,,,,,,,,,,,,,,,,,,,,,0.78125,,,,,,,21.914351,39.3121734,
17:55:46.406,,,,,,,,,,,,,,,,,,,,,,,,,,,,,,,,,,,,,,,,,,,,,,,,,,,,,,,,,,,1.5625,,,,,,21.914351,39.3121734,
17:55:46.433,,,,,,,,,,,,,,,,,,,,,,,,,,,,,,,,,,,,,,,,,,,,,,,,,,,,,,,,,,0,,,,,,,21.914351,39.3121734,
17:55:46.462,,,,,,,,,,,,,,,,,,,,,,,,,,,,,,,,,,,,,,,,,,,,,,,,,,,,,,,,,,,1.5625,,,,,,21.914351,39.3121734,
17:55:46.531,,,,,,,,,,,,,,,,,,138.60000610351562,,,,,,,,0.1970809723073487,,,,,,,,,,,,,,,,,,,,,,,,,,,,,,,,,,0.2849837958812714,,,,,21.914351,39.3121734,
17:55:46.531,,,,,,,,,,,,,,,,,,138.60000610351562,,,,,,,,0.19708108814775852,,,,,,,,,,,,,,,,,,,,,,,,,,,,,,,,,,0.2849837958812714,,,,,21.914351,39.3121734,
17:55:46.534,,,,,,,,,,,,,,,,,,,,,,,,,,,,,,,,,,,,,,,,,,,,,,,,,,,,,,,,,,0,,,,,,,21.914351,39.3121734,
17:55:46.609,,,,,,,,,,,,,,,,,,,,,,,,,,,,,,,,,,,,,,,,,,,,,,,,,,,,,,,,,,,0.78125,,,,,,21.914351,39.3121734,
17:55:46.706,,,,,,,,,,,,,,,,,,,,,,,,,,,,,,,,,,,,,,,,,,,,,,,,,,,,,,,,,,0,,,,,,,21.914351,39.3121734,
17:55:46.771,,,,,,,,,,,,,,,,,,,,,,,,,,,,,,,,,,,,,,,,,,,,,,,,,,,,,,,,,,,0.78125,,,,,,21.914351,39.3121734,
17:55:46.846,,,,,,,,,,,,,,,,,,,,,,,,,,,,,,,,,,,,,,,,,,,,,,,,,,,,,,,,,,0,,,,,,,21.914351,39.3121734,
17:55:46.885,,,,,,,,,,,,,,,,,,,,,,,,,,,,,,,,,,,,,,,,,,,,,,,,,,,,,,,,,,,0.78125,,,,,,21.914351,39.3121734,
17:55:46.921,,,,,,,,,,,,,,,,,,,,,,,,,,,,,,,,,,,,,,,,,,,,,,,,,,,,,,,,,,0.78125,,,,,,,21.914351,39.3121734,
17:55:46.985,,,,,,,,,,,,,,,,,,,,,,,,,,,,,,,,,,,,,,,,,,,,,,,,,,,,,,,,,,,1.5625,,,,,,21.914351,39.3121734,
17:55:47.037,,,,,,,,,,,,,,,,,,,,,,,,,,,,,,,,,,,,,,,,,,,,,,,,,,,,,,,,,,1.5625,,,,,,,21.914351,39.3121734,
17:55:47.090,,,,,,,,,,,,,,,,,,,,,,,,,,,,,,,,,,,,,,,,,,,,,,,,,,,,,,,,,,,1.5625,,,,,,21.914351,39.3121734,
17:55:47.130,,,,,,,,,,,,,,,,,,,,,,,,,,,,,,,,,,,,,,,,,,,,,,,,,,,,,,,,,,2.34375,,,,,,,21.914351,39.3121734,
17:55:47.197,,,,,,,,,,,,,,,,,,,,,,,,,,,,,,,,,,,,,,,,,,,,,,,,,,,,,,,,,,,2.34375,,,,,,21.914351,39.3121734,
17:55:47.250,,,,,,,,,,,,,,,,,,,,,,,,,,,,,,,,,,,,,,,,,,,,,,,,,,,,,,,,,,3.125,,,,,,,21.914351,39.3121734,
17:55:47.318,,,,,,,,,,,,,,,,,,,,,,,,,,,,,,,,,,,,,,,,,,,,,,,,,,,,,,,,,,,2.34375,,,,,,21.914351,39.3121734,
17:55:47.370,,,,,,,,,,,,,,,,,,,,,,,,,,,,,,,,,,,,,,,,,,,,,,,,,,,,,,,,,,3.125,,,,,,,21.914351,39.3121734,
17:55:47.445,,,,,,,,,,,,,,,,,,,,,,,,,,,,,,,,,,,,,,,,,,,,,,,,,,,,,,,,,,,2.34375,,,,,,21.914351,39.3121734,
17:55:47.500,,,,,,,,,,,,,,,,,,,,,,,,,,,,,,,,,,,,,,,,,,,,,,,,,,,,,,,,,,2.34375,,,,,,,21.914351,39.3121734,
17:55:47.538,,,,,,,,,,,,,,,,,,138.60000610351562,,,,,,,,0.1982257272196861,,,,,,,,,,,,,,,,,,,,,,,,,,,,,,,,,,0.2880308121442795,,,,,21.914351,39.3121734,
17:55:47.538,,,,,,,,,,,,,,,,,,138.60000610351562,,,,,,,,0.19822580501256773,,,,,,,,,,,,,,,,,,,,,,,,,,,,,,,,,,0.2880308121442795,,,,,21.914351,39.3121732,
17:55:47.549,,,,,,,,,,,,,,,,,,,,,,,,,,,,,,,,,,,,,,,,,,,,,,,,,,,,,,,,,,,3.125,,,,,,21.914351,39.3121732,
17:55:47.572,,,,,,,,,,,,,,,,,,,,,,,,,,,,,,,,,,,,,,,,,,,,,,,,,,,,,,,,,,2.34375,,,,,,,21.914351,39.3121732,
17:55:47.610,,,,,,,,,,,,,,,,,,,,,,,,,,,,,,,,,,,,,,,,,,,,,,,,,,,,,,,,,,,3.125,,,,,,21.914351,39.3121732,
17:55:47.674,,,,,,,,,,,,,,,,,,,,,,,,,,,,,,,,,,,,,,,,,,,,,,,,,,,,,,,,,,1.5625,,,,,,,21.914351,39.3121732,
17:55:47.727,,,,,,,,,,,,,,,,,,,,,,,,,,,,,,,,,,,,,,,,,,,,,,,,,,,,,,,,,,,3.125,,,,,,21.914351,39.3121732,
17:55:47.765,,,,,,,,,,,,,,,,,,,,,,,,,,,,,,,,,,,,,,,,,,,,,,,,,,,,,,,,,,1.5625,,,,,,,21.914351,39.3121732,
17:55:47.818,,,,,,,,,,,,,,,,,,,,,,,,,,,,,,,,,,,,,,,,,,,,,,,,,,,,,,,,,,,2.34375,,,,,,21.914351,39.3121732,
17:55:47.882,,,,,,,,,,,,,,,,,,,,,,,,,,,,,,,,,,,,,,,,,,,,,,,,,,,,,,,,,,2.34375,,,,,,,21.914351,39.3121732,
17:55:47.946,,,,,,,,,,,,,,,,,,,,,,,,,,,,,,,,,,,,,,,,,,,,,,,,,,,,,,,,,,,1.5625,,,,,,21.914351,39.3121732,
17:55:47.998,,,,,,,,,,,,,,,,,,,,,,,,,,,,,,,,,,,,,,,,,,,,,,,,,,,,,,,,,,2.34375,,,,,,,21.914351,39.3121732,
17:55:48.049,,,,,,,,,,,,,,,,,,,,,,,,,,,,,,,,,,,,,,,,,,,,,,,,,,,,,,,,,,,1.5625,,,,,,21.914351,39.3121732,
17:55:48.089,,,,,,,,,,,,,,,,,,,,,,,,,,,,,,,,,,,,,,,,,,,,,,,,,,,,,,,,,,3.125,,,,,,,21.914351,39.3121732,
17:55:48.153,,,,,,,,,,,,,,,,,,,,,,,,,,,,,,,,,,,,,,,,,,,,,,,,,,,,,,,,,,,1.5625,,,,,,21.914351,39.3121732,
17:55:48.214,,,,,,,,,,,,,,,,,,,,,,,,,,,,,,,,,,,,,,,,,,,,,,,,,,,,,,,,,,2.34375,,,,,,,21.914351,39.3121732,
17:55:48.265,,,,,,,,,,,,,,,,,,,,,,,,,,,,,,,,,,,,,,,,,,,,,,,,,,,,,,,,,,,2.34375,,,,,,21.914351,39.3121732,
17:55:48.293,,,,,,,,,,,,,,,,,,,,,,,,,,,,,,,,,,,,,,,,,,,,,,,,,,,,,,,,,,2.34375,,,,,,,21.914351,39.3121732,
17:55:48.326,,,,,,,,,,,,,,,,,,,,,,,,,,,,,,,,,,,,,,,,,,,,,,,,,,,,,,,,,,,2.34375,,,,,,21.914351,39.3121732,
17:55:48.376,,,,,,,,,,,,,,,,,,,,,,,,,,,,,,,,,,,,,,,,,,,,,,,,,,,,,,,,,,1.5625,,,,,,,21.914351,39.3121732,
17:55:48.418,,,,,,,,,,,,,,,,,,,,,,,,,,,,,,,,,,,,,,,,,,,,,,,,,,,,,,,,,,,2.34375,,,,,,21.914351,39.3121732,
17:55:48.482,,,,,,,,,,,,,,,,,,,,,,,,,,,,,,,,,,,,,,,,,,,,,,,,,,,,,,,,,,1.5625,,,,,,,21.914351,39.3121732,
17:55:48.514,,,,,,,,,,,,,,,,,,,,,,,,,,,,,,,,,,,,,,,,,,,,,,,,,,,,,,,,,,,2.34375,,,,,,21.914351,39.3121732,
17:55:48.545,,,,,,,,,,,,,,,,,,138.60000610351562,,,,,,,,0.19932279220498217,,,,,,,,,,,,,,,,,,,,,,,,,,,,,,,,,,0.2864032208919525,,,,,21.914351,39.3121732,
17:55:48.545,,,,,,,,,,,,,,,,,,138.60000610351562,,,,,,,,0.1993228586370223,,,,,,,,,,,,,,,,,,,,,,,,,,,,,,,,,,0.2864032208919525,,,,,21.9143509,39.3121731,
17:55:48.570,,,,,,,,,,,,,,,,,,,,,,,,,,,,,,,,,,,,,,,,,,,,,,,,,,,,,,,,,,2.34375,,,,,,,21.9143509,39.3121731,
17:55:48.634,,,,,,,,,,,,,,,,,,,,,,,,,,,,,,,,,,,,,,,,,,,,,,,,,,,,,,,,,,,3.125,,,,,,21.9143509,39.3121731,
17:55:48.699,,,,,,,,,,,,,,,,,,,,,,,,,,,,,,,,,,,,,,,,,,,,,,,,,,,,,,,,,,1.5625,,,,,,,21.9143509,39.3121731,
17:55:48.758,,,,,,,,,,,,,,,,,,,,,,,,,,,,,,,,,,,,,,,,,,,,,,,,,,,,,,,,,,,2.34375,,,,,,21.9143509,39.3121731,
17:55:48.821,,,,,,,,,,,,,,,,,,,,,,,,,,,,,,,,,,,,,,,,,,,,,,,,,,,,,,,,,,1.5625,,,,,,,21.9143509,39.3121731,
17:55:48.873,,,,,,,,,,,,,,,,,,,,,,,,,,,,,,,,,,,,,,,,,,,,,,,,,,,,,,,,,,,2.34375,,,,,,21.9143509,39.3121731,
17:55:48.958,,,,,,,,,,,,,,,,,,,,,,,,,,,,,,,,,,,,,,,,,,,,,,,,,,,,,,,,,,2.34375,,,,,,,21.9143509,39.3121731,
17:55:48.997,,,,,,,,,,,,,,,,,,,,,,,,,,,,,,,,,,,,,,,,,,,,,,,,,,,,,,,,,,,1.5625,,,,,,21.9143509,39.3121731,
17:55:49.051,,,,,,,,,,,,,,,,,,,,,,,,,,,,,,,,,,,,,,,,,,,,,,,,,,,,,,,,,,2.34375,,,,,,,21.9143509,39.3121731,
17:55:49.115,,,,,,,,,,,,,,,,,,,,,,,,,,,,,,,,,,,,,,,,,,,,,,,,,,,,,,,,,,,1.5625,,,,,,21.9143509,39.3121731,
17:55:49.165,,,,,,,,,,,,,,,,,,,,,,,,,,,,,,,,,,,,,,,,,,,,,,,,,,,,,,,,,,2.34375,,,,,,,21.9143509,39.3121731,
17:55:49.195,,,,,,,,,,,,,,,,,,,,,,,,,,,,,,,,,,,,,,,,,,,,,,,,,,,,,,,,,,,1.5625,,,,,,21.9143509,39.3121731,
17:55:49.237,,,,,,,,,,,,,,,,,,,,,,,,,,,,,,,,,,,,,,,,,,,,,,,,,,,,,,,,,,3.125,,,,,,,21.9143509,39.3121731,
17:55:49.299,,,,,,,,,,,,,,,,,,,,,,,,,,,,,,,,,,,,,,,,,,,,,,,,,,,,,,,,,,,2.34375,,,,,,21.9143509,39.3121731,
17:55:49.337,,,,,,,,,,,,,,,,,,138.60000610351562,,,,,,,,0.20018054382069897,,,,,,,,,,,,,,,,,,,,,,,,,,,,,,,,,,0.28801176846027376,,,,,21.9143509,39.3121731,
17:55:49.337,,,,,,,,,,,,,,,,,,137.70001220703125,,,,,,,,0.2001806102848462,,,,,,,,,,,,,,,,,,,,,,,,,,,,,,,,,,0.28801176846027376,,,,,21.9143509,39.3121731,
17:55:49.373,,,,,,,,,,,,,,,,,,,,,,,,,,,,,,,,,,,,,,,,,,,,,,,,,,,,,,,,,,3.125,,,,,,,21.9143509,39.3121731,
17:55:49.405,,,,,,,,,,,,,,,,,,,,,,,,,,,,,,,,,,,,,,,,,,,,,,,,,,,,,,,,,,,2.34375,,,,,,21.9143509,39.3121731,
17:55:49.487,,,,,,,,,,,,,,,,,,,,,,,,,,,,,,,,,,,,,,,,,,,,,,,,,,,,,,,,,,3.125,,,,,,,21.9143509,39.3121731,
17:55:49.529,,,,,,,,,,,,,,,,,,,,,,,,,,,,,,,,,,,,,,,,,,,,,,,,,,,,,,,,,,,3.125,,,,,,21.9143509,39.3121731,
17:55:49.606,,,,,,,,,,,,,,,,,,,,,,,,,,,,,,,,,,,,,,,,,,,,,,,,,,,,,,,,,,3.125,,,,,,,21.9143509,39.3121731,
17:55:49.646,,,,,,,,,,,,,,,,,,,,,,,,,,,,,,,,,,,,,,,,,,,,,,,,,,,,,,,,,,,3.125,,,,,,21.9143509,39.3121731,
17:55:49.710,,,,,,,,,,,,,,,,,,,,,,,,,,,,,,,,,,,,,,,,,,,,,,,,,,,,,,,,,,3.125,,,,,,,21.9143509,39.3121731,
17:55:49.773,,,,,,,,,,,,,,,,,,,,,,,,,,,,,,,,,,,,,,,,,,,,,,,,,,,,,,,,,,,3.125,,,,,,21.9143509,39.3121731,
17:55:49.839,,,,,,,,,,,,,,,,,,,,,,,,,,,,,,,,,,,,,,,,,,,,,,,,,,,,,,,,,,3.90625,,,,,,,21.9143509,39.3121731,
17:55:49.891,,,,,,,,,,,,,,,,,,,,,,,,,,,,,,,,,,,,,,,,,,,,,,,,,,,,,,,,,,,3.125,,,,,,21.9143509,39.3121731,
17:55:49.957,,,,,,,,,,,,,,,,,,,,,,,,,,,,,,,,,,,,,,,,,,,,,,,,,,,,,,,,,,3.90625,,,,,,,21.9143509,39.3121731,
17:55:50.010,,,,,,,,,,,,,,,,,,,,,,,,,,,,,,,,,,,,,,,,,,,,,,,,,,,,,,,,,,,3.125,,,,,,21.9143509,39.3121731,
17:55:50.074,,,,,,,,,,,,,,,,,,,,,,,,,,,,,,,,,,,,,,,,,,,,,,,,,,,,,,,,,,3.90625,,,,,,,21.9143509,39.3121731,
17:55:50.137,,,,,,,,,,,,,,,,,,,,,,,,,,,,,,,,,,,,,,,,,,,,,,,,,,,,,,,,,,,3.125,,,,,,21.9143509,39.3121731,
17:55:50.200,,,,,,,,,,,,,,,,,,,,,,,,,,,,,,,,,,,,,,,,,,,,,,,,,,,,,,,,,,3.90625,,,,,,,21.9143509,39.3121731,
17:55:50.255,,,,,,,,,,,,,,,,,,,,,,,,,,,,,,,,,,,,,,,,,,,,,,,,,,,,,,,,,,,3.90625,,,,,,21.9143509,39.3121731,
17:55:50.325,,,,,,,,,,,,,,,,,,,,,,,,,,,,,,,,,,,,,,,,,,,,,,,,,,,,,,,,,,3.125,,,,,,,21.9143509,39.3121731,
17:55:50.366,,,,,,,,,,,,,,,,,,,,,,,,,,,,,,,,,,,,,,,,,,,,,,,,,,,,,,,,,,,3.90625,,,,,,21.9143509,39.3121731,
17:55:50.438,,,,,,,,,,,,,,,,,,,,,,,,,,,,,,,,,,,,,,,,,,,,,,,,,,,,,,,,,,2.34375,,,,,,,21.9143509,39.3121731,
17:55:50.489,,,,,,,,,,,,,,,,,,,,,,,,,,,,,,,,,,,,,,,,,,,,,,,,,,,,,,,,,,,3.125,,,,,,21.9143509,39.3121731,
17:55:50.535,,,,,,,,,,,,,,,,,,137.70001220703125,,,,,,,,0.20129030886858953,,,,,,,,,,,,,,,,,,,,,,,,,,,,,,,,,,0.2770506262779236,,,,,21.9143509,39.3121731,
17:55:50.535,,,,,,,,,,,,,,,,,,137.70001220703125,,,,,,,,0.20129042671056546,,,,,,,,,,,,,,,,,,,,,,,,,,,,,,,,,,0.2770506262779236,,,,,21.9143504,39.3121725,
17:55:50.553,,,,,,,,,,,,,,,,,,,,,,,,,,,,,,,,,,,,,,,,,,,,,,,,,,,,,,,,,,1.5625,,,,,,,21.9143504,39.3121725,
17:55:50.614,,,,,,,,,,,,,,,,,,,,,,,,,,,,,,,,,,,,,,,,,,,,,,,,,,,,,,,,,,,2.34375,,,,,,21.9143504,39.3121725,
17:55:50.682,,,,,,,,,,,,,,,,,,,,,,,,,,,,,,,,,,,,,,,,,,,,,,,,,,,,,,,,,,1.5625,,,,,,,21.9143504,39.3121725,
17:55:50.725,,,,,,,,,,,,,,,,,,,,,,,,,,,,,,,,,,,,,,,,,,,,,,,,,,,,,,,,,,,1.5625,,,,,,21.9143504,39.3121725,
17:55:50.793,,,,,,,,,,,,,,,,,,,,,,,,,,,,,,,,,,,,,,,,,,,,,,,,,,,,,,,,,,1.5625,,,,,,,21.9143504,39.3121725,
17:55:50.847,,,,,,,,,,,,,,,,,,,,,,,,,,,,,,,,,,,,,,,,,,,,,,,,,,,,,,,,,,,0.78125,,,,,,21.9143504,39.3121725,
17:55:50.885,,,,,,,,,,,,,,,,,,,,,,,,,,,,,,,,,,,,,,,,,,,,,,,,,,,,,,,,,,1.5625,,,,,,,21.9143504,39.3121725,
17:55:50.940,,,,,,,,,,,,,,,,,,,,,,,,,,,,,,,,,,,,,,,,,,,,,,,,,,,,,,,,,,,0.78125,,,,,,21.9143504,39.3121725,
17:55:51.017,,,,,,,,,,,,,,,,,,,,,,,,,,,,,,,,,,,,,,,,,,,,,,,,,,,,,,,,,,1.5625,,,,,,,21.9143504,39.3121725,
17:55:51.069,,,,,,,,,,,,,,,,,,,,,,,,,,,,,,,,,,,,,,,,,,,,,,,,,,,,,,,,,,,0.78125,,,,,,21.9143504,39.3121725,
17:55:51.140,,,,,,,,,,,,,,,,,,,,,,,,,,,,,,,,,,,,,,,,,,,,,,,,,,,,,,,,,,1.5625,,,,,,,21.9143504,39.3121725,
17:55:51.178,,,,,,,,,,,,,,,,,,,,,,,,,,,,,,,,,,,,,,,,,,,,,,,,,,,,,,,,,,,0.78125,,,,,,21.9143504,39.3121725,
17:55:51.213,,,,,,,,,,,,,,,,,,,,,,,,,,,,,,,,,,,,,,,,,,,,,,,,,,,,,,,,,,1.5625,,,,,,,21.9143504,39.3121725,
17:55:51.273,,,,,,,,,,,,,,,,,,,,,,,,,,,,,,,,,,,,,,,,,,,,,,,,,,,,,,,,,,,0.78125,,,,,,21.9143504,39.3121725,
17:55:51.334,,,,,,,,,,,,,,,,,,,,,,,,,,,,,,,,,,,,,,,,,,,,,,,,,,,,,,,,,,0.78125,,,,,,,21.9143504,39.3121725,
17:55:51.398,,,,,,,,,,,,,,,,,,,,,,,,,,,,,,,,,,,,,,,,,,,,,,,,,,,,,,,,,,,0.78125,,,,,,21.9143504,39.3121725,
17:55:51.461,,,,,,,,,,,,,,,,,,,,,,,,,,,,,,,,,,,,,,,,,,,,,,,,,,,,,,,,,,0.78125,,,,,,,21.9143504,39.3121725,
17:55:51.509,,,,,,,,,,,,,,,,,,,,,,,,,,,,,,,,,,,,,,,,,,,,,,,,,,,,,,,,,,,0,,,,,,21.9143504,39.3121725,
17:55:51.538,,,,,,,,,,,,,,,,,,137.70001220703125,,,,,,,,0.20236124921087648,,,,,,,,,,,,,,,,,,,,,,,,,,,,,,,,,,0.29098832309246064,,,,,21.9143504,39.3121725,
17:55:51.538,,,,,,,,,,,,,,,,,,137.70001220703125,,,,,,,,0.2023613235934678,,,,,,,,,,,,,,,,,,,,,,,,,,,,,,,,,,0.29098832309246064,,,,,21.9143501,39.3121725,
17:55:51.570,,,,,,,,,,,,,,,,,,,,,,,,,,,,,,,,,,,,,,,,,,,,,,,,,,,,,,,,,,0.78125,,,,,,,21.9143501,39.3121725,
17:55:51.606,,,,,,,,,,,,,,,,,,,,,,,,,,,,,,,,,,,,,,,,,,,,,,,,,,,,,,,,,,,0,,,,,,21.9143501,39.3121725,
17:55:51.653,,,,,,,,,,,,,,,,,,,,,,,,,,,,,,,,,,,,,,,,,,,,,,,,,,,,,,,,,,0.78125,,,,,,,21.9143501,39.3121725,
17:55:51.702,,,,,,,,,,,,,,,,,,,,,,,,,,,,,,,,,,,,,,,,,,,,,,,,,,,,,,,,,,,0,,,,,,21.9143501,39.3121725,
17:55:51.763,,,,,,,,,,,,,,,,,,,,,,,,,,,,,,,,,,,,,,,,,,,,,,,,,,,,,,,,,,0.78125,,,,,,,21.9143501,39.3121725,
17:55:51.837,,,,,,,,,,,,,,,,,,,,,,,,,,,,,,,,,,,,,,,,,,,,,,,,,,,,,,,,,,,0,,,,,,21.9143501,39.3121725,
17:55:51.878,,,,,,,,,,,,,,,,,,,,,,,,,,,,,,,,,,,,,,,,,,,,,,,,,,,,,,,,,,0,,,,,,,21.9143501,39.3121725,
17:55:51.930,,,,,,,,,,,,,,,,,,,,,,,,,,,,,,,,,,,,,,,,,,,,,,,,,,,,,,,,,,,-0.78125,,,,,,21.9143501,39.3121725,
17:55:51.994,,,,,,,,,,,,,,,,,,,,,,,,,,,,,,,,,,,,,,,,,,,,,,,,,,,,,,,,,,-0.78125,,,,,,,21.9143501,39.3121725,
17:55:52.049,,,,,,,,,,,,,,,,,,,,,,,,,,,,,,,,,,,,,,,,,,,,,,,,,,,,,,,,,,,-2.34375,,,,,,21.9143501,39.3121725,
17:55:52.077,,,,,,,,,,,,,,,,,,,,,,,,,,,,,,,,,,,,,,,,,,,,,,,,,,,,,,,,,,-2.34375,,,,,,,21.9143501,39.3121725,
17:55:52.133,,,,,,,,,,,,,,,,,,,,,,,,,,,,,,,,,,,,,,,,,,,,,,,,,,,,,,,,,,,-3.125,,,,,,21.9143501,39.3121725,
17:55:52.163,,,,,,,,,,,,,,,,,,,,,,,,,,,,,,,,,,,,,,,,,,,,,,,,,,,,,,,,,,-2.34375,,,,,,,21.9143501,39.3121725,
17:55:52.218,,,,,,,,,,,,,,,,,,,,,,,,,,,,,,,,,,,,,,,,,,,,,,,,,,,,,,,,,,,-3.90625,,,,,,21.9143501,39.3121725,
17:55:52.257,,,,,,,,,,,,,,,,,,,,,,,,,,,,,,,,,,,,,,,,,,,,,,,,,,,,,,,,,,-3.125,,,,,,,21.9143501,39.3121725,
17:55:52.285,,,,,,,,,,,,,,,,,,,,,,,,,,,,,,,,,,,,,,,,,,,,,,,,,,,,,,,,,,,-3.90625,,,,,,21.9143501,39.3121725,
17:55:52.314,,,,,,,,,,,,,,,,,,,,,,,,,,,,,,,,,,,,,,,,,,,,,,,,,,,,,,,,,,-3.125,,,,,,,21.9143501,39.3121725,
17:55:52.357,,,,,,,,,,,,,,,,,,,,,,,,,,,,,,,,,,,,,,,,,,,,,,,,,,,,,,,,,,,-3.90625,,,,,,21.9143501,39.3121725,
17:55:52.415,,,,,,,,,,,,,,,,,,,,,,,,,,,,,,,,,,,,,,,,,,,,,,,,,,,,,,,,,,-3.125,,,,,,,21.9143501,39.3121725,
17:55:52.467,,,,,,,,,,,,,,,,,,,,,,,,,,,,,,,,,,,,,,,,,,,,,,,,,,,,,,,,,,,-4.6875,,,,,,21.9143501,39.3121725,
17:55:52.533,,,,,,,,,,,,,,,,,,,,,,,,,,,,,,,,,,,,,,,,,,,,,,,,,,,,,,,,,,-3.90625,,,,,,,21.9143501,39.3121725,
17:55:52.549,,,,,,,,,,,,,,,,,,137.70001220703125,,,,,,,,0.20339436304056954,,,,,,,,,,,,,,,,,,,,,,,,,,,,,,,,,,0.28924604058265685,,,,,21.9143501,39.3121725,
17:55:52.549,,,,,,,,,,,,,,,,,,137.70001220703125,,,,,,,,0.20339442797583215,,,,,,,,,,,,,,,,,,,,,,,,,,,,,,,,,,0.28924604058265685,,,,,21.9143501,39.3121724,
17:55:52.589,,,,,,,,,,,,,,,,,,,,,,,,,,,,,,,,,,,,,,,,,,,,,,,,,,,,,,,,,,,-5.46875,,,,,,21.9143501,39.3121724,
17:55:52.666,,,,,,,,,,,,,,,,,,,,,,,,,,,,,,,,,,,,,,,,,,,,,,,,,,,,,,,,,,-3.90625,,,,,,,21.9143501,39.3121724,
17:55:52.706,,,,,,,,,,,,,,,,,,,,,,,,,,,,,,,,,,,,,,,,,,,,,,,,,,,,,,,,,,,-6.25,,,,,,21.9143501,39.3121724,
17:55:52.778,,,,,,,,,,,,,,,,,,,,,,,,,,,,,,,,,,,,,,,,,,,,,,,,,,,,,,,,,,-4.6875,,,,,,,21.9143501,39.3121724,
17:55:52.831,,,,,,,,,,,,,,,,,,,,,,,,,,,,,,,,,,,,,,,,,,,,,,,,,,,,,,,,,,,-6.25,,,,,,21.9143501,39.3121724,
17:55:52.906,,,,,,,,,,,,,,,,,,,,,,,,,,,,,,,,,,,,,,,,,,,,,,,,,,,,,,,,,,-4.6875,,,,,,,21.9143501,39.3121724,
17:55:52.944,,,,,,,,,,,,,,,,,,,,,,,,,,,,,,,,,,,,,,,,,,,,,,,,,,,,,,,,,,,-6.25,,,,,,21.9143501,39.3121724,
17:55:52.982,,,,,,,,,,,,,,,,,,,,,,,,,,,,,,,,,,,,,,,,,,,,,,,,,,,,,,,,,,-5.46875,,,,,,,21.9143501,39.3121724,
17:55:53.046,,,,,,,,,,,,,,,,,,,,,,,,,,,,,,,,,,,,,,,,,,,,,,,,,,,,,,,,,,,-5.46875,,,,,,21.9143501,39.3121724,
17:55:53.123,,,,,,,,,,,,,,,,,,,,,,,,,,,,,,,,,,,,,,,,,,,,,,,,,,,,,,,,,,-5.46875,,,,,,,21.9143501,39.3121724,
17:55:53.165,,,,,,,,,,,,,,,,,,,,,,,,,,,,,,,,,,,,,,,,,,,,,,,,,,,,,,,,,,,-5.46875,,,,,,21.9143501,39.3121724,
17:55:53.217,,,,,,,,,,,,,,,,,,,,,,,,,,,,,,,,,,,,,,,,,,,,,,,,,,,,,,,,,,-5.46875,,,,,,,21.9143501,39.3121724,
17:55:53.294,,,,,,,,,,,,,,,,,,,,,,,,,,,,,,,,,,,,,,,,,,,,,,,,,,,,,,,,,,,-5.46875,,,,,,21.9143501,39.3121724,
17:55:53.334,,,,,,,,,,,,,,,,,,,,,,,,,,,,,,,,,,,,,,,,,,,,,,,,,,,,,,,,,,-4.6875,,,,,,,21.9143501,39.3121724,
17:55:53.366,,,,,,,,,,,,,,,,,,,,,,,,,,,,,,,,,,,,,,,,,,,,,,,,,,,,,,,,,,,-5.46875,,,,,,21.9143501,39.3121724,
17:55:53.426,,,,,,,,,,,,,,,,,,,,,,,,,,,,,,,,,,,,,,,,,,,,,,,,,,,,,,,,,,-4.6875,,,,,,,21.9143501,39.3121724,
17:55:53.490,,,,,,,,,,,,,,,,,,,,,,,,,,,,,,,,,,,,,,,,,,,,,,,,,,,,,,,,,,,-4.6875,,,,,,21.9143501,39.3121724,
17:55:53.517,,,,,,,,,,,,,,,,,,,,,,,,,,,,,,,,,,,,,,,,,,,,,,,,,,,,,,,,,,-3.90625,,,,,,,21.9143501,39.3121724,
17:55:53.543,,,,,,,,,,,,,,,,,,137.70001220703125,,,,,,,,0.2044108009499106,,,,,,,,,,,,,,,,,,,,,,,,,,,,,,,,,,0.29132499396801,,,,,21.9143501,39.3121724,
17:55:53.543,,,,,,,,,,,,,,,,,,137.70001220703125,,,,,,,,0.20441087269965674,,,,,,,,,,,,,,,,,,,,,,,,,,,,,,,,,,0.29132499396801,,,,,21.91435,39.3121724,
17:55:53.549,,,,,,,,,,,,,,,,,,,,,,,,,,,,,,,,,,,,,,,,,,,,,,,,,,,,,,,,,,,-4.6875,,,,,,21.91435,39.3121724,
17:55:53.574,,,,,,,,,,,,,,,,,,,,,,,,,,,,,,,,,,,,,,,,,,,,,,,,,,,,,,,,,,-3.125,,,,,,,21.91435,39.3121724,
17:55:53.614,,,,,,,,,,,,,,,,,,,,,,,,,,,,,,,,,,,,,,,,,,,,,,,,,,,,,,,,,,,-4.6875,,,,,,21.91435,39.3121724,
17:55:53.677,,,,,,,,,,,,,,,,,,,,,,,,,,,,,,,,,,,,,,,,,,,,,,,,,,,,,,,,,,-2.34375,,,,,,,21.91435,39.3121724,
17:55:53.730,,,,,,,,,,,,,,,,,,,,,,,,,,,,,,,,,,,,,,,,,,,,,,,,,,,,,,,,,,,-3.90625,,,,,,21.91435,39.3121724,
17:55:53.793,,,,,,,,,,,,,,,,,,,,,,,,,,,,,,,,,,,,,,,,,,,,,,,,,,,,,,,,,,-1.5625,,,,,,,21.91435,39.3121724,
17:55:53.869,,,,,,,,,,,,,,,,,,,,,,,,,,,,,,,,,,,,,,,,,,,,,,,,,,,,,,,,,,,-3.125,,,,,,21.91435,39.3121724,
17:55:53.933,,,,,,,,,,,,,,,,,,,,,,,,,,,,,,,,,,,,,,,,,,,,,,,,,,,,,,,,,,-1.5625,,,,,,,21.91435,39.3121724,
17:55:53.974,,,,,,,,,,,,,,,,,,,,,,,,,,,,,,,,,,,,,,,,,,,,,,,,,,,,,,,,,,,-3.125,,,,,,21.91435,39.3121724,
17:55:54.062,,,,,,,,,,,,,,,,,,,,,,,,,,,,,,,,,,,,,,,,,,,,,,,,,,,,,,,,,,-2.34375,,,,,,,21.91435,39.3121724,
17:55:54.117,,,,,,,,,,,,,,,,,,,,,,,,,,,,,,,,,,,,,,,,,,,,,,,,,,,,,,,,,,,-3.125,,,,,,21.91435,39.3121724,
17:55:54.146,,,,,,,,,,,,,,,,,,,,,,,,,,,,,,,,,,,,,,,,,,,,,,,,,,,,,,,,,,-3.125,,,,,,,21.91435,39.3121724,
17:55:54.215,,,,,,,,,,,,,,,,,,,,,,,,,,,,,,,,,,,,,,,,,,,,,,,,,,,,,,,,,,,-3.90625,,,,,,21.91435,39.3121724,
17:55:54.282,,,,,,,,,,,,,,,,,,,,,,,,,,,,,,,,,,,,,,,,,,,,,,,,,,,,,,,,,,-3.90625,,,,,,,21.91435,39.3121724,
17:55:54.362,,,,,,,,,,,,,,,,,,,,,,,,,,,,,,,,,,,,,,,,,,,,,,,,,,,,,,,,,,,-3.90625,,,,,,21.91435,39.3121724,
17:55:54.450,,,,,,,,,,,,,,,,,,,,,,,,,,,,,,,,,,,,,,,,,,,,,,,,,,,,,,,,,,-3.125,,,,,,,21.91435,39.3121724,
17:55:54.530,,,,,,,,,,,,,,,,,,,,,,,,,,,,,,,,,,,,,,,,,,,,,,,,,,,,,,,,,,,-3.90625,,,,,,21.91435,39.3121724,
17:55:54.531,,,,,,,,,,,,,,,,,,137.70001220703125,,,,,,,,0.20538657508027083,,,,,,,,,,,,,,,,,,,,,,,,,,,,,,,,,,0.2902856379747391,,,,,21.91435,39.3121724,
17:55:54.531,,,,,,,,,,,,,,,,,,137.70001220703125,,,,,,,,0.20538670253444785,,,,,,,,,,,,,,,,,,,,,,,,,,,,,,,,,,0.2902856379747391,,,,,21.91435,39.3121724,
17:55:54.618,,,,,,,,,,,,,,,,,,,,,,,,,,,,,,,,,,,,,,,,,,,,,,,,,,,,,,,,,,-3.125,,,,,,,21.91435,39.3121724,
17:55:54.718,,,,,,,,,,,,,,,,,,,,,,,,,,,,,,,,,,,,,,,,,,,,,,,,,,,,,,,,,,,-3.90625,,,,,,21.91435,39.3121724,
17:55:54.820,,,,,,,,,,,,,,,,,,,,,,,,,,,,,,,,,,,,,,,,,,,,,,,,,,,,,,,,,,-3.125,,,,,,,21.91435,39.3121724,
17:55:54.882,,,,,,,,,,,,,,,,,,,,,,,,,,,,,,,,,,,,,,,,,,,,,,,,,,,,,,,,,,,-4.6875,,,,,,21.91435,39.3121724,
17:55:54.935,,,,,,,,,,,,,,,,,,,,,,,,,,,,,,,,,,,,,,,,,,,,,,,,,,,,,,,,,,-3.125,,,,,,,21.91435,39.3121724,
17:55:55.002,,,,,,,,,,,,,,,,,,,,,,,,,,,,,,,,,,,,,,,,,,,,,,,,,,,,,,,,,,,-4.6875,,,,,,21.91435,39.3121724,
17:55:55.054,,,,,,,,,,,,,,,,,,,,,,,,,,,,,,,,,,,,,,,,,,,,,,,,,,,,,,,,,,-3.90625,,,,,,,21.91435,39.3121724,
17:55:55.118,,,,,,,,,,,,,,,,,,,,,,,,,,,,,,,,,,,,,,,,,,,,,,,,,,,,,,,,,,,-5.46875,,,,,,21.91435,39.3121724,
17:55:55.169,,,,,,,,,,,,,,,,,,,,,,,,,,,,,,,,,,,,,,,,,,,,,,,,,,,,,,,,,,-3.90625,,,,,,,21.91435,39.3121724,
17:55:55.197,,,,,,,,,,,,,,,,,,,,,,,,,,,,,,,,,,,,,,,,,,,,,,,,,,,,,,,,,,,-5.46875,,,,,,21.91435,39.3121724,
17:55:55.239,,,,,,,,,,,,,,,,,,,,,,,,,,,,,,,,,,,,,,,,,,,,,,,,,,,,,,,,,,-3.90625,,,,,,,21.91435,39.3121724,
17:55:55.293,,,,,,,,,,,,,,,,,,,,,,,,,,,,,,,,,,,,,,,,,,,,,,,,,,,,,,,,,,,-5.46875,,,,,,21.91435,39.3121724,
17:55:55.369,,,,,,,,,,,,,,,,,,,,,,,,,,,,,,,,,,,,,,,,,,,,,,,,,,,,,,,,,,-3.90625,,,,,,,21.91435,39.3121724,
17:55:55.435,,,,,,,,,,,,,,,,,,,,,,,,,,,,,,,,,,,,,,,,,,,,,,,,,,,,,,,,,,,-5.46875,,,,,,21.91435,39.3121724,
17:55:55.510,,,,,,,,,,,,,,,,,,,,,,,,,,,,,,,,,,,,,,,,,,,,,,,,,,,,,,,,,,-3.90625,,,,,,,21.91435,39.3121724,
17:55:55.536,,,,,,,,,,,,,,,,,,137.70001220703125,,,,,,,,0.20634935360514722,,,,,,,,,,,,,,,,,,,,,,,,,,,,,,,,,,0.28972478806972507,,,,,21.91435,39.3121724,
17:55:55.536,,,,,,,,,,,,,,,,,,137.70001220703125,,,,,,,,0.2063494288333336,,,,,,,,,,,,,,,,,,,,,,,,,,,,,,,,,,0.28972478806972507,,,,,21.9143499,39.3121723,
17:55:55.563,,,,,,,,,,,,,,,,,,,,,,,,,,,,,,,,,,,,,,,,,,,,,,,,,,,,,,,,,,,-4.6875,,,,,,21.9143499,39.3121723,
17:55:55.637,,,,,,,,,,,,,,,,,,,,,,,,,,,,,,,,,,,,,,,,,,,,,,,,,,,,,,,,,,-3.90625,,,,,,,21.9143499,39.3121723,
17:55:55.678,,,,,,,,,,,,,,,,,,,,,,,,,,,,,,,,,,,,,,,,,,,,,,,,,,,,,,,,,,,-3.90625,,,,,,21.9143499,39.3121723,
17:55:55.749,,,,,,,,,,,,,,,,,,,,,,,,,,,,,,,,,,,,,,,,,,,,,,,,,,,,,,,,,,-3.90625,,,,,,,21.9143499,39.3121723,
17:55:55.803,,,,,,,,,,,,,,,,,,,,,,,,,,,,,,,,,,,,,,,,,,,,,,,,,,,,,,,,,,,-3.90625,,,,,,21.9143499,39.3121723,
17:55:55.865,,,,,,,,,,,,,,,,,,,,,,,,,,,,,,,,,,,,,,,,,,,,,,,,,,,,,,,,,,-3.125,,,,,,,21.9143499,39.3121723,
17:55:55.919,,,,,,,,,,,,,,,,,,,,,,,,,,,,,,,,,,,,,,,,,,,,,,,,,,,,,,,,,,,-3.125,,,,,,21.9143499,39.3121723,
17:55:55.961,,,,,,,,,,,,,,,,,,,,,,,,,,,,,,,,,,,,,,,,,,,,,,,,,,,,,,,,,,-3.125,,,,,,,21.9143499,39.3121723,
17:55:56.013,,,,,,,,,,,,,,,,,,,,,,,,,,,,,,,,,,,,,,,,,,,,,,,,,,,,,,,,,,,-3.125,,,,,,21.9143499,39.3121723,
17:55:56.114,,,,,,,,,,,,,,,,,,,,,,,,,,,,,,,,,,,,,,,,,,,,,,,,,,,,,,,,,,-1.5625,,,,,,,21.9143499,39.3121723,
17:55:56.165,,,,,,,,,,,,,,,,,,,,,,,,,,,,,,,,,,,,,,,,,,,,,,,,,,,,,,,,,,,-3.125,,,,,,21.9143499,39.3121723,
17:55:56.238,,,,,,,,,,,,,,,,,,,,,,,,,,,,,,,,,,,,,,,,,,,,,,,,,,,,,,,,,,-0.78125,,,,,,,21.9143499,39.3121723,
17:55:56.277,,,,,,,,,,,,,,,,,,,,,,,,,,,,,,,,,,,,,,,,,,,,,,,,,,,,,,,,,,,-3.125,,,,,,21.9143499,39.3121723,
17:55:56.354,,,,,,,,,,,,,,,,,,,,,,,,,,,,,,,,,,,,,,,,,,,,,,,,,,,,,,,,,,-0.78125,,,,,,,21.9143499,39.3121723,
17:55:56.398,,,,,,,,,,,,,,,,,,,,,,,,,,,,,,,,,,,,,,,,,,,,,,,,,,,,,,,,,,,-3.125,,,,,,21.9143499,39.3121723,
17:55:56.429,,,,,,,,,,,,,,,,,,,,,,,,,,,,,,,,,,,,,,,,,,,,,,,,,,,,,,,,,,-0.78125,,,,,,,21.9143499,39.3121723,
17:55:56.494,,,,,,,,,,,,,,,,,,,,,,,,,,,,,,,,,,,,,,,,,,,,,,,,,,,,,,,,,,,-3.125,,,,,,21.9143499,39.3121723,
17:55:56.525,,,,,,,,,,,,,,,,,,137.70001220703125,,,,,,,,0.20730882199918502,,,,,,,,,,,,,,,,,,,,,,,,,,,,,,,,,,0.2926275819540024,,,,,21.9143499,39.3121723,
17:55:56.525,,,,,,,,,,,,,,,,,,137.70001220703125,,,,,,,,0.20730889793296223,,,,,,,,,,,,,,,,,,,,,,,,,,,,,,,,,,0.2926275819540024,,,,,21.9143499,39.3121723,
17:55:56.557,,,,,,,,,,,,,,,,,,,,,,,,,,,,,,,,,,,,,,,,,,,,,,,,,,,,,,,,,,-1.5625,,,,,,,21.9143499,39.3121723,
17:55:56.621,,,,,,,,,,,,,,,,,,,,,,,,,,,,,,,,,,,,,,,,,,,,,,,,,,,,,,,,,,,-2.34375,,,,,,21.9143499,39.3121723,
17:55:56.673,,,,,,,,,,,,,,,,,,,,,,,,,,,,,,,,,,,,,,,,,,,,,,,,,,,,,,,,,,-1.5625,,,,,,,21.9143499,39.3121723,
17:55:56.734,,,,,,,,,,,,,,,,,,,,,,,,,,,,,,,,,,,,,,,,,,,,,,,,,,,,,,,,,,,-2.34375,,,,,,21.9143499,39.3121723,
17:55:56.797,,,,,,,,,,,,,,,,,,,,,,,,,,,,,,,,,,,,,,,,,,,,,,,,,,,,,,,,,,-1.5625,,,,,,,21.9143499,39.3121723,
17:55:56.873,,,,,,,,,,,,,,,,,,,,,,,,,,,,,,,,,,,,,,,,,,,,,,,,,,,,,,,,,,,-1.5625,,,,,,21.9143499,39.3121723,
17:55:56.914,,,,,,,,,,,,,,,,,,,,,,,,,,,,,,,,,,,,,,,,,,,,,,,,,,,,,,,,,,-1.5625,,,,,,,21.9143499,39.3121723,
17:55:56.966,,,,,,,,,,,,,,,,,,,,,,,,,,,,,,,,,,,,,,,,,,,,,,,,,,,,,,,,,,,-1.5625,,,,,,21.9143499,39.3121723,
17:55:57.042,,,,,,,,,,,,,,,,,,,,,,,,,,,,,,,,,,,,,,,,,,,,,,,,,,,,,,,,,,-0.78125,,,,,,,21.9143499,39.3121723,
17:55:57.094,,,,,,,,,,,,,,,,,,,,,,,,,,,,,,,,,,,,,,,,,,,,,,,,,,,,,,,,,,,-0.78125,,,,,,21.9143499,39.3121723,
17:55:57.157,,,,,,,,,,,,,,,,,,,,,,,,,,,,,,,,,,,,,,,,,,,,,,,,,,,,,,,,,,-0.78125,,,,,,,21.9143499,39.3121723,
17:55:57.196,,,,,,,,,,,,,,,,,,137.70001220703125,,,,,,,,0.20795054229965917,,,,,,,,,,,,,,,,,,,,,,,,,,,,,,,,,,0.29310281574726105,,,,,21.9143499,39.3121723,
17:55:57.196,,,,,,,,,,,,,,,,,,135.90000915527344,,,,,,,,0.2079506196078113,,,,,,,,,,,,,,,,,,,,,,,,,,,,,,,,,,0.29310281574726105,,,,,21.9143499,39.3121723,
17:55:57.220,,,,,,,,,,,,,,,,,,,,,,,,,,,,,,,,,,,,,,,,,,,,,,,,,,,,,,,,,,,-0.78125,,,,,,21.9143499,39.3121723,
17:55:57.269,,,,,,,,,,,,,,,,,,,,,,,,,,,,,,,,,,,,,,,,,,,,,,,,,,,,,,,,,,0,,,,,,,21.9143499,39.3121723,
17:55:57.330,,,,,,,,,,,,,,,,,,,,,,,,,,,,,,,,,,,,,,,,,,,,,,,,,,,,,,,,,,,-1.5625,,,,,,21.9143499,39.3121723,
17:55:57.393,,,,,,,,,,,,,,,,,,,,,,,,,,,,,,,,,,,,,,,,,,,,,,,,,,,,,,,,,,-0.78125,,,,,,,21.9143499,39.3121723,
17:55:57.457,,,,,,,,,,,,,,,,,,,,,,,,,,,,,,,,,,,,,,,,,,,,,,,,,,,,,,,,,,,-1.5625,,,,,,21.9143499,39.3121723,
17:55:57.510,,,,,,,,,,,,,,,,,,,,,,,,,,,,,,,,,,,,,,,,,,,,,,,,,,,,,,,,,,-0.78125,,,,,,,21.9143499,39.3121723,
17:55:57.578,,,,,,,,,,,,,,,,,,,,,,,,,,,,,,,,,,,,,,,,,,,,,,,,,,,,,,,,,,,-2.34375,,,,,,21.9143499,39.3121723,
17:55:57.643,,,,,,,,,,,,,,,,,,,,,,,,,,,,,,,,,,,,,,,,,,,,,,,,,,,,,,,,,,-0.78125,,,,,,,21.9143499,39.3121723,
17:55:57.687,,,,,,,,,,,,,,,,,,,,,,,,,,,,,,,,,,,,,,,,,,,,,,,,,,,,,,,,,,,-1.5625,,,,,,21.9143499,39.3121723,
17:55:57.713,,,,,,,,,,,,,,,,,,,,,,,,,,,,,,,,,,,,,,,,,,,,,,,,,,,,,,,,,,-1.5625,,,,,,,21.9143499,39.3121723,
17:55:57.754,,,,,,,,,,,,,,,,,,,,,,,,,,,,,,,,,,,,,,,,,,,,,,,,,,,,,,,,,,,-1.5625,,,,,,21.9143499,39.3121723,
17:55:57.818,,,,,,,,,,,,,,,,,,,,,,,,,,,,,,,,,,,,,,,,,,,,,,,,,,,,,,,,,,-1.5625,,,,,,,21.9143499,39.3121723,
17:55:57.870,,,,,,,,,,,,,,,,,,,,,,,,,,,,,,,,,,,,,,,,,,,,,,,,,,,,,,,,,,,-1.5625,,,,,,21.9143499,39.3121723,
17:55:57.937,,,,,,,,,,,,,,,,,,,,,,,,,,,,,,,,,,,,,,,,,,,,,,,,,,,,,,,,,,-0.78125,,,,,,,21.9143499,39.3121723,
17:55:57.989,,,,,,,,,,,,,,,,,,,,,,,,,,,,,,,,,,,,,,,,,,,,,,,,,,,,,,,,,,,-1.5625,,,,,,21.9143499,39.3121723,
17:55:58.054,,,,,,,,,,,,,,,,,,,,,,,,,,,,,,,,,,,,,,,,,,,,,,,,,,,,,,,,,,-0.78125,,,,,,,21.9143499,39.3121723,
17:55:58.105,,,,,,,,,,,,,,,,,,,,,,,,,,,,,,,,,,,,,,,,,,,,,,,,,,,,,,,,,,,-1.5625,,,,,,21.9143499,39.3121723,
17:55:58.136,,,,,,,,,,,,,,,,,,,,,,,,,,,,,,,,,,,,,,,,,,,,,,,,,,,,,,,,,,-0.78125,,,,,,,21.9143499,39.3121723,
17:55:58.174,,,,,,,,,,,,,,,,,,,,,,,,,,,,,,,,,,,,,,,,,,,,,,,,,,,,,,,,,,,-2.34375,,,,,,21.9143499,39.3121723,
17:55:58.225,,,,,,,,,,,,,,,,,,,,,,,,,,,,,,,,,,,,,,,,,,,,,,,,,,,,,,,,,,-1.5625,,,,,,,21.9143499,39.3121723,
17:55:58.310,,,,,,,,,,,,,,,,,,,,,,,,,,,,,,,,,,,,,,,,,,,,,,,,,,,,,,,,,,,-2.34375,,,,,,21.9143499,39.3121723,
17:55:58.351,,,,,,,,,,,,,,,,,,,,,,,,,,,,,,,,,,,,,,,,,,,,,,,,,,,,,,,,,,-1.5625,,,,,,,21.9143499,39.3121723,
17:55:58.418,,,,,,,,,,,,,,,,,,,,,,,,,,,,,,,,,,,,,,,,,,,,,,,,,,,,,,,,,,,-2.34375,,,,,,21.9143499,39.3121723,
17:55:58.470,,,,,,,,,,,,,,,,,,,,,,,,,,,,,,,,,,,,,,,,,,,,,,,,,,,,,,,,,,-1.5625,,,,,,,21.9143499,39.3121723,
17:55:58.531,,,,,,,,,,,,,,,,,,135.90000915527344,,,,,,,,0.20915457416508895,,,,,,,,,,,,,,,,,,,,,,,,,,,,,,,,,,0.29001623690128325,,,,,21.9143499,39.3121723,
17:55:58.531,,,,,,,,,,,,,,,,,,135.90000915527344,,,,,,,,0.20915465076629172,,,,,,,,,,,,,,,,,,,,,,,,,,,,,,,,,,0.29001623690128325,,,,,21.9143498,39.3121718,
17:55:58.534,,,,,,,,,,,,,,,,,,,,,,,,,,,,,,,,,,,,,,,,,,,,,,,,,,,,,,,,,,,-2.34375,,,,,,21.9143498,39.3121718,
17:55:58.609,,,,,,,,,,,,,,,,,,,,,,,,,,,,,,,,,,,,,,,,,,,,,,,,,,,,,,,,,,-1.5625,,,,,,,21.9143498,39.3121718,
17:55:58.650,,,,,,,,,,,,,,,,,,,,,,,,,,,,,,,,,,,,,,,,,,,,,,,,,,,,,,,,,,,-2.34375,,,,,,21.9143498,39.3121718,
17:55:58.714,,,,,,,,,,,,,,,,,,,,,,,,,,,,,,,,,,,,,,,,,,,,,,,,,,,,,,,,,,-1.5625,,,,,,,21.9143498,39.3121718,
17:55:58.777,,,,,,,,,,,,,,,,,,,,,,,,,,,,,,,,,,,,,,,,,,,,,,,,,,,,,,,,,,,-2.34375,,,,,,21.9143498,39.3121718,
17:55:58.842,,,,,,,,,,,,,,,,,,,,,,,,,,,,,,,,,,,,,,,,,,,,,,,,,,,,,,,,,,-0.78125,,,,,,,21.9143498,39.3121718,
17:55:58.893,,,,,,,,,,,,,,,,,,,,,,,,,,,,,,,,,,,,,,,,,,,,,,,,,,,,,,,,,,,-2.34375,,,,,,21.9143498,39.3121718,
17:55:58.965,,,,,,,,,,,,,,,,,,,,,,,,,,,,,,,,,,,,,,,,,,,,,,,,,,,,,,,,,,-0.78125,,,,,,,21.9143498,39.3121718,
17:55:59.010,,,,,,,,,,,,,,,,,,,,,,,,,,,,,,,,,,,,,,,,,,,,,,,,,,,,,,,,,,,-1.5625,,,,,,21.9143498,39.3121718,
17:55:59.087,,,,,,,,,,,,,,,,,,,,,,,,,,,,,,,,,,,,,,,,,,,,,,,,,,,,,,,,,,-0.78125,,,,,,,21.9143498,39.3121718,
17:55:59.137,,,,,,,,,,,,,,,,,,,,,,,,,,,,,,,,,,,,,,,,,,,,,,,,,,,,,,,,,,,-1.5625,,,,,,21.9143498,39.3121718,
17:55:59.213,,,,,,,,,,,,,,,,,,,,,,,,,,,,,,,,,,,,,,,,,,,,,,,,,,,,,,,,,,-0.78125,,,,,,,21.9143498,39.3121718,
17:55:59.253,,,,,,,,,,,,,,,,,,,,,,,,,,,,,,,,,,,,,,,,,,,,,,,,,,,,,,,,,,,-0.78125,,,,,,21.9143498,39.3121718,
17:55:59.317,,,,,,,,,,,,,,,,,,,,,,,,,,,,,,,,,,,,,,,,,,,,,,,,,,,,,,,,,,0,,,,,,,21.9143498,39.3121718,
17:55:59.370,,,,,,,,,,,,,,,,,,,,,,,,,,,,,,,,,,,,,,,,,,,,,,,,,,,,,,,,,,,-0.78125,,,,,,21.9143498,39.3121718,
17:55:59.395,,,,,,,,,,,,,,,,,,,,,,,,,,,,,,,,,,,,,,,,,,,,,,,,,,,,,,,,,,0.78125,,,,,,,21.9143498,39.3121718,
17:55:59.434,,,,,,,,,,,,,,,,,,,,,,,,,,,,,,,,,,,,,,,,,,,,,,,,,,,,,,,,,,,-0.78125,,,,,,21.9143498,39.3121718,
17:55:59.510,,,,,,,,,,,,,,,,,,,,,,,,,,,,,,,,,,,,,,,,,,,,,,,,,,,,,,,,,,0.78125,,,,,,,21.9143498,39.3121718,
17:55:59.544,,,,,,,,,,,,,,,,,,135.90000915527344,,,,,,,,0.21008430693736774,,,,,,,,,,,,,,,,,,,,,,,,,,,,,,,,,,0.2935630828142166,,,,,21.9143498,39.3121718,
17:55:59.545,,,,,,,,,,,,,,,,,,135.90000915527344,,,,,,,,0.21008437444059722,,,,,,,,,,,,,,,,,,,,,,,,,,,,,,,,,,0.2935630828142166,,,,,21.9143497,39.3121718,
17:55:59.548,,,,,,,,,,,,,,,,,,,,,,,,,,,,,,,,,,,,,,,,,,,,,,,,,,,,,,,,,,,-0.78125,,,,,,21.9143497,39.3121718,
17:55:59.598,,,,,,,,,,,,,,,,,,,,,,,,,,,,,,,,,,,,,,,,,,,,,,,,,,,,,,,,,,0.78125,,,,,,,21.9143497,39.3121718,
17:55:59.670,,,,,,,,,,,,,,,,,,,,,,,,,,,,,,,,,,,,,,,,,,,,,,,,,,,,,,,,,,,0,,,,,,21.9143497,39.3121718,
17:55:59.732,,,,,,,,,,,,,,,,,,,,,,,,,,,,,,,,,,,,,,,,,,,,,,,,,,,,,,,,,,0.78125,,,,,,,21.9143497,39.3121718,
17:55:59.807,,,,,,,,,,,,,,,,,,,,,,,,,,,,,,,,,,,,,,,,,,,,,,,,,,,,,,,,,,,0.78125,,,,,,21.9143497,39.3121718,
17:55:59.886,,,,,,,,,,,,,,,,,,,,,,,,,,,,,,,,,,,,,,,,,,,,,,,,,,,,,,,,,,2.34375,,,,,,,21.9143497,39.3121718,
17:55:59.942,,,,,,,,,,,,,,,,,,,,,,,,,,,,,,,,,,,,,,,,,,,,,,,,,,,,,,,,,,,2.34375,,,,,,21.9143497,39.3121718,
17:56:00.010,,,,,,,,,,,,,,,,,,,,,,,,,,,,,,,,,,,,,,,,,,,,,,,,,,,,,,,,,,3.90625,,,,,,,21.9143497,39.3121718,
17:56:00.067,,,,,,,,,,,,,,,,,,,,,,,,,,,,,,,,,,,,,,,,,,,,,,,,,,,,,,,,,,,3.90625,,,,,,21.9143497,39.3121718,
17:56:00.123,,,,,,,,,,,,,,,,,,,,,,,,,,,,,,,,,,,,,,,,,,,,,,,,,,,,,,,,,,3.90625,,,,,,,21.9143497,39.3121718,
17:56:00.186,,,,,,,,,,,,,,,,,,,,,,,,,,,,,,,,,,,,,,,,,,,,,,,,,,,,,,,,,,,4.6875,,,,,,21.9143497,39.3121718,
17:56:00.238,,,,,,,,,,,,,,,,,,,,,,,,,,,,,,,,,,,,,,,,,,,,,,,,,,,,,,,,,,3.90625,,,,,,,21.9143497,39.3121718,
17:56:00.268,,,,,,,,,,,,,,,,,,,,,,,,,,,,,,,,,,,,,,,,,,,,,,,,,,,,,,,,,,,4.6875,,,,,,21.9143497,39.3121718,
17:56:00.327,,,,,,,,,,,,,,,,,,,,,,,,,,,,,,,,,,,,,,,,,,,,,,,,,,,,,,,,,,3.125,,,,,,,21.9143497,39.3121718,
17:56:00.354,,,,,,,,,,,,,,,,,,,,,,,,,,,,,,,,,,,,,,,,,,,,,,,,,,,,,,,,,,,3.90625,,,,,,21.9143497,39.3121718,
17:56:00.397,,,,,,,,,,,,,,,,,,,,,,,,,,,,,,,,,,,,,,,,,,,,,,,,,,,,,,,,,,3.125,,,,,,,21.9143497,39.3121718,
17:56:00.475,,,,,,,,,,,,,,,,,,,,,,,,,,,,,,,,,,,,,,,,,,,,,,,,,,,,,,,,,,,3.125,,,,,,21.9143497,39.3121718,
17:56:00.526,,,,,,,,,,,,,,,,,,,,,,,,,,,,,,,,,,,,,,,,,,,,,,,,,,,,,,,,,,2.34375,,,,,,,21.9143497,39.3121718,
17:56:00.539,,,,,,,,,,,,,,,,,,135.90000915527344,,,,,,,,0.21105627633837204,,,,,,,,,,,,,,,,,,,,,,,,,,,,,,,,,,0.3010076075792313,,,,,21.9143497,39.3121718,
17:56:00.539,,,,,,,,,,,,,,,,,,135.90000915527344,,,,,,,,0.21105633320964048,,,,,,,,,,,,,,,,,,,,,,,,,,,,,,,,,,0.3010076075792313,,,,,21.9143497,39.3121718,
17:56:00.576,,,,,,,,,,,,,,,,,,,,,,,,,,,,,,,,,,,,,,,,,,,,,,,,,,,,,,,,,,,2.34375,,,,,,21.9143497,39.3121718,
17:56:00.641,,,,,,,,,,,,,,,,,,,,,,,,,,,,,,,,,,,,,,,,,,,,,,,,,,,,,,,,,,1.5625,,,,,,,21.9143497,39.3121718,
17:56:00.695,,,,,,,,,,,,,,,,,,,,,,,,,,,,,,,,,,,,,,,,,,,,,,,,,,,,,,,,,,,1.5625,,,,,,21.9143497,39.3121718,
17:56:00.750,,,,,,,,,,,,,,,,,,,,,,,,,,,,,,,,,,,,,,,,,,,,,,,,,,,,,,,,,,0,,,,,,,21.9143497,39.3121718,
17:56:00.777,,,,,,,,,,,,,,,,,,,,,,,,,,,,,,,,,,,,,,,,,,,,,,,,,,,,,,,,,,,0.78125,,,,,,21.9143497,39.3121718,
17:56:00.813,,,,,,,,,,,,,,,,,,,,,,,,,,,,,,,,,,,,,,,,,,,,,,,,,,,,,,,,,,0,,,,,,,21.9143497,39.3121718,
17:56:00.865,,,,,,,,,,,,,,,,,,,,,,,,,,,,,,,,,,,,,,,,,,,,,,,,,,,,,,,,,,,0.78125,,,,,,21.9143497,39.3121718,
17:56:00.895,,,,,,,,,,,,,,,,,,,,,,,,,,,,,,,,,,,,,,,,,,,,,,,,,,,,,,,,,,0,,,,,,,21.9143497,39.3121718,
17:56:00.941,,,,,,,,,,,,,,,,,,,,,,,,,,,,,,,,,,,,,,,,,,,,,,,,,,,,,,,,,,,0,,,,,,21.9143497,39.3121718,
17:56:00.995,,,,,,,,,,,,,,,,,,,,,,,,,,,,,,,,,,,,,,,,,,,,,,,,,,,,,,,,,,0,,,,,,,21.9143497,39.3121718,
17:56:01.049,,,,,,,,,,,,,,,,,,,,,,,,,,,,,,,,,,,,,,,,,,,,,,,,,,,,,,,,,,,0,,,,,,21.9143497,39.3121718,
17:56:01.074,,,,,,,,,,,,,,,,,,,,,,,,,,,,,,,,,,,,,,,,,,,,,,,,,,,,,,,,,,0,,,,,,,21.9143497,39.3121718,
17:56:01.115,,,,,,,,,,,,,,,,,,,,,,,,,,,,,,,,,,,,,,,,,,,,,,,,,,,,,,,,,,,0,,,,,,21.9143497,39.3121718,
17:56:01.179,,,,,,,,,,,,,,,,,,,,,,,,,,,,,,,,,,,,,,,,,,,,,,,,,,,,,,,,,,0.78125,,,,,,,21.9143497,39.3121718,
17:56:01.245,,,,,,,,,,,,,,,,,,,,,,,,,,,,,,,,,,,,,,,,,,,,,,,,,,,,,,,,,,,0,,,,,,21.9143497,39.3121718,
17:56:01.287,,,,,,,,,,,,,,,,,,,,,,,,,,,,,,,,,,,,,,,,,,,,,,,,,,,,,,,,,,0.78125,,,,,,,21.9143497,39.3121718,
17:56:01.365,,,,,,,,,,,,,,,,,,,,,,,,,,,,,,,,,,,,,,,,,,,,,,,,,,,,,,,,,,,0,,,,,,21.9143497,39.3121718,
17:56:01.406,,,,,,,,,,,,,,,,,,,,,,,,,,,,,,,,,,,,,,,,,,,,,,,,,,,,,,,,,,0.78125,,,,,,,21.9143497,39.3121718,
17:56:01.434,,,,,,,,,,,,,,,,,,,,,,,,,,,,,,,,,,,,,,,,,,,,,,,,,,,,,,,,,,,0,,,,,,21.9143497,39.3121718,
17:56:01.474,,,,,,,,,,,,,,,,,,,,,,,,,,,,,,,,,,,,,,,,,,,,,,,,,,,,,,,,,,0.78125,,,,,,,21.9143497,39.3121718,
17:56:01.526,,,,,,,,,,,,,,,,,,135.90000915527344,,,,,,,,0.21179885758143804,,,,,,,,,,,,,,,,,,,,,,,,,,,,,,,,,,0.28176342844963076,,,,,21.9143497,39.3121718,
17:56:01.526,,,,,,,,,,,,,,,,,,135.90000915527344,,,,,,,,0.2117989213757228,,,,,,,,,,,,,,,,,,,,,,,,,,,,,,,,,,0.28176342844963076,,,,,21.9143497,39.3121716,
17:56:01.539,,,,,,,,,,,,,,,,,,,,,,,,,,,,,,,,,,,,,,,,,,,,,,,,,,,,,,,,,,,0,,,,,,21.9143497,39.3121716,
17:56:01.589,,,,,,,,,,,,,,,,,,,,,,,,,,,,,,,,,,,,,,,,,,,,,,,,,,,,,,,,,,0.78125,,,,,,,21.9143497,39.3121716,
17:56:01.613,,,,,,,,,,,,,,,,,,,,,,,,,,,,,,,,,,,,,,,,,,,,,,,,,,,,,,,,,,,0,,,,,,21.9143497,39.3121716,
17:56:01.679,,,,,,,,,,,,,,,,,,,,,,,,,,,,,,,,,,,,,,,,,,,,,,,,,,,,,,,,,,0.78125,,,,,,,21.9143497,39.3121716,
17:56:01.721,,,,,,,,,,,,,,,,,,,,,,,,,,,,,,,,,,,,,,,,,,,,,,,,,,,,,,,,,,,0,,,,,,21.9143497,39.3121716,
17:56:01.766,,,,,,,,,,,,,,,,,,,,,,,,,,,,,,,,,,,,,,,,,,,,,,,,,,,,,,,,,,0.78125,,,,,,,21.9143497,39.3121716,
17:56:01.836,,,,,,,,,,,,,,,,,,,,,,,,,,,,,,,,,,,,,,,,,,,,,,,,,,,,,,,,,,,0.78125,,,,,,21.9143497,39.3121716,
17:56:01.890,,,,,,,,,,,,,,,,,,,,,,,,,,,,,,,,,,,,,,,,,,,,,,,,,,,,,,,,,,1.5625,,,,,,,21.9143497,39.3121716,
17:56:02.074,,,,,,,,,,,,,,,,,,,,,,,,,,,,,,,,,,,,,,,,,,,,,,,,,,,,,,,,,,,0.78125,,,,,,21.9143497,39.3121716,
17:56:02.155,,,,,,,,,,,,,,,,,,,,,,,,,,,,,,,,,,,,,,,,,,,,,,,,,,,,,,,,,,2.34375,,,,,,,21.9143497,39.3121716,
17:56:02.230,,,,,,,,,,,,,,,,,,,,,,,,,,,,,,,,,,,,,,,,,,,,,,,,,,,,,,,,,,,1.5625,,,,,,21.9143497,39.3121716,
17:56:02.309,,,,,,,,,,,,,,,,,,,,,,,,,,,,,,,,,,,,,,,,,,,,,,,,,,,,,,,,,,1.5625,,,,,,,21.9143497,39.3121716,
17:56:02.410,,,,,,,,,,,,,,,,,,,,,,,,,,,,,,,,,,,,,,,,,,,,,,,,,,,,,,,,,,,2.34375,,,,,,21.9143497,39.3121716,
17:56:02.491,,,,,,,,,,,,,,,,,,,,,,,,,,,,,,,,,,,,,,,,,,,,,,,,,,,,,,,,,,2.34375,,,,,,,21.9143497,39.3121716,
17:56:02.534,,,,,,,,,,,,,,,,,,135.90000915527344,,,,,,,,0.21256747320339697,,,,,,,,,,,,,,,,,,,,,,,,,,,,,,,,,,0.2841838002204895,,,,,21.9143497,39.3121716,
17:56:02.535,,,,,,,,,,,,,,,,,,135.90000915527344,,,,,,,,0.21256752974393436,,,,,,,,,,,,,,,,,,,,,,,,,,,,,,,,,,0.2841838002204895,,,,,21.9143496,39.3121716,
17:56:02.545,,,,,,,,,,,,,,,,,,,,,,,,,,,,,,,,,,,,,,,,,,,,,,,,,,,,,,,,,,,3.125,,,,,,21.9143496,39.3121716,
17:56:02.582,,,,,,,,,,,,,,,,,,,,,,,,,,,,,,,,,,,,,,,,,,,,,,,,,,,,,,,,,,3.125,,,,,,,21.9143496,39.3121716,
17:56:02.647,,,,,,,,,,,,,,,,,,,,,,,,,,,,,,,,,,,,,,,,,,,,,,,,,,,,,,,,,,,3.125,,,,,,21.9143496,39.3121716,
17:56:02.709,,,,,,,,,,,,,,,,,,,,,,,,,,,,,,,,,,,,,,,,,,,,,,,,,,,,,,,,,,3.125,,,,,,,21.9143496,39.3121716,
17:56:02.785,,,,,,,,,,,,,,,,,,,,,,,,,,,,,,,,,,,,,,,,,,,,,,,,,,,,,,,,,,,2.34375,,,,,,21.9143496,39.3121716,
17:56:02.854,,,,,,,,,,,,,,,,,,,,,,,,,,,,,,,,,,,,,,,,,,,,,,,,,,,,,,,,,,3.125,,,,,,,21.9143496,39.3121716,
17:56:02.917,,,,,,,,,,,,,,,,,,,,,,,,,,,,,,,,,,,,,,,,,,,,,,,,,,,,,,,,,,,2.34375,,,,,,21.9143496,39.3121716,
17:56:02.989,,,,,,,,,,,,,,,,,,,,,,,,,,,,,,,,,,,,,,,,,,,,,,,,,,,,,,,,,,2.34375,,,,,,,21.9143496,39.3121716,
17:56:03.028,,,,,,,,,,,,,,,,,,,,,,,,,,,,,,,,,,,,,,,,,,,,,,,,,,,,,,,,,,,2.34375,,,,,,21.9143496,39.3121716,
17:56:03.054,,,,,,,,,,,,,,,,,,,,,,,,,,,,,,,,,,,,,,,,,,,,,,,,,,,,,,,,,,2.34375,,,,,,,21.9143496,39.3121716,
17:56:03.099,,,,,,,,,,,,,,,,,,,,,,,,,,,,,,,,,,,,,,,,,,,,,,,,,,,,,,,,,,,2.34375,,,,,,21.9143496,39.3121716,
17:56:03.161,,,,,,,,,,,,,,,,,,,,,,,,,,,,,,,,,,,,,,,,,,,,,,,,,,,,,,,,,,2.34375,,,,,,,21.9143496,39.3121716,
17:56:03.213,,,,,,,,,,,,,,,,,,,,,,,,,,,,,,,,,,,,,,,,,,,,,,,,,,,,,,,,,,,3.125,,,,,,21.9143496,39.3121716,
17:56:03.278,,,,,,,,,,,,,,,,,,,,,,,,,,,,,,,,,,,,,,,,,,,,,,,,,,,,,,,,,,2.34375,,,,,,,21.9143496,39.3121716,
17:56:03.331,,,,,,,,,,,,,,,,,,,,,,,,,,,,,,,,,,,,,,,,,,,,,,,,,,,,,,,,,,,2.34375,,,,,,21.9143496,39.3121716,
17:56:03.406,,,,,,,,,,,,,,,,,,,,,,,,,,,,,,,,,,,,,,,,,,,,,,,,,,,,,,,,,,3.125,,,,,,,21.9143496,39.3121716,
17:56:03.458,,,,,,,,,,,,,,,,,,,,,,,,,,,,,,,,,,,,,,,,,,,,,,,,,,,,,,,,,,,2.34375,,,,,,21.9143496,39.3121716,
17:56:03.513,,,,,,,,,,,,,,,,,,,,,,,,,,,,,,,,,,,,,,,,,,,,,,,,,,,,,,,,,,3.90625,,,,,,,21.9143496,39.3121716,
17:56:03.537,,,,,,,,,,,,,,,,,,135.90000915527344,,,,,,,,0.2133372680257158,,,,,,,,,,,,,,,,,,,,,,,,,,,,,,,,,,0.28626135885715487,,,,,21.9143496,39.3121716,
17:56:03.537,,,,,,,,,,,,,,,,,,135.90000915527344,,,,,,,,0.2133373279598443,,,,,,,,,,,,,,,,,,,,,,,,,,,,,,,,,,0.28626135885715487,,,,,21.9143495,39.3121717,
17:56:03.578,,,,,,,,,,,,,,,,,,,,,,,,,,,,,,,,,,,,,,,,,,,,,,,,,,,,,,,,,,,2.34375,,,,,,21.9143495,39.3121717,
17:56:03.630,,,,,,,,,,,,,,,,,,,,,,,,,,,,,,,,,,,,,,,,,,,,,,,,,,,,,,,,,,3.90625,,,,,,,21.9143495,39.3121717,
17:56:03.657,,,,,,,,,,,,,,,,,,,,,,,,,,,,,,,,,,,,,,,,,,,,,,,,,,,,,,,,,,,3.125,,,,,,21.9143495,39.3121717,
17:56:03.698,,,,,,,,,,,,,,,,,,,,,,,,,,,,,,,,,,,,,,,,,,,,,,,,,,,,,,,,,,3.125,,,,,,,21.9143495,39.3121717,
17:56:03.774,,,,,,,,,,,,,,,,,,,,,,,,,,,,,,,,,,,,,,,,,,,,,,,,,,,,,,,,,,,3.125,,,,,,21.9143495,39.3121717,
17:56:03.815,,,,,,,,,,,,,,,,,,,,,,,,,,,,,,,,,,,,,,,,,,,,,,,,,,,,,,,,,,3.125,,,,,,,21.9143495,39.3121717,
17:56:03.878,,,,,,,,,,,,,,,,,,,,,,,,,,,,,,,,,,,,,,,,,,,,,,,,,,,,,,,,,,,3.125,,,,,,21.9143495,39.3121717,
17:56:03.930,,,,,,,,,,,,,,,,,,,,,,,,,,,,,,,,,,,,,,,,,,,,,,,,,,,,,,,,,,2.34375,,,,,,,21.9143495,39.3121717,
17:56:03.993,,,,,,,,,,,,,,,,,,,,,,,,,,,,,,,,,,,,,,,,,,,,,,,,,,,,,,,,,,,2.34375,,,,,,21.9143495,39.3121717,
17:56:04.059,,,,,,,,,,,,,,,,,,,,,,,,,,,,,,,,,,,,,,,,,,,,,,,,,,,,,,,,,,2.34375,,,,,,,21.9143495,39.3121717,
17:56:04.134,,,,,,,,,,,,,,,,,,,,,,,,,,,,,,,,,,,,,,,,,,,,,,,,,,,,,,,,,,,2.34375,,,,,,21.9143495,39.3121717,
17:56:04.173,,,,,,,,,,,,,,,,,,,,,,,,,,,,,,,,,,,,,,,,,,,,,,,,,,,,,,,,,,1.5625,,,,,,,21.9143495,39.3121717,
17:56:04.257,,,,,,,,,,,,,,,,,,,,,,,,,,,,,,,,,,,,,,,,,,,,,,,,,,,,,,,,,,,2.34375,,,,,,21.9143495,39.3121717,
17:56:04.339,,,,,,,,,,,,,,,,,,,,,,,,,,,,,,,,,,,,,,,,,,,,,,,,,,,,,,,,,,1.5625,,,,,,,21.9143495,39.3121717,
17:56:04.382,,,,,,,,,,,,,,,,,,,,,,,,,,,,,,,,,,,,,,,,,,,,,,,,,,,,,,,,,,,2.34375,,,,,,21.9143495,39.3121717,
17:56:04.446,,,,,,,,,,,,,,,,,,,,,,,,,,,,,,,,,,,,,,,,,,,,,,,,,,,,,,,,,,1.5625,,,,,,,21.9143495,39.3121717,
17:56:04.513,,,,,,,,,,,,,,,,,,,,,,,,,,,,,,,,,,,,,,,,,,,,,,,,,,,,,,,,,,,1.5625,,,,,,21.9143495,39.3121717,
17:56:04.533,,,,,,,,,,,,,,,,,,135.90000915527344,,,,,,,,0.21410372003028577,,,,,,,,,,,,,,,,,,,,,,,,,,,,,,,,,,0.2879792332649231,,,,,21.9143495,39.3121717,
17:56:04.534,,,,,,,,,,,,,,,,,,135.90000915527344,,,,,,,,0.21410404395042643,,,,,,,,,,,,,,,,,,,,,,,,,,,,,,,,,,0.2879792332649231,,,,,21.9143494,39.3121717,
17:56:04.558,,,,,,,,,,,,,,,,,,,,,,,,,,,,,,,,,,,,,,,,,,,,,,,,,,,,,,,,,,1.5625,,,,,,,21.9143494,39.3121717,
17:56:04.586,,,,,,,,,,,,,,,,,,,,,,,,,,,,,,,,,,,,,,,,,,,,,,,,,,,,,,,,,,,1.5625,,,,,,21.9143494,39.3121717,
17:56:04.617,,,,,,,,,,,,,,,,,,,,,,,,,,,,,,,,,,,,,,,,,,,,,,,,,,,,,,,,,,1.5625,,,,,,,21.9143494,39.3121717,
17:56:04.677,,,,,,,,,,,,,,,,,,,,,,,,,,,,,,,,,,,,,,,,,,,,,,,,,,,,,,,,,,,0.78125,,,,,,21.9143494,39.3121717,
17:56:04.707,,,,,,,,,,,,,,,,,,,,,,,,,,,,,,,,,,,,,,,,,,,,,,,,,,,,,,,,,,1.5625,,,,,,,21.9143494,39.3121717,
17:56:04.733,,,,,,,,,,,,,,,,,,,,,,,,,,,,,,,,,,,,,,,,,,,,,,,,,,,,,,,,,,,0.78125,,,,,,21.9143494,39.3121717,
17:56:04.770,,,,,,,,,,,,,,,,,,,,,,,,,,,,,,,,,,,,,,,,,,,,,,,,,,,,,,,,,,1.5625,,,,,,,21.9143494,39.3121717,
17:56:04.833,,,,,,,,,,,,,,,,,,,,,,,,,,,,,,,,,,,,,,,,,,,,,,,,,,,,,,,,,,,0.78125,,,,,,21.9143494,39.3121717,
17:56:04.910,,,,,,,,,,,,,,,,,,,,,,,,,,,,,,,,,,,,,,,,,,,,,,,,,,,,,,,,,,0.78125,,,,,,,21.9143494,39.3121717,
17:56:04.986,,,,,,,,,,,,,,,,,,,,,,,,,,,,,,,,,,,,,,,,,,,,,,,,,,,,,,,,,,,0.78125,,,,,,21.9143494,39.3121717,
17:56:05.078,,,,,,,,,,,,,,,,,,,,,,,,,,,,,,,,,,,,,,,,,,,,,,,,,,,,,,,,,,1.5625,,,,,,,21.9143494,39.3121717,
17:56:05.155,,,,,,,,,,,,,,,,,,,,,,,,,,,,,,,,,,,,,,,,,,,,,,,,,,,,,,,,,,,1.5625,,,,,,21.9143494,39.3121717,
17:56:05.241,,,,,,,,,,,,,,,,,,,,,,,,,,,,,,,,,,,,,,,,,,,,,,,,,,,,,,,,,,1.5625,,,,,,,21.9143494,39.3121717,
17:56:05.330,,,,,,,,,,,,,,,,,,,,,,,,,,,,,,,,,,,,,,,,,,,,,,,,,,,,,,,,,,,0.78125,,,,,,21.9143494,39.3121717,
17:56:05.417,,,,,,,,,,,,,,,,,,,,,,,,,,,,,,,,,,,,,,,,,,,,,,,,,,,,,,,,,,0.78125,,,,,,,21.9143494,39.3121717,
17:56:05.456,,,,,,,,,,,,,,,,,,,,,,,,,,,,,,,,,,,,,,,,,,,,,,,,,,,,,,,,,,,1.5625,,,,,,21.9143494,39.3121717,
17:56:05.505,,,,,,,,,,,,,,,,,,,,,,,,,,,,,,,,,,,,,,,,,,,,,,,,,,,,,,,,,,1.5625,,,,,,,21.9143494,39.3121717,
17:56:05.535,,,,,,,,,,,,,,,,,,135.90000915527344,,,,,,,,0.21490732238698027,,,,,,,,,,,,,,,,,,,,,,,,,,,,,,,,,,0.2927271455526352,,,,,21.9143494,39.3121717,
17:56:05.535,,,,,,,,,,,,,,,,,,137.70001220703125,,,,,,,,0.2149073861527424,,,,,,,,,,,,,,,,,,,,,,,,,,,,,,,,,,0.2927271455526352,,,,,21.914349,39.3121713,
17:56:05.557,,,,,,,,,,,,,,,,,,,,,,,,,,,,,,,,,,,,,,,,,,,,,,,,,,,,,,,,,,,1.5625,,,,,,21.914349,39.3121713,
17:56:05.633,,,,,,,,,,,,,,,,,,,,,,,,,,,,,,,,,,,,,,,,,,,,,,,,,,,,,,,,,,1.5625,,,,,,,21.914349,39.3121713,
17:56:05.709,,,,,,,,,,,,,,,,,,,,,,,,,,,,,,,,,,,,,,,,,,,,,,,,,,,,,,,,,,,2.34375,,,,,,21.914349,39.3121713,
17:56:05.758,,,,,,,,,,,,,,,,,,,,,,,,,,,,,,,,,,,,,,,,,,,,,,,,,,,,,,,,,,1.5625,,,,,,,21.914349,39.3121713,
17:56:05.785,,,,,,,,,,,,,,,,,,,,,,,,,,,,,,,,,,,,,,,,,,,,,,,,,,,,,,,,,,,2.34375,,,,,,21.914349,39.3121713,
17:56:05.822,,,,,,,,,,,,,,,,,,,,,,,,,,,,,,,,,,,,,,,,,,,,,,,,,,,,,,,,,,1.5625,,,,,,,21.914349,39.3121713,
17:56:05.886,,,,,,,,,,,,,,,,,,,,,,,,,,,,,,,,,,,,,,,,,,,,,,,,,,,,,,,,,,,3.125,,,,,,21.914349,39.3121713,
17:56:05.941,,,,,,,,,,,,,,,,,,,,,,,,,,,,,,,,,,,,,,,,,,,,,,,,,,,,,,,,,,2.34375,,,,,,,21.914349,39.3121713,
17:56:06.006,,,,,,,,,,,,,,,,,,,,,,,,,,,,,,,,,,,,,,,,,,,,,,,,,,,,,,,,,,,3.125,,,,,,21.914349,39.3121713,
17:56:06.058,,,,,,,,,,,,,,,,,,,,,,,,,,,,,,,,,,,,,,,,,,,,,,,,,,,,,,,,,,1.5625,,,,,,,21.914349,39.3121713,
17:56:06.126,,,,,,,,,,,,,,,,,,,,,,,,,,,,,,,,,,,,,,,,,,,,,,,,,,,,,,,,,,,1.5625,,,,,,21.914349,39.3121713,
17:56:06.182,,,,,,,,,,,,,,,,,,,,,,,,,,,,,,,,,,,,,,,,,,,,,,,,,,,,,,,,,,0.78125,,,,,,,21.914349,39.3121713,
17:56:06.246,,,,,,,,,,,,,,,,,,,,,,,,,,,,,,,,,,,,,,,,,,,,,,,,,,,,,,,,,,,-0.78125,,,,,,21.914349,39.3121713,
17:56:06.311,,,,,,,,,,,,,,,,,,,,,,,,,,,,,,,,,,,,,,,,,,,,,,,,,,,,,,,,,,-0.78125,,,,,,,21.914349,39.3121713,
17:56:06.366,,,,,,,,,,,,,,,,,,,,,,,,,,,,,,,,,,,,,,,,,,,,,,,,,,,,,,,,,,,-2.34375,,,,,,21.914349,39.3121713,
17:56:06.418,,,,,,,,,,,,,,,,,,,,,,,,,,,,,,,,,,,,,,,,,,,,,,,,,,,,,,,,,,-0.78125,,,,,,,21.914349,39.3121713,
17:56:06.505,,,,,,,,,,,,,,,,,,,,,,,,,,,,,,,,,,,,,,,,,,,,,,,,,,,,,,,,,,,-3.125,,,,,,21.914349,39.3121713,
17:56:06.540,,,,,,,,,,,,,,,,,,137.70001220703125,,,,,,,,0.21571341234239397,,,,,,,,,,,,,,,,,,,,,,,,,,,,,,,,,,0.29431608617305755,,,,,21.914349,39.3121713,
17:56:06.540,,,,,,,,,,,,,,,,,,137.70001220703125,,,,,,,,0.2157134649806583,,,,,,,,,,,,,,,,,,,,,,,,,,,,,,,,,,0.29431608617305755,,,,,21.9143489,39.3121713,
17:56:06.546,,,,,,,,,,,,,,,,,,,,,,,,,,,,,,,,,,,,,,,,,,,,,,,,,,,,,,,,,,-1.5625,,,,,,,21.9143489,39.3121713,
17:56:06.598,,,,,,,,,,,,,,,,,,,,,,,,,,,,,,,,,,,,,,,,,,,,,,,,,,,,,,,,,,,-3.90625,,,,,,21.9143489,39.3121713,
17:56:06.626,,,,,,,,,,,,,,,,,,,,,,,,,,,,,,,,,,,,,,,,,,,,,,,,,,,,,,,,,,-1.5625,,,,,,,21.9143489,39.3121713,
17:56:06.669,,,,,,,,,,,,,,,,,,,,,,,,,,,,,,,,,,,,,,,,,,,,,,,,,,,,,,,,,,,-3.90625,,,,,,21.9143489,39.3121713,
17:56:06.722,,,,,,,,,,,,,,,,,,,,,,,,,,,,,,,,,,,,,,,,,,,,,,,,,,,,,,,,,,-2.34375,,,,,,,21.9143489,39.3121713,
17:56:06.787,,,,,,,,,,,,,,,,,,,,,,,,,,,,,,,,,,,,,,,,,,,,,,,,,,,,,,,,,,,-3.90625,,,,,,21.9143489,39.3121713,
17:56:06.838,,,,,,,,,,,,,,,,,,,,,,,,,,,,,,,,,,,,,,,,,,,,,,,,,,,,,,,,,,-2.34375,,,,,,,21.9143489,39.3121713,
17:56:06.868,,,,,,,,,,,,,,,,,,,,,,,,,,,,,,,,,,,,,,,,,,,,,,,,,,,,,,,,,,,-3.125,,,,,,21.9143489,39.3121713,
17:56:06.935,,,,,,,,,,,,,,,,,,,,,,,,,,,,,,,,,,,,,,,,,,,,,,,,,,,,,,,,,,-2.34375,,,,,,,21.9143489,39.3121713,
17:56:06.999,,,,,,,,,,,,,,,,,,,,,,,,,,,,,,,,,,,,,,,,,,,,,,,,,,,,,,,,,,,-3.90625,,,,,,21.9143489,39.3121713,
17:56:07.050,,,,,,,,,,,,,,,,,,,,,,,,,,,,,,,,,,,,,,,,,,,,,,,,,,,,,,,,,,-2.34375,,,,,,,21.9143489,39.3121713,
17:56:07.127,,,,,,,,,,,,,,,,,,,,,,,,,,,,,,,,,,,,,,,,,,,,,,,,,,,,,,,,,,,-3.90625,,,,,,21.9143489,39.3121713,
17:56:07.168,,,,,,,,,,,,,,,,,,,,,,,,,,,,,,,,,,,,,,,,,,,,,,,,,,,,,,,,,,-2.34375,,,,,,,21.9143489,39.3121713,
17:56:07.250,,,,,,,,,,,,,,,,,,,,,,,,,,,,,,,,,,,,,,,,,,,,,,,,,,,,,,,,,,,-3.125,,,,,,21.9143489,39.3121713,
17:56:07.289,,,,,,,,,,,,,,,,,,,,,,,,,,,,,,,,,,,,,,,,,,,,,,,,,,,,,,,,,,-2.34375,,,,,,,21.9143489,39.3121713,
17:56:07.313,,,,,,,,,,,,,,,,,,,,,,,,,,,,,,,,,,,,,,,,,,,,,,,,,,,,,,,,,,,-3.125,,,,,,21.9143489,39.3121713,
17:56:07.373,,,,,,,,,,,,,,,,,,,,,,,,,,,,,,,,,,,,,,,,,,,,,,,,,,,,,,,,,,-2.34375,,,,,,,21.9143489,39.3121713,
17:56:07.413,,,,,,,,,,,,,,,,,,,,,,,,,,,,,,,,,,,,,,,,,,,,,,,,,,,,,,,,,,,-2.34375,,,,,,21.9143489,39.3121713,
17:56:07.478,,,,,,,,,,,,,,,,,,,,,,,,,,,,,,,,,,,,,,,,,,,,,,,,,,,,,,,,,,-0.78125,,,,,,,21.9143489,39.3121713,
17:56:07.533,,,,,,,,,,,,,,,,,,,,,,,,,,,,,,,,,,,,,,,,,,,,,,,,,,,,,,,,,,,-0.78125,,,,,,21.9143489,39.3121713,
17:56:07.546,,,,,,,,,,,,,,,,,,137.70001220703125,,,,,,,,0.2164704326679617,,,,,,,,,,,,,,,,,,,,,,,,,,,,,,,,,,0.29093116521835327,,,,,21.9143489,39.3121713,
17:56:07.547,,,,,,,,,,,,,,,,,,137.70001220703125,,,,,,,,0.2164705156090974,,,,,,,,,,,,,,,,,,,,,,,,,,,,,,,,,,0.29093116521835327,,,,,21.9143488,39.3121713,
17:56:07.622,,,,,,,,,,,,,,,,,,,,,,,,,,,,,,,,,,,,,,,,,,,,,,,,,,,,,,,,,,0,,,,,,,21.9143488,39.3121713,
17:56:07.685,,,,,,,,,,,,,,,,,,,,,,,,,,,,,,,,,,,,,,,,,,,,,,,,,,,,,,,,,,,0,,,,,,21.9143488,39.3121713,
17:56:07.749,,,,,,,,,,,,,,,,,,,,,,,,,,,,,,,,,,,,,,,,,,,,,,,,,,,,,,,,,,0.78125,,,,,,,21.9143488,39.3121713,
17:56:07.802,,,,,,,,,,,,,,,,,,,,,,,,,,,,,,,,,,,,,,,,,,,,,,,,,,,,,,,,,,,0,,,,,,21.9143488,39.3121713,
17:56:07.879,,,,,,,,,,,,,,,,,,,,,,,,,,,,,,,,,,,,,,,,,,,,,,,,,,,,,,,,,,0.78125,,,,,,,21.9143488,39.3121713,
17:56:07.922,,,,,,,,,,,,,,,,,,,,,,,,,,,,,,,,,,,,,,,,,,,,,,,,,,,,,,,,,,,-0.78125,,,,,,21.9143488,39.3121713,
17:56:07.976,,,,,,,,,,,,,,,,,,,,,,,,,,,,,,,,,,,,,,,,,,,,,,,,,,,,,,,,,,0.78125,,,,,,,21.9143488,39.3121713,
17:56:08.014,,,,,,,,,,,,,,,,,,,,,,,,,,,,,,,,,,,,,,,,,,,,,,,,,,,,,,,,,,,-0.78125,,,,,,21.9143488,39.3121713,
17:56:08.078,,,,,,,,,,,,,,,,,,,,,,,,,,,,,,,,,,,,,,,,,,,,,,,,,,,,,,,,,,0,,,,,,,21.9143488,39.3121713,
17:56:08.130,,,,,,,,,,,,,,,,,,,,,,,,,,,,,,,,,,,,,,,,,,,,,,,,,,,,,,,,,,,-1.5625,,,,,,21.9143488,39.3121713,
17:56:08.189,,,,,,,,,,,,,,,,,,,,,,,,,,,,,,,,,,,,,,,,,,,,,,,,,,,,,,,,,,0,,,,,,,21.9143488,39.3121713,
17:56:08.219,,,,,,,,,,,,,,,,,,,,,,,,,,,,,,,,,,,,,,,,,,,,,,,,,,,,,,,,,,,-1.5625,,,,,,21.9143488,39.3121713,
17:56:08.275,,,,,,,,,,,,,,,,,,,,,,,,,,,,,,,,,,,,,,,,,,,,,,,,,,,,,,,,,,-0.78125,,,,,,,21.9143488,39.3121713,
17:56:08.313,,,,,,,,,,,,,,,,,,,,,,,,,,,,,,,,,,,,,,,,,,,,,,,,,,,,,,,,,,,-1.5625,,,,,,21.9143488,39.3121713,
17:56:08.367,,,,,,,,,,,,,,,,,,,,,,,,,,,,,,,,,,,,,,,,,,,,,,,,,,,,,,,,,,-0.78125,,,,,,,21.9143488,39.3121713,
17:56:08.406,,,,,,,,,,,,,,,,,,,,,,,,,,,,,,,,,,,,,,,,,,,,,,,,,,,,,,,,,,,-1.5625,,,,,,21.9143488,39.3121713,
17:56:08.460,,,,,,,,,,,,,,,,,,,,,,,,,,,,,,,,,,,,,,,,,,,,,,,,,,,,,,,,,,-0.78125,,,,,,,21.9143488,39.3121713,
17:56:08.526,,,,,,,,,,,,,,,,,,,,,,,,,,,,,,,,,,,,,,,,,,,,,,,,,,,,,,,,,,,-1.5625,,,,,,21.9143488,39.3121713,
17:56:08.539,,,,,,,,,,,,,,,,,,137.70001220703125,,,,,,,,0.21722510781896667,,,,,,,,,,,,,,,,,,,,,,,,,,,,,,,,,,0.29329413771629337,,,,,21.9143488,39.3121713,
17:56:08.539,,,,,,,,,,,,,,,,,,137.70001220703125,,,,,,,,0.21722515775243142,,,,,,,,,,,,,,,,,,,,,,,,,,,,,,,,,,0.29329413771629337,,,,,21.9143487,39.3121712,
17:56:08.601,,,,,,,,,,,,,,,,,,,,,,,,,,,,,,,,,,,,,,,,,,,,,,,,,,,,,,,,,,-1.5625,,,,,,,21.9143487,39.3121712,
17:56:08.643,,,,,,,,,,,,,,,,,,,,,,,,,,,,,,,,,,,,,,,,,,,,,,,,,,,,,,,,,,,-2.34375,,,,,,21.9143487,39.3121712,
17:56:08.694,,,,,,,,,,,,,,,,,,,,,,,,,,,,,,,,,,,,,,,,,,,,,,,,,,,,,,,,,,-1.5625,,,,,,,21.9143487,39.3121712,
17:56:08.734,,,,,,,,,,,,,,,,,,,,,,,,,,,,,,,,,,,,,,,,,,,,,,,,,,,,,,,,,,,-3.125,,,,,,21.9143487,39.3121712,
17:56:08.785,,,,,,,,,,,,,,,,,,,,,,,,,,,,,,,,,,,,,,,,,,,,,,,,,,,,,,,,,,-2.34375,,,,,,,21.9143487,39.3121712,
17:56:08.826,,,,,,,,,,,,,,,,,,,,,,,,,,,,,,,,,,,,,,,,,,,,,,,,,,,,,,,,,,,-3.125,,,,,,21.9143487,39.3121712,
17:56:08.879,,,,,,,,,,,,,,,,,,,,,,,,,,,,,,,,,,,,,,,,,,,,,,,,,,,,,,,,,,-3.125,,,,,,,21.9143487,39.3121712,
17:56:08.906,,,,,,,,,,,,,,,,,,,,,,,,,,,,,,,,,,,,,,,,,,,,,,,,,,,,,,,,,,,-3.125,,,,,,21.9143487,39.3121712,
17:56:08.938,,,,,,,,,,,,,,,,,,,,,,,,,,,,,,,,,,,,,,,,,,,,,,,,,,,,,,,,,,-3.125,,,,,,,21.9143487,39.3121712,
17:56:08.994,,,,,,,,,,,,,,,,,,,,,,,,,,,,,,,,,,,,,,,,,,,,,,,,,,,,,,,,,,,-3.90625,,,,,,21.9143487,39.3121712,
17:56:09.034,,,,,,,,,,,,,,,,,,,,,,,,,,,,,,,,,,,,,,,,,,,,,,,,,,,,,,,,,,-3.125,,,,,,,21.9143487,39.3121712,
17:56:09.097,,,,,,,,,,,,,,,,,,,,,,,,,,,,,,,,,,,,,,,,,,,,,,,,,,,,,,,,,,,-3.90625,,,,,,21.9143487,39.3121712,
17:56:09.174,,,,,,,,,,,,,,,,,,,,,,,,,,,,,,,,,,,,,,,,,,,,,,,,,,,,,,,,,,-3.125,,,,,,,21.9143487,39.3121712,
17:56:09.254,,,,,,,,,,,,,,,,,,,,,,,,,,,,,,,,,,,,,,,,,,,,,,,,,,,,,,,,,,,-3.90625,,,,,,21.9143487,39.3121712,
17:56:09.297,,,,,,,,,,,,,,,,,,,,,,,,,,,,,,,,,,,,,,,,,,,,,,,,,,,,,,,,,,-2.34375,,,,,,,21.9143487,39.3121712,
17:56:09.374,,,,,,,,,,,,,,,,,,,,,,,,,,,,,,,,,,,,,,,,,,,,,,,,,,,,,,,,,,,-3.90625,,,,,,21.9143487,39.3121712,
17:56:09.415,,,,,,,,,,,,,,,,,,,,,,,,,,,,,,,,,,,,,,,,,,,,,,,,,,,,,,,,,,-2.34375,,,,,,,21.9143487,39.3121712,
17:56:09.455,,,,,,,,,,,,,,,,,,,,,,,,,,,,,,,,,,,,,,,,,,,,,,,,,,,,,,,,,,,-3.90625,,,,,,21.9143487,39.3121712,
17:56:09.517,,,,,,,,,,,,,,,,,,137.70001220703125,,,,,,,,0.21796826447445225,,,,,,,,,,,,,,,,,,,,,,,,,,,,,,,,,,0.2946571558713913,,,,,21.9143487,39.3121712,
17:56:09.518,,,,,,,,,,,,,,,,,,137.70001220703125,,,,,,,,0.21796831771563624,,,,,,,,,,,,,,,,,,,,,,,,,,,,,,,,,,0.2946571558713913,,,,,21.9143487,39.3121712,
17:56:09.538,,,,,,,,,,,,,,,,,,,,,,,,,,,,,,,,,,,,,,,,,,,,,,,,,,,,,,,,,,-1.5625,,,,,,,21.9143487,39.3121712,
17:56:09.574,,,,,,,,,,,,,,,,,,,,,,,,,,,,,,,,,,,,,,,,,,,,,,,,,,,,,,,,,,,-3.125,,,,,,21.9143487,39.3121712,
17:56:09.629,,,,,,,,,,,,,,,,,,,,,,,,,,,,,,,,,,,,,,,,,,,,,,,,,,,,,,,,,,-1.5625,,,,,,,21.9143487,39.3121712,
17:56:09.657,,,,,,,,,,,,,,,,,,,,,,,,,,,,,,,,,,,,,,,,,,,,,,,,,,,,,,,,,,,-2.34375,,,,,,21.9143487,39.3121712,
17:56:09.694,,,,,,,,,,,,,,,,,,,,,,,,,,,,,,,,,,,,,,,,,,,,,,,,,,,,,,,,,,-1.5625,,,,,,,21.9143487,39.3121712,
17:56:09.745,,,,,,,,,,,,,,,,,,,,,,,,,,,,,,,,,,,,,,,,,,,,,,,,,,,,,,,,,,,-2.34375,,,,,,21.9143487,39.3121712,
17:56:09.781,,,,,,,,,,,,,,,,,,,,,,,,,,,,,,,,,,,,,,,,,,,,,,,,,,,,,,,,,,-0.78125,,,,,,,21.9143487,39.3121712,
17:56:09.842,,,,,,,,,,,,,,,,,,,,,,,,,,,,,,,,,,,,,,,,,,,,,,,,,,,,,,,,,,,-0.78125,,,,,,21.9143487,39.3121712,
17:56:09.909,,,,,,,,,,,,,,,,,,,,,,,,,,,,,,,,,,,,,,,,,,,,,,,,,,,,,,,,,,0,,,,,,,21.9143487,39.3121712,
17:56:09.963,,,,,,,,,,,,,,,,,,,,,,,,,,,,,,,,,,,,,,,,,,,,,,,,,,,,,,,,,,,-0.78125,,,,,,21.9143487,39.3121712,
17:56:10.025,,,,,,,,,,,,,,,,,,,,,,,,,,,,,,,,,,,,,,,,,,,,,,,,,,,,,,,,,,0.78125,,,,,,,21.9143487,39.3121712,
17:56:10.078,,,,,,,,,,,,,,,,,,,,,,,,,,,,,,,,,,,,,,,,,,,,,,,,,,,,,,,,,,,-0.78125,,,,,,21.9143487,39.3121712,
17:56:10.130,,,,,,,,,,,,,,,,,,,,,,,,,,,,,,,,,,,,,,,,,,,,,,,,,,,,,,,,,,0.78125,,,,,,,21.9143487,39.3121712,
17:56:10.199,,,,,,,,,,,,,,,,,,,,,,,,,,,,,,,,,,,,,,,,,,,,,,,,,,,,,,,,,,,-0.78125,,,,,,21.9143487,39.3121712,
17:56:10.226,,,,,,,,,,,,,,,,,,,,,,,,,,,,,,,,,,,,,,,,,,,,,,,,,,,,,,,,,,0,,,,,,,21.9143487,39.3121712,
17:56:10.293,,,,,,,,,,,,,,,,,,,,,,,,,,,,,,,,,,,,,,,,,,,,,,,,,,,,,,,,,,,-0.78125,,,,,,21.9143487,39.3121712,
17:56:10.357,,,,,,,,,,,,,,,,,,,,,,,,,,,,,,,,,,,,,,,,,,,,,,,,,,,,,,,,,,0,,,,,,,21.9143487,39.3121712,
17:56:10.410,,,,,,,,,,,,,,,,,,,,,,,,,,,,,,,,,,,,,,,,,,,,,,,,,,,,,,,,,,,-0.78125,,,,,,21.9143487,39.3121712,
17:56:10.477,,,,,,,,,,,,,,,,,,,,,,,,,,,,,,,,,,,,,,,,,,,,,,,,,,,,,,,,,,0,,,,,,,21.9143487,39.3121712,
17:56:10.526,,,,,,,,,,,,,,,,,,137.70001220703125,,,,,,,,0.21856583713486202,,,,,,,,,,,,,,,,,,,,,,,,,,,,,,,,,,0.27897299230098727,,,,,21.9143487,39.3121712,
17:56:10.526,,,,,,,,,,,,,,,,,,137.70001220703125,,,,,,,,0.21856587801648453,,,,,,,,,,,,,,,,,,,,,,,,,,,,,,,,,,0.27897299230098727,,,,,21.9143482,39.3121726,
17:56:10.530,,,,,,,,,,,,,,,,,,,,,,,,,,,,,,,,,,,,,,,,,,,,,,,,,,,,,,,,,,,-0.78125,,,,,,21.9143482,39.3121726,
17:56:10.566,,,,,,,,,,,,,,,,,,,,,,,,,,,,,,,,,,,,,,,,,,,,,,,,,,,,,,,,,,-0.78125,,,,,,,21.9143482,39.3121726,
17:56:10.638,,,,,,,,,,,,,,,,,,,,,,,,,,,,,,,,,,,,,,,,,,,,,,,,,,,,,,,,,,,-0.78125,,,,,,21.9143482,39.3121726,
17:56:10.685,,,,,,,,,,,,,,,,,,,,,,,,,,,,,,,,,,,,,,,,,,,,,,,,,,,,,,,,,,-1.5625,,,,,,,21.9143482,39.3121726,
17:56:10.736,,,,,,,,,,,,,,,,,,,,,,,,,,,,,,,,,,,,,,,,,,,,,,,,,,,,,,,,,,,-0.78125,,,,,,21.9143482,39.3121726,
17:56:10.813,,,,,,,,,,,,,,,,,,,,,,,,,,,,,,,,,,,,,,,,,,,,,,,,,,,,,,,,,,-0.78125,,,,,,,21.9143482,39.3121726,
17:56:10.859,,,,,,,,,,,,,,,,,,,,,,,,,,,,,,,,,,,,,,,,,,,,,,,,,,,,,,,,,,,-0.78125,,,,,,21.9143482,39.3121726,
17:56:10.913,,,,,,,,,,,,,,,,,,,,,,,,,,,,,,,,,,,,,,,,,,,,,,,,,,,,,,,,,,-0.78125,,,,,,,21.9143482,39.3121726,
17:56:10.953,,,,,,,,,,,,,,,,,,,,,,,,,,,,,,,,,,,,,,,,,,,,,,,,,,,,,,,,,,,-0.78125,,,,,,21.9143482,39.3121726,
17:56:11.018,,,,,,,,,,,,,,,,,,,,,,,,,,,,,,,,,,,,,,,,,,,,,,,,,,,,,,,,,,0,,,,,,,21.9143482,39.3121726,
17:56:11.086,,,,,,,,,,,,,,,,,,,,,,,,,,,,,,,,,,,,,,,,,,,,,,,,,,,,,,,,,,,-0.78125,,,,,,21.9143482,39.3121726,
17:56:11.125,,,,,,,,,,,,,,,,,,,,,,,,,,,,,,,,,,,,,,,,,,,,,,,,,,,,,,,,,,-0.78125,,,,,,,21.9143482,39.3121726,
17:56:11.154,,,,,,,,,,,,,,,,,,,,,,,,,,,,,,,,,,,,,,,,,,,,,,,,,,,,,,,,,,,-0.78125,,,,,,21.9143482,39.3121726,
17:56:11.195,,,,,,,,,,,,,,,,,,,,,,,,,,,,,,,,,,,,,,,,,,,,,,,,,,,,,,,,,,-0.78125,,,,,,,21.9143482,39.3121726,
17:56:11.259,,,,,,,,,,,,,,,,,,,,,,,,,,,,,,,,,,,,,,,,,,,,,,,,,,,,,,,,,,,-1.5625,,,,,,21.9143482,39.3121726,
17:56:11.314,,,,,,,,,,,,,,,,,,,,,,,,,,,,,,,,,,,,,,,,,,,,,,,,,,,,,,,,,,-0.78125,,,,,,,21.9143482,39.3121726,
17:56:11.418,,,,,,,,,,,,,,,,,,,,,,,,,,,,,,,,,,,,,,,,,,,,,,,,,,,,,,,,,,,-1.5625,,,,,,21.9143482,39.3121726,
17:56:11.459,,,,,,,,,,,,,,,,,,,,,,,,,,,,,,,,,,,,,,,,,,,,,,,,,,,,,,,,,,-0.78125,,,,,,,21.9143482,39.3121726,
17:56:11.535,,,,,,,,,,,,,,,,,,137.70001220703125,,,,,,,,0.21917079890911736,,,,,,,,,,,,,,,,,,,,,,,,,,,,,,,,,,0.280948144197464,,,,,21.9143482,39.3121726,
17:56:11.535,,,,,,,,,,,,,,,,,,137.70001220703125,,,,,,,,0.21917089401228046,,,,,,,,,,,,,,,,,,,,,,,,,,,,,,,,,,0.280948144197464,,,,,21.9143484,39.3121724,
17:56:11.537,,,,,,,,,,,,,,,,,,,,,,,,,,,,,,,,,,,,,,,,,,,,,,,,,,,,,,,,,,,-1.5625,,,,,,21.9143484,39.3121724,
17:56:11.586,,,,,,,,,,,,,,,,,,,,,,,,,,,,,,,,,,,,,,,,,,,,,,,,,,,,,,,,,,-0.78125,,,,,,,21.9143484,39.3121724,
17:56:11.638,,,,,,,,,,,,,,,,,,,,,,,,,,,,,,,,,,,,,,,,,,,,,,,,,,,,,,,,,,,-2.34375,,,,,,21.9143484,39.3121724,
17:56:11.665,,,,,,,,,,,,,,,,,,,,,,,,,,,,,,,,,,,,,,,,,,,,,,,,,,,,,,,,,,0,,,,,,,21.9143484,39.3121724,
17:56:11.702,,,,,,,,,,,,,,,,,,,,,,,,,,,,,,,,,,,,,,,,,,,,,,,,,,,,,,,,,,,-1.5625,,,,,,21.9143484,39.3121724,
17:56:11.767,,,,,,,,,,,,,,,,,,,,,,,,,,,,,,,,,,,,,,,,,,,,,,,,,,,,,,,,,,0,,,,,,,21.9143484,39.3121724,
17:56:11.818,,,,,,,,,,,,,,,,,,,,,,,,,,,,,,,,,,,,,,,,,,,,,,,,,,,,,,,,,,,-1.5625,,,,,,21.9143484,39.3121724,
17:56:11.846,,,,,,,,,,,,,,,,,,,,,,,,,,,,,,,,,,,,,,,,,,,,,,,,,,,,,,,,,,-0.78125,,,,,,,21.9143484,39.3121724,
17:56:11.913,,,,,,,,,,,,,,,,,,,,,,,,,,,,,,,,,,,,,,,,,,,,,,,,,,,,,,,,,,,-1.5625,,,,,,21.9143484,39.3121724,
17:56:11.981,,,,,,,,,,,,,,,,,,,,,,,,,,,,,,,,,,,,,,,,,,,,,,,,,,,,,,,,,,-0.78125,,,,,,,21.9143484,39.3121724,
17:56:12.034,,,,,,,,,,,,,,,,,,,,,,,,,,,,,,,,,,,,,,,,,,,,,,,,,,,,,,,,,,,-0.78125,,,,,,21.9143484,39.3121724,
17:56:12.098,,,,,,,,,,,,,,,,,,,,,,,,,,,,,,,,,,,,,,,,,,,,,,,,,,,,,,,,,,0,,,,,,,21.9143484,39.3121724,
17:56:12.150,,,,,,,,,,,,,,,,,,,,,,,,,,,,,,,,,,,,,,,,,,,,,,,,,,,,,,,,,,,-0.78125,,,,,,21.9143484,39.3121724,
17:56:12.238,,,,,,,,,,,,,,,,,,,,,,,,,,,,,,,,,,,,,,,,,,,,,,,,,,,,,,,,,,-0.78125,,,,,,,21.9143484,39.3121724,
17:56:12.301,,,,,,,,,,,,,,,,,,,,,,,,,,,,,,,,,,,,,,,,,,,,,,,,,,,,,,,,,,,-1.5625,,,,,,21.9143484,39.3121724,
17:56:12.365,,,,,,,,,,,,,,,,,,,,,,,,,,,,,,,,,,,,,,,,,,,,,,,,,,,,,,,,,,-0.78125,,,,,,,21.9143484,39.3121724,
17:56:12.417,,,,,,,,,,,,,,,,,,,,,,,,,,,,,,,,,,,,,,,,,,,,,,,,,,,,,,,,,,,-1.5625,,,,,,21.9143484,39.3121724,
17:56:12.482,,,,,,,,,,,,,,,,,,,,,,,,,,,,,,,,,,,,,,,,,,,,,,,,,,,,,,,,,,-1.5625,,,,,,,21.9143484,39.3121724,
17:56:12.537,,,,,,,,,,,,,,,,,,,,,,,,,,,,,,,,,,,,,,,,,,,,,,,,,,,,,,,,,,,-1.5625,,,,,,21.9143484,39.3121724,
17:56:12.548,,,,,,,,,,,,,,,,,,137.70001220703125,,,,,,,,0.21983356822317038,,,,,,,,,,,,,,,,,,,,,,,,,,,,,,,,,,0.2878960847854614,,,,,21.9143484,39.3121724,
17:56:12.548,,,,,,,,,,,,,,,,,,137.70001220703125,,,,,,,,0.21983363828793806,,,,,,,,,,,,,,,,,,,,,,,,,,,,,,,,,,0.2878960847854614,,,,,21.9143483,39.3121723,
17:56:12.576,,,,,,,,,,,,,,,,,,,,,,,,,,,,,,,,,,,,,,,,,,,,,,,,,,,,,,,,,,-0.78125,,,,,,,21.9143483,39.3121723,
17:56:12.630,,,,,,,,,,,,,,,,,,,,,,,,,,,,,,,,,,,,,,,,,,,,,,,,,,,,,,,,,,,-0.78125,,,,,,21.9143483,39.3121723,
17:56:12.695,,,,,,,,,,,,,,,,,,,,,,,,,,,,,,,,,,,,,,,,,,,,,,,,,,,,,,,,,,-0.78125,,,,,,,21.9143483,39.3121723,
17:56:12.760,,,,,,,,,,,,,,,,,,,,,,,,,,,,,,,,,,,,,,,,,,,,,,,,,,,,,,,,,,,-0.78125,,,,,,21.9143483,39.3121723,
17:56:12.813,,,,,,,,,,,,,,,,,,,,,,,,,,,,,,,,,,,,,,,,,,,,,,,,,,,,,,,,,,0,,,,,,,21.9143483,39.3121723,
17:56:12.892,,,,,,,,,,,,,,,,,,,,,,,,,,,,,,,,,,,,,,,,,,,,,,,,,,,,,,,,,,,-0.78125,,,,,,21.9143483,39.3121723,
17:56:12.946,,,,,,,,,,,,,,,,,,,,,,,,,,,,,,,,,,,,,,,,,,,,,,,,,,,,,,,,,,0,,,,,,,21.9143483,39.3121723,
17:56:12.997,,,,,,,,,,,,,,,,,,,,,,,,,,,,,,,,,,,,,,,,,,,,,,,,,,,,,,,,,,,0,,,,,,21.9143483,39.3121723,
17:56:13.049,,,,,,,,,,,,,,,,,,,,,,,,,,,,,,,,,,,,,,,,,,,,,,,,,,,,,,,,,,0.78125,,,,,,,21.9143483,39.3121723,
17:56:13.115,,,,,,,,,,,,,,,,,,,,,,,,,,,,,,,,,,,,,,,,,,,,,,,,,,,,,,,,,,,-0.78125,,,,,,21.9143483,39.3121723,
17:56:13.185,,,,,,,,,,,,,,,,,,,,,,,,,,,,,,,,,,,,,,,,,,,,,,,,,,,,,,,,,,0.78125,,,,,,,21.9143483,39.3121723,
17:56:13.229,,,,,,,,,,,,,,,,,,,,,,,,,,,,,,,,,,,,,,,,,,,,,,,,,,,,,,,,,,,0,,,,,,21.9143483,39.3121723,
17:56:13.254,,,,,,,,,,,,,,,,,,,,,,,,,,,,,,,,,,,,,,,,,,,,,,,,,,,,,,,,,,0.78125,,,,,,,21.9143483,39.3121723,
17:56:13.293,,,,,,,,,,,,,,,,,,,,,,,,,,,,,,,,,,,,,,,,,,,,,,,,,,,,,,,,,,,0,,,,,,21.9143483,39.3121723,
17:56:13.353,,,,,,,,,,,,,,,,,,,,,,,,,,,,,,,,,,,,,,,,,,,,,,,,,,,,,,,,,,0.78125,,,,,,,21.9143483,39.3121723,
17:56:13.418,,,,,,,,,,,,,,,,,,,,,,,,,,,,,,,,,,,,,,,,,,,,,,,,,,,,,,,,,,,0,,,,,,21.9143483,39.3121723,
17:56:13.470,,,,,,,,,,,,,,,,,,,,,,,,,,,,,,,,,,,,,,,,,,,,,,,,,,,,,,,,,,0.78125,,,,,,,21.9143483,39.3121723,
17:56:13.534,,,,,,,,,,,,,,,,,,137.70001220703125,,,,,,,,0.22049234157878306,,,,,,,,,,,,,,,,,,,,,,,,,,,,,,,,,,0.2905871719121933,,,,,21.9143483,39.3121723,
17:56:13.535,,,,,,,,,,,,,,,,,,137.70001220703125,,,,,,,,0.22049255173508778,,,,,,,,,,,,,,,,,,,,,,,,,,,,,,,,,,0.2905871719121933,,,,,21.9143483,39.3121721,
17:56:13.545,,,,,,,,,,,,,,,,,,,,,,,,,,,,,,,,,,,,,,,,,,,,,,,,,,,,,,,,,,,0.78125,,,,,,21.9143483,39.3121721,
17:56:13.593,,,,,,,,,,,,,,,,,,,,,,,,,,,,,,,,,,,,,,,,,,,,,,,,,,,,,,,,,,0.78125,,,,,,,21.9143483,39.3121721,
17:56:13.653,,,,,,,,,,,,,,,,,,,,,,,,,,,,,,,,,,,,,,,,,,,,,,,,,,,,,,,,,,,0,,,,,,21.9143483,39.3121721,
17:56:13.730,,,,,,,,,,,,,,,,,,,,,,,,,,,,,,,,,,,,,,,,,,,,,,,,,,,,,,,,,,0.78125,,,,,,,21.9143483,39.3121721,
17:56:13.773,,,,,,,,,,,,,,,,,,,,,,,,,,,,,,,,,,,,,,,,,,,,,,,,,,,,,,,,,,,0,,,,,,21.9143483,39.3121721,
17:56:13.834,,,,,,,,,,,,,,,,,,,,,,,,,,,,,,,,,,,,,,,,,,,,,,,,,,,,,,,,,,0.78125,,,,,,,21.9143483,39.3121721,
17:56:13.898,,,,,,,,,,,,,,,,,,,,,,,,,,,,,,,,,,,,,,,,,,,,,,,,,,,,,,,,,,,0,,,,,,21.9143483,39.3121721,
17:56:13.974,,,,,,,,,,,,,,,,,,,,,,,,,,,,,,,,,,,,,,,,,,,,,,,,,,,,,,,,,,0.78125,,,,,,,21.9143483,39.3121721,
17:56:14.012,,,,,,,,,,,,,,,,,,,,,,,,,,,,,,,,,,,,,,,,,,,,,,,,,,,,,,,,,,,0.78125,,,,,,21.9143483,39.3121721,
17:56:14.074,,,,,,,,,,,,,,,,,,,,,,,,,,,,,,,,,,,,,,,,,,,,,,,,,,,,,,,,,,1.5625,,,,,,,21.9143483,39.3121721,
17:56:14.134,,,,,,,,,,,,,,,,,,,,,,,,,,,,,,,,,,,,,,,,,,,,,,,,,,,,,,,,,,,0.78125,,,,,,21.9143483,39.3121721,
17:56:14.198,,,,,,,,,,,,,,,,,,,,,,,,,,,,,,,,,,,,,,,,,,,,,,,,,,,,,,,,,,1.5625,,,,,,,21.9143483,39.3121721,
17:56:14.261,,,,,,,,,,,,,,,,,,,,,,,,,,,,,,,,,,,,,,,,,,,,,,,,,,,,,,,,,,,0.78125,,,,,,21.9143483,39.3121721,
17:56:14.315,,,,,,,,,,,,,,,,,,,,,,,,,,,,,,,,,,,,,,,,,,,,,,,,,,,,,,,,,,2.34375,,,,,,,21.9143483,39.3121721,
17:56:14.390,,,,,,,,,,,,,,,,,,,,,,,,,,,,,,,,,,,,,,,,,,,,,,,,,,,,,,,,,,,0,,,,,,21.9143483,39.3121721,
17:56:14.429,,,,,,,,,,,,,,,,,,,,,,,,,,,,,,,,,,,,,,,,,,,,,,,,,,,,,,,,,,1.5625,,,,,,,21.9143483,39.3121721,
17:56:14.501,,,,,,,,,,,,,,,,,,,,,,,,,,,,,,,,,,,,,,,,,,,,,,,,,,,,,,,,,,,0,,,,,,21.9143483,39.3121721,
17:56:14.531,,,,,,,,,,,,,,,,,,137.70001220703125,,,,,,,,0.2211676374133363,,,,,,,,,,,,,,,,,,,,,,,,,,,,,,,,,,0.29299032390117646,,,,,21.9143483,39.3121721,
17:56:14.531,,,,,,,,,,,,,,,,,,137.70001220703125,,,,,,,,0.2211676785625364,,,,,,,,,,,,,,,,,,,,,,,,,,,,,,,,,,0.29299032390117646,,,,,21.9143482,39.3121721,
17:56:14.550,,,,,,,,,,,,,,,,,,,,,,,,,,,,,,,,,,,,,,,,,,,,,,,,,,,,,,,,,,1.5625,,,,,,,21.9143482,39.3121721,
17:56:14.580,,,,,,,,,,,,,,,,,,,,,,,,,,,,,,,,,,,,,,,,,,,,,,,,,,,,,,,,,,,0.78125,,,,,,21.9143482,39.3121721,
17:56:14.726,,,,,,,,,,,,,,,,,,,,,,,,,,,,,,,,,,,,,,,,,,,,,,,,,,,,,,,,,,2.34375,,,,,,,21.9143482,39.3121721,
17:56:14.807,,,,,,,,,,,,,,,,,,,,,,,,,,,,,,,,,,,,,,,,,,,,,,,,,,,,,,,,,,,3.125,,,,,,21.9143482,39.3121721,
17:56:14.897,,,,,,,,,,,,,,,,,,,,,,,,,,,,,,,,,,,,,,,,,,,,,,,,,,,,,,,,,,3.90625,,,,,,,21.9143482,39.3121721,
17:56:14.981,,,,,,,,,,,,,,,,,,,,,,,,,,,,,,,,,,,,,,,,,,,,,,,,,,,,,,,,,,,4.6875,,,,,,21.9143482,39.3121721,
17:56:15.086,,,,,,,,,,,,,,,,,,,,,,,,,,,,,,,,,,,,,,,,,,,,,,,,,,,,,,,,,,4.6875,,,,,,,21.9143482,39.3121721,
17:56:15.171,,,,,,,,,,,,,,,,,,,,,,,,,,,,,,,,,,,,,,,,,,,,,,,,,,,,,,,,,,,4.6875,,,,,,21.9143482,39.3121721,
17:56:15.214,,,,,,,,,,,,,,,,,,,,,,,,,,,,,,,,,,,,,,,,,,,,,,,,,,,,,,,,,,3.125,,,,,,,21.9143482,39.3121721,
17:56:15.306,,,,,,,,,,,,,,,,,,,,,,,,,,,,,,,,,,,,,,,,,,,,,,,,,,,,,,,,,,,3.125,,,,,,21.9143482,39.3121721,
17:56:15.363,,,,,,,,,,,,,,,,,,,,,,,,,,,,,,,,,,,,,,,,,,,,,,,,,,,,,,,,,,1.5625,,,,,,,21.9143482,39.3121721,
17:56:15.413,,,,,,,,,,,,,,,,,,,,,,,,,,,,,,,,,,,,,,,,,,,,,,,,,,,,,,,,,,,2.34375,,,,,,21.9143482,39.3121721,
17:56:15.453,,,,,,,,,,,,,,,,,,,,,,,,,,,,,,,,,,,,,,,,,,,,,,,,,,,,,,,,,,1.5625,,,,,,,21.9143482,39.3121721,
17:56:15.518,,,,,,,,,,,,,,,,,,,,,,,,,,,,,,,,,,,,,,,,,,,,,,,,,,,,,,,,,,,0.78125,,,,,,21.9143482,39.3121721,
17:56:15.548,,,,,,,,,,,,,,,,,,137.70001220703125,,,,,,,,0.22180383942049453,,,,,,,,,,,,,,,,,,,,,,,,,,,,,,,,,,0.2887699216604233,,,,,21.9143482,39.3121721,
17:56:15.548,,,,,,,,,,,,,,,,,,137.70001220703125,,,,,,,,0.22180389242999668,,,,,,,,,,,,,,,,,,,,,,,,,,,,,,,,,,0.2887699216604233,,,,,21.9143482,39.312172,
17:56:15.582,,,,,,,,,,,,,,,,,,,,,,,,,,,,,,,,,,,,,,,,,,,,,,,,,,,,,,,,,,0,,,,,,,21.9143482,39.312172,
17:56:15.634,,,,,,,,,,,,,,,,,,,,,,,,,,,,,,,,,,,,,,,,,,,,,,,,,,,,,,,,,,,-0.78125,,,,,,21.9143482,39.312172,
17:56:15.711,,,,,,,,,,,,,,,,,,,,,,,,,,,,,,,,,,,,,,,,,,,,,,,,,,,,,,,,,,0,,,,,,,21.9143482,39.312172,
17:56:15.753,,,,,,,,,,,,,,,,,,,,,,,,,,,,,,,,,,,,,,,,,,,,,,,,,,,,,,,,,,,-1.5625,,,,,,21.9143482,39.312172,
17:56:15.827,,,,,,,,,,,,,,,,,,,,,,,,,,,,,,,,,,,,,,,,,,,,,,,,,,,,,,,,,,0,,,,,,,21.9143482,39.312172,
17:56:15.882,,,,,,,,,,,,,,,,,,,,,,,,,,,,,,,,,,,,,,,,,,,,,,,,,,,,,,,,,,,-0.78125,,,,,,21.9143482,39.312172,
17:56:15.933,,,,,,,,,,,,,,,,,,,,,,,,,,,,,,,,,,,,,,,,,,,,,,,,,,,,,,,,,,0.78125,,,,,,,21.9143482,39.312172,
17:56:15.998,,,,,,,,,,,,,,,,,,,,,,,,,,,,,,,,,,,,,,,,,,,,,,,,,,,,,,,,,,,0,,,,,,21.9143482,39.312172,
17:56:16.049,,,,,,,,,,,,,,,,,,,,,,,,,,,,,,,,,,,,,,,,,,,,,,,,,,,,,,,,,,0.78125,,,,,,,21.9143482,39.312172,
17:56:16.078,,,,,,,,,,,,,,,,,,,,,,,,,,,,,,,,,,,,,,,,,,,,,,,,,,,,,,,,,,,0.78125,,,,,,21.9143482,39.312172,
17:56:16.106,,,,,,,,,,,,,,,,,,,,,,,,,,,,,,,,,,,,,,,,,,,,,,,,,,,,,,,,,,0.78125,,,,,,,21.9143482,39.312172,
17:56:16.177,,,,,,,,,,,,,,,,,,,,,,,,,,,,,,,,,,,,,,,,,,,,,,,,,,,,,,,,,,,0.78125,,,,,,21.9143482,39.312172,
17:56:16.229,,,,,,,,,,,,,,,,,,,,,,,,,,,,,,,,,,,,,,,,,,,,,,,,,,,,,,,,,,1.5625,,,,,,,21.9143482,39.312172,
17:56:16.257,,,,,,,,,,,,,,,,,,,,,,,,,,,,,,,,,,,,,,,,,,,,,,,,,,,,,,,,,,,0.78125,,,,,,21.9143482,39.312172,
17:56:16.290,,,,,,,,,,,,,,,,,,,,,,,,,,,,,,,,,,,,,,,,,,,,,,,,,,,,,,,,,,1.5625,,,,,,,21.9143482,39.312172,
17:56:16.355,,,,,,,,,,,,,,,,,,,,,,,,,,,,,,,,,,,,,,,,,,,,,,,,,,,,,,,,,,,1.5625,,,,,,21.9143482,39.312172,
17:56:16.416,,,,,,,,,,,,,,,,,,,,,,,,,,,,,,,,,,,,,,,,,,,,,,,,,,,,,,,,,,3.125,,,,,,,21.9143482,39.312172,
17:56:16.477,,,,,,,,,,,,,,,,,,,,,,,,,,,,,,,,,,,,,,,,,,,,,,,,,,,,,,,,,,,2.34375,,,,,,21.9143482,39.312172,
17:56:16.533,,,,,,,,,,,,,,,,,,137.70001220703125,,,,,,,,0.2224386243891679,,,,,,,,,,,,,,,,,,,,,,,,,,,,,,,,,,0.29200579226017,,,,,21.9143482,39.312172,
17:56:16.533,,,,,,,,,,,,,,,,,,137.70001220703125,,,,,,,,0.22243867161981823,,,,,,,,,,,,,,,,,,,,,,,,,,,,,,,,,,0.29200579226017,,,,,21.9143481,39.3121719,
17:56:16.535,,,,,,,,,,,,,,,,,,,,,,,,,,,,,,,,,,,,,,,,,,,,,,,,,,,,,,,,,,3.90625,,,,,,,21.9143481,39.3121719,
17:56:16.610,,,,,,,,,,,,,,,,,,,,,,,,,,,,,,,,,,,,,,,,,,,,,,,,,,,,,,,,,,,3.125,,,,,,21.9143481,39.3121719,
17:56:16.651,,,,,,,,,,,,,,,,,,,,,,,,,,,,,,,,,,,,,,,,,,,,,,,,,,,,,,,,,,3.90625,,,,,,,21.9143481,39.3121719,
17:56:16.717,,,,,,,,,,,,,,,,,,,,,,,,,,,,,,,,,,,,,,,,,,,,,,,,,,,,,,,,,,,3.90625,,,,,,21.9143481,39.3121719,
17:56:16.771,,,,,,,,,,,,,,,,,,,,,,,,,,,,,,,,,,,,,,,,,,,,,,,,,,,,,,,,,,3.125,,,,,,,21.9143481,39.3121719,
17:56:16.798,,,,,,,,,,,,,,,,,,,,,,,,,,,,,,,,,,,,,,,,,,,,,,,,,,,,,,,,,,,3.90625,,,,,,21.9143481,39.3121719,
17:56:16.857,,,,,,,,,,,,,,,,,,,,,,,,,,,,,,,,,,,,,,,,,,,,,,,,,,,,,,,,,,3.125,,,,,,,21.9143481,39.3121719,
17:56:16.913,,,,,,,,,,,,,,,,,,,,,,,,,,,,,,,,,,,,,,,,,,,,,,,,,,,,,,,,,,,3.90625,,,,,,21.9143481,39.3121719,
17:56:16.953,,,,,,,,,,,,,,,,,,,,,,,,,,,,,,,,,,,,,,,,,,,,,,,,,,,,,,,,,,3.125,,,,,,,21.9143481,39.3121719,
17:56:17.018,,,,,,,,,,,,,,,,,,,,,,,,,,,,,,,,,,,,,,,,,,,,,,,,,,,,,,,,,,,3.125,,,,,,21.9143481,39.3121719,
17:56:17.081,,,,,,,,,,,,,,,,,,,,,,,,,,,,,,,,,,,,,,,,,,,,,,,,,,,,,,,,,,3.125,,,,,,,21.9143481,39.3121719,
17:56:17.129,,,,,,,,,,,,,,,,,,,,,,,,,,,,,,,,,,,,,,,,,,,,,,,,,,,,,,,,,,,3.125,,,,,,21.9143481,39.3121719,
17:56:17.159,,,,,,,,,,,,,,,,,,,,,,,,,,,,,,,,,,,,,,,,,,,,,,,,,,,,,,,,,,3.125,,,,,,,21.9143481,39.3121719,
17:56:17.241,,,,,,,,,,,,,,,,,,,,,,,,,,,,,,,,,,,,,,,,,,,,,,,,,,,,,,,,,,,2.34375,,,,,,21.9143481,39.3121719,
17:56:17.282,,,,,,,,,,,,,,,,,,,,,,,,,,,,,,,,,,,,,,,,,,,,,,,,,,,,,,,,,,3.90625,,,,,,,21.9143481,39.3121719,
17:56:17.358,,,,,,,,,,,,,,,,,,,,,,,,,,,,,,,,,,,,,,,,,,,,,,,,,,,,,,,,,,,3.125,,,,,,21.9143481,39.3121719,
17:56:17.398,,,,,,,,,,,,,,,,,,,,,,,,,,,,,,,,,,,,,,,,,,,,,,,,,,,,,,,,,,3.90625,,,,,,,21.9143481,39.3121719,
17:56:17.426,,,,,,,,,,,,,,,,,,,,,,,,,,,,,,,,,,,,,,,,,,,,,,,,,,,,,,,,,,,3.125,,,,,,21.9143481,39.3121719,
17:56:17.495,,,,,,,,,,,,,,,,,,,,,,,,,,,,,,,,,,,,,,,,,,,,,,,,,,,,,,,,,,3.90625,,,,,,,21.9143481,39.3121719,
17:56:17.536,,,,,,,,,,,,,,,,,,137.70001220703125,,,,,,,,0.22309060247437934,,,,,,,,,,,,,,,,,,,,,,,,,,,,,,,,,,0.29395793080329896,,,,,21.9143481,39.3121719,
17:56:17.536,,,,,,,,,,,,,,,,,,137.70001220703125,,,,,,,,0.2230906437710245,,,,,,,,,,,,,,,,,,,,,,,,,,,,,,,,,,0.29395793080329896,,,,,21.914348,39.3121718,
17:56:17.563,,,,,,,,,,,,,,,,,,,,,,,,,,,,,,,,,,,,,,,,,,,,,,,,,,,,,,,,,,,3.90625,,,,,,21.914348,39.3121718,
17:56:17.613,,,,,,,,,,,,,,,,,,,,,,,,,,,,,,,,,,,,,,,,,,,,,,,,,,,,,,,,,,3.90625,,,,,,,21.914348,39.3121718,
17:56:17.680,,,,,,,,,,,,,,,,,,,,,,,,,,,,,,,,,,,,,,,,,,,,,,,,,,,,,,,,,,,3.90625,,,,,,21.914348,39.3121718,
17:56:17.734,,,,,,,,,,,,,,,,,,,,,,,,,,,,,,,,,,,,,,,,,,,,,,,,,,,,,,,,,,3.125,,,,,,,21.914348,39.3121718,
17:56:17.810,,,,,,,,,,,,,,,,,,,,,,,,,,,,,,,,,,,,,,,,,,,,,,,,,,,,,,,,,,,3.125,,,,,,21.914348,39.3121718,
17:56:17.850,,,,,,,,,,,,,,,,,,,,,,,,,,,,,,,,,,,,,,,,,,,,,,,,,,,,,,,,,,3.125,,,,,,,21.914348,39.3121718,
17:56:17.877,,,,,,,,,,,,,,,,,,,,,,,,,,,,,,,,,,,,,,,,,,,,,,,,,,,,,,,,,,,3.125,,,,,,21.914348,39.3121718,
17:56:17.906,,,,,,,,,,,,,,,,,,,,,,,,,,,,,,,,,,,,,,,,,,,,,,,,,,,,,,,,,,3.125,,,,,,,21.914348,39.3121718,
17:56:17.981,,,,,,,,,,,,,,,,,,,,,,,,,,,,,,,,,,,,,,,,,,,,,,,,,,,,,,,,,,,2.34375,,,,,,21.914348,39.3121718,
17:56:18.058,,,,,,,,,,,,,,,,,,,,,,,,,,,,,,,,,,,,,,,,,,,,,,,,,,,,,,,,,,3.125,,,,,,,21.914348,39.3121718,
17:56:18.133,,,,,,,,,,,,,,,,,,,,,,,,,,,,,,,,,,,,,,,,,,,,,,,,,,,,,,,,,,,2.34375,,,,,,21.914348,39.3121718,
17:56:18.176,,,,,,,,,,,,,,,,,,,,,,,,,,,,,,,,,,,,,,,,,,,,,,,,,,,,,,,,,,3.125,,,,,,,21.914348,39.3121718,
17:56:18.214,,,,,,,,,,,,,,,,,,,,,,,,,,,,,,,,,,,,,,,,,,,,,,,,,,,,,,,,,,,2.34375,,,,,,21.914348,39.3121718,
17:56:18.285,,,,,,,,,,,,,,,,,,,,,,,,,,,,,,,,,,,,,,,,,,,,,,,,,,,,,,,,,,3.125,,,,,,,21.914348,39.3121718,
17:56:18.327,,,,,,,,,,,,,,,,,,,,,,,,,,,,,,,,,,,,,,,,,,,,,,,,,,,,,,,,,,,2.34375,,,,,,21.914348,39.3121718,
17:56:18.366,,,,,,,,,,,,,,,,,,,,,,,,,,,,,,,,,,,,,,,,,,,,,,,,,,,,,,,,,,3.125,,,,,,,21.914348,39.3121718,
17:56:18.417,,,,,,,,,,,,,,,,,,,,,,,,,,,,,,,,,,,,,,,,,,,,,,,,,,,,,,,,,,,2.34375,,,,,,21.914348,39.3121718,
17:56:18.457,,,,,,,,,,,,,,,,,,,,,,,,,,,,,,,,,,,,,,,,,,,,,,,,,,,,,,,,,,3.125,,,,,,,21.914348,39.3121718,
17:56:18.521,,,,,,,,,,,,,,,,,,,,,,,,,,,,,,,,,,,,,,,,,,,,,,,,,,,,,,,,,,,1.5625,,,,,,21.914348,39.3121718,
17:56:18.533,,,,,,,,,,,,,,,,,,137.70001220703125,,,,,,,,0.22376766950392124,,,,,,,,,,,,,,,,,,,,,,,,,,,,,,,,,,0.29844285249710084,,,,,21.914348,39.3121718,
17:56:18.533,,,,,,,,,,,,,,,,,,137.70001220703125,,,,,,,,0.2237677140413373,,,,,,,,,,,,,,,,,,,,,,,,,,,,,,,,,,0.29844285249710084,,,,,21.9143479,39.3121718,
17:56:18.569,,,,,,,,,,,,,,,,,,,,,,,,,,,,,,,,,,,,,,,,,,,,,,,,,,,,,,,,,,2.34375,,,,,,,21.9143479,39.3121718,
17:56:18.634,,,,,,,,,,,,,,,,,,,,,,,,,,,,,,,,,,,,,,,,,,,,,,,,,,,,,,,,,,,0.78125,,,,,,21.9143479,39.3121718,
17:56:18.710,,,,,,,,,,,,,,,,,,,,,,,,,,,,,,,,,,,,,,,,,,,,,,,,,,,,,,,,,,1.5625,,,,,,,21.9143479,39.3121718,
17:56:18.810,,,,,,,,,,,,,,,,,,,,,,,,,,,,,,,,,,,,,,,,,,,,,,,,,,,,,,,,,,,0.78125,,,,,,21.9143479,39.3121718,
17:56:18.875,,,,,,,,,,,,,,,,,,,,,,,,,,,,,,,,,,,,,,,,,,,,,,,,,,,,,,,,,,0,,,,,,,21.9143479,39.3121718,
17:56:18.937,,,,,,,,,,,,,,,,,,,,,,,,,,,,,,,,,,,,,,,,,,,,,,,,,,,,,,,,,,,1.5625,,,,,,21.9143479,39.3121718,
17:56:19.004,,,,,,,,,,,,,,,,,,,,,,,,,,,,,,,,,,,,,,,,,,,,,,,,,,,,,,,,,,0.78125,,,,,,,21.9143479,39.3121718,
17:56:19.102,,,,,,,,,,,,,,,,,,,,,,,,,,,,,,,,,,,,,,,,,,,,,,,,,,,,,,,,,,,1.5625,,,,,,21.9143479,39.3121718,
17:56:19.143,,,,,,,,,,,,,,,,,,,,,,,,,,,,,,,,,,,,,,,,,,,,,,,,,,,,,,,,,,1.5625,,,,,,,21.9143479,39.3121718,
17:56:19.206,,,,,,,,,,,,,,,,,,,,,,,,,,,,,,,,,,,,,,,,,,,,,,,,,,,,,,,,,,,1.5625,,,,,,21.9143479,39.3121718,
17:56:19.269,,,,,,,,,,,,,,,,,,,,,,,,,,,,,,,,,,,,,,,,,,,,,,,,,,,,,,,,,,2.34375,,,,,,,21.9143479,39.3121718,
17:56:19.321,,,,,,,,,,,,,,,,,,,,,,,,,,,,,,,,,,,,,,,,,,,,,,,,,,,,,,,,,,,1.5625,,,,,,21.9143479,39.3121718,
17:56:19.385,,,,,,,,,,,,,,,,,,,,,,,,,,,,,,,,,,,,,,,,,,,,,,,,,,,,,,,,,,2.34375,,,,,,,21.9143479,39.3121718,
17:56:19.461,,,,,,,,,,,,,,,,,,,,,,,,,,,,,,,,,,,,,,,,,,,,,,,,,,,,,,,,,,,1.5625,,,,,,21.9143479,39.3121718,
17:56:19.514,,,,,,,,,,,,,,,,,,,,,,,,,,,,,,,,,,,,,,,,,,,,,,,,,,,,,,,,,,2.34375,,,,,,,21.9143479,39.3121718,
17:56:19.563,,,,,,,,,,,,,,,,,,137.70001220703125,,,,,,,,0.22437977615652166,,,,,,,,,,,,,,,,,,,,,,,,,,,,,,,,,,0.29038901031017306,,,,,21.9143479,39.3121718,
17:56:19.563,,,,,,,,,,,,,,,,,,137.70001220703125,,,,,,,,0.2243798172260343,,,,,,,,,,,,,,,,,,,,,,,,,,,,,,,,,,0.29038901031017306,,,,,21.9143479,39.3121718,
17:56:19.566,,,,,,,,,,,,,,,,,,,,,,,,,,,,,,,,,,,,,,,,,,,,,,,,,,,,,,,,,,,1.5625,,,,,,21.9143479,39.3121718,
17:56:19.629,,,,,,,,,,,,,,,,,,,,,,,,,,,,,,,,,,,,,,,,,,,,,,,,,,,,,,,,,,2.34375,,,,,,,21.9143479,39.3121718,
17:56:19.681,,,,,,,,,,,,,,,,,,,,,,,,,,,,,,,,,,,,,,,,,,,,,,,,,,,,,,,,,,,0.78125,,,,,,21.9143479,39.3121718,
17:56:19.709,,,,,,,,,,,,,,,,,,,,,,,,,,,,,,,,,,,,,,,,,,,,,,,,,,,,,,,,,,1.5625,,,,,,,21.9143479,39.3121718,
17:56:19.742,,,,,,,,,,,,,,,,,,,,,,,,,,,,,,,,,,,,,,,,,,,,,,,,,,,,,,,,,,,1.5625,,,,,,21.9143479,39.3121718,
17:56:19.794,,,,,,,,,,,,,,,,,,,,,,,,,,,,,,,,,,,,,,,,,,,,,,,,,,,,,,,,,,1.5625,,,,,,,21.9143479,39.3121718,
17:56:19.834,,,,,,,,,,,,,,,,,,,,,,,,,,,,,,,,,,,,,,,,,,,,,,,,,,,,,,,,,,,0.78125,,,,,,21.9143479,39.3121718,
17:56:19.889,,,,,,,,,,,,,,,,,,,,,,,,,,,,,,,,,,,,,,,,,,,,,,,,,,,,,,,,,,1.5625,,,,,,,21.9143479,39.3121718,
17:56:19.917,,,,,,,,,,,,,,,,,,,,,,,,,,,,,,,,,,,,,,,,,,,,,,,,,,,,,,,,,,,1.5625,,,,,,21.9143479,39.3121718,
17:56:19.956,,,,,,,,,,,,,,,,,,,,,,,,,,,,,,,,,,,,,,,,,,,,,,,,,,,,,,,,,,1.5625,,,,,,,21.9143479,39.3121718,
17:56:20.018,,,,,,,,,,,,,,,,,,,,,,,,,,,,,,,,,,,,,,,,,,,,,,,,,,,,,,,,,,,1.5625,,,,,,21.9143479,39.3121718,
17:56:20.082,,,,,,,,,,,,,,,,,,,,,,,,,,,,,,,,,,,,,,,,,,,,,,,,,,,,,,,,,,1.5625,,,,,,,21.9143479,39.3121718,
17:56:20.135,,,,,,,,,,,,,,,,,,,,,,,,,,,,,,,,,,,,,,,,,,,,,,,,,,,,,,,,,,,0.78125,,,,,,21.9143479,39.3121718,
17:56:20.222,,,,,,,,,,,,,,,,,,,,,,,,,,,,,,,,,,,,,,,,,,,,,,,,,,,,,,,,,,1.5625,,,,,,,21.9143479,39.3121718,
17:56:20.302,,,,,,,,,,,,,,,,,,,,,,,,,,,,,,,,,,,,,,,,,,,,,,,,,,,,,,,,,,,0.78125,,,,,,21.9143479,39.3121718,
17:56:20.345,,,,,,,,,,,,,,,,,,,,,,,,,,,,,,,,,,,,,,,,,,,,,,,,,,,,,,,,,,1.5625,,,,,,,21.9143479,39.3121718,
17:56:20.401,,,,,,,,,,,,,,,,,,,,,,,,,,,,,,,,,,,,,,,,,,,,,,,,,,,,,,,,,,,0.78125,,,,,,21.9143479,39.3121718,
17:56:20.430,,,,,,,,,,,,,,,,,,,,,,,,,,,,,,,,,,,,,,,,,,,,,,,,,,,,,,,,,,2.34375,,,,,,,21.9143479,39.3121718,
17:56:20.457,,,,,,,,,,,,,,,,,,,,,,,,,,,,,,,,,,,,,,,,,,,,,,,,,,,,,,,,,,,0.78125,,,,,,21.9143479,39.3121718,
17:56:20.496,,,,,,,,,,,,,,,,,,,,,,,,,,,,,,,,,,,,,,,,,,,,,,,,,,,,,,,,,,2.34375,,,,,,,21.9143479,39.3121718,
17:56:20.543,,,,,,,,,,,,,,,,,,137.70001220703125,,,,,,,,0.224715434521633,,,,,,,,,,,,,,,,,,,,,,,,,,,,,,,,,,0.263066366314888,,,,,21.9143479,39.3121718,
17:56:20.543,,,,,,,,,,,,,,,,,,137.70001220703125,,,,,,,,0.22471545912596927,,,,,,,,,,,,,,,,,,,,,,,,,,,,,,,,,,0.263066366314888,,,,,21.9143479,39.3121723,
17:56:20.557,,,,,,,,,,,,,,,,,,,,,,,,,,,,,,,,,,,,,,,,,,,,,,,,,,,,,,,,,,,0.78125,,,,,,21.9143479,39.3121723,
17:56:20.616,,,,,,,,,,,,,,,,,,,,,,,,,,,,,,,,,,,,,,,,,,,,,,,,,,,,,,,,,,1.5625,,,,,,,21.9143479,39.3121723,
17:56:20.676,,,,,,,,,,,,,,,,,,,,,,,,,,,,,,,,,,,,,,,,,,,,,,,,,,,,,,,,,,,0,,,,,,21.9143479,39.3121723,
17:56:20.738,,,,,,,,,,,,,,,,,,,,,,,,,,,,,,,,,,,,,,,,,,,,,,,,,,,,,,,,,,0,,,,,,,21.9143479,39.3121723,
17:56:20.789,,,,,,,,,,,,,,,,,,,,,,,,,,,,,,,,,,,,,,,,,,,,,,,,,,,,,,,,,,,-1.5625,,,,,,21.9143479,39.3121723,
17:56:20.825,,,,,,,,,,,,,,,,,,,,,,,,,,,,,,,,,,,,,,,,,,,,,,,,,,,,,,,,,,-1.5625,,,,,,,21.9143479,39.3121723,
17:56:20.897,,,,,,,,,,,,,,,,,,,,,,,,,,,,,,,,,,,,,,,,,,,,,,,,,,,,,,,,,,,-3.125,,,,,,21.9143479,39.3121723,
17:56:20.938,,,,,,,,,,,,,,,,,,,,,,,,,,,,,,,,,,,,,,,,,,,,,,,,,,,,,,,,,,-3.125,,,,,,,21.9143479,39.3121723,
17:56:21.015,,,,,,,,,,,,,,,,,,,,,,,,,,,,,,,,,,,,,,,,,,,,,,,,,,,,,,,,,,,-4.6875,,,,,,21.9143479,39.3121723,
17:56:21.072,,,,,,,,,,,,,,,,,,,,,,,,,,,,,,,,,,,,,,,,,,,,,,,,,,,,,,,,,,-3.90625,,,,,,,21.9143479,39.3121723,
17:56:21.114,,,,,,,,,,,,,,,,,,,,,,,,,,,,,,,,,,,,,,,,,,,,,,,,,,,,,,,,,,,-5.46875,,,,,,21.9143479,39.3121723,
17:56:21.154,,,,,,,,,,,,,,,,,,,,,,,,,,,,,,,,,,,,,,,,,,,,,,,,,,,,,,,,,,-4.6875,,,,,,,21.9143479,39.3121723,
17:56:21.222,,,,,,,,,,,,,,,,,,,,,,,,,,,,,,,,,,,,,,,,,,,,,,,,,,,,,,,,,,,-4.6875,,,,,,21.9143479,39.3121723,
17:56:21.274,,,,,,,,,,,,,,,,,,,,,,,,,,,,,,,,,,,,,,,,,,,,,,,,,,,,,,,,,,-4.6875,,,,,,,21.9143479,39.3121723,
17:56:21.338,,,,,,,,,,,,,,,,,,,,,,,,,,,,,,,,,,,,,,,,,,,,,,,,,,,,,,,,,,,-5.46875,,,,,,21.9143479,39.3121723,
17:56:21.400,,,,,,,,,,,,,,,,,,,,,,,,,,,,,,,,,,,,,,,,,,,,,,,,,,,,,,,,,,-5.46875,,,,,,,21.9143479,39.3121723,
17:56:21.448,,,,,,,,,,,,,,,,,,,,,,,,,,,,,,,,,,,,,,,,,,,,,,,,,,,,,,,,,,,-5.46875,,,,,,21.9143479,39.3121723,
17:56:21.486,,,,,,,,,,,,,,,,,,,,,,,,,,,,,,,,,,,,,,,,,,,,,,,,,,,,,,,,,,-5.46875,,,,,,,21.9143479,39.3121723,
17:56:21.537,,,,,,,,,,,,,,,,,,137.70001220703125,,,,,,,,0.22496421123425406,,,,,,,,,,,,,,,,,,,,,,,,,,,,,,,,,,0.2532371699810028,,,,,21.9143479,39.3121723,
17:56:21.537,,,,,,,,,,,,,,,,,,137.70001220703125,,,,,,,,0.2249642282723535,,,,,,,,,,,,,,,,,,,,,,,,,,,,,,,,,,0.2532371699810028,,,,,21.914348,39.312172,
17:56:21.550,,,,,,,,,,,,,,,,,,,,,,,,,,,,,,,,,,,,,,,,,,,,,,,,,,,,,,,,,,,-6.25,,,,,,21.914348,39.312172,
17:56:21.601,,,,,,,,,,,,,,,,,,,,,,,,,,,,,,,,,,,,,,,,,,,,,,,,,,,,,,,,,,-6.25,,,,,,,21.914348,39.312172,
17:56:21.653,,,,,,,,,,,,,,,,,,,,,,,,,,,,,,,,,,,,,,,,,,,,,,,,,,,,,,,,,,,-7.03125,,,,,,21.914348,39.312172,
17:56:21.744,,,,,,,,,,,,,,,,,,,,,,,,,,,,,,,,,,,,,,,,,,,,,,,,,,,,,,,,,,-7.03125,,,,,,,21.914348,39.312172,
17:56:21.826,,,,,,,,,,,,,,,,,,,,,,,,,,,,,,,,,,,,,,,,,,,,,,,,,,,,,,,,,,,-7.03125,,,,,,21.914348,39.312172,
17:56:21.878,,,,,,,,,,,,,,,,,,,,,,,,,,,,,,,,,,,,,,,,,,,,,,,,,,,,,,,,,,-6.25,,,,,,,21.914348,39.312172,
17:56:21.928,,,,,,,,,,,,,,,,,,,,,,,,,,,,,,,,,,,,,,,,,,,,,,,,,,,,,,,,,,,-7.03125,,,,,,21.914348,39.312172,
17:56:21.954,,,,,,,,,,,,,,,,,,,,,,,,,,,,,,,,,,,,,,,,,,,,,,,,,,,,,,,,,,-6.25,,,,,,,21.914348,39.312172,
17:56:21.995,,,,,,,,,,,,,,,,,,,,,,,,,,,,,,,,,,,,,,,,,,,,,,,,,,,,,,,,,,,-6.25,,,,,,21.914348,39.312172,
17:56:22.058,,,,,,,,,,,,,,,,,,,,,,,,,,,,,,,,,,,,,,,,,,,,,,,,,,,,,,,,,,-5.46875,,,,,,,21.914348,39.312172,
17:56:22.121,,,,,,,,,,,,,,,,,,,,,,,,,,,,,,,,,,,,,,,,,,,,,,,,,,,,,,,,,,,-6.25,,,,,,21.914348,39.312172,
17:56:22.173,,,,,,,,,,,,,,,,,,,,,,,,,,,,,,,,,,,,,,,,,,,,,,,,,,,,,,,,,,-5.46875,,,,,,,21.914348,39.312172,
17:56:22.235,,,,,,,,,,,,,,,,,,,,,,,,,,,,,,,,,,,,,,,,,,,,,,,,,,,,,,,,,,,-6.25,,,,,,21.914348,39.312172,
17:56:22.286,,,,,,,,,,,,,,,,,,,,,,,,,,,,,,,,,,,,,,,,,,,,,,,,,,,,,,,,,,-4.6875,,,,,,,21.914348,39.312172,
17:56:22.319,,,,,,,,,,,,,,,,,,,,,,,,,,,,,,,,,,,,,,,,,,,,,,,,,,,,,,,,,,,-5.46875,,,,,,21.914348,39.312172,
17:56:22.369,,,,,,,,,,,,,,,,,,,,,,,,,,,,,,,,,,,,,,,,,,,,,,,,,,,,,,,,,,-4.6875,,,,,,,21.914348,39.312172,
17:56:22.425,,,,,,,,,,,,,,,,,,,,,,,,,,,,,,,,,,,,,,,,,,,,,,,,,,,,,,,,,,,-4.6875,,,,,,21.914348,39.312172,
17:56:22.502,,,,,,,,,,,,,,,,,,,,,,,,,,,,,,,,,,,,,,,,,,,,,,,,,,,,,,,,,,-3.90625,,,,,,,21.914348,39.312172,
17:56:22.540,,,,,,,,,,,,,,,,,,137.70001220703125,,,,,,,,0.2251793518160086,,,,,,,,,,,,,,,,,,,,,,,,,,,,,,,,,,0.24964480698108674,,,,,21.914348,39.312172,
17:56:22.540,,,,,,,,,,,,,,,,,,137.70001220703125,,,,,,,,0.22517937074964722,,,,,,,,,,,,,,,,,,,,,,,,,,,,,,,,,,0.24964480698108674,,,,,21.914348,39.3121718,
17:56:22.554,,,,,,,,,,,,,,,,,,,,,,,,,,,,,,,,,,,,,,,,,,,,,,,,,,,,,,,,,,,-4.6875,,,,,,21.914348,39.3121718,
17:56:22.593,,,,,,,,,,,,,,,,,,,,,,,,,,,,,,,,,,,,,,,,,,,,,,,,,,,,,,,,,,-3.125,,,,,,,21.914348,39.3121718,
17:56:22.659,,,,,,,,,,,,,,,,,,,,,,,,,,,,,,,,,,,,,,,,,,,,,,,,,,,,,,,,,,,-4.6875,,,,,,21.914348,39.3121718,
17:56:22.710,,,,,,,,,,,,,,,,,,,,,,,,,,,,,,,,,,,,,,,,,,,,,,,,,,,,,,,,,,-3.125,,,,,,,21.914348,39.3121718,
17:56:22.738,,,,,,,,,,,,,,,,,,,,,,,,,,,,,,,,,,,,,,,,,,,,,,,,,,,,,,,,,,,-3.90625,,,,,,21.914348,39.3121718,
17:56:22.806,,,,,,,,,,,,,,,,,,,,,,,,,,,,,,,,,,,,,,,,,,,,,,,,,,,,,,,,,,-2.34375,,,,,,,21.914348,39.3121718,
17:56:22.857,,,,,,,,,,,,,,,,,,,,,,,,,,,,,,,,,,,,,,,,,,,,,,,,,,,,,,,,,,,-3.90625,,,,,,21.914348,39.3121718,
17:56:22.886,,,,,,,,,,,,,,,,,,,,,,,,,,,,,,,,,,,,,,,,,,,,,,,,,,,,,,,,,,-2.34375,,,,,,,21.914348,39.3121718,
17:56:22.939,,,,,,,,,,,,,,,,,,,,,,,,,,,,,,,,,,,,,,,,,,,,,,,,,,,,,,,,,,,-3.90625,,,,,,21.914348,39.3121718,
17:56:22.979,,,,,,,,,,,,,,,,,,,,,,,,,,,,,,,,,,,,,,,,,,,,,,,,,,,,,,,,,,-2.34375,,,,,,,21.914348,39.3121718,
17:56:23.017,,,,,,,,,,,,,,,,,,,,,,,,,,,,,,,,,,,,,,,,,,,,,,,,,,,,,,,,,,,-3.90625,,,,,,21.914348,39.3121718,
17:56:23.071,,,,,,,,,,,,,,,,,,,,,,,,,,,,,,,,,,,,,,,,,,,,,,,,,,,,,,,,,,-2.34375,,,,,,,21.914348,39.3121718,
17:56:23.146,,,,,,,,,,,,,,,,,,,,,,,,,,,,,,,,,,,,,,,,,,,,,,,,,,,,,,,,,,,-3.90625,,,,,,21.914348,39.3121718,
17:56:23.197,,,,,,,,,,,,,,,,,,,,,,,,,,,,,,,,,,,,,,,,,,,,,,,,,,,,,,,,,,-2.34375,,,,,,,21.914348,39.3121718,
17:56:23.249,,,,,,,,,,,,,,,,,,,,,,,,,,,,,,,,,,,,,,,,,,,,,,,,,,,,,,,,,,,-3.90625,,,,,,21.914348,39.3121718,
17:56:23.314,,,,,,,,,,,,,,,,,,,,,,,,,,,,,,,,,,,,,,,,,,,,,,,,,,,,,,,,,,-3.125,,,,,,,21.914348,39.3121718,
17:56:23.377,,,,,,,,,,,,,,,,,,,,,,,,,,,,,,,,,,,,,,,,,,,,,,,,,,,,,,,,,,,-3.125,,,,,,21.914348,39.3121718,
17:56:23.429,,,,,,,,,,,,,,,,,,,,,,,,,,,,,,,,,,,,,,,,,,,,,,,,,,,,,,,,,,-2.34375,,,,,,,21.914348,39.3121718,
17:56:23.506,,,,,,,,,,,,,,,,,,,,,,,,,,,,,,,,,,,,,,,,,,,,,,,,,,,,,,,,,,,-3.125,,,,,,21.914348,39.3121718,
17:56:23.538,,,,,,,,,,,,,,,,,,137.70001220703125,,,,,,,,0.22533631353900568,,,,,,,,,,,,,,,,,,,,,,,,,,,,,,,,,,0.2434171199798584,,,,,21.914348,39.3121718,
17:56:23.538,,,,,,,,,,,,,,,,,,137.70001220703125,,,,,,,,0.225336327224148,,,,,,,,,,,,,,,,,,,,,,,,,,,,,,,,,,0.2434171199798584,,,,,21.9143481,39.3121719,
17:56:23.553,,,,,,,,,,,,,,,,,,,,,,,,,,,,,,,,,,,,,,,,,,,,,,,,,,,,,,,,,,-2.34375,,,,,,,21.9143481,39.3121719,
17:56:23.613,,,,,,,,,,,,,,,,,,,,,,,,,,,,,,,,,,,,,,,,,,,,,,,,,,,,,,,,,,,-3.125,,,,,,21.9143481,39.3121719,
17:56:23.679,,,,,,,,,,,,,,,,,,,,,,,,,,,,,,,,,,,,,,,,,,,,,,,,,,,,,,,,,,-2.34375,,,,,,,21.9143481,39.3121719,
17:56:23.731,,,,,,,,,,,,,,,,,,,,,,,,,,,,,,,,,,,,,,,,,,,,,,,,,,,,,,,,,,,-3.90625,,,,,,21.9143481,39.3121719,
17:56:23.757,,,,,,,,,,,,,,,,,,,,,,,,,,,,,,,,,,,,,,,,,,,,,,,,,,,,,,,,,,-2.34375,,,,,,,21.9143481,39.3121719,
17:56:23.786,,,,,,,,,,,,,,,,,,,,,,,,,,,,,,,,,,,,,,,,,,,,,,,,,,,,,,,,,,,-4.6875,,,,,,21.9143481,39.3121719,
17:56:23.838,,,,,,,,,,,,,,,,,,,,,,,,,,,,,,,,,,,,,,,,,,,,,,,,,,,,,,,,,,-3.125,,,,,,,21.9143481,39.3121719,
17:56:23.890,,,,,,,,,,,,,,,,,,,,,,,,,,,,,,,,,,,,,,,,,,,,,,,,,,,,,,,,,,,-4.6875,,,,,,21.9143481,39.3121719,
17:56:23.959,,,,,,,,,,,,,,,,,,,,,,,,,,,,,,,,,,,,,,,,,,,,,,,,,,,,,,,,,,-3.90625,,,,,,,21.9143481,39.3121719,
17:56:24.014,,,,,,,,,,,,,,,,,,,,,,,,,,,,,,,,,,,,,,,,,,,,,,,,,,,,,,,,,,,-4.6875,,,,,,21.9143481,39.3121719,
17:56:24.067,,,,,,,,,,,,,,,,,,,,,,,,,,,,,,,,,,,,,,,,,,,,,,,,,,,,,,,,,,-3.90625,,,,,,,21.9143481,39.3121719,
17:56:24.118,,,,,,,,,,,,,,,,,,,,,,,,,,,,,,,,,,,,,,,,,,,,,,,,,,,,,,,,,,,-4.6875,,,,,,21.9143481,39.3121719,
17:56:24.147,,,,,,,,,,,,,,,,,,,,,,,,,,,,,,,,,,,,,,,,,,,,,,,,,,,,,,,,,,-3.90625,,,,,,,21.9143481,39.3121719,
17:56:24.186,,,,,,,,,,,,,,,,,,,,,,,,,,,,,,,,,,,,,,,,,,,,,,,,,,,,,,,,,,,-4.6875,,,,,,21.9143481,39.3121719,
17:56:24.240,,,,,,,,,,,,,,,,,,,,,,,,,,,,,,,,,,,,,,,,,,,,,,,,,,,,,,,,,,-3.90625,,,,,,,21.9143481,39.3121719,
17:56:24.268,,,,,,,,,,,,,,,,,,,,,,,,,,,,,,,,,,,,,,,,,,,,,,,,,,,,,,,,,,,-3.90625,,,,,,21.9143481,39.3121719,
17:56:24.331,,,,,,,,,,,,,,,,,,,,,,,,,,,,,,,,,,,,,,,,,,,,,,,,,,,,,,,,,,-3.90625,,,,,,,21.9143481,39.3121719,
17:56:24.394,,,,,,,,,,,,,,,,,,,,,,,,,,,,,,,,,,,,,,,,,,,,,,,,,,,,,,,,,,,-3.90625,,,,,,21.9143481,39.3121719,
17:56:24.458,,,,,,,,,,,,,,,,,,,,,,,,,,,,,,,,,,,,,,,,,,,,,,,,,,,,,,,,,,-4.6875,,,,,,,21.9143481,39.3121719,
17:56:24.509,,,,,,,,,,,,,,,,,,,,,,,,,,,,,,,,,,,,,,,,,,,,,,,,,,,,,,,,,,,-4.6875,,,,,,21.9143481,39.3121719,
17:56:24.529,,,,,,,,,,,,,,,,,,137.70001220703125,,,,,,,,0.22553721058494972,,,,,,,,,,,,,,,,,,,,,,,,,,,,,,,,,,0.2490549623966217,,,,,21.9143481,39.3121719,
17:56:24.529,,,,,,,,,,,,,,,,,,137.70001220703125,,,,,,,,0.22553722332960047,,,,,,,,,,,,,,,,,,,,,,,,,,,,,,,,,,0.2490549623966217,,,,,21.9143482,39.3121716,
17:56:24.574,,,,,,,,,,,,,,,,,,,,,,,,,,,,,,,,,,,,,,,,,,,,,,,,,,,,,,,,,,-3.90625,,,,,,,21.9143482,39.3121716,
17:56:24.626,,,,,,,,,,,,,,,,,,,,,,,,,,,,,,,,,,,,,,,,,,,,,,,,,,,,,,,,,,,-4.6875,,,,,,21.9143482,39.3121716,
17:56:24.703,,,,,,,,,,,,,,,,,,,,,,,,,,,,,,,,,,,,,,,,,,,,,,,,,,,,,,,,,,-3.90625,,,,,,,21.9143482,39.3121716,
17:56:24.758,,,,,,,,,,,,,,,,,,,,,,,,,,,,,,,,,,,,,,,,,,,,,,,,,,,,,,,,,,,-4.6875,,,,,,21.9143482,39.3121716,
17:56:24.809,,,,,,,,,,,,,,,,,,,,,,,,,,,,,,,,,,,,,,,,,,,,,,,,,,,,,,,,,,-3.90625,,,,,,,21.9143482,39.3121716,
17:56:24.844,,,,,,,,,,,,,,,,,,,,,,,,,,,,,,,,,,,,,,,,,,,,,,,,,,,,,,,,,,,-4.6875,,,,,,21.9143482,39.3121716,
17:56:24.905,,,,,,,,,,,,,,,,,,,,,,,,,,,,,,,,,,,,,,,,,,,,,,,,,,,,,,,,,,-3.90625,,,,,,,21.9143482,39.3121716,
17:56:24.978,,,,,,,,,,,,,,,,,,,,,,,,,,,,,,,,,,,,,,,,,,,,,,,,,,,,,,,,,,,-4.6875,,,,,,21.9143482,39.3121716,
17:56:25.018,,,,,,,,,,,,,,,,,,,,,,,,,,,,,,,,,,,,,,,,,,,,,,,,,,,,,,,,,,-3.90625,,,,,,,21.9143482,39.3121716,
17:56:25.060,,,,,,,,,,,,,,,,,,,,,,,,,,,,,,,,,,,,,,,,,,,,,,,,,,,,,,,,,,,-4.6875,,,,,,21.9143482,39.3121716,
17:56:25.109,,,,,,,,,,,,,,,,,,,,,,,,,,,,,,,,,,,,,,,,,,,,,,,,,,,,,,,,,,-3.90625,,,,,,,21.9143482,39.3121716,
17:56:25.172,,,,,,,,,,,,,,,,,,,,,,,,,,,,,,,,,,,,,,,,,,,,,,,,,,,,,,,,,,,-4.6875,,,,,,21.9143482,39.3121716,
17:56:25.238,,,,,,,,,,,,,,,,,,,,,,,,,,,,,,,,,,,,,,,,,,,,,,,,,,,,,,,,,,-3.125,,,,,,,21.9143482,39.3121716,
17:56:25.246,,,,,,,,,,,,,,,,,,137.70001220703125,,,,,,,,0.22568364329244253,,,,,,,,,,,,,,,,,,,,,,,,,,,,,,,,,,0.24957238733768464,,,,,21.9143482,39.3121716,
17:56:25.246,,,,,,,,,,,,,,,,,,137.70001220703125,,,,,,,,0.22568365930494227,,,,,,,,,,,,,,,,,,,,,,,,,,,,,,,,,,0.24957238733768464,,,,,21.9143482,39.3121717,
17:56:25.297,,,,,,,,,,,,,,,,,,,,,,,,,,,,,,,,,,,,,,,,,,,,,,,,,,,,,,,,,,,-3.90625,,,,,,21.9143482,39.3121717,
17:56:25.385,,,,,,,,,,,,,,,,,,,,,,,,,,,,,,,,,,,,,,,,,,,,,,,,,,,,,,,,,,-2.34375,,,,,,,21.9143482,39.3121717,
17:56:25.522,,,,,,,,,,,,,,,,,,,,,,,,,,,,,,,,,,,,,,,,,,,,,,,,,,,,,,,,,,,-2.34375,,,,,,21.9143482,39.3121717,
17:56:25.610,,,,,,,,,,,,,,,,,,,,,,,,,,,,,,,,,,,,,,,,,,,,,,,,,,,,,,,,,,-1.5625,,,,,,,21.9143482,39.3121717,
17:56:25.698,,,,,,,,,,,,,,,,,,,,,,,,,,,,,,,,,,,,,,,,,,,,,,,,,,,,,,,,,,,-1.5625,,,,,,21.9143482,39.3121717,
17:56:25.790,,,,,,,,,,,,,,,,,,,,,,,,,,,,,,,,,,,,,,,,,,,,,,,,,,,,,,,,,,-1.5625,,,,,,,21.9143482,39.3121717,
17:56:25.834,,,,,,,,,,,,,,,,,,,,,,,,,,,,,,,,,,,,,,,,,,,,,,,,,,,,,,,,,,,-1.5625,,,,,,21.9143482,39.3121717,
17:56:25.898,,,,,,,,,,,,,,,,,,,,,,,,,,,,,,,,,,,,,,,,,,,,,,,,,,,,,,,,,,-1.5625,,,,,,,21.9143482,39.3121717,
17:56:25.950,,,,,,,,,,,,,,,,,,,,,,,,,,,,,,,,,,,,,,,,,,,,,,,,,,,,,,,,,,,-1.5625,,,,,,21.9143482,39.3121717,
17:56:26.038,,,,,,,,,,,,,,,,,,,,,,,,,,,,,,,,,,,,,,,,,,,,,,,,,,,,,,,,,,-0.78125,,,,,,,21.9143482,39.3121717,
17:56:26.106,,,,,,,,,,,,,,,,,,,,,,,,,,,,,,,,,,,,,,,,,,,,,,,,,,,,,,,,,,,-1.5625,,,,,,21.9143482,39.3121717,
17:56:26.166,,,,,,,,,,,,,,,,,,,,,,,,,,,,,,,,,,,,,,,,,,,,,,,,,,,,,,,,,,-0.78125,,,,,,,21.9143482,39.3121717,
17:56:26.229,,,,,,,,,,,,,,,,,,,,,,,,,,,,,,,,,,,,,,,,,,,,,,,,,,,,,,,,,,,-1.5625,,,,,,21.9143482,39.3121717,
17:56:26.282,,,,,,,,,,,,,,,,,,,,,,,,,,,,,,,,,,,,,,,,,,,,,,,,,,,,,,,,,,-0.78125,,,,,,,21.9143482,39.3121717,
17:56:26.346,,,,,,,,,,,,,,,,,,,,,,,,,,,,,,,,,,,,,,,,,,,,,,,,,,,,,,,,,,,-1.5625,,,,,,21.9143482,39.3121717,
17:56:26.398,,,,,,,,,,,,,,,,,,,,,,,,,,,,,,,,,,,,,,,,,,,,,,,,,,,,,,,,,,0,,,,,,,21.9143482,39.3121717,
17:56:26.438,,,,,,,,,,,,,,,,,,,,,,,,,,,,,,,,,,,,,,,,,,,,,,,,,,,,,,,,,,,-1.5625,,,,,,21.9143482,39.3121717,
17:56:26.492,,,,,,,,,,,,,,,,,,,,,,,,,,,,,,,,,,,,,,,,,,,,,,,,,,,,,,,,,,-0.78125,,,,,,,21.9143482,39.3121717,
17:56:26.533,,,,,,,,,,,,,,,,,,137.70001220703125,,,,,,,,0.22608957419984455,,,,,,,,,,,,,,,,,,,,,,,,,,,,,,,,,,0.26321088373661045,,,,,21.9143482,39.3121717,
17:56:26.533,,,,,,,,,,,,,,,,,,137.70001220703125,,,,,,,,0.2260895943519872,,,,,,,,,,,,,,,,,,,,,,,,,,,,,,,,,,0.26321088373661045,,,,,21.9143495,39.3121727,
17:56:26.544,,,,,,,,,,,,,,,,,,,,,,,,,,,,,,,,,,,,,,,,,,,,,,,,,,,,,,,,,,,-1.5625,,,,,,21.9143495,39.3121727,
17:56:26.581,,,,,,,,,,,,,,,,,,,,,,,,,,,,,,,,,,,,,,,,,,,,,,,,,,,,,,,,,,-0.78125,,,,,,,21.9143495,39.3121727,
17:56:26.654,,,,,,,,,,,,,,,,,,,,,,,,,,,,,,,,,,,,,,,,,,,,,,,,,,,,,,,,,,,-1.5625,,,,,,21.9143495,39.3121727,
17:56:26.704,,,,,,,,,,,,,,,,,,,,,,,,,,,,,,,,,,,,,,,,,,,,,,,,,,,,,,,,,,0,,,,,,,21.9143495,39.3121727,
17:56:26.779,,,,,,,,,,,,,,,,,,,,,,,,,,,,,,,,,,,,,,,,,,,,,,,,,,,,,,,,,,,-0.78125,,,,,,21.9143495,39.3121727,
17:56:26.829,,,,,,,,,,,,,,,,,,,,,,,,,,,,,,,,,,,,,,,,,,,,,,,,,,,,,,,,,,0,,,,,,,21.9143495,39.3121727,
17:56:26.907,,,,,,,,,,,,,,,,,,,,,,,,,,,,,,,,,,,,,,,,,,,,,,,,,,,,,,,,,,,0,,,,,,21.9143495,39.3121727,
17:56:26.994,,,,,,,,,,,,,,,,,,,,,,,,,,,,,,,,,,,,,,,,,,,,,,,,,,,,,,,,,,0.78125,,,,,,,21.9143495,39.3121727,
17:56:27.027,,,,,,,,,,,,,,,,,,,,,,,,,,,,,,,,,,,,,,,,,,,,,,,,,,,,,,,,,,,0,,,,,,21.9143495,39.3121727,
17:56:27.099,,,,,,,,,,,,,,,,,,,,,,,,,,,,,,,,,,,,,,,,,,,,,,,,,,,,,,,,,,0,,,,,,,21.9143495,39.3121727,
17:56:27.150,,,,,,,,,,,,,,,,,,,,,,,,,,,,,,,,,,,,,,,,,,,,,,,,,,,,,,,,,,,0,,,,,,21.9143495,39.3121727,
17:56:27.215,,,,,,,,,,,,,,,,,,,,,,,,,,,,,,,,,,,,,,,,,,,,,,,,,,,,,,,,,,0,,,,,,,21.9143495,39.3121727,
17:56:27.279,,,,,,,,,,,,,,,,,,,,,,,,,,,,,,,,,,,,,,,,,,,,,,,,,,,,,,,,,,,0,,,,,,21.9143495,39.3121727,
17:56:27.342,,,,,,,,,,,,,,,,,,,,,,,,,,,,,,,,,,,,,,,,,,,,,,,,,,,,,,,,,,-0.78125,,,,,,,21.9143495,39.3121727,
17:56:27.398,,,,,,,,,,,,,,,,,,,,,,,,,,,,,,,,,,,,,,,,,,,,,,,,,,,,,,,,,,,-0.78125,,,,,,21.9143495,39.3121727,
17:56:27.448,,,,,,,,,,,,,,,,,,,,,,,,,,,,,,,,,,,,,,,,,,,,,,,,,,,,,,,,,,-1.5625,,,,,,,21.9143495,39.3121727,
17:56:27.497,,,,,,,,,,,,,,,,,,,,,,,,,,,,,,,,,,,,,,,,,,,,,,,,,,,,,,,,,,,-1.5625,,,,,,21.9143495,39.3121727,
17:56:27.532,,,,,,,,,,,,,,,,,,137.70001220703125,,,,,,,,0.22642347951495934,,,,,,,,,,,,,,,,,,,,,,,,,,,,,,,,,,0.2662105858325958,,,,,21.9143495,39.3121727,
17:56:27.532,,,,,,,,,,,,,,,,,,137.70001220703125,,,,,,,,0.22642350328869174,,,,,,,,,,,,,,,,,,,,,,,,,,,,,,,,,,0.2662105858325958,,,,,21.9143495,39.3121726,
17:56:27.540,,,,,,,,,,,,,,,,,,,,,,,,,,,,,,,,,,,,,,,,,,,,,,,,,,,,,,,,,,-0.78125,,,,,,,21.9143495,39.3121726,
17:56:27.578,,,,,,,,,,,,,,,,,,,,,,,,,,,,,,,,,,,,,,,,,,,,,,,,,,,,,,,,,,,-0.78125,,,,,,21.9143495,39.3121726,
17:56:27.662,,,,,,,,,,,,,,,,,,,,,,,,,,,,,,,,,,,,,,,,,,,,,,,,,,,,,,,,,,-0.78125,,,,,,,21.9143495,39.3121726,
17:56:27.725,,,,,,,,,,,,,,,,,,,,,,,,,,,,,,,,,,,,,,,,,,,,,,,,,,,,,,,,,,,-0.78125,,,,,,21.9143495,39.3121726,
17:56:27.777,,,,,,,,,,,,,,,,,,,,,,,,,,,,,,,,,,,,,,,,,,,,,,,,,,,,,,,,,,-0.78125,,,,,,,21.9143495,39.3121726,
17:56:27.806,,,,,,,,,,,,,,,,,,,,,,,,,,,,,,,,,,,,,,,,,,,,,,,,,,,,,,,,,,,-1.5625,,,,,,21.9143495,39.3121726,
17:56:27.845,,,,,,,,,,,,,,,,,,,,,,,,,,,,,,,,,,,,,,,,,,,,,,,,,,,,,,,,,,-0.78125,,,,,,,21.9143495,39.3121726,
17:56:27.911,,,,,,,,,,,,,,,,,,,,,,,,,,,,,,,,,,,,,,,,,,,,,,,,,,,,,,,,,,,-0.78125,,,,,,21.9143495,39.3121726,
17:56:27.966,,,,,,,,,,,,,,,,,,,,,,,,,,,,,,,,,,,,,,,,,,,,,,,,,,,,,,,,,,-0.78125,,,,,,,21.9143495,39.3121726,
17:56:28.053,,,,,,,,,,,,,,,,,,,,,,,,,,,,,,,,,,,,,,,,,,,,,,,,,,,,,,,,,,,-0.78125,,,,,,21.9143495,39.3121726,
17:56:28.118,,,,,,,,,,,,,,,,,,,,,,,,,,,,,,,,,,,,,,,,,,,,,,,,,,,,,,,,,,0,,,,,,,21.9143495,39.3121726,
17:56:28.181,,,,,,,,,,,,,,,,,,,,,,,,,,,,,,,,,,,,,,,,,,,,,,,,,,,,,,,,,,,-1.5625,,,,,,21.9143495,39.3121726,
17:56:28.231,,,,,,,,,,,,,,,,,,,,,,,,,,,,,,,,,,,,,,,,,,,,,,,,,,,,,,,,,,-0.78125,,,,,,,21.9143495,39.3121726,
17:56:28.294,,,,,,,,,,,,,,,,,,,,,,,,,,,,,,,,,,,,,,,,,,,,,,,,,,,,,,,,,,,-1.5625,,,,,,21.9143495,39.3121726,
17:56:28.360,,,,,,,,,,,,,,,,,,,,,,,,,,,,,,,,,,,,,,,,,,,,,,,,,,,,,,,,,,-0.78125,,,,,,,21.9143495,39.3121726,
17:56:28.415,,,,,,,,,,,,,,,,,,,,,,,,,,,,,,,,,,,,,,,,,,,,,,,,,,,,,,,,,,,-1.5625,,,,,,21.9143495,39.3121726,
17:56:28.478,,,,,,,,,,,,,,,,,,,,,,,,,,,,,,,,,,,,,,,,,,,,,,,,,,,,,,,,,,-0.78125,,,,,,,21.9143495,39.3121726,
17:56:28.533,,,,,,,,,,,,,,,,,,137.70001220703125,,,,,,,,0.22675933223943395,,,,,,,,,,,,,,,,,,,,,,,,,,,,,,,,,,0.26701760888099674,,,,,21.9143495,39.3121726,
17:56:28.533,,,,,,,,,,,,,,,,,,137.70001220703125,,,,,,,,0.22675935330080924,,,,,,,,,,,,,,,,,,,,,,,,,,,,,,,,,,0.26701760888099674,,,,,21.9143495,39.3121726,
17:56:28.541,,,,,,,,,,,,,,,,,,,,,,,,,,,,,,,,,,,,,,,,,,,,,,,,,,,,,,,,,,,-2.34375,,,,,,21.9143495,39.3121726,
17:56:28.601,,,,,,,,,,,,,,,,,,,,,,,,,,,,,,,,,,,,,,,,,,,,,,,,,,,,,,,,,,0,,,,,,,21.9143495,39.3121726,
17:56:28.649,,,,,,,,,,,,,,,,,,,,,,,,,,,,,,,,,,,,,,,,,,,,,,,,,,,,,,,,,,,-1.5625,,,,,,21.9143495,39.3121726,
17:56:28.677,,,,,,,,,,,,,,,,,,,,,,,,,,,,,,,,,,,,,,,,,,,,,,,,,,,,,,,,,,-0.78125,,,,,,,21.9143495,39.3121726,
17:56:28.734,,,,,,,,,,,,,,,,,,,,,,,,,,,,,,,,,,,,,,,,,,,,,,,,,,,,,,,,,,,-1.5625,,,,,,21.9143495,39.3121726,
17:56:28.774,,,,,,,,,,,,,,,,,,,,,,,,,,,,,,,,,,,,,,,,,,,,,,,,,,,,,,,,,,-0.78125,,,,,,,21.9143495,39.3121726,
17:56:28.833,,,,,,,,,,,,,,,,,,,,,,,,,,,,,,,,,,,,,,,,,,,,,,,,,,,,,,,,,,,-1.5625,,,,,,21.9143495,39.3121726,
17:56:28.905,,,,,,,,,,,,,,,,,,,,,,,,,,,,,,,,,,,,,,,,,,,,,,,,,,,,,,,,,,0,,,,,,,21.9143495,39.3121726,
17:56:28.985,,,,,,,,,,,,,,,,,,,,,,,,,,,,,,,,,,,,,,,,,,,,,,,,,,,,,,,,,,,-0.78125,,,,,,21.9143495,39.3121726,
17:56:29.062,,,,,,,,,,,,,,,,,,,,,,,,,,,,,,,,,,,,,,,,,,,,,,,,,,,,,,,,,,0.78125,,,,,,,21.9143495,39.3121726,
17:56:29.106,,,,,,,,,,,,,,,,,,,,,,,,,,,,,,,,,,,,,,,,,,,,,,,,,,,,,,,,,,,0,,,,,,21.9143495,39.3121726,
17:56:29.170,,,,,,,,,,,,,,,,,,,,,,,,,,,,,,,,,,,,,,,,,,,,,,,,,,,,,,,,,,2.34375,,,,,,,21.9143495,39.3121726,
17:56:29.221,,,,,,,,,,,,,,,,,,,,,,,,,,,,,,,,,,,,,,,,,,,,,,,,,,,,,,,,,,,1.5625,,,,,,21.9143495,39.3121726,
17:56:29.287,,,,,,,,,,,,,,,,,,,,,,,,,,,,,,,,,,,,,,,,,,,,,,,,,,,,,,,,,,3.90625,,,,,,,21.9143495,39.3121726,
17:56:29.337,,,,,,,,,,,,,,,,,,,,,,,,,,,,,,,,,,,,,,,,,,,,,,,,,,,,,,,,,,,3.125,,,,,,21.9143495,39.3121726,
17:56:29.375,,,,,,,,,,,,,,,,,,,,,,,,,,,,,,,,,,,,,,,,,,,,,,,,,,,,,,,,,,4.6875,,,,,,,21.9143495,39.3121726,
17:56:29.425,,,,,,,,,,,,,,,,,,,,,,,,,,,,,,,,,,,,,,,,,,,,,,,,,,,,,,,,,,,3.90625,,,,,,21.9143495,39.3121726,
17:56:29.454,,,,,,,,,,,,,,,,,,,,,,,,,,,,,,,,,,,,,,,,,,,,,,,,,,,,,,,,,,4.6875,,,,,,,21.9143495,39.3121726,
17:56:29.494,,,,,,,,,,,,,,,,,,,,,,,,,,,,,,,,,,,,,,,,,,,,,,,,,,,,,,,,,,,3.90625,,,,,,21.9143495,39.3121726,
17:56:29.540,,,,,,,,,,,,,,,,,,137.70001220703125,,,,,,,,0.2271193107191925,,,,,,,,,,,,,,,,,,,,,,,,,,,,,,,,,,0.2703651398420334,,,,,21.9143495,39.3121726,
17:56:29.540,,,,,,,,,,,,,,,,,,137.70001220703125,,,,,,,,0.22711934829234673,,,,,,,,,,,,,,,,,,,,,,,,,,,,,,,,,,0.2703651398420334,,,,,21.9143495,39.3121725,
17:56:29.559,,,,,,,,,,,,,,,,,,,,,,,,,,,,,,,,,,,,,,,,,,,,,,,,,,,,,,,,,,3.90625,,,,,,,21.9143495,39.3121725,
17:56:29.616,,,,,,,,,,,,,,,,,,,,,,,,,,,,,,,,,,,,,,,,,,,,,,,,,,,,,,,,,,,3.125,,,,,,21.9143495,39.3121725,
17:56:29.689,,,,,,,,,,,,,,,,,,,,,,,,,,,,,,,,,,,,,,,,,,,,,,,,,,,,,,,,,,2.34375,,,,,,,21.9143495,39.3121725,
17:56:29.735,,,,,,,,,,,,,,,,,,,,,,,,,,,,,,,,,,,,,,,,,,,,,,,,,,,,,,,,,,,2.34375,,,,,,21.9143495,39.3121725,
17:56:29.811,,,,,,,,,,,,,,,,,,,,,,,,,,,,,,,,,,,,,,,,,,,,,,,,,,,,,,,,,,0.78125,,,,,,,21.9143495,39.3121725,
17:56:29.882,,,,,,,,,,,,,,,,,,,,,,,,,,,,,,,,,,,,,,,,,,,,,,,,,,,,,,,,,,,1.5625,,,,,,21.9143495,39.3121725,
17:56:29.946,,,,,,,,,,,,,,,,,,,,,,,,,,,,,,,,,,,,,,,,,,,,,,,,,,,,,,,,,,-0.78125,,,,,,,21.9143495,39.3121725,
17:56:30.009,,,,,,,,,,,,,,,,,,,,,,,,,,,,,,,,,,,,,,,,,,,,,,,,,,,,,,,,,,,0.78125,,,,,,21.9143495,39.3121725,
17:56:30.062,,,,,,,,,,,,,,,,,,,,,,,,,,,,,,,,,,,,,,,,,,,,,,,,,,,,,,,,,,-1.5625,,,,,,,21.9143495,39.3121725,
17:56:30.125,,,,,,,,,,,,,,,,,,,,,,,,,,,,,,,,,,,,,,,,,,,,,,,,,,,,,,,,,,,0,,,,,,21.9143495,39.3121725,
17:56:30.190,,,,,,,,,,,,,,,,,,,,,,,,,,,,,,,,,,,,,,,,,,,,,,,,,,,,,,,,,,-2.34375,,,,,,,21.9143495,39.3121725,
17:56:30.236,,,,,,,,,,,,,,,,,,,,,,,,,,,,,,,,,,,,,,,,,,,,,,,,,,,,,,,,,,,0,,,,,,21.9143495,39.3121725,
17:56:30.277,,,,,,,,,,,,,,,,,,,,,,,,,,,,,,,,,,,,,,,,,,,,,,,,,,,,,,,,,,-1.5625,,,,,,,21.9143495,39.3121725,
17:56:30.342,,,,,,,,,,,,,,,,,,,,,,,,,,,,,,,,,,,,,,,,,,,,,,,,,,,,,,,,,,,0.78125,,,,,,21.9143495,39.3121725,
17:56:30.397,,,,,,,,,,,,,,,,,,,,,,,,,,,,,,,,,,,,,,,,,,,,,,,,,,,,,,,,,,-0.78125,,,,,,,21.9143495,39.3121725,
17:56:30.468,,,,,,,,,,,,,,,,,,,,,,,,,,,,,,,,,,,,,,,,,,,,,,,,,,,,,,,,,,,1.5625,,,,,,21.9143495,39.3121725,
17:56:30.516,,,,,,,,,,,,,,,,,,,,,,,,,,,,,,,,,,,,,,,,,,,,,,,,,,,,,,,,,,0.78125,,,,,,,21.9143495,39.3121725,
17:56:30.533,,,,,,,,,,,,,,,,,,137.70001220703125,,,,,,,,0.22737022224521522,,,,,,,,,,,,,,,,,,,,,,,,,,,,,,,,,,0.2581921488046646,,,,,21.9143495,39.3121725,
17:56:30.533,,,,,,,,,,,,,,,,,,137.70001220703125,,,,,,,,0.2273702404381638,,,,,,,,,,,,,,,,,,,,,,,,,,,,,,,,,,0.2581921488046646,,,,,21.9143484,39.3121734,
17:56:30.574,,,,,,,,,,,,,,,,,,,,,,,,,,,,,,,,,,,,,,,,,,,,,,,,,,,,,,,,,,,1.5625,,,,,,21.9143484,39.3121734,
17:56:30.660,,,,,,,,,,,,,,,,,,,,,,,,,,,,,,,,,,,,,,,,,,,,,,,,,,,,,,,,,,2.34375,,,,,,,21.9143484,39.3121734,
17:56:30.726,,,,,,,,,,,,,,,,,,,,,,,,,,,,,,,,,,,,,,,,,,,,,,,,,,,,,,,,,,,2.34375,,,,,,21.9143484,39.3121734,
17:56:30.785,,,,,,,,,,,,,,,,,,,,,,,,,,,,,,,,,,,,,,,,,,,,,,,,,,,,,,,,,,2.34375,,,,,,,21.9143484,39.3121734,
17:56:30.845,,,,,,,,,,,,,,,,,,,,,,,,,,,,,,,,,,,,,,,,,,,,,,,,,,,,,,,,,,,1.5625,,,,,,21.9143484,39.3121734,
17:56:30.912,,,,,,,,,,,,,,,,,,,,,,,,,,,,,,,,,,,,,,,,,,,,,,,,,,,,,,,,,,2.34375,,,,,,,21.9143484,39.3121734,
17:56:30.956,,,,,,,,,,,,,,,,,,,,,,,,,,,,,,,,,,,,,,,,,,,,,,,,,,,,,,,,,,,1.5625,,,,,,21.9143484,39.3121734,
17:56:30.986,,,,,,,,,,,,,,,,,,,,,,,,,,,,,,,,,,,,,,,,,,,,,,,,,,,,,,,,,,3.125,,,,,,,21.9143484,39.3121734,
17:56:31.055,,,,,,,,,,,,,,,,,,,,,,,,,,,,,,,,,,,,,,,,,,,,,,,,,,,,,,,,,,,1.5625,,,,,,21.9143484,39.3121734,
17:56:31.130,,,,,,,,,,,,,,,,,,,,,,,,,,,,,,,,,,,,,,,,,,,,,,,,,,,,,,,,,,2.34375,,,,,,,21.9143484,39.3121734,
17:56:31.195,,,,,,,,,,,,,,,,,,,,,,,,,,,,,,,,,,,,,,,,,,,,,,,,,,,,,,,,,,,2.34375,,,,,,21.9143484,39.3121734,
17:56:31.264,,,,,,,,,,,,,,,,,,,,,,,,,,,,,,,,,,,,,,,,,,,,,,,,,,,,,,,,,,2.34375,,,,,,,21.9143484,39.3121734,
17:56:31.329,,,,,,,,,,,,,,,,,,,,,,,,,,,,,,,,,,,,,,,,,,,,,,,,,,,,,,,,,,,1.5625,,,,,,21.9143484,39.3121734,
17:56:31.374,,,,,,,,,,,,,,,,,,,,,,,,,,,,,,,,,,,,,,,,,,,,,,,,,,,,,,,,,,2.34375,,,,,,,21.9143484,39.3121734,
17:56:31.413,,,,,,,,,,,,,,,,,,,,,,,,,,,,,,,,,,,,,,,,,,,,,,,,,,,,,,,,,,,1.5625,,,,,,21.9143484,39.3121734,
17:56:31.471,,,,,,,,,,,,,,,,,,,,,,,,,,,,,,,,,,,,,,,,,,,,,,,,,,,,,,,,,,1.5625,,,,,,,21.9143484,39.3121734,
17:56:31.528,,,,,,,,,,,,,,,,,,137.70001220703125,,,,,,,,0.22763163063337788,,,,,,,,,,,,,,,,,,,,,,,,,,,,,,,,,,0.2599480837583542,,,,,21.9143484,39.3121734,
17:56:31.528,,,,,,,,,,,,,,,,,,137.70001220703125,,,,,,,,0.22763165508086625,,,,,,,,,,,,,,,,,,,,,,,,,,,,,,,,,,0.2599480837583542,,,,,21.9143484,39.3121733,
17:56:31.538,,,,,,,,,,,,,,,,,,,,,,,,,,,,,,,,,,,,,,,,,,,,,,,,,,,,,,,,,,,1.5625,,,,,,21.9143484,39.3121733,
17:56:31.599,,,,,,,,,,,,,,,,,,,,,,,,,,,,,,,,,,,,,,,,,,,,,,,,,,,,,,,,,,1.5625,,,,,,,21.9143484,39.3121733,
17:56:31.665,,,,,,,,,,,,,,,,,,,,,,,,,,,,,,,,,,,,,,,,,,,,,,,,,,,,,,,,,,,2.34375,,,,,,21.9143484,39.3121733,
17:56:31.717,,,,,,,,,,,,,,,,,,,,,,,,,,,,,,,,,,,,,,,,,,,,,,,,,,,,,,,,,,1.5625,,,,,,,21.9143484,39.3121733,
17:56:31.790,,,,,,,,,,,,,,,,,,,,,,,,,,,,,,,,,,,,,,,,,,,,,,,,,,,,,,,,,,,1.5625,,,,,,21.9143484,39.3121733,
17:56:31.833,,,,,,,,,,,,,,,,,,,,,,,,,,,,,,,,,,,,,,,,,,,,,,,,,,,,,,,,,,1.5625,,,,,,,21.9143484,39.3121733,
17:56:31.894,,,,,,,,,,,,,,,,,,,,,,,,,,,,,,,,,,,,,,,,,,,,,,,,,,,,,,,,,,,1.5625,,,,,,21.9143484,39.3121733,
17:56:31.958,,,,,,,,,,,,,,,,,,,,,,,,,,,,,,,,,,,,,,,,,,,,,,,,,,,,,,,,,,1.5625,,,,,,,21.9143484,39.3121733,
17:56:32.035,,,,,,,,,,,,,,,,,,,,,,,,,,,,,,,,,,,,,,,,,,,,,,,,,,,,,,,,,,,2.34375,,,,,,21.9143484,39.3121733,
17:56:32.101,,,,,,,,,,,,,,,,,,,,,,,,,,,,,,,,,,,,,,,,,,,,,,,,,,,,,,,,,,1.5625,,,,,,,21.9143484,39.3121733,
17:56:32.167,,,,,,,,,,,,,,,,,,,,,,,,,,,,,,,,,,,,,,,,,,,,,,,,,,,,,,,,,,,2.34375,,,,,,21.9143484,39.3121733,
17:56:32.230,,,,,,,,,,,,,,,,,,,,,,,,,,,,,,,,,,,,,,,,,,,,,,,,,,,,,,,,,,1.5625,,,,,,,21.9143484,39.3121733,
17:56:32.281,,,,,,,,,,,,,,,,,,,,,,,,,,,,,,,,,,,,,,,,,,,,,,,,,,,,,,,,,,,3.125,,,,,,21.9143484,39.3121733,
17:56:32.346,,,,,,,,,,,,,,,,,,,,,,,,,,,,,,,,,,,,,,,,,,,,,,,,,,,,,,,,,,1.5625,,,,,,,21.9143484,39.3121733,
17:56:32.397,,,,,,,,,,,,,,,,,,,,,,,,,,,,,,,,,,,,,,,,,,,,,,,,,,,,,,,,,,,2.34375,,,,,,21.9143484,39.3121733,
17:56:32.438,,,,,,,,,,,,,,,,,,,,,,,,,,,,,,,,,,,,,,,,,,,,,,,,,,,,,,,,,,1.5625,,,,,,,21.9143484,39.3121733,
17:56:32.493,,,,,,,,,,,,,,,,,,,,,,,,,,,,,,,,,,,,,,,,,,,,,,,,,,,,,,,,,,,2.34375,,,,,,21.9143484,39.3121733,
17:56:32.542,,,,,,,,,,,,,,,,,,137.70001220703125,,,,,,,,0.2278487582938484,,,,,,,,,,,,,,,,,,,,,,,,,,,,,,,,,,0.2544131577014923,,,,,21.9143484,39.3121733,
17:56:32.542,,,,,,,,,,,,,,,,,,137.70001220703125,,,,,,,,0.22784877425309774,,,,,,,,,,,,,,,,,,,,,,,,,,,,,,,,,,0.2544131577014923,,,,,21.9143483,39.3121732,
17:56:32.559,,,,,,,,,,,,,,,,,,,,,,,,,,,,,,,,,,,,,,,,,,,,,,,,,,,,,,,,,,2.34375,,,,,,,21.9143483,39.3121732,
17:56:32.610,,,,,,,,,,,,,,,,,,,,,,,,,,,,,,,,,,,,,,,,,,,,,,,,,,,,,,,,,,,3.125,,,,,,21.9143483,39.3121732,
17:56:32.685,,,,,,,,,,,,,,,,,,,,,,,,,,,,,,,,,,,,,,,,,,,,,,,,,,,,,,,,,,2.34375,,,,,,,21.9143483,39.3121732,
17:56:32.758,,,,,,,,,,,,,,,,,,,,,,,,,,,,,,,,,,,,,,,,,,,,,,,,,,,,,,,,,,,3.125,,,,,,21.9143483,39.3121732,
17:56:32.818,,,,,,,,,,,,,,,,,,,,,,,,,,,,,,,,,,,,,,,,,,,,,,,,,,,,,,,,,,3.125,,,,,,,21.9143483,39.3121732,
17:56:32.848,,,,,,,,,,,,,,,,,,,,,,,,,,,,,,,,,,,,,,,,,,,,,,,,,,,,,,,,,,,3.90625,,,,,,21.9143483,39.3121732,
17:56:32.885,,,,,,,,,,,,,,,,,,,,,,,,,,,,,,,,,,,,,,,,,,,,,,,,,,,,,,,,,,3.125,,,,,,,21.9143483,39.3121732,
17:56:32.938,,,,,,,,,,,,,,,,,,,,,,,,,,,,,,,,,,,,,,,,,,,,,,,,,,,,,,,,,,,3.90625,,,,,,21.9143483,39.3121732,
17:56:32.975,,,,,,,,,,,,,,,,,,,,,,,,,,,,,,,,,,,,,,,,,,,,,,,,,,,,,,,,,,3.90625,,,,,,,21.9143483,39.3121732,
17:56:33.025,,,,,,,,,,,,,,,,,,,,,,,,,,,,,,,,,,,,,,,,,,,,,,,,,,,,,,,,,,,3.125,,,,,,21.9143483,39.3121732,
17:56:33.067,,,,,,,,,,,,,,,,,,,,,,,,,,,,,,,,,,,,,,,,,,,,,,,,,,,,,,,,,,3.90625,,,,,,,21.9143483,39.3121732,
17:56:33.118,,,,,,,,,,,,,,,,,,,,,,,,,,,,,,,,,,,,,,,,,,,,,,,,,,,,,,,,,,,3.90625,,,,,,21.9143483,39.3121732,
17:56:33.169,,,,,,,,,,,,,,,,,,,,,,,,,,,,,,,,,,,,,,,,,,,,,,,,,,,,,,,,,,3.90625,,,,,,,21.9143483,39.3121732,
17:56:33.209,,,,,,,,,,,,,,,,,,,,,,,,,,,,,,,,,,,,,,,,,,,,,,,,,,,,,,,,,,,3.125,,,,,,21.9143483,39.3121732,
17:56:33.275,,,,,,,,,,,,,,,,,,,,,,,,,,,,,,,,,,,,,,,,,,,,,,,,,,,,,,,,,,3.125,,,,,,,21.9143483,39.3121732,
17:56:33.339,,,,,,,,,,,,,,,,,,,,,,,,,,,,,,,,,,,,,,,,,,,,,,,,,,,,,,,,,,,3.90625,,,,,,21.9143483,39.3121732,
17:56:33.390,,,,,,,,,,,,,,,,,,,,,,,,,,,,,,,,,,,,,,,,,,,,,,,,,,,,,,,,,,3.125,,,,,,,21.9143483,39.3121732,
17:56:33.454,,,,,,,,,,,,,,,,,,,,,,,,,,,,,,,,,,,,,,,,,,,,,,,,,,,,,,,,,,,3.90625,,,,,,21.9143483,39.3121732,
17:56:33.518,,,,,,,,,,,,,,,,,,,,,,,,,,,,,,,,,,,,,,,,,,,,,,,,,,,,,,,,,,3.125,,,,,,,21.9143483,39.3121732,
17:56:33.543,,,,,,,,,,,,,,,,,,137.70001220703125,,,,,,,,0.22812221758169868,,,,,,,,,,,,,,,,,,,,,,,,,,,,,,,,,,0.2622659415006638,,,,,21.9143483,39.3121732,
17:56:33.543,,,,,,,,,,,,,,,,,,137.70001220703125,,,,,,,,0.2281222395030546,,,,,,,,,,,,,,,,,,,,,,,,,,,,,,,,,,0.2622659415006638,,,,,21.9143482,39.3121731,
17:56:33.570,,,,,,,,,,,,,,,,,,,,,,,,,,,,,,,,,,,,,,,,,,,,,,,,,,,,,,,,,,,3.90625,,,,,,21.9143482,39.3121731,
17:56:33.598,,,,,,,,,,,,,,,,,,,,,,,,,,,,,,,,,,,,,,,,,,,,,,,,,,,,,,,,,,3.90625,,,,,,,21.9143482,39.3121731,
17:56:33.640,,,,,,,,,,,,,,,,,,,,,,,,,,,,,,,,,,,,,,,,,,,,,,,,,,,,,,,,,,,3.90625,,,,,,21.9143482,39.3121731,
17:56:33.702,,,,,,,,,,,,,,,,,,,,,,,,,,,,,,,,,,,,,,,,,,,,,,,,,,,,,,,,,,3.90625,,,,,,,21.9143482,39.3121731,
17:56:33.750,,,,,,,,,,,,,,,,,,,,,,,,,,,,,,,,,,,,,,,,,,,,,,,,,,,,,,,,,,,3.125,,,,,,21.9143482,39.3121731,
17:56:33.813,,,,,,,,,,,,,,,,,,,,,,,,,,,,,,,,,,,,,,,,,,,,,,,,,,,,,,,,,,3.90625,,,,,,,21.9143482,39.3121731,
17:56:33.877,,,,,,,,,,,,,,,,,,,,,,,,,,,,,,,,,,,,,,,,,,,,,,,,,,,,,,,,,,,2.34375,,,,,,21.9143482,39.3121731,
17:56:33.931,,,,,,,,,,,,,,,,,,,,,,,,,,,,,,,,,,,,,,,,,,,,,,,,,,,,,,,,,,3.125,,,,,,,21.9143482,39.3121731,
17:56:33.993,,,,,,,,,,,,,,,,,,,,,,,,,,,,,,,,,,,,,,,,,,,,,,,,,,,,,,,,,,,2.34375,,,,,,21.9143482,39.3121731,
17:56:34.071,,,,,,,,,,,,,,,,,,,,,,,,,,,,,,,,,,,,,,,,,,,,,,,,,,,,,,,,,,3.125,,,,,,,21.9143482,39.3121731,
17:56:34.109,,,,,,,,,,,,,,,,,,,,,,,,,,,,,,,,,,,,,,,,,,,,,,,,,,,,,,,,,,,1.5625,,,,,,21.9143482,39.3121731,
17:56:34.186,,,,,,,,,,,,,,,,,,,,,,,,,,,,,,,,,,,,,,,,,,,,,,,,,,,,,,,,,,3.125,,,,,,,21.9143482,39.3121731,
17:56:34.231,,,,,,,,,,,,,,,,,,,,,,,,,,,,,,,,,,,,,,,,,,,,,,,,,,,,,,,,,,,1.5625,,,,,,21.9143482,39.3121731,
17:56:34.293,,,,,,,,,,,,,,,,,,,,,,,,,,,,,,,,,,,,,,,,,,,,,,,,,,,,,,,,,,2.34375,,,,,,,21.9143482,39.3121731,
17:56:34.358,,,,,,,,,,,,,,,,,,,,,,,,,,,,,,,,,,,,,,,,,,,,,,,,,,,,,,,,,,,0.78125,,,,,,21.9143482,39.3121731,
17:56:34.409,,,,,,,,,,,,,,,,,,,,,,,,,,,,,,,,,,,,,,,,,,,,,,,,,,,,,,,,,,2.34375,,,,,,,21.9143482,39.3121731,
17:56:34.459,,,,,,,,,,,,,,,,,,,,,,,,,,,,,,,,,,,,,,,,,,,,,,,,,,,,,,,,,,,0.78125,,,,,,21.9143482,39.3121731,
17:56:34.498,,,,,,,,,,,,,,,,,,,,,,,,,,,,,,,,,,,,,,,,,,,,,,,,,,,,,,,,,,1.5625,,,,,,,21.9143482,39.3121731,
17:56:34.526,,,,,,,,,,,,,,,,,,,,,,,,,,,,,,,,,,,,,,,,,,,,,,,,,,,,,,,,,,,0.78125,,,,,,21.9143482,39.3121731,
17:56:34.537,,,,,,,,,,,,,,,,,,137.70001220703125,,,,,,,,0.22843693757367933,,,,,,,,,,,,,,,,,,,,,,,,,,,,,,,,,,0.2683227449655533,,,,,21.9143482,39.3121731,
17:56:34.537,,,,,,,,,,,,,,,,,,137.70001220703125,,,,,,,,0.22843695701401256,,,,,,,,,,,,,,,,,,,,,,,,,,,,,,,,,,0.2683227449655533,,,,,21.9143482,39.312173,
17:56:34.554,,,,,,,,,,,,,,,,,,,,,,,,,,,,,,,,,,,,,,,,,,,,,,,,,,,,,,,,,,1.5625,,,,,,,21.9143482,39.312173,
17:56:34.593,,,,,,,,,,,,,,,,,,,,,,,,,,,,,,,,,,,,,,,,,,,,,,,,,,,,,,,,,,,0.78125,,,,,,21.9143482,39.312173,
17:56:34.658,,,,,,,,,,,,,,,,,,,,,,,,,,,,,,,,,,,,,,,,,,,,,,,,,,,,,,,,,,2.34375,,,,,,,21.9143482,39.312173,
17:56:34.709,,,,,,,,,,,,,,,,,,,,,,,,,,,,,,,,,,,,,,,,,,,,,,,,,,,,,,,,,,,1.5625,,,,,,21.9143482,39.312173,
17:56:34.794,,,,,,,,,,,,,,,,,,,,,,,,,,,,,,,,,,,,,,,,,,,,,,,,,,,,,,,,,,1.5625,,,,,,,21.9143482,39.312173,
17:56:34.834,,,,,,,,,,,,,,,,,,,,,,,,,,,,,,,,,,,,,,,,,,,,,,,,,,,,,,,,,,,0.78125,,,,,,21.9143482,39.312173,
17:56:34.909,,,,,,,,,,,,,,,,,,,,,,,,,,,,,,,,,,,,,,,,,,,,,,,,,,,,,,,,,,1.5625,,,,,,,21.9143482,39.312173,
17:56:35.013,,,,,,,,,,,,,,,,,,,,,,,,,,,,,,,,,,,,,,,,,,,,,,,,,,,,,,,,,,,0.78125,,,,,,21.9143482,39.312173,
17:56:35.103,,,,,,,,,,,,,,,,,,,,,,,,,,,,,,,,,,,,,,,,,,,,,,,,,,,,,,,,,,0.78125,,,,,,,21.9143482,39.312173,
17:56:35.194,,,,,,,,,,,,,,,,,,,,,,,,,,,,,,,,,,,,,,,,,,,,,,,,,,,,,,,,,,,0.78125,,,,,,21.9143482,39.312173,
17:56:35.274,,,,,,,,,,,,,,,,,,,,,,,,,,,,,,,,,,,,,,,,,,,,,,,,,,,,,,,,,,-0.78125,,,,,,,21.9143482,39.312173,
17:56:35.362,,,,,,,,,,,,,,,,,,,,,,,,,,,,,,,,,,,,,,,,,,,,,,,,,,,,,,,,,,,-0.78125,,,,,,21.9143482,39.312173,
17:56:35.462,,,,,,,,,,,,,,,,,,,,,,,,,,,,,,,,,,,,,,,,,,,,,,,,,,,,,,,,,,-1.5625,,,,,,,21.9143482,39.312173,
17:56:35.526,,,,,,,,,,,,,,,,,,,,,,,,,,,,,,,,,,,,,,,,,,,,,,,,,,,,,,,,,,,-3.125,,,,,,21.9143482,39.312173,
17:56:35.545,,,,,,,,,,,,,,,,,,137.70001220703125,,,,,,,,0.22873208016801785,,,,,,,,,,,,,,,,,,,,,,,,,,,,,,,,,,0.2659091860055924,,,,,21.9143482,39.312173,
17:56:35.546,,,,,,,,,,,,,,,,,,137.70001220703125,,,,,,,,0.2287321036054246,,,,,,,,,,,,,,,,,,,,,,,,,,,,,,,,,,0.2659091860055924,,,,,21.9143483,39.3121725,
17:56:35.589,,,,,,,,,,,,,,,,,,,,,,,,,,,,,,,,,,,,,,,,,,,,,,,,,,,,,,,,,,-2.34375,,,,,,,21.9143483,39.3121725,
17:56:35.637,,,,,,,,,,,,,,,,,,,,,,,,,,,,,,,,,,,,,,,,,,,,,,,,,,,,,,,,,,,-3.125,,,,,,21.9143483,39.3121725,
17:56:35.696,,,,,,,,,,,,,,,,,,,,,,,,,,,,,,,,,,,,,,,,,,,,,,,,,,,,,,,,,,-2.34375,,,,,,,21.9143483,39.3121725,
17:56:35.769,,,,,,,,,,,,,,,,,,,,,,,,,,,,,,,,,,,,,,,,,,,,,,,,,,,,,,,,,,,-3.90625,,,,,,21.9143483,39.3121725,
17:56:35.828,,,,,,,,,,,,,,,,,,,,,,,,,,,,,,,,,,,,,,,,,,,,,,,,,,,,,,,,,,-2.34375,,,,,,,21.9143483,39.3121725,
17:56:35.890,,,,,,,,,,,,,,,,,,,,,,,,,,,,,,,,,,,,,,,,,,,,,,,,,,,,,,,,,,,-3.90625,,,,,,21.9143483,39.3121725,
17:56:35.942,,,,,,,,,,,,,,,,,,,,,,,,,,,,,,,,,,,,,,,,,,,,,,,,,,,,,,,,,,-2.34375,,,,,,,21.9143483,39.3121725,
17:56:36.007,,,,,,,,,,,,,,,,,,,,,,,,,,,,,,,,,,,,,,,,,,,,,,,,,,,,,,,,,,,-3.90625,,,,,,21.9143483,39.3121725,
17:56:36.069,,,,,,,,,,,,,,,,,,,,,,,,,,,,,,,,,,,,,,,,,,,,,,,,,,,,,,,,,,-2.34375,,,,,,,21.9143483,39.3121725,
17:56:36.122,,,,,,,,,,,,,,,,,,,,,,,,,,,,,,,,,,,,,,,,,,,,,,,,,,,,,,,,,,,-3.90625,,,,,,21.9143483,39.3121725,
17:56:36.196,,,,,,,,,,,,,,,,,,,,,,,,,,,,,,,,,,,,,,,,,,,,,,,,,,,,,,,,,,-2.34375,,,,,,,21.9143483,39.3121725,
17:56:36.250,,,,,,,,,,,,,,,,,,,,,,,,,,,,,,,,,,,,,,,,,,,,,,,,,,,,,,,,,,,-3.90625,,,,,,21.9143483,39.3121725,
17:56:36.301,,,,,,,,,,,,,,,,,,,,,,,,,,,,,,,,,,,,,,,,,,,,,,,,,,,,,,,,,,-2.34375,,,,,,,21.9143483,39.3121725,
17:56:36.374,,,,,,,,,,,,,,,,,,,,,,,,,,,,,,,,,,,,,,,,,,,,,,,,,,,,,,,,,,,-3.90625,,,,,,21.9143483,39.3121725,
17:56:36.414,,,,,,,,,,,,,,,,,,,,,,,,,,,,,,,,,,,,,,,,,,,,,,,,,,,,,,,,,,-2.34375,,,,,,,21.9143483,39.3121725,
17:56:36.454,,,,,,,,,,,,,,,,,,,,,,,,,,,,,,,,,,,,,,,,,,,,,,,,,,,,,,,,,,,-3.90625,,,,,,21.9143483,39.3121725,
17:56:36.517,,,,,,,,,,,,,,,,,,,,,,,,,,,,,,,,,,,,,,,,,,,,,,,,,,,,,,,,,,-2.34375,,,,,,,21.9143483,39.3121725,
17:56:36.527,,,,,,,,,,,,,,,,,,137.70001220703125,,,,,,,,0.22911101752843582,,,,,,,,,,,,,,,,,,,,,,,,,,,,,,,,,,0.2785290330648422,,,,,21.9143483,39.3121725,
17:56:36.527,,,,,,,,,,,,,,,,,,137.70001220703125,,,,,,,,0.22911104944184527,,,,,,,,,,,,,,,,,,,,,,,,,,,,,,,,,,0.2785290330648422,,,,,21.9143482,39.3121724,
17:56:36.582,,,,,,,,,,,,,,,,,,,,,,,,,,,,,,,,,,,,,,,,,,,,,,,,,,,,,,,,,,,-3.90625,,,,,,21.9143482,39.3121724,
17:56:36.634,,,,,,,,,,,,,,,,,,,,,,,,,,,,,,,,,,,,,,,,,,,,,,,,,,,,,,,,,,-1.5625,,,,,,,21.9143482,39.3121724,
17:56:36.698,,,,,,,,,,,,,,,,,,,,,,,,,,,,,,,,,,,,,,,,,,,,,,,,,,,,,,,,,,,-3.90625,,,,,,21.9143482,39.3121724,
17:56:36.750,,,,,,,,,,,,,,,,,,,,,,,,,,,,,,,,,,,,,,,,,,,,,,,,,,,,,,,,,,-0.78125,,,,,,,21.9143482,39.3121724,
17:56:36.778,,,,,,,,,,,,,,,,,,,,,,,,,,,,,,,,,,,,,,,,,,,,,,,,,,,,,,,,,,,-3.125,,,,,,21.9143482,39.3121724,
17:56:36.805,,,,,,,,,,,,,,,,,,,,,,,,,,,,,,,,,,,,,,,,,,,,,,,,,,,,,,,,,,-0.78125,,,,,,,21.9143482,39.3121724,
17:56:36.840,,,,,,,,,,,,,,,,,,,,,,,,,,,,,,,,,,,,,,,,,,,,,,,,,,,,,,,,,,,-2.34375,,,,,,21.9143482,39.3121724,
17:56:36.869,,,,,,,,,,,,,,,,,,,,,,,,,,,,,,,,,,,,,,,,,,,,,,,,,,,,,,,,,,-0.78125,,,,,,,21.9143482,39.3121724,
17:56:36.933,,,,,,,,,,,,,,,,,,,,,,,,,,,,,,,,,,,,,,,,,,,,,,,,,,,,,,,,,,,-2.34375,,,,,,21.9143482,39.3121724,
17:56:37.009,,,,,,,,,,,,,,,,,,,,,,,,,,,,,,,,,,,,,,,,,,,,,,,,,,,,,,,,,,-0.78125,,,,,,,21.9143482,39.3121724,
17:56:37.049,,,,,,,,,,,,,,,,,,,,,,,,,,,,,,,,,,,,,,,,,,,,,,,,,,,,,,,,,,,-1.5625,,,,,,21.9143482,39.3121724,
17:56:37.127,,,,,,,,,,,,,,,,,,,,,,,,,,,,,,,,,,,,,,,,,,,,,,,,,,,,,,,,,,-0.78125,,,,,,,21.9143482,39.3121724,
17:56:37.196,,,,,,,,,,,,,,,,,,,,,,,,,,,,,,,,,,,,,,,,,,,,,,,,,,,,,,,,,,,-2.34375,,,,,,21.9143482,39.3121724,
17:56:37.234,,,,,,,,,,,,,,,,,,,,,,,,,,,,,,,,,,,,,,,,,,,,,,,,,,,,,,,,,,-1.5625,,,,,,,21.9143482,39.3121724,
17:56:37.293,,,,,,,,,,,,,,,,,,,,,,,,,,,,,,,,,,,,,,,,,,,,,,,,,,,,,,,,,,,-3.125,,,,,,21.9143482,39.3121724,
17:56:37.358,,,,,,,,,,,,,,,,,,,,,,,,,,,,,,,,,,,,,,,,,,,,,,,,,,,,,,,,,,-1.5625,,,,,,,21.9143482,39.3121724,
17:56:37.417,,,,,,,,,,,,,,,,,,,,,,,,,,,,,,,,,,,,,,,,,,,,,,,,,,,,,,,,,,,-3.125,,,,,,21.9143482,39.3121724,
17:56:37.469,,,,,,,,,,,,,,,,,,,,,,,,,,,,,,,,,,,,,,,,,,,,,,,,,,,,,,,,,,-1.5625,,,,,,,21.9143482,39.3121724,
17:56:37.495,,,,,,,,,,,,,,,,,,,,,,,,,,,,,,,,,,,,,,,,,,,,,,,,,,,,,,,,,,,-2.34375,,,,,,21.9143482,39.3121724,
17:56:37.526,,,,,,,,,,,,,,,,,,,,,,,,,,,,,,,,,,,,,,,,,,,,,,,,,,,,,,,,,,-2.34375,,,,,,,21.9143482,39.3121724,
17:56:37.534,,,,,,,,,,,,,,,,,,137.70001220703125,,,,,,,,0.22946619743873392,,,,,,,,,,,,,,,,,,,,,,,,,,,,,,,,,,0.2749689906835556,,,,,21.9143482,39.3121724,
17:56:37.534,,,,,,,,,,,,,,,,,,137.70001220703125,,,,,,,,0.22946622897635657,,,,,,,,,,,,,,,,,,,,,,,,,,,,,,,,,,0.2749689906835556,,,,,21.9143481,39.3121723,
17:56:37.566,,,,,,,,,,,,,,,,,,,,,,,,,,,,,,,,,,,,,,,,,,,,,,,,,,,,,,,,,,,-2.34375,,,,,,21.9143481,39.3121723,
17:56:37.616,,,,,,,,,,,,,,,,,,,,,,,,,,,,,,,,,,,,,,,,,,,,,,,,,,,,,,,,,,-2.34375,,,,,,,21.9143481,39.3121723,
17:56:37.666,,,,,,,,,,,,,,,,,,,,,,,,,,,,,,,,,,,,,,,,,,,,,,,,,,,,,,,,,,,-2.34375,,,,,,21.9143481,39.3121723,
17:56:37.718,,,,,,,,,,,,,,,,,,,,,,,,,,,,,,,,,,,,,,,,,,,,,,,,,,,,,,,,,,-2.34375,,,,,,,21.9143481,39.3121723,
17:56:37.768,,,,,,,,,,,,,,,,,,,,,,,,,,,,,,,,,,,,,,,,,,,,,,,,,,,,,,,,,,,-3.125,,,,,,21.9143481,39.3121723,
17:56:37.841,,,,,,,,,,,,,,,,,,,,,,,,,,,,,,,,,,,,,,,,,,,,,,,,,,,,,,,,,,-2.34375,,,,,,,21.9143481,39.3121723,
17:56:37.901,,,,,,,,,,,,,,,,,,,,,,,,,,,,,,,,,,,,,,,,,,,,,,,,,,,,,,,,,,,-3.125,,,,,,21.9143481,39.3121723,
17:56:37.954,,,,,,,,,,,,,,,,,,,,,,,,,,,,,,,,,,,,,,,,,,,,,,,,,,,,,,,,,,-2.34375,,,,,,,21.9143481,39.3121723,
17:56:38.018,,,,,,,,,,,,,,,,,,,,,,,,,,,,,,,,,,,,,,,,,,,,,,,,,,,,,,,,,,,-3.125,,,,,,21.9143481,39.3121723,
17:56:38.074,,,,,,,,,,,,,,,,,,,,,,,,,,,,,,,,,,,,,,,,,,,,,,,,,,,,,,,,,,-3.125,,,,,,,21.9143481,39.3121723,
17:56:38.139,,,,,,,,,,,,,,,,,,,,,,,,,,,,,,,,,,,,,,,,,,,,,,,,,,,,,,,,,,,-3.90625,,,,,,21.9143481,39.3121723,
17:56:38.189,,,,,,,,,,,,,,,,,,,,,,,,,,,,,,,,,,,,,,,,,,,,,,,,,,,,,,,,,,-3.125,,,,,,,21.9143481,39.3121723,
17:56:38.258,,,,,,,,,,,,,,,,,,,,,,,,,,,,,,,,,,,,,,,,,,,,,,,,,,,,,,,,,,,-4.6875,,,,,,21.9143481,39.3121723,
17:56:38.346,,,,,,,,,,,,,,,,,,,,,,,,,,,,,,,,,,,,,,,,,,,,,,,,,,,,,,,,,,-3.125,,,,,,,21.9143481,39.3121723,
17:56:38.420,,,,,,,,,,,,,,,,,,,,,,,,,,,,,,,,,,,,,,,,,,,,,,,,,,,,,,,,,,,-4.6875,,,,,,21.9143481,39.3121723,
17:56:38.474,,,,,,,,,,,,,,,,,,,,,,,,,,,,,,,,,,,,,,,,,,,,,,,,,,,,,,,,,,-3.125,,,,,,,21.9143481,39.3121723,
17:56:38.537,,,,,,,,,,,,,,,,,,137.70001220703125,,,,,,,,0.22981405004585098,,,,,,,,,,,,,,,,,,,,,,,,,,,,,,,,,,0.2748870223760605,,,,,21.9143481,39.3121723,
17:56:38.537,,,,,,,,,,,,,,,,,,138.00001525878906,,,,,,,,0.22981407880988447,,,,,,,,,,,,,,,,,,,,,,,,,,,,,,,,,,0.2748870223760605,,,,,21.9143486,39.3121738,
17:56:38.551,,,,,,,,,,,,,,,,,,,,,,,,,,,,,,,,,,,,,,,,,,,,,,,,,,,,,,,,,,,-4.6875,,,,,,21.9143486,39.3121738,
17:56:38.615,,,,,,,,,,,,,,,,,,,,,,,,,,,,,,,,,,,,,,,,,,,,,,,,,,,,,,,,,,-3.125,,,,,,,21.9143486,39.3121738,
17:56:38.678,,,,,,,,,,,,,,,,,,,,,,,,,,,,,,,,,,,,,,,,,,,,,,,,,,,,,,,,,,,-3.90625,,,,,,21.9143486,39.3121738,
17:56:38.740,,,,,,,,,,,,,,,,,,,,,,,,,,,,,,,,,,,,,,,,,,,,,,,,,,,,,,,,,,-3.125,,,,,,,21.9143486,39.3121738,
17:56:38.790,,,,,,,,,,,,,,,,,,,,,,,,,,,,,,,,,,,,,,,,,,,,,,,,,,,,,,,,,,,-3.90625,,,,,,21.9143486,39.3121738,
17:56:38.857,,,,,,,,,,,,,,,,,,,,,,,,,,,,,,,,,,,,,,,,,,,,,,,,,,,,,,,,,,-3.125,,,,,,,21.9143486,39.3121738,
17:56:38.909,,,,,,,,,,,,,,,,,,,,,,,,,,,,,,,,,,,,,,,,,,,,,,,,,,,,,,,,,,,-3.90625,,,,,,21.9143486,39.3121738,
17:56:38.939,,,,,,,,,,,,,,,,,,,,,,,,,,,,,,,,,,,,,,,,,,,,,,,,,,,,,,,,,,-2.34375,,,,,,,21.9143486,39.3121738,
17:56:38.997,,,,,,,,,,,,,,,,,,,,,,,,,,,,,,,,,,,,,,,,,,,,,,,,,,,,,,,,,,,-3.90625,,,,,,21.9143486,39.3121738,
17:56:39.061,,,,,,,,,,,,,,,,,,,,,,,,,,,,,,,,,,,,,,,,,,,,,,,,,,,,,,,,,,-1.5625,,,,,,,21.9143486,39.3121738,
17:56:39.134,,,,,,,,,,,,,,,,,,,,,,,,,,,,,,,,,,,,,,,,,,,,,,,,,,,,,,,,,,,-3.125,,,,,,21.9143486,39.3121738,
17:56:39.199,,,,,,,,,,,,,,,,,,,,,,,,,,,,,,,,,,,,,,,,,,,,,,,,,,,,,,,,,,-0.78125,,,,,,,21.9143486,39.3121738,
17:56:39.300,,,,,,,,,,,,,,,,,,,,,,,,,,,,,,,,,,,,,,,,,,,,,,,,,,,,,,,,,,,-2.34375,,,,,,21.9143486,39.3121738,
17:56:39.328,,,,,,,,,,,,,,,,,,,,,,,,,,,,,,,,,,,,,,,,,,,,,,,,,,,,,,,,,,-0.78125,,,,,,,21.9143486,39.3121738,
17:56:39.365,,,,,,,,,,,,,,,,,,,,,,,,,,,,,,,,,,,,,,,,,,,,,,,,,,,,,,,,,,,-1.5625,,,,,,21.9143486,39.3121738,
17:56:39.427,,,,,,,,,,,,,,,,,,,,,,,,,,,,,,,,,,,,,,,,,,,,,,,,,,,,,,,,,,0,,,,,,,21.9143486,39.3121738,
17:56:39.490,,,,,,,,,,,,,,,,,,,,,,,,,,,,,,,,,,,,,,,,,,,,,,,,,,,,,,,,,,,-1.5625,,,,,,21.9143486,39.3121738,
17:56:39.529,,,,,,,,,,,,,,,,,,138.00001525878906,,,,,,,,0.23018325918219415,,,,,,,,,,,,,,,,,,,,,,,,,,,,,,,,,,0.2789350926876068,,,,,21.9143486,39.3121738,
17:56:39.529,,,,,,,,,,,,,,,,,,138.00001525878906,,,,,,,,0.2301832935689551,,,,,,,,,,,,,,,,,,,,,,,,,,,,,,,,,,0.2789350926876068,,,,,21.9143486,39.3121737,
17:56:39.545,,,,,,,,,,,,,,,,,,,,,,,,,,,,,,,,,,,,,,,,,,,,,,,,,,,,,,,,,,0,,,,,,,21.9143486,39.3121737,
17:56:39.607,,,,,,,,,,,,,,,,,,,,,,,,,,,,,,,,,,,,,,,,,,,,,,,,,,,,,,,,,,,-0.78125,,,,,,21.9143486,39.3121737,
17:56:39.657,,,,,,,,,,,,,,,,,,,,,,,,,,,,,,,,,,,,,,,,,,,,,,,,,,,,,,,,,,0,,,,,,,21.9143486,39.3121737,
17:56:39.697,,,,,,,,,,,,,,,,,,,,,,,,,,,,,,,,,,,,,,,,,,,,,,,,,,,,,,,,,,,-0.78125,,,,,,21.9143486,39.3121737,
17:56:39.746,,,,,,,,,,,,,,,,,,,,,,,,,,,,,,,,,,,,,,,,,,,,,,,,,,,,,,,,,,0,,,,,,,21.9143486,39.3121737,
17:56:39.774,,,,,,,,,,,,,,,,,,,,,,,,,,,,,,,,,,,,,,,,,,,,,,,,,,,,,,,,,,,-1.5625,,,,,,21.9143486,39.3121737,
17:56:39.813,,,,,,,,,,,,,,,,,,,,,,,,,,,,,,,,,,,,,,,,,,,,,,,,,,,,,,,,,,0,,,,,,,21.9143486,39.3121737,
17:56:39.837,,,,,,,,,,,,,,,,,,,,,,,,,,,,,,,,,,,,,,,,,,,,,,,,,,,,,,,,,,,-1.5625,,,,,,21.9143486,39.3121737,
17:56:39.874,,,,,,,,,,,,,,,,,,,,,,,,,,,,,,,,,,,,,,,,,,,,,,,,,,,,,,,,,,0,,,,,,,21.9143486,39.3121737,
17:56:39.930,,,,,,,,,,,,,,,,,,,,,,,,,,,,,,,,,,,,,,,,,,,,,,,,,,,,,,,,,,,-1.5625,,,,,,21.9143486,39.3121737,
17:56:40.006,,,,,,,,,,,,,,,,,,,,,,,,,,,,,,,,,,,,,,,,,,,,,,,,,,,,,,,,,,0,,,,,,,21.9143486,39.3121737,
17:56:40.058,,,,,,,,,,,,,,,,,,,,,,,,,,,,,,,,,,,,,,,,,,,,,,,,,,,,,,,,,,,-1.5625,,,,,,21.9143486,39.3121737,
17:56:40.121,,,,,,,,,,,,,,,,,,,,,,,,,,,,,,,,,,,,,,,,,,,,,,,,,,,,,,,,,,0.78125,,,,,,,21.9143486,39.3121737,
17:56:40.167,,,,,,,,,,,,,,,,,,,,,,,,,,,,,,,,,,,,,,,,,,,,,,,,,,,,,,,,,,,-1.5625,,,,,,21.9143486,39.3121737,
17:56:40.198,,,,,,,,,,,,,,,,,,,,,,,,,,,,,,,,,,,,,,,,,,,,,,,,,,,,,,,,,,0.78125,,,,,,,21.9143486,39.3121737,
17:56:40.225,,,,,,,,,,,,,,,,,,,,,,,,,,,,,,,,,,,,,,,,,,,,,,,,,,,,,,,,,,,-1.5625,,,,,,21.9143486,39.3121737,
17:56:40.297,,,,,,,,,,,,,,,,,,,,,,,,,,,,,,,,,,,,,,,,,,,,,,,,,,,,,,,,,,0,,,,,,,21.9143486,39.3121737,
17:56:40.361,,,,,,,,,,,,,,,,,,,,,,,,,,,,,,,,,,,,,,,,,,,,,,,,,,,,,,,,,,,-0.78125,,,,,,21.9143486,39.3121737,
17:56:40.414,,,,,,,,,,,,,,,,,,,,,,,,,,,,,,,,,,,,,,,,,,,,,,,,,,,,,,,,,,-0.78125,,,,,,,21.9143486,39.3121737,
17:56:40.478,,,,,,,,,,,,,,,,,,,,,,,,,,,,,,,,,,,,,,,,,,,,,,,,,,,,,,,,,,,-0.78125,,,,,,21.9143486,39.3121737,
17:56:40.529,,,,,,,,,,,,,,,,,,,,,,,,,,,,,,,,,,,,,,,,,,,,,,,,,,,,,,,,,,-0.78125,,,,,,,21.9143486,39.3121737,
17:56:40.543,,,,,,,,,,,,,,,,,,138.00001525878906,,,,,,,,0.23059527770169536,,,,,,,,,,,,,,,,,,,,,,,,,,,,,,,,,,0.2842538058757782,,,,,21.9143486,39.3121737,
17:56:40.543,,,,,,,,,,,,,,,,,,138.00001525878906,,,,,,,,0.23059533111570923,,,,,,,,,,,,,,,,,,,,,,,,,,,,,,,,,,0.2842538058757782,,,,,21.9143485,39.3121736,
17:56:40.567,,,,,,,,,,,,,,,,,,,,,,,,,,,,,,,,,,,,,,,,,,,,,,,,,,,,,,,,,,,-0.78125,,,,,,21.9143485,39.3121736,
17:56:40.649,,,,,,,,,,,,,,,,,,,,,,,,,,,,,,,,,,,,,,,,,,,,,,,,,,,,,,,,,,-1.5625,,,,,,,21.9143485,39.3121736,
17:56:40.738,,,,,,,,,,,,,,,,,,,,,,,,,,,,,,,,,,,,,,,,,,,,,,,,,,,,,,,,,,,-1.5625,,,,,,21.9143485,39.3121736,
17:56:40.801,,,,,,,,,,,,,,,,,,,,,,,,,,,,,,,,,,,,,,,,,,,,,,,,,,,,,,,,,,-1.5625,,,,,,,21.9143485,39.3121736,
17:56:40.854,,,,,,,,,,,,,,,,,,,,,,,,,,,,,,,,,,,,,,,,,,,,,,,,,,,,,,,,,,,-1.5625,,,,,,21.9143485,39.3121736,
17:56:40.894,,,,,,,,,,,,,,,,,,,,,,,,,,,,,,,,,,,,,,,,,,,,,,,,,,,,,,,,,,-1.5625,,,,,,,21.9143485,39.3121736,
17:56:40.958,,,,,,,,,,,,,,,,,,,,,,,,,,,,,,,,,,,,,,,,,,,,,,,,,,,,,,,,,,,-1.5625,,,,,,21.9143485,39.3121736,
17:56:41.009,,,,,,,,,,,,,,,,,,,,,,,,,,,,,,,,,,,,,,,,,,,,,,,,,,,,,,,,,,-0.78125,,,,,,,21.9143485,39.3121736,
17:56:41.038,,,,,,,,,,,,,,,,,,,,,,,,,,,,,,,,,,,,,,,,,,,,,,,,,,,,,,,,,,,-1.5625,,,,,,21.9143485,39.3121736,
17:56:41.077,,,,,,,,,,,,,,,,,,,,,,,,,,,,,,,,,,,,,,,,,,,,,,,,,,,,,,,,,,-0.78125,,,,,,,21.9143485,39.3121736,
17:56:41.135,,,,,,,,,,,,,,,,,,,,,,,,,,,,,,,,,,,,,,,,,,,,,,,,,,,,,,,,,,,-1.5625,,,,,,21.9143485,39.3121736,
17:56:41.199,,,,,,,,,,,,,,,,,,,,,,,,,,,,,,,,,,,,,,,,,,,,,,,,,,,,,,,,,,-0.78125,,,,,,,21.9143485,39.3121736,
17:56:41.275,,,,,,,,,,,,,,,,,,,,,,,,,,,,,,,,,,,,,,,,,,,,,,,,,,,,,,,,,,,-1.5625,,,,,,21.9143485,39.3121736,
17:56:41.319,,,,,,,,,,,,,,,,,,,,,,,,,,,,,,,,,,,,,,,,,,,,,,,,,,,,,,,,,,-1.5625,,,,,,,21.9143485,39.3121736,
17:56:41.386,,,,,,,,,,,,,,,,,,,,,,,,,,,,,,,,,,,,,,,,,,,,,,,,,,,,,,,,,,,-1.5625,,,,,,21.9143485,39.3121736,
17:56:41.450,,,,,,,,,,,,,,,,,,,,,,,,,,,,,,,,,,,,,,,,,,,,,,,,,,,,,,,,,,-1.5625,,,,,,,21.9143485,39.3121736,
17:56:41.490,,,,,,,,,,,,,,,,,,,,,,,,,,,,,,,,,,,,,,,,,,,,,,,,,,,,,,,,,,,-1.5625,,,,,,21.9143485,39.3121736,
17:56:41.525,,,,,,,,,,,,,,,,,,,,,,,,,,,,,,,,,,,,,,,,,,,,,,,,,,,,,,,,,,-1.5625,,,,,,,21.9143485,39.3121736,
17:56:41.534,,,,,,,,,,,,,,,,,,138.00001525878906,,,,,,,,0.23097507691645863,,,,,,,,,,,,,,,,,,,,,,,,,,,,,,,,,,0.2819236904382706,,,,,21.9143485,39.3121736,
17:56:41.534,,,,,,,,,,,,,,,,,,138.00001525878906,,,,,,,,0.2309751026573914,,,,,,,,,,,,,,,,,,,,,,,,,,,,,,,,,,0.2819236904382706,,,,,21.9143485,39.3121735,
17:56:41.586,,,,,,,,,,,,,,,,,,,,,,,,,,,,,,,,,,,,,,,,,,,,,,,,,,,,,,,,,,,-1.5625,,,,,,21.9143485,39.3121735,
17:56:41.634,,,,,,,,,,,,,,,,,,,,,,,,,,,,,,,,,,,,,,,,,,,,,,,,,,,,,,,,,,-1.5625,,,,,,,21.9143485,39.3121735,
17:56:41.673,,,,,,,,,,,,,,,,,,,,,,,,,,,,,,,,,,,,,,,,,,,,,,,,,,,,,,,,,,,-2.34375,,,,,,21.9143485,39.3121735,
17:56:41.737,,,,,,,,,,,,,,,,,,,,,,,,,,,,,,,,,,,,,,,,,,,,,,,,,,,,,,,,,,-0.78125,,,,,,,21.9143485,39.3121735,
17:56:41.801,,,,,,,,,,,,,,,,,,,,,,,,,,,,,,,,,,,,,,,,,,,,,,,,,,,,,,,,,,,-2.34375,,,,,,21.9143485,39.3121735,
17:56:41.853,,,,,,,,,,,,,,,,,,,,,,,,,,,,,,,,,,,,,,,,,,,,,,,,,,,,,,,,,,-0.78125,,,,,,,21.9143485,39.3121735,
17:56:41.918,,,,,,,,,,,,,,,,,,,,,,,,,,,,,,,,,,,,,,,,,,,,,,,,,,,,,,,,,,,-2.34375,,,,,,21.9143485,39.3121735,
17:56:41.969,,,,,,,,,,,,,,,,,,,,,,,,,,,,,,,,,,,,,,,,,,,,,,,,,,,,,,,,,,-0.78125,,,,,,,21.9143485,39.3121735,
17:56:41.998,,,,,,,,,,,,,,,,,,,,,,,,,,,,,,,,,,,,,,,,,,,,,,,,,,,,,,,,,,,-2.34375,,,,,,21.9143485,39.3121735,
17:56:42.038,,,,,,,,,,,,,,,,,,,,,,,,,,,,,,,,,,,,,,,,,,,,,,,,,,,,,,,,,,0,,,,,,,21.9143485,39.3121735,
17:56:42.088,,,,,,,,,,,,,,,,,,,,,,,,,,,,,,,,,,,,,,,,,,,,,,,,,,,,,,,,,,,-1.5625,,,,,,21.9143485,39.3121735,
17:56:42.175,,,,,,,,,,,,,,,,,,,,,,,,,,,,,,,,,,,,,,,,,,,,,,,,,,,,,,,,,,0.78125,,,,,,,21.9143485,39.3121735,
17:56:42.253,,,,,,,,,,,,,,,,,,,,,,,,,,,,,,,,,,,,,,,,,,,,,,,,,,,,,,,,,,,-1.5625,,,,,,21.9143485,39.3121735,
17:56:42.304,,,,,,,,,,,,,,,,,,,,,,,,,,,,,,,,,,,,,,,,,,,,,,,,,,,,,,,,,,0.78125,,,,,,,21.9143485,39.3121735,
17:56:42.364,,,,,,,,,,,,,,,,,,,,,,,,,,,,,,,,,,,,,,,,,,,,,,,,,,,,,,,,,,,0,,,,,,21.9143485,39.3121735,
17:56:42.417,,,,,,,,,,,,,,,,,,,,,,,,,,,,,,,,,,,,,,,,,,,,,,,,,,,,,,,,,,1.5625,,,,,,,21.9143485,39.3121735,
17:56:42.445,,,,,,,,,,,,,,,,,,,,,,,,,,,,,,,,,,,,,,,,,,,,,,,,,,,,,,,,,,,0,,,,,,21.9143485,39.3121735,
17:56:42.485,,,,,,,,,,,,,,,,,,,,,,,,,,,,,,,,,,,,,,,,,,,,,,,,,,,,,,,,,,1.5625,,,,,,,21.9143485,39.3121735,
17:56:42.528,,,,,,,,,,,,,,,,,,138.00001525878906,,,,,,,,0.23135801307960757,,,,,,,,,,,,,,,,,,,,,,,,,,,,,,,,,,0.2830100655555725,,,,,21.9143485,39.3121735,
17:56:42.528,,,,,,,,,,,,,,,,,,138.00001525878906,,,,,,,,0.23135803917520925,,,,,,,,,,,,,,,,,,,,,,,,,,,,,,,,,,0.2830100655555725,,,,,21.9143485,39.3121735,
17:56:42.581,,,,,,,,,,,,,,,,,,,,,,,,,,,,,,,,,,,,,,,,,,,,,,,,,,,,,,,,,,,0,,,,,,21.9143485,39.3121735,
17:56:42.669,,,,,,,,,,,,,,,,,,,,,,,,,,,,,,,,,,,,,,,,,,,,,,,,,,,,,,,,,,1.5625,,,,,,,21.9143485,39.3121735,
17:56:42.760,,,,,,,,,,,,,,,,,,,,,,,,,,,,,,,,,,,,,,,,,,,,,,,,,,,,,,,,,,,0,,,,,,21.9143485,39.3121735,
17:56:42.846,,,,,,,,,,,,,,,,,,,,,,,,,,,,,,,,,,,,,,,,,,,,,,,,,,,,,,,,,,1.5625,,,,,,,21.9143485,39.3121735,
17:56:42.933,,,,,,,,,,,,,,,,,,,,,,,,,,,,,,,,,,,,,,,,,,,,,,,,,,,,,,,,,,,0,,,,,,21.9143485,39.3121735,
17:56:43.021,,,,,,,,,,,,,,,,,,,,,,,,,,,,,,,,,,,,,,,,,,,,,,,,,,,,,,,,,,0.78125,,,,,,,21.9143485,39.3121735,
17:56:43.088,,,,,,,,,,,,,,,,,,,,,,,,,,,,,,,,,,,,,,,,,,,,,,,,,,,,,,,,,,,0,,,,,,21.9143485,39.3121735,
17:56:43.142,,,,,,,,,,,,,,,,,,,,,,,,,,,,,,,,,,,,,,,,,,,,,,,,,,,,,,,,,,0.78125,,,,,,,21.9143485,39.3121735,
17:56:43.205,,,,,,,,,,,,,,,,,,,,,,,,,,,,,,,,,,,,,,,,,,,,,,,,,,,,,,,,,,,-0.78125,,,,,,21.9143485,39.3121735,
17:56:43.270,,,,,,,,,,,,,,,,,,,,,,,,,,,,,,,,,,,,,,,,,,,,,,,,,,,,,,,,,,1.5625,,,,,,,21.9143485,39.3121735,
17:56:43.324,,,,,,,,,,,,,,,,,,,,,,,,,,,,,,,,,,,,,,,,,,,,,,,,,,,,,,,,,,,-0.78125,,,,,,21.9143485,39.3121735,
17:56:43.413,,,,,,,,,,,,,,,,,,,,,,,,,,,,,,,,,,,,,,,,,,,,,,,,,,,,,,,,,,1.5625,,,,,,,21.9143485,39.3121735,
17:56:43.490,,,,,,,,,,,,,,,,,,,,,,,,,,,,,,,,,,,,,,,,,,,,,,,,,,,,,,,,,,,0,,,,,,21.9143485,39.3121735,
17:56:43.533,,,,,,,,,,,,,,,,,,138.00001525878906,,,,,,,,0.2317865400439012,,,,,,,,,,,,,,,,,,,,,,,,,,,,,,,,,,0.2893234223127365,,,,,21.9143485,39.3121735,
17:56:43.533,,,,,,,,,,,,,,,,,,138.00001525878906,,,,,,,,0.23178657249387982,,,,,,,,,,,,,,,,,,,,,,,,,,,,,,,,,,0.2893234223127365,,,,,21.9143484,39.3121734,
17:56:43.544,,,,,,,,,,,,,,,,,,,,,,,,,,,,,,,,,,,,,,,,,,,,,,,,,,,,,,,,,,2.34375,,,,,,,21.9143484,39.3121734,
17:56:43.594,,,,,,,,,,,,,,,,,,,,,,,,,,,,,,,,,,,,,,,,,,,,,,,,,,,,,,,,,,,0.78125,,,,,,21.9143484,39.3121734,
17:56:43.670,,,,,,,,,,,,,,,,,,,,,,,,,,,,,,,,,,,,,,,,,,,,,,,,,,,,,,,,,,2.34375,,,,,,,21.9143484,39.3121734,
17:56:43.709,,,,,,,,,,,,,,,,,,,,,,,,,,,,,,,,,,,,,,,,,,,,,,,,,,,,,,,,,,,3.125,,,,,,21.9143484,39.3121734,
17:56:43.784,,,,,,,,,,,,,,,,,,,,,,,,,,,,,,,,,,,,,,,,,,,,,,,,,,,,,,,,,,3.90625,,,,,,,21.9143484,39.3121734,
17:56:43.825,,,,,,,,,,,,,,,,,,,,,,,,,,,,,,,,,,,,,,,,,,,,,,,,,,,,,,,,,,,3.90625,,,,,,21.9143484,39.3121734,
17:56:43.865,,,,,,,,,,,,,,,,,,,,,,,,,,,,,,,,,,,,,,,,,,,,,,,,,,,,,,,,,,4.6875,,,,,,,21.9143484,39.3121734,
17:56:43.930,,,,,,,,,,,,,,,,,,,,,,,,,,,,,,,,,,,,,,,,,,,,,,,,,,,,,,,,,,,4.6875,,,,,,21.9143484,39.3121734,
17:56:43.985,,,,,,,,,,,,,,,,,,,,,,,,,,,,,,,,,,,,,,,,,,,,,,,,,,,,,,,,,,3.90625,,,,,,,21.9143484,39.3121734,
17:56:44.049,,,,,,,,,,,,,,,,,,,,,,,,,,,,,,,,,,,,,,,,,,,,,,,,,,,,,,,,,,,3.90625,,,,,,21.9143484,39.3121734,
17:56:44.098,,,,,,,,,,,,,,,,,,,,,,,,,,,,,,,,,,,,,,,,,,,,,,,,,,,,,,,,,,3.125,,,,,,,21.9143484,39.3121734,
17:56:44.138,,,,,,,,,,,,,,,,,,,,,,,,,,,,,,,,,,,,,,,,,,,,,,,,,,,,,,,,,,,3.90625,,,,,,21.9143484,39.3121734,
17:56:44.202,,,,,,,,,,,,,,,,,,,,,,,,,,,,,,,,,,,,,,,,,,,,,,,,,,,,,,,,,,2.34375,,,,,,,21.9143484,39.3121734,
17:56:44.253,,,,,,,,,,,,,,,,,,,,,,,,,,,,,,,,,,,,,,,,,,,,,,,,,,,,,,,,,,,3.125,,,,,,21.9143484,39.3121734,
17:56:44.329,,,,,,,,,,,,,,,,,,,,,,,,,,,,,,,,,,,,,,,,,,,,,,,,,,,,,,,,,,0.78125,,,,,,,21.9143484,39.3121734,
17:56:44.378,,,,,,,,,,,,,,,,,,,,,,,,,,,,,,,,,,,,,,,,,,,,,,,,,,,,,,,,,,,1.5625,,,,,,21.9143484,39.3121734,
17:56:44.453,,,,,,,,,,,,,,,,,,,,,,,,,,,,,,,,,,,,,,,,,,,,,,,,,,,,,,,,,,0.78125,,,,,,,21.9143484,39.3121734,
17:56:44.490,,,,,,,,,,,,,,,,,,,,,,,,,,,,,,,,,,,,,,,,,,,,,,,,,,,,,,,,,,,0.78125,,,,,,21.9143484,39.3121734,
17:56:44.515,,,,,,,,,,,,,,,,,,,,,,,,,,,,,,,,,,,,,,,,,,,,,,,,,,,,,,,,,,0,,,,,,,21.9143484,39.3121734,
17:56:44.540,,,,,,,,,,,,,,,,,,138.00001525878906,,,,,,,,0.23215407530822632,,,,,,,,,,,,,,,,,,,,,,,,,,,,,,,,,,0.2818115472793579,,,,,21.9143484,39.3121734,
17:56:44.540,,,,,,,,,,,,,,,,,,138.00001525878906,,,,,,,,0.23215410100632963,,,,,,,,,,,,,,,,,,,,,,,,,,,,,,,,,,0.2818115472793579,,,,,21.9143483,39.3121733,
17:56:44.556,,,,,,,,,,,,,,,,,,,,,,,,,,,,,,,,,,,,,,,,,,,,,,,,,,,,,,,,,,,0.78125,,,,,,21.9143483,39.3121733,
17:56:44.618,,,,,,,,,,,,,,,,,,,,,,,,,,,,,,,,,,,,,,,,,,,,,,,,,,,,,,,,,,0,,,,,,,21.9143483,39.3121733,
17:56:44.692,,,,,,,,,,,,,,,,,,,,,,,,,,,,,,,,,,,,,,,,,,,,,,,,,,,,,,,,,,,0,,,,,,21.9143483,39.3121733,
17:56:44.729,,,,,,,,,,,,,,,,,,,,,,,,,,,,,,,,,,,,,,,,,,,,,,,,,,,,,,,,,,0,,,,,,,21.9143483,39.3121733,
17:56:44.758,,,,,,,,,,,,,,,,,,,,,,,,,,,,,,,,,,,,,,,,,,,,,,,,,,,,,,,,,,,-0.78125,,,,,,21.9143483,39.3121733,
17:56:44.821,,,,,,,,,,,,,,,,,,,,,,,,,,,,,,,,,,,,,,,,,,,,,,,,,,,,,,,,,,-0.78125,,,,,,,21.9143483,39.3121733,
17:56:44.886,,,,,,,,,,,,,,,,,,,,,,,,,,,,,,,,,,,,,,,,,,,,,,,,,,,,,,,,,,,-0.78125,,,,,,21.9143483,39.3121733,
17:56:44.950,,,,,,,,,,,,,,,,,,,,,,,,,,,,,,,,,,,,,,,,,,,,,,,,,,,,,,,,,,-0.78125,,,,,,,21.9143483,39.3121733,
17:56:45.002,,,,,,,,,,,,,,,,,,,,,,,,,,,,,,,,,,,,,,,,,,,,,,,,,,,,,,,,,,,0,,,,,,21.9143483,39.3121733,
17:56:45.082,,,,,,,,,,,,,,,,,,,,,,,,,,,,,,,,,,,,,,,,,,,,,,,,,,,,,,,,,,0.78125,,,,,,,21.9143483,39.3121733,
17:56:45.129,,,,,,,,,,,,,,,,,,,,,,,,,,,,,,,,,,,,,,,,,,,,,,,,,,,,,,,,,,,0,,,,,,21.9143483,39.3121733,
17:56:45.201,,,,,,,,,,,,,,,,,,,,,,,,,,,,,,,,,,,,,,,,,,,,,,,,,,,,,,,,,,0.78125,,,,,,,21.9143483,39.3121733,
17:56:45.241,,,,,,,,,,,,,,,,,,,,,,,,,,,,,,,,,,,,,,,,,,,,,,,,,,,,,,,,,,,0,,,,,,21.9143483,39.3121733,
17:56:45.297,,,,,,,,,,,,,,,,,,,,,,,,,,,,,,,,,,,,,,,,,,,,,,,,,,,,,,,,,,1.5625,,,,,,,21.9143483,39.3121733,
17:56:45.334,,,,,,,,,,,,,,,,,,,,,,,,,,,,,,,,,,,,,,,,,,,,,,,,,,,,,,,,,,,0,,,,,,21.9143483,39.3121733,
17:56:45.387,,,,,,,,,,,,,,,,,,138.00001525878906,,,,,,,,0.2324607661408769,,,,,,,,,,,,,,,,,,,,,,,,,,,,,,,,,,0.2820590347051621,,,,,21.9143483,39.3121733,
17:56:45.387,,,,,,,,,,,,,,,,,,135.90000915527344,,,,,,,,0.23246079006748926,,,,,,,,,,,,,,,,,,,,,,,,,,,,,,,,,,0.2820590347051621,,,,,21.9143483,39.3121733,
17:56:45.394,,,,,,,,,,,,,,,,,,,,,,,,,,,,,,,,,,,,,,,,,,,,,,,,,,,,,,,,,,2.34375,,,,,,,21.9143483,39.3121733,
17:56:45.513,,,,,,,,,,,,,,,,,,,,,,,,,,,,,,,,,,,,,,,,,,,,,,,,,,,,,,,,,,,0.78125,,,,,,21.9143483,39.3121733,
17:56:45.590,,,,,,,,,,,,,,,,,,,,,,,,,,,,,,,,,,,,,,,,,,,,,,,,,,,,,,,,,,3.125,,,,,,,21.9143483,39.3121733,
17:56:45.674,,,,,,,,,,,,,,,,,,,,,,,,,,,,,,,,,,,,,,,,,,,,,,,,,,,,,,,,,,,3.125,,,,,,21.9143483,39.3121733,
17:56:45.773,,,,,,,,,,,,,,,,,,,,,,,,,,,,,,,,,,,,,,,,,,,,,,,,,,,,,,,,,,2.34375,,,,,,,21.9143483,39.3121733,
17:56:45.969,,,,,,,,,,,,,,,,,,,,,,,,,,,,,,,,,,,,,,,,,,,,,,,,,,,,,,,,,,,3.125,,,,,,21.9143483,39.3121733,
17:56:46.034,,,,,,,,,,,,,,,,,,,,,,,,,,,,,,,,,,,,,,,,,,,,,,,,,,,,,,,,,,3.125,,,,,,,21.9143483,39.3121733,
17:56:46.085,,,,,,,,,,,,,,,,,,,,,,,,,,,,,,,,,,,,,,,,,,,,,,,,,,,,,,,,,,,2.34375,,,,,,21.9143483,39.3121733,
17:56:46.109,,,,,,,,,,,,,,,,,,,,,,,,,,,,,,,,,,,,,,,,,,,,,,,,,,,,,,,,,,3.125,,,,,,,21.9143483,39.3121733,
17:56:46.138,,,,,,,,,,,,,,,,,,,,,,,,,,,,,,,,,,,,,,,,,,,,,,,,,,,,,,,,,,,2.34375,,,,,,21.9143483,39.3121733,
17:56:46.177,,,,,,,,,,,,,,,,,,,,,,,,,,,,,,,,,,,,,,,,,,,,,,,,,,,,,,,,,,3.125,,,,,,,21.9143483,39.3121733,
17:56:46.238,,,,,,,,,,,,,,,,,,,,,,,,,,,,,,,,,,,,,,,,,,,,,,,,,,,,,,,,,,,3.125,,,,,,21.9143483,39.3121733,
17:56:46.296,,,,,,,,,,,,,,,,,,,,,,,,,,,,,,,,,,,,,,,,,,,,,,,,,,,,,,,,,,3.125,,,,,,,21.9143483,39.3121733,
17:56:46.357,,,,,,,,,,,,,,,,,,,,,,,,,,,,,,,,,,,,,,,,,,,,,,,,,,,,,,,,,,,3.125,,,,,,21.9143483,39.3121733,
17:56:46.429,,,,,,,,,,,,,,,,,,,,,,,,,,,,,,,,,,,,,,,,,,,,,,,,,,,,,,,,,,3.125,,,,,,,21.9143483,39.3121733,
17:56:46.506,,,,,,,,,,,,,,,,,,,,,,,,,,,,,,,,,,,,,,,,,,,,,,,,,,,,,,,,,,,3.125,,,,,,21.9143483,39.3121733,
17:56:46.541,,,,,,,,,,,,,,,,,,135.90000915527344,,,,,,,,0.23286518342116905,,,,,,,,,,,,,,,,,,,,,,,,,,,,,,,,,,0.28115907311439514,,,,,21.9143483,39.3121733,
17:56:46.541,,,,,,,,,,,,,,,,,,135.90000915527344,,,,,,,,0.23286521364731366,,,,,,,,,,,,,,,,,,,,,,,,,,,,,,,,,,0.28115907311439514,,,,,21.9143484,39.3121724,
17:56:46.565,,,,,,,,,,,,,,,,,,,,,,,,,,,,,,,,,,,,,,,,,,,,,,,,,,,,,,,,,,3.90625,,,,,,,21.9143484,39.3121724,
17:56:46.624,,,,,,,,,,,,,,,,,,,,,,,,,,,,,,,,,,,,,,,,,,,,,,,,,,,,,,,,,,,3.90625,,,,,,21.9143484,39.3121724,
17:56:46.689,,,,,,,,,,,,,,,,,,,,,,,,,,,,,,,,,,,,,,,,,,,,,,,,,,,,,,,,,,3.90625,,,,,,,21.9143484,39.3121724,
17:56:46.741,,,,,,,,,,,,,,,,,,,,,,,,,,,,,,,,,,,,,,,,,,,,,,,,,,,,,,,,,,,3.90625,,,,,,21.9143484,39.3121724,
17:56:46.819,,,,,,,,,,,,,,,,,,,,,,,,,,,,,,,,,,,,,,,,,,,,,,,,,,,,,,,,,,3.90625,,,,,,,21.9143484,39.3121724,
17:56:46.857,,,,,,,,,,,,,,,,,,,,,,,,,,,,,,,,,,,,,,,,,,,,,,,,,,,,,,,,,,,3.90625,,,,,,21.9143484,39.3121724,
17:56:46.928,,,,,,,,,,,,,,,,,,,,,,,,,,,,,,,,,,,,,,,,,,,,,,,,,,,,,,,,,,3.125,,,,,,,21.9143484,39.3121724,
17:56:46.977,,,,,,,,,,,,,,,,,,,,,,,,,,,,,,,,,,,,,,,,,,,,,,,,,,,,,,,,,,,3.90625,,,,,,21.9143484,39.3121724,
17:56:47.013,,,,,,,,,,,,,,,,,,,,,,,,,,,,,,,,,,,,,,,,,,,,,,,,,,,,,,,,,,2.34375,,,,,,,21.9143484,39.3121724,
17:56:47.078,,,,,,,,,,,,,,,,,,,,,,,,,,,,,,,,,,,,,,,,,,,,,,,,,,,,,,,,,,,3.90625,,,,,,21.9143484,39.3121724,
17:56:47.143,,,,,,,,,,,,,,,,,,,,,,,,,,,,,,,,,,,,,,,,,,,,,,,,,,,,,,,,,,2.34375,,,,,,,21.9143484,39.3121724,
17:56:47.192,,,,,,,,,,,,,,,,,,,,,,,,,,,,,,,,,,,,,,,,,,,,,,,,,,,,,,,,,,,3.125,,,,,,21.9143484,39.3121724,
17:56:47.259,,,,,,,,,,,,,,,,,,,,,,,,,,,,,,,,,,,,,,,,,,,,,,,,,,,,,,,,,,1.5625,,,,,,,21.9143484,39.3121724,
17:56:47.325,,,,,,,,,,,,,,,,,,,,,,,,,,,,,,,,,,,,,,,,,,,,,,,,,,,,,,,,,,,3.125,,,,,,21.9143484,39.3121724,
17:56:47.374,,,,,,,,,,,,,,,,,,,,,,,,,,,,,,,,,,,,,,,,,,,,,,,,,,,,,,,,,,2.34375,,,,,,,21.9143484,39.3121724,
17:56:47.428,,,,,,,,,,,,,,,,,,,,,,,,,,,,,,,,,,,,,,,,,,,,,,,,,,,,,,,,,,,2.34375,,,,,,21.9143484,39.3121724,
17:56:47.456,,,,,,,,,,,,,,,,,,,,,,,,,,,,,,,,,,,,,,,,,,,,,,,,,,,,,,,,,,2.34375,,,,,,,21.9143484,39.3121724,
17:56:47.525,,,,,,,,,,,,,,,,,,,,,,,,,,,,,,,,,,,,,,,,,,,,,,,,,,,,,,,,,,,1.5625,,,,,,21.9143484,39.3121724,
17:56:47.533,,,,,,,,,,,,,,,,,,135.90000915527344,,,,,,,,0.23326992073544048,,,,,,,,,,,,,,,,,,,,,,,,,,,,,,,,,,0.29000915586948395,,,,,21.9143484,39.3121724,
17:56:47.533,,,,,,,,,,,,,,,,,,135.90000915527344,,,,,,,,0.23326994671464824,,,,,,,,,,,,,,,,,,,,,,,,,,,,,,,,,,0.29000915586948395,,,,,21.9143485,39.3121726,
17:56:47.590,,,,,,,,,,,,,,,,,,,,,,,,,,,,,,,,,,,,,,,,,,,,,,,,,,,,,,,,,,3.125,,,,,,,21.9143485,39.3121726,
17:56:47.643,,,,,,,,,,,,,,,,,,,,,,,,,,,,,,,,,,,,,,,,,,,,,,,,,,,,,,,,,,,1.5625,,,,,,21.9143485,39.3121726,
17:56:47.705,,,,,,,,,,,,,,,,,,,,,,,,,,,,,,,,,,,,,,,,,,,,,,,,,,,,,,,,,,2.34375,,,,,,,21.9143485,39.3121726,
17:56:47.762,,,,,,,,,,,,,,,,,,,,,,,,,,,,,,,,,,,,,,,,,,,,,,,,,,,,,,,,,,,0.78125,,,,,,21.9143485,39.3121726,
17:56:47.838,,,,,,,,,,,,,,,,,,,,,,,,,,,,,,,,,,,,,,,,,,,,,,,,,,,,,,,,,,1.5625,,,,,,,21.9143485,39.3121726,
17:56:47.877,,,,,,,,,,,,,,,,,,,,,,,,,,,,,,,,,,,,,,,,,,,,,,,,,,,,,,,,,,,0.78125,,,,,,21.9143485,39.3121726,
17:56:47.943,,,,,,,,,,,,,,,,,,,,,,,,,,,,,,,,,,,,,,,,,,,,,,,,,,,,,,,,,,1.5625,,,,,,,21.9143485,39.3121726,
17:56:48.006,,,,,,,,,,,,,,,,,,,,,,,,,,,,,,,,,,,,,,,,,,,,,,,,,,,,,,,,,,,0.78125,,,,,,21.9143485,39.3121726,
17:56:48.058,,,,,,,,,,,,,,,,,,,,,,,,,,,,,,,,,,,,,,,,,,,,,,,,,,,,,,,,,,2.34375,,,,,,,21.9143485,39.3121726,
17:56:48.122,,,,,,,,,,,,,,,,,,,,,,,,,,,,,,,,,,,,,,,,,,,,,,,,,,,,,,,,,,,1.5625,,,,,,21.9143485,39.3121726,
17:56:48.187,,,,,,,,,,,,,,,,,,,,,,,,,,,,,,,,,,,,,,,,,,,,,,,,,,,,,,,,,,1.5625,,,,,,,21.9143485,39.3121726,
17:56:48.249,,,,,,,,,,,,,,,,,,,,,,,,,,,,,,,,,,,,,,,,,,,,,,,,,,,,,,,,,,,1.5625,,,,,,21.9143485,39.3121726,
17:56:48.302,,,,,,,,,,,,,,,,,,,,,,,,,,,,,,,,,,,,,,,,,,,,,,,,,,,,,,,,,,2.34375,,,,,,,21.9143485,39.3121726,
17:56:48.364,,,,,,,,,,,,,,,,,,,,,,,,,,,,,,,,,,,,,,,,,,,,,,,,,,,,,,,,,,,1.5625,,,,,,21.9143485,39.3121726,
17:56:48.437,,,,,,,,,,,,,,,,,,,,,,,,,,,,,,,,,,,,,,,,,,,,,,,,,,,,,,,,,,1.5625,,,,,,,21.9143485,39.3121726,
17:56:48.485,,,,,,,,,,,,,,,,,,,,,,,,,,,,,,,,,,,,,,,,,,,,,,,,,,,,,,,,,,,1.5625,,,,,,21.9143485,39.3121726,
17:56:48.530,,,,,,,,,,,,,,,,,,135.90000915527344,,,,,,,,0.23358686177909133,,,,,,,,,,,,,,,,,,,,,,,,,,,,,,,,,,0.27809019684791564,,,,,21.9143485,39.3121726,
17:56:48.530,,,,,,,,,,,,,,,,,,135.90000915527344,,,,,,,,0.23358688763018298,,,,,,,,,,,,,,,,,,,,,,,,,,,,,,,,,,0.27809019684791564,,,,,21.9143485,39.3121725,
17:56:48.537,,,,,,,,,,,,,,,,,,,,,,,,,,,,,,,,,,,,,,,,,,,,,,,,,,,,,,,,,,1.5625,,,,,,,21.9143485,39.3121725,
17:56:48.574,,,,,,,,,,,,,,,,,,,,,,,,,,,,,,,,,,,,,,,,,,,,,,,,,,,,,,,,,,,0.78125,,,,,,21.9143485,39.3121725,
17:56:48.630,,,,,,,,,,,,,,,,,,,,,,,,,,,,,,,,,,,,,,,,,,,,,,,,,,,,,,,,,,2.34375,,,,,,,21.9143485,39.3121725,
17:56:48.706,,,,,,,,,,,,,,,,,,,,,,,,,,,,,,,,,,,,,,,,,,,,,,,,,,,,,,,,,,,1.5625,,,,,,21.9143485,39.3121725,
17:56:48.761,,,,,,,,,,,,,,,,,,,,,,,,,,,,,,,,,,,,,,,,,,,,,,,,,,,,,,,,,,2.34375,,,,,,,21.9143485,39.3121725,
17:56:48.813,,,,,,,,,,,,,,,,,,,,,,,,,,,,,,,,,,,,,,,,,,,,,,,,,,,,,,,,,,,2.34375,,,,,,21.9143485,39.3121725,
17:56:48.865,,,,,,,,,,,,,,,,,,,,,,,,,,,,,,,,,,,,,,,,,,,,,,,,,,,,,,,,,,1.5625,,,,,,,21.9143485,39.3121725,
17:56:48.901,,,,,,,,,,,,,,,,,,,,,,,,,,,,,,,,,,,,,,,,,,,,,,,,,,,,,,,,,,,2.34375,,,,,,21.9143485,39.3121725,
17:56:48.962,,,,,,,,,,,,,,,,,,,,,,,,,,,,,,,,,,,,,,,,,,,,,,,,,,,,,,,,,,1.5625,,,,,,,21.9143485,39.3121725,
17:56:49.055,,,,,,,,,,,,,,,,,,,,,,,,,,,,,,,,,,,,,,,,,,,,,,,,,,,,,,,,,,,1.5625,,,,,,21.9143485,39.3121725,
17:56:49.107,,,,,,,,,,,,,,,,,,,,,,,,,,,,,,,,,,,,,,,,,,,,,,,,,,,,,,,,,,1.5625,,,,,,,21.9143485,39.3121725,
17:56:49.146,,,,,,,,,,,,,,,,,,,,,,,,,,,,,,,,,,,,,,,,,,,,,,,,,,,,,,,,,,,0.78125,,,,,,21.9143485,39.3121725,
17:56:49.209,,,,,,,,,,,,,,,,,,,,,,,,,,,,,,,,,,,,,,,,,,,,,,,,,,,,,,,,,,0.78125,,,,,,,21.9143485,39.3121725,
17:56:49.261,,,,,,,,,,,,,,,,,,,,,,,,,,,,,,,,,,,,,,,,,,,,,,,,,,,,,,,,,,,0.78125,,,,,,21.9143485,39.3121725,
17:56:49.286,,,,,,,,,,,,,,,,,,,,,,,,,,,,,,,,,,,,,,,,,,,,,,,,,,,,,,,,,,0.78125,,,,,,,21.9143485,39.3121725,
17:56:49.315,,,,,,,,,,,,,,,,,,,,,,,,,,,,,,,,,,,,,,,,,,,,,,,,,,,,,,,,,,,0.78125,,,,,,21.9143485,39.3121725,
17:56:49.358,,,,,,,,,,,,,,,,,,,,,,,,,,,,,,,,,,,,,,,,,,,,,,,,,,,,,,,,,,0.78125,,,,,,,21.9143485,39.3121725,
17:56:49.434,,,,,,,,,,,,,,,,,,,,,,,,,,,,,,,,,,,,,,,,,,,,,,,,,,,,,,,,,,,0.78125,,,,,,21.9143485,39.3121725,
17:56:49.473,,,,,,,,,,,,,,,,,,,,,,,,,,,,,,,,,,,,,,,,,,,,,,,,,,,,,,,,,,0.78125,,,,,,,21.9143485,39.3121725,
17:56:49.530,,,,,,,,,,,,,,,,,,135.90000915527344,,,,,,,,0.2339390661274293,,,,,,,,,,,,,,,,,,,,,,,,,,,,,,,,,,0.2835822343826294,,,,,21.9143485,39.3121725,
17:56:49.530,,,,,,,,,,,,,,,,,,135.90000915527344,,,,,,,,0.23393909304787916,,,,,,,,,,,,,,,,,,,,,,,,,,,,,,,,,,0.2835822343826294,,,,,21.9143485,39.3121725,
17:56:49.538,,,,,,,,,,,,,,,,,,,,,,,,,,,,,,,,,,,,,,,,,,,,,,,,,,,,,,,,,,,0.78125,,,,,,21.9143485,39.3121725,
17:56:49.585,,,,,,,,,,,,,,,,,,,,,,,,,,,,,,,,,,,,,,,,,,,,,,,,,,,,,,,,,,1.5625,,,,,,,21.9143485,39.3121725,
17:56:49.614,,,,,,,,,,,,,,,,,,,,,,,,,,,,,,,,,,,,,,,,,,,,,,,,,,,,,,,,,,,0.78125,,,,,,21.9143485,39.3121725,
17:56:49.654,,,,,,,,,,,,,,,,,,,,,,,,,,,,,,,,,,,,,,,,,,,,,,,,,,,,,,,,,,0.78125,,,,,,,21.9143485,39.3121725,
17:56:49.718,,,,,,,,,,,,,,,,,,,,,,,,,,,,,,,,,,,,,,,,,,,,,,,,,,,,,,,,,,,0,,,,,,21.9143485,39.3121725,
17:56:49.771,,,,,,,,,,,,,,,,,,,,,,,,,,,,,,,,,,,,,,,,,,,,,,,,,,,,,,,,,,0,,,,,,,21.9143485,39.3121725,
17:56:49.833,,,,,,,,,,,,,,,,,,,,,,,,,,,,,,,,,,,,,,,,,,,,,,,,,,,,,,,,,,,-2.34375,,,,,,21.9143485,39.3121725,
17:56:49.898,,,,,,,,,,,,,,,,,,,,,,,,,,,,,,,,,,,,,,,,,,,,,,,,,,,,,,,,,,-1.5625,,,,,,,21.9143485,39.3121725,
17:56:49.961,,,,,,,,,,,,,,,,,,,,,,,,,,,,,,,,,,,,,,,,,,,,,,,,,,,,,,,,,,,-3.90625,,,,,,21.9143485,39.3121725,
17:56:50.013,,,,,,,,,,,,,,,,,,,,,,,,,,,,,,,,,,,,,,,,,,,,,,,,,,,,,,,,,,-2.34375,,,,,,,21.9143485,39.3121725,
17:56:50.058,,,,,,,,,,,,,,,,,,135.90000915527344,,,,,,,,0.23412368684433052,,,,,,,,,,,,,,,,,,,,,,,,,,,,,,,,,,0.28381805419921874,,,,,21.9143485,39.3121725,
17:56:50.058,,,,,,,,,,,,,,,,,,137.70001220703125,,,,,,,,0.2341237247808596,,,,,,,,,,,,,,,,,,,,,,,,,,,,,,,,,,0.28381805419921874,,,,,21.9143485,39.3121725,
17:56:50.088,,,,,,,,,,,,,,,,,,,,,,,,,,,,,,,,,,,,,,,,,,,,,,,,,,,,,,,,,,,-3.90625,,,,,,21.9143485,39.3121725,
17:56:50.137,,,,,,,,,,,,,,,,,,,,,,,,,,,,,,,,,,,,,,,,,,,,,,,,,,,,,,,,,,-3.125,,,,,,,21.9143485,39.3121725,
17:56:50.201,,,,,,,,,,,,,,,,,,,,,,,,,,,,,,,,,,,,,,,,,,,,,,,,,,,,,,,,,,,-4.6875,,,,,,21.9143485,39.3121725,
17:56:50.276,,,,,,,,,,,,,,,,,,,,,,,,,,,,,,,,,,,,,,,,,,,,,,,,,,,,,,,,,,-3.90625,,,,,,,21.9143485,39.3121725,
17:56:50.306,,,,,,,,,,,,,,,,,,,,,,,,,,,,,,,,,,,,,,,,,,,,,,,,,,,,,,,,,,,-4.6875,,,,,,21.9143485,39.3121725,
17:56:50.347,,,,,,,,,,,,,,,,,,,,,,,,,,,,,,,,,,,,,,,,,,,,,,,,,,,,,,,,,,-4.6875,,,,,,,21.9143485,39.3121725,
17:56:50.398,,,,,,,,,,,,,,,,,,,,,,,,,,,,,,,,,,,,,,,,,,,,,,,,,,,,,,,,,,,-4.6875,,,,,,21.9143485,39.3121725,
17:56:50.438,,,,,,,,,,,,,,,,,,,,,,,,,,,,,,,,,,,,,,,,,,,,,,,,,,,,,,,,,,-5.46875,,,,,,,21.9143485,39.3121725,
17:56:50.506,,,,,,,,,,,,,,,,,,,,,,,,,,,,,,,,,,,,,,,,,,,,,,,,,,,,,,,,,,,-4.6875,,,,,,21.9143485,39.3121725,
17:56:50.541,,,,,,,,,,,,,,,,,,137.70001220703125,,,,,,,,0.23428580609810504,,,,,,,,,,,,,,,,,,,,,,,,,,,,,,,,,,0.282111069560051,,,,,21.9143485,39.3121725,
17:56:50.541,,,,,,,,,,,,,,,,,,137.70001220703125,,,,,,,,0.2342858540223533,,,,,,,,,,,,,,,,,,,,,,,,,,,,,,,,,,0.282111069560051,,,,,21.9143475,39.3121721,
17:56:50.549,,,,,,,,,,,,,,,,,,,,,,,,,,,,,,,,,,,,,,,,,,,,,,,,,,,,,,,,,,-4.6875,,,,,,,21.9143475,39.3121721,
17:56:50.585,,,,,,,,,,,,,,,,,,,,,,,,,,,,,,,,,,,,,,,,,,,,,,,,,,,,,,,,,,,-5.46875,,,,,,21.9143475,39.3121721,
17:56:50.647,,,,,,,,,,,,,,,,,,,,,,,,,,,,,,,,,,,,,,,,,,,,,,,,,,,,,,,,,,-4.6875,,,,,,,21.9143475,39.3121721,
17:56:50.698,,,,,,,,,,,,,,,,,,,,,,,,,,,,,,,,,,,,,,,,,,,,,,,,,,,,,,,,,,,-5.46875,,,,,,21.9143475,39.3121721,
17:56:50.729,,,,,,,,,,,,,,,,,,,,,,,,,,,,,,,,,,,,,,,,,,,,,,,,,,,,,,,,,,-4.6875,,,,,,,21.9143475,39.3121721,
17:56:50.803,,,,,,,,,,,,,,,,,,,,,,,,,,,,,,,,,,,,,,,,,,,,,,,,,,,,,,,,,,,-5.46875,,,,,,21.9143475,39.3121721,
17:56:50.857,,,,,,,,,,,,,,,,,,,,,,,,,,,,,,,,,,,,,,,,,,,,,,,,,,,,,,,,,,-4.6875,,,,,,,21.9143475,39.3121721,
17:56:50.918,,,,,,,,,,,,,,,,,,,,,,,,,,,,,,,,,,,,,,,,,,,,,,,,,,,,,,,,,,,-6.25,,,,,,21.9143475,39.3121721,
17:56:50.970,,,,,,,,,,,,,,,,,,,,,,,,,,,,,,,,,,,,,,,,,,,,,,,,,,,,,,,,,,-4.6875,,,,,,,21.9143475,39.3121721,
17:56:51.006,,,,,,,,,,,,,,,,,,,,,,,,,,,,,,,,,,,,,,,,,,,,,,,,,,,,,,,,,,,-6.25,,,,,,21.9143475,39.3121721,
17:56:51.058,,,,,,,,,,,,,,,,,,,,,,,,,,,,,,,,,,,,,,,,,,,,,,,,,,,,,,,,,,-4.6875,,,,,,,21.9143475,39.3121721,
17:56:51.122,,,,,,,,,,,,,,,,,,,,,,,,,,,,,,,,,,,,,,,,,,,,,,,,,,,,,,,,,,,-7.03125,,,,,,21.9143475,39.3121721,
17:56:51.149,,,,,,,,,,,,,,,,,,,,,,,,,,,,,,,,,,,,,,,,,,,,,,,,,,,,,,,,,,-4.6875,,,,,,,21.9143475,39.3121721,
17:56:51.218,,,,,,,,,,,,,,,,,,,,,,,,,,,,,,,,,,,,,,,,,,,,,,,,,,,,,,,,,,,-7.03125,,,,,,21.9143475,39.3121721,
17:56:51.282,,,,,,,,,,,,,,,,,,,,,,,,,,,,,,,,,,,,,,,,,,,,,,,,,,,,,,,,,,-4.6875,,,,,,,21.9143475,39.3121721,
17:56:51.335,,,,,,,,,,,,,,,,,,,,,,,,,,,,,,,,,,,,,,,,,,,,,,,,,,,,,,,,,,,-7.03125,,,,,,21.9143475,39.3121721,
17:56:51.399,,,,,,,,,,,,,,,,,,,,,,,,,,,,,,,,,,,,,,,,,,,,,,,,,,,,,,,,,,-4.6875,,,,,,,21.9143475,39.3121721,
17:56:51.462,,,,,,,,,,,,,,,,,,,,,,,,,,,,,,,,,,,,,,,,,,,,,,,,,,,,,,,,,,,-7.03125,,,,,,21.9143475,39.3121721,
17:56:51.512,,,,,,,,,,,,,,,,,,,,,,,,,,,,,,,,,,,,,,,,,,,,,,,,,,,,,,,,,,-4.6875,,,,,,,21.9143475,39.3121721,
17:56:51.525,,,,,,,,,,,,,,,,,,137.70001220703125,,,,,,,,0.23466908558708185,,,,,,,,,,,,,,,,,,,,,,,,,,,,,,,,,,0.2903554022312164,,,,,21.9143475,39.3121721,
17:56:51.525,,,,,,,,,,,,,,,,,,137.70001220703125,,,,,,,,0.2346691128137265,,,,,,,,,,,,,,,,,,,,,,,,,,,,,,,,,,0.2903554022312164,,,,,21.9143474,39.3121721,
17:56:51.537,,,,,,,,,,,,,,,,,,,,,,,,,,,,,,,,,,,,,,,,,,,,,,,,,,,,,,,,,,,-6.25,,,,,,21.9143474,39.3121721,
17:56:51.585,,,,,,,,,,,,,,,,,,,,,,,,,,,,,,,,,,,,,,,,,,,,,,,,,,,,,,,,,,-4.6875,,,,,,,21.9143474,39.3121721,
17:56:51.638,,,,,,,,,,,,,,,,,,,,,,,,,,,,,,,,,,,,,,,,,,,,,,,,,,,,,,,,,,,-6.25,,,,,,21.9143474,39.3121721,
17:56:51.690,,,,,,,,,,,,,,,,,,,,,,,,,,,,,,,,,,,,,,,,,,,,,,,,,,,,,,,,,,-3.90625,,,,,,,21.9143474,39.3121721,
17:56:51.753,,,,,,,,,,,,,,,,,,,,,,,,,,,,,,,,,,,,,,,,,,,,,,,,,,,,,,,,,,,-5.46875,,,,,,21.9143474,39.3121721,
17:56:51.818,,,,,,,,,,,,,,,,,,,,,,,,,,,,,,,,,,,,,,,,,,,,,,,,,,,,,,,,,,-3.125,,,,,,,21.9143474,39.3121721,
17:56:51.874,,,,,,,,,,,,,,,,,,,,,,,,,,,,,,,,,,,,,,,,,,,,,,,,,,,,,,,,,,,-4.6875,,,,,,21.9143474,39.3121721,
17:56:51.942,,,,,,,,,,,,,,,,,,,,,,,,,,,,,,,,,,,,,,,,,,,,,,,,,,,,,,,,,,-2.34375,,,,,,,21.9143474,39.3121721,
17:56:51.994,,,,,,,,,,,,,,,,,,,,,,,,,,,,,,,,,,,,,,,,,,,,,,,,,,,,,,,,,,,-3.90625,,,,,,21.9143474,39.3121721,
17:56:52.058,,,,,,,,,,,,,,,,,,,,,,,,,,,,,,,,,,,,,,,,,,,,,,,,,,,,,,,,,,-1.5625,,,,,,,21.9143474,39.3121721,
17:56:52.122,,,,,,,,,,,,,,,,,,,,,,,,,,,,,,,,,,,,,,,,,,,,,,,,,,,,,,,,,,,-3.125,,,,,,21.9143474,39.3121721,
17:56:52.174,,,,,,,,,,,,,,,,,,,,,,,,,,,,,,,,,,,,,,,,,,,,,,,,,,,,,,,,,,-1.5625,,,,,,,21.9143474,39.3121721,
17:56:52.242,,,,,,,,,,,,,,,,,,,,,,,,,,,,,,,,,,,,,,,,,,,,,,,,,,,,,,,,,,,-2.34375,,,,,,21.9143474,39.3121721,
17:56:52.289,,,,,,,,,,,,,,,,,,,,,,,,,,,,,,,,,,,,,,,,,,,,,,,,,,,,,,,,,,-1.5625,,,,,,,21.9143474,39.3121721,
17:56:52.366,,,,,,,,,,,,,,,,,,,,,,,,,,,,,,,,,,,,,,,,,,,,,,,,,,,,,,,,,,,-2.34375,,,,,,21.9143474,39.3121721,
17:56:52.418,,,,,,,,,,,,,,,,,,,,,,,,,,,,,,,,,,,,,,,,,,,,,,,,,,,,,,,,,,-1.5625,,,,,,,21.9143474,39.3121721,
17:56:52.470,,,,,,,,,,,,,,,,,,,,,,,,,,,,,,,,,,,,,,,,,,,,,,,,,,,,,,,,,,,-2.34375,,,,,,21.9143474,39.3121721,
17:56:52.532,,,,,,,,,,,,,,,,,,137.70001220703125,,,,,,,,0.23507265022869558,,,,,,,,,,,,,,,,,,,,,,,,,,,,,,,,,,0.2927782416343689,,,,,21.9143474,39.3121721,
17:56:52.532,,,,,,,,,,,,,,,,,,137.70001220703125,,,,,,,,0.23507268783805405,,,,,,,,,,,,,,,,,,,,,,,,,,,,,,,,,,0.2927782416343689,,,,,21.9143473,39.3121721,
17:56:52.537,,,,,,,,,,,,,,,,,,,,,,,,,,,,,,,,,,,,,,,,,,,,,,,,,,,,,,,,,,-1.5625,,,,,,,21.9143473,39.3121721,
17:56:52.598,,,,,,,,,,,,,,,,,,,,,,,,,,,,,,,,,,,,,,,,,,,,,,,,,,,,,,,,,,,-3.125,,,,,,21.9143473,39.3121721,
17:56:52.661,,,,,,,,,,,,,,,,,,,,,,,,,,,,,,,,,,,,,,,,,,,,,,,,,,,,,,,,,,-1.5625,,,,,,,21.9143473,39.3121721,
17:56:52.710,,,,,,,,,,,,,,,,,,,,,,,,,,,,,,,,,,,,,,,,,,,,,,,,,,,,,,,,,,,-3.125,,,,,,21.9143473,39.3121721,
17:56:52.736,,,,,,,,,,,,,,,,,,,,,,,,,,,,,,,,,,,,,,,,,,,,,,,,,,,,,,,,,,-1.5625,,,,,,,21.9143473,39.3121721,
17:56:52.774,,,,,,,,,,,,,,,,,,,,,,,,,,,,,,,,,,,,,,,,,,,,,,,,,,,,,,,,,,,-3.125,,,,,,21.9143473,39.3121721,
17:56:52.838,,,,,,,,,,,,,,,,,,,,,,,,,,,,,,,,,,,,,,,,,,,,,,,,,,,,,,,,,,-1.5625,,,,,,,21.9143473,39.3121721,
17:56:52.889,,,,,,,,,,,,,,,,,,,,,,,,,,,,,,,,,,,,,,,,,,,,,,,,,,,,,,,,,,,-2.34375,,,,,,21.9143473,39.3121721,
17:56:52.925,,,,,,,,,,,,,,,,,,,,,,,,,,,,,,,,,,,,,,,,,,,,,,,,,,,,,,,,,,-1.5625,,,,,,,21.9143473,39.3121721,
17:56:52.979,,,,,,,,,,,,,,,,,,,,,,,,,,,,,,,,,,,,,,,,,,,,,,,,,,,,,,,,,,,-2.34375,,,,,,21.9143473,39.3121721,
17:56:53.010,,,,,,,,,,,,,,,,,,,,,,,,,,,,,,,,,,,,,,,,,,,,,,,,,,,,,,,,,,-3.125,,,,,,,21.9143473,39.3121721,
17:56:53.086,,,,,,,,,,,,,,,,,,,,,,,,,,,,,,,,,,,,,,,,,,,,,,,,,,,,,,,,,,,-2.34375,,,,,,21.9143473,39.3121721,
17:56:53.138,,,,,,,,,,,,,,,,,,,,,,,,,,,,,,,,,,,,,,,,,,,,,,,,,,,,,,,,,,-3.125,,,,,,,21.9143473,39.3121721,
17:56:53.201,,,,,,,,,,,,,,,,,,,,,,,,,,,,,,,,,,,,,,,,,,,,,,,,,,,,,,,,,,,-3.125,,,,,,21.9143473,39.3121721,
17:56:53.254,,,,,,,,,,,,,,,,,,,,,,,,,,,,,,,,,,,,,,,,,,,,,,,,,,,,,,,,,,-3.125,,,,,,,21.9143473,39.3121721,
17:56:53.317,,,,,,,,,,,,,,,,,,,,,,,,,,,,,,,,,,,,,,,,,,,,,,,,,,,,,,,,,,,-3.90625,,,,,,21.9143473,39.3121721,
17:56:53.381,,,,,,,,,,,,,,,,,,,,,,,,,,,,,,,,,,,,,,,,,,,,,,,,,,,,,,,,,,-2.34375,,,,,,,21.9143473,39.3121721,
17:56:53.433,,,,,,,,,,,,,,,,,,,,,,,,,,,,,,,,,,,,,,,,,,,,,,,,,,,,,,,,,,,-3.90625,,,,,,21.9143473,39.3121721,
17:56:53.498,,,,,,,,,,,,,,,,,,,,,,,,,,,,,,,,,,,,,,,,,,,,,,,,,,,,,,,,,,-2.34375,,,,,,,21.9143473,39.3121721,
17:56:53.542,,,,,,,,,,,,,,,,,,137.70001220703125,,,,,,,,0.2355246157164542,,,,,,,,,,,,,,,,,,,,,,,,,,,,,,,,,,0.3004020184278488,,,,,21.9143473,39.3121721,
17:56:53.542,,,,,,,,,,,,,,,,,,137.70001220703125,,,,,,,,0.23552464402151974,,,,,,,,,,,,,,,,,,,,,,,,,,,,,,,,,,0.3004020184278488,,,,,21.9143473,39.312172,
17:56:53.553,,,,,,,,,,,,,,,,,,,,,,,,,,,,,,,,,,,,,,,,,,,,,,,,,,,,,,,,,,,-3.90625,,,,,,21.9143473,39.312172,
17:56:53.577,,,,,,,,,,,,,,,,,,,,,,,,,,,,,,,,,,,,,,,,,,,,,,,,,,,,,,,,,,-3.125,,,,,,,21.9143473,39.312172,
17:56:53.604,,,,,,,,,,,,,,,,,,,,,,,,,,,,,,,,,,,,,,,,,,,,,,,,,,,,,,,,,,,-3.90625,,,,,,21.9143473,39.312172,
17:56:53.653,,,,,,,,,,,,,,,,,,,,,,,,,,,,,,,,,,,,,,,,,,,,,,,,,,,,,,,,,,-3.125,,,,,,,21.9143473,39.312172,
17:56:53.703,,,,,,,,,,,,,,,,,,,,,,,,,,,,,,,,,,,,,,,,,,,,,,,,,,,,,,,,,,,-3.90625,,,,,,21.9143473,39.312172,
17:56:53.741,,,,,,,,,,,,,,,,,,,,,,,,,,,,,,,,,,,,,,,,,,,,,,,,,,,,,,,,,,-3.125,,,,,,,21.9143473,39.312172,
17:56:53.801,,,,,,,,,,,,,,,,,,,,,,,,,,,,,,,,,,,,,,,,,,,,,,,,,,,,,,,,,,,-3.90625,,,,,,21.9143473,39.312172,
17:56:53.849,,,,,,,,,,,,,,,,,,,,,,,,,,,,,,,,,,,,,,,,,,,,,,,,,,,,,,,,,,-3.125,,,,,,,21.9143473,39.312172,
17:56:53.922,,,,,,,,,,,,,,,,,,,,,,,,,,,,,,,,,,,,,,,,,,,,,,,,,,,,,,,,,,,-3.90625,,,,,,21.9143473,39.312172,
17:56:53.972,,,,,,,,,,,,,,,,,,,,,,,,,,,,,,,,,,,,,,,,,,,,,,,,,,,,,,,,,,-3.125,,,,,,,21.9143473,39.312172,
17:56:53.997,,,,,,,,,,,,,,,,,,,,,,,,,,,,,,,,,,,,,,,,,,,,,,,,,,,,,,,,,,,-3.90625,,,,,,21.9143473,39.312172,
17:56:54.034,,,,,,,,,,,,,,,,,,,,,,,,,,,,,,,,,,,,,,,,,,,,,,,,,,,,,,,,,,-3.125,,,,,,,21.9143473,39.312172,
17:56:54.103,,,,,,,,,,,,,,,,,,,,,,,,,,,,,,,,,,,,,,,,,,,,,,,,,,,,,,,,,,,-3.90625,,,,,,21.9143473,39.312172,
17:56:54.153,,,,,,,,,,,,,,,,,,,,,,,,,,,,,,,,,,,,,,,,,,,,,,,,,,,,,,,,,,-3.125,,,,,,,21.9143473,39.312172,
17:56:54.213,,,,,,,,,,,,,,,,,,,,,,,,,,,,,,,,,,,,,,,,,,,,,,,,,,,,,,,,,,,-3.90625,,,,,,21.9143473,39.312172,
17:56:54.237,,,,,,,,,,,,,,,,,,,,,,,,,,,,,,,,,,,,,,,,,,,,,,,,,,,,,,,,,,-2.34375,,,,,,,21.9143473,39.312172,
17:56:54.279,,,,,,,,,,,,,,,,,,,,,,,,,,,,,,,,,,,,,,,,,,,,,,,,,,,,,,,,,,,-3.90625,,,,,,21.9143473,39.312172,
17:56:54.342,,,,,,,,,,,,,,,,,,,,,,,,,,,,,,,,,,,,,,,,,,,,,,,,,,,,,,,,,,-2.34375,,,,,,,21.9143473,39.312172,
17:56:54.394,,,,,,,,,,,,,,,,,,,,,,,,,,,,,,,,,,,,,,,,,,,,,,,,,,,,,,,,,,,-3.125,,,,,,21.9143473,39.312172,
17:56:54.470,,,,,,,,,,,,,,,,,,,,,,,,,,,,,,,,,,,,,,,,,,,,,,,,,,,,,,,,,,-2.34375,,,,,,,21.9143473,39.312172,
17:56:54.521,,,,,,,,,,,,,,,,,,,,,,,,,,,,,,,,,,,,,,,,,,,,,,,,,,,,,,,,,,,-3.125,,,,,,21.9143473,39.312172,
17:56:54.534,,,,,,,,,,,,,,,,,,137.70001220703125,,,,,,,,0.23598244181084715,,,,,,,,,,,,,,,,,,,,,,,,,,,,,,,,,,0.3033680319786072,,,,,21.9143473,39.312172,
17:56:54.534,,,,,,,,,,,,,,,,,,137.70001220703125,,,,,,,,0.23598247999670732,,,,,,,,,,,,,,,,,,,,,,,,,,,,,,,,,,0.3033680319786072,,,,,21.9143472,39.312172,
17:56:54.595,,,,,,,,,,,,,,,,,,,,,,,,,,,,,,,,,,,,,,,,,,,,,,,,,,,,,,,,,,-1.5625,,,,,,,21.9143472,39.312172,
17:56:54.657,,,,,,,,,,,,,,,,,,,,,,,,,,,,,,,,,,,,,,,,,,,,,,,,,,,,,,,,,,,-3.125,,,,,,21.9143472,39.312172,
17:56:54.698,,,,,,,,,,,,,,,,,,,,,,,,,,,,,,,,,,,,,,,,,,,,,,,,,,,,,,,,,,-1.5625,,,,,,,21.9143472,39.312172,
17:56:54.761,,,,,,,,,,,,,,,,,,,,,,,,,,,,,,,,,,,,,,,,,,,,,,,,,,,,,,,,,,,-2.34375,,,,,,21.9143472,39.312172,
17:56:54.813,,,,,,,,,,,,,,,,,,,,,,,,,,,,,,,,,,,,,,,,,,,,,,,,,,,,,,,,,,-0.78125,,,,,,,21.9143472,39.312172,
17:56:54.879,,,,,,,,,,,,,,,,,,,,,,,,,,,,,,,,,,,,,,,,,,,,,,,,,,,,,,,,,,,-1.5625,,,,,,21.9143472,39.312172,
17:56:54.930,,,,,,,,,,,,,,,,,,,,,,,,,,,,,,,,,,,,,,,,,,,,,,,,,,,,,,,,,,0,,,,,,,21.9143472,39.312172,
17:56:54.958,,,,,,,,,,,,,,,,,,,,,,,,,,,,,,,,,,,,,,,,,,,,,,,,,,,,,,,,,,,-1.5625,,,,,,21.9143472,39.312172,
17:56:54.999,,,,,,,,,,,,,,,,,,,,,,,,,,,,,,,,,,,,,,,,,,,,,,,,,,,,,,,,,,0,,,,,,,21.9143472,39.312172,
17:56:55.051,,,,,,,,,,,,,,,,,,,,,,,,,,,,,,,,,,,,,,,,,,,,,,,,,,,,,,,,,,,-1.5625,,,,,,21.9143472,39.312172,
17:56:55.166,,,,,,,,,,,,,,,,,,,,,,,,,,,,,,,,,,,,,,,,,,,,,,,,,,,,,,,,,,-0.78125,,,,,,,21.9143472,39.312172,
17:56:55.266,,,,,,,,,,,,,,,,,,,,,,,,,,,,,,,,,,,,,,,,,,,,,,,,,,,,,,,,,,,-1.5625,,,,,,21.9143472,39.312172,
17:56:55.437,,,,,,,,,,,,,,,,,,,,,,,,,,,,,,,,,,,,,,,,,,,,,,,,,,,,,,,,,,-0.78125,,,,,,,21.9143472,39.312172,
17:56:55.528,,,,,,,,,,,,,,,,,,137.70001220703125,,,,,,,,0.23643316473270248,,,,,,,,,,,,,,,,,,,,,,,,,,,,,,,,,,0.30306040942668916,,,,,21.9143472,39.312172,
17:56:55.529,,,,,,,,,,,,,,,,,,137.70001220703125,,,,,,,,0.23643322924765314,,,,,,,,,,,,,,,,,,,,,,,,,,,,,,,,,,0.30306040942668916,,,,,21.9143472,39.3121719,
17:56:55.537,,,,,,,,,,,,,,,,,,,,,,,,,,,,,,,,,,,,,,,,,,,,,,,,,,,,,,,,,,,-1.5625,,,,,,21.9143472,39.3121719,
17:56:55.625,,,,,,,,,,,,,,,,,,,,,,,,,,,,,,,,,,,,,,,,,,,,,,,,,,,,,,,,,,0,,,,,,,21.9143472,39.3121719,
17:56:55.677,,,,,,,,,,,,,,,,,,,,,,,,,,,,,,,,,,,,,,,,,,,,,,,,,,,,,,,,,,,-1.5625,,,,,,21.9143472,39.3121719,
17:56:55.710,,,,,,,,,,,,,,,,,,,,,,,,,,,,,,,,,,,,,,,,,,,,,,,,,,,,,,,,,,0,,,,,,,21.9143472,39.3121719,
17:56:55.778,,,,,,,,,,,,,,,,,,,,,,,,,,,,,,,,,,,,,,,,,,,,,,,,,,,,,,,,,,,-1.5625,,,,,,21.9143472,39.3121719,
17:56:55.842,,,,,,,,,,,,,,,,,,,,,,,,,,,,,,,,,,,,,,,,,,,,,,,,,,,,,,,,,,0,,,,,,,21.9143472,39.3121719,
17:56:55.896,,,,,,,,,,,,,,,,,,,,,,,,,,,,,,,,,,,,,,,,,,,,,,,,,,,,,,,,,,,-1.5625,,,,,,21.9143472,39.3121719,
17:56:55.978,,,,,,,,,,,,,,,,,,,,,,,,,,,,,,,,,,,,,,,,,,,,,,,,,,,,,,,,,,0.78125,,,,,,,21.9143472,39.3121719,
17:56:56.061,,,,,,,,,,,,,,,,,,,,,,,,,,,,,,,,,,,,,,,,,,,,,,,,,,,,,,,,,,,-0.78125,,,,,,21.9143472,39.3121719,
17:56:56.114,,,,,,,,,,,,,,,,,,,,,,,,,,,,,,,,,,,,,,,,,,,,,,,,,,,,,,,,,,0.78125,,,,,,,21.9143472,39.3121719,
17:56:56.165,,,,,,,,,,,,,,,,,,,,,,,,,,,,,,,,,,,,,,,,,,,,,,,,,,,,,,,,,,,0,,,,,,21.9143472,39.3121719,
17:56:56.217,,,,,,,,,,,,,,,,,,,,,,,,,,,,,,,,,,,,,,,,,,,,,,,,,,,,,,,,,,0.78125,,,,,,,21.9143472,39.3121719,
17:56:56.247,,,,,,,,,,,,,,,,,,,,,,,,,,,,,,,,,,,,,,,,,,,,,,,,,,,,,,,,,,,0,,,,,,21.9143472,39.3121719,
17:56:56.286,,,,,,,,,,,,,,,,,,,,,,,,,,,,,,,,,,,,,,,,,,,,,,,,,,,,,,,,,,0.78125,,,,,,,21.9143472,39.3121719,
17:56:56.349,,,,,,,,,,,,,,,,,,,,,,,,,,,,,,,,,,,,,,,,,,,,,,,,,,,,,,,,,,,0,,,,,,21.9143472,39.3121719,
17:56:56.401,,,,,,,,,,,,,,,,,,,,,,,,,,,,,,,,,,,,,,,,,,,,,,,,,,,,,,,,,,0,,,,,,,21.9143472,39.3121719,
17:56:56.431,,,,,,,,,,,,,,,,,,,,,,,,,,,,,,,,,,,,,,,,,,,,,,,,,,,,,,,,,,,0,,,,,,21.9143472,39.3121719,
17:56:56.497,,,,,,,,,,,,,,,,,,,,,,,,,,,,,,,,,,,,,,,,,,,,,,,,,,,,,,,,,,-0.78125,,,,,,,21.9143472,39.3121719,
17:56:56.534,,,,,,,,,,,,,,,,,,137.70001220703125,,,,,,,,0.23682863576093546,,,,,,,,,,,,,,,,,,,,,,,,,,,,,,,,,,0.29501429200172424,,,,,21.9143472,39.3121719,
17:56:56.534,,,,,,,,,,,,,,,,,,137.70001220703125,,,,,,,,0.23682866415131193,,,,,,,,,,,,,,,,,,,,,,,,,,,,,,,,,,0.29501429200172424,,,,,21.9143471,39.3121719,
17:56:56.549,,,,,,,,,,,,,,,,,,,,,,,,,,,,,,,,,,,,,,,,,,,,,,,,,,,,,,,,,,,-0.78125,,,,,,21.9143471,39.3121719,
17:56:56.589,,,,,,,,,,,,,,,,,,,,,,,,,,,,,,,,,,,,,,,,,,,,,,,,,,,,,,,,,,-0.78125,,,,,,,21.9143471,39.3121719,
17:56:56.642,,,,,,,,,,,,,,,,,,,,,,,,,,,,,,,,,,,,,,,,,,,,,,,,,,,,,,,,,,,-0.78125,,,,,,21.9143471,39.3121719,
17:56:56.705,,,,,,,,,,,,,,,,,,,,,,,,,,,,,,,,,,,,,,,,,,,,,,,,,,,,,,,,,,-0.78125,,,,,,,21.9143471,39.3121719,
17:56:56.779,,,,,,,,,,,,,,,,,,,,,,,,,,,,,,,,,,,,,,,,,,,,,,,,,,,,,,,,,,,-0.78125,,,,,,21.9143471,39.3121719,
17:56:56.822,,,,,,,,,,,,,,,,,,,,,,,,,,,,,,,,,,,,,,,,,,,,,,,,,,,,,,,,,,-0.78125,,,,,,,21.9143471,39.3121719,
17:56:56.886,,,,,,,,,,,,,,,,,,,,,,,,,,,,,,,,,,,,,,,,,,,,,,,,,,,,,,,,,,,-0.78125,,,,,,21.9143471,39.3121719,
17:56:56.950,,,,,,,,,,,,,,,,,,,,,,,,,,,,,,,,,,,,,,,,,,,,,,,,,,,,,,,,,,-0.78125,,,,,,,21.9143471,39.3121719,
17:56:57.002,,,,,,,,,,,,,,,,,,,,,,,,,,,,,,,,,,,,,,,,,,,,,,,,,,,,,,,,,,,-1.5625,,,,,,21.9143471,39.3121719,
17:56:57.066,,,,,,,,,,,,,,,,,,,,,,,,,,,,,,,,,,,,,,,,,,,,,,,,,,,,,,,,,,-0.78125,,,,,,,21.9143471,39.3121719,
17:56:57.130,,,,,,,,,,,,,,,,,,,,,,,,,,,,,,,,,,,,,,,,,,,,,,,,,,,,,,,,,,,-2.34375,,,,,,21.9143471,39.3121719,
17:56:57.186,,,,,,,,,,,,,,,,,,,,,,,,,,,,,,,,,,,,,,,,,,,,,,,,,,,,,,,,,,-0.78125,,,,,,,21.9143471,39.3121719,
17:56:57.250,,,,,,,,,,,,,,,,,,,,,,,,,,,,,,,,,,,,,,,,,,,,,,,,,,,,,,,,,,,-2.34375,,,,,,21.9143471,39.3121719,
17:56:57.303,,,,,,,,,,,,,,,,,,,,,,,,,,,,,,,,,,,,,,,,,,,,,,,,,,,,,,,,,,-0.78125,,,,,,,21.9143471,39.3121719,
17:56:57.329,,,,,,,,,,,,,,,,,,,,,,,,,,,,,,,,,,,,,,,,,,,,,,,,,,,,,,,,,,,-1.5625,,,,,,21.9143471,39.3121719,
17:56:57.403,,,,,,,,,,,,,,,,,,,,,,,,,,,,,,,,,,,,,,,,,,,,,,,,,,,,,,,,,,-0.78125,,,,,,,21.9143471,39.3121719,
17:56:57.453,,,,,,,,,,,,,,,,,,,,,,,,,,,,,,,,,,,,,,,,,,,,,,,,,,,,,,,,,,,-1.5625,,,,,,21.9143471,39.3121719,
17:56:57.525,,,,,,,,,,,,,,,,,,,,,,,,,,,,,,,,,,,,,,,,,,,,,,,,,,,,,,,,,,-0.78125,,,,,,,21.9143471,39.3121719,
17:56:57.533,,,,,,,,,,,,,,,,,,137.70001220703125,,,,,,,,0.23724845897454447,,,,,,,,,,,,,,,,,,,,,,,,,,,,,,,,,,0.299855437874794,,,,,21.9143471,39.3121719,
17:56:57.534,,,,,,,,,,,,,,,,,,137.70001220703125,,,,,,,,0.2372484947447797,,,,,,,,,,,,,,,,,,,,,,,,,,,,,,,,,,0.299855437874794,,,,,21.9143469,39.3121719,
17:56:57.598,,,,,,,,,,,,,,,,,,,,,,,,,,,,,,,,,,,,,,,,,,,,,,,,,,,,,,,,,,,-1.5625,,,,,,21.9143469,39.3121719,
17:56:57.673,,,,,,,,,,,,,,,,,,,,,,,,,,,,,,,,,,,,,,,,,,,,,,,,,,,,,,,,,,-0.78125,,,,,,,21.9143469,39.3121719,
17:56:57.721,,,,,,,,,,,,,,,,,,,,,,,,,,,,,,,,,,,,,,,,,,,,,,,,,,,,,,,,,,,-1.5625,,,,,,21.9143469,39.3121719,
17:56:57.785,,,,,,,,,,,,,,,,,,,,,,,,,,,,,,,,,,,,,,,,,,,,,,,,,,,,,,,,,,0,,,,,,,21.9143469,39.3121719,
17:56:57.846,,,,,,,,,,,,,,,,,,,,,,,,,,,,,,,,,,,,,,,,,,,,,,,,,,,,,,,,,,,-1.5625,,,,,,21.9143469,39.3121719,
17:56:57.869,,,,,,,,,,,,,,,,,,,,,,,,,,,,,,,,,,,,,,,,,,,,,,,,,,,,,,,,,,0,,,,,,,21.9143469,39.3121719,
17:56:57.905,,,,,,,,,,,,,,,,,,,,,,,,,,,,,,,,,,,,,,,,,,,,,,,,,,,,,,,,,,,-0.78125,,,,,,21.9143469,39.3121719,
17:56:57.957,,,,,,,,,,,,,,,,,,,,,,,,,,,,,,,,,,,,,,,,,,,,,,,,,,,,,,,,,,0,,,,,,,21.9143469,39.3121719,
17:56:58.022,,,,,,,,,,,,,,,,,,,,,,,,,,,,,,,,,,,,,,,,,,,,,,,,,,,,,,,,,,,0,,,,,,21.9143469,39.3121719,
17:56:58.040,,,,,,,,,,,,,,,,,,137.70001220703125,,,,,,,,0.23745986238570496,,,,,,,,,,,,,,,,,,,,,,,,,,,,,,,,,,0.30007731020450595,,,,,21.9143469,39.3121719,
17:56:58.040,,,,,,,,,,,,,,,,,,137.70001220703125,,,,,,,,0.23745989758388422,,,,,,,,,,,,,,,,,,,,,,,,,,,,,,,,,,0.30007731020450595,,,,,21.9143469,39.3121719,
17:56:58.050,,,,,,,,,,,,,,,,,,,,,,,,,,,,,,,,,,,,,,,,,,,,,,,,,,,,,,,,,,0.78125,,,,,,,21.9143469,39.3121719,
17:56:58.078,,,,,,,,,,,,,,,,,,,,,,,,,,,,,,,,,,,,,,,,,,,,,,,,,,,,,,,,,,,0,,,,,,21.9143469,39.3121719,
17:56:58.122,,,,,,,,,,,,,,,,,,,,,,,,,,,,,,,,,,,,,,,,,,,,,,,,,,,,,,,,,,1.5625,,,,,,,21.9143469,39.3121719,
17:56:58.198,,,,,,,,,,,,,,,,,,,,,,,,,,,,,,,,,,,,,,,,,,,,,,,,,,,,,,,,,,,1.5625,,,,,,21.9143469,39.3121719,
17:56:58.286,,,,,,,,,,,,,,,,,,,,,,,,,,,,,,,,,,,,,,,,,,,,,,,,,,,,,,,,,,3.90625,,,,,,,21.9143469,39.3121719,
17:56:58.353,,,,,,,,,,,,,,,,,,,,,,,,,,,,,,,,,,,,,,,,,,,,,,,,,,,,,,,,,,,3.90625,,,,,,21.9143469,39.3121719,
17:56:58.416,,,,,,,,,,,,,,,,,,,,,,,,,,,,,,,,,,,,,,,,,,,,,,,,,,,,,,,,,,4.6875,,,,,,,21.9143469,39.3121719,
17:56:58.482,,,,,,,,,,,,,,,,,,,,,,,,,,,,,,,,,,,,,,,,,,,,,,,,,,,,,,,,,,,3.90625,,,,,,21.9143469,39.3121719,
17:56:58.533,,,,,,,,,,,,,,,,,,,,,,,,,,,,,,,,,,,,,,,,,,,,,,,,,,,,,,,,,,3.90625,,,,,,,21.9143469,39.3121719,
17:56:58.543,,,,,,,,,,,,,,,,,,137.70001220703125,,,,,,,,0.23762522379325104,,,,,,,,,,,,,,,,,,,,,,,,,,,,,,,,,,0.2871045649051666,,,,,21.9143469,39.3121719,
17:56:58.543,,,,,,,,,,,,,,,,,,137.70001220703125,,,,,,,,0.23762524620550776,,,,,,,,,,,,,,,,,,,,,,,,,,,,,,,,,,0.2871045649051666,,,,,21.9143463,39.3121716,
17:56:58.598,,,,,,,,,,,,,,,,,,,,,,,,,,,,,,,,,,,,,,,,,,,,,,,,,,,,,,,,,,,3.90625,,,,,,21.9143463,39.3121716,
17:56:58.666,,,,,,,,,,,,,,,,,,,,,,,,,,,,,,,,,,,,,,,,,,,,,,,,,,,,,,,,,,3.125,,,,,,,21.9143463,39.3121716,
17:56:58.705,,,,,,,,,,,,,,,,,,,,,,,,,,,,,,,,,,,,,,,,,,,,,,,,,,,,,,,,,,,3.125,,,,,,21.9143463,39.3121716,
17:56:58.778,,,,,,,,,,,,,,,,,,,,,,,,,,,,,,,,,,,,,,,,,,,,,,,,,,,,,,,,,,1.5625,,,,,,,21.9143463,39.3121716,
17:56:58.833,,,,,,,,,,,,,,,,,,,,,,,,,,,,,,,,,,,,,,,,,,,,,,,,,,,,,,,,,,,2.34375,,,,,,21.9143463,39.3121716,
17:56:58.922,,,,,,,,,,,,,,,,,,,,,,,,,,,,,,,,,,,,,,,,,,,,,,,,,,,,,,,,,,0,,,,,,,21.9143463,39.3121716,
17:56:59.006,,,,,,,,,,,,,,,,,,,,,,,,,,,,,,,,,,,,,,,,,,,,,,,,,,,,,,,,,,,1.5625,,,,,,21.9143463,39.3121716,
17:56:59.079,,,,,,,,,,,,,,,,,,,,,,,,,,,,,,,,,,,,,,,,,,,,,,,,,,,,,,,,,,-0.78125,,,,,,,21.9143463,39.3121716,
17:56:59.154,,,,,,,,,,,,,,,,,,,,,,,,,,,,,,,,,,,,,,,,,,,,,,,,,,,,,,,,,,,0.78125,,,,,,21.9143463,39.3121716,
17:56:59.194,,,,,,,,,,,,,,,,,,,,,,,,,,,,,,,,,,,,,,,,,,,,,,,,,,,,,,,,,,-0.78125,,,,,,,21.9143463,39.3121716,
17:56:59.257,,,,,,,,,,,,,,,,,,,,,,,,,,,,,,,,,,,,,,,,,,,,,,,,,,,,,,,,,,,0,,,,,,21.9143463,39.3121716,
17:56:59.322,,,,,,,,,,,,,,,,,,,,,,,,,,,,,,,,,,,,,,,,,,,,,,,,,,,,,,,,,,0,,,,,,,21.9143463,39.3121716,
17:56:59.377,,,,,,,,,,,,,,,,,,,,,,,,,,,,,,,,,,,,,,,,,,,,,,,,,,,,,,,,,,,0,,,,,,21.9143463,39.3121716,
17:56:59.429,,,,,,,,,,,,,,,,,,,,,,,,,,,,,,,,,,,,,,,,,,,,,,,,,,,,,,,,,,0.78125,,,,,,,21.9143463,39.3121716,
17:56:59.457,,,,,,,,,,,,,,,,,,,,,,,,,,,,,,,,,,,,,,,,,,,,,,,,,,,,,,,,,,,0.78125,,,,,,21.9143463,39.3121716,
17:56:59.498,,,,,,,,,,,,,,,,,,,,,,,,,,,,,,,,,,,,,,,,,,,,,,,,,,,,,,,,,,1.5625,,,,,,,21.9143463,39.3121716,
17:56:59.538,,,,,,,,,,,,,,,,,,137.70001220703125,,,,,,,,0.23792436843011067,,,,,,,,,,,,,,,,,,,,,,,,,,,,,,,,,,0.2833338350057602,,,,,21.9143463,39.3121716,
17:56:59.538,,,,,,,,,,,,,,,,,,137.70001220703125,,,,,,,,0.23792439110484076,,,,,,,,,,,,,,,,,,,,,,,,,,,,,,,,,,0.2833338350057602,,,,,21.9143463,39.3121716,
17:56:59.557,,,,,,,,,,,,,,,,,,,,,,,,,,,,,,,,,,,,,,,,,,,,,,,,,,,,,,,,,,,0.78125,,,,,,21.9143463,39.3121716,
17:56:59.617,,,,,,,,,,,,,,,,,,,,,,,,,,,,,,,,,,,,,,,,,,,,,,,,,,,,,,,,,,2.34375,,,,,,,21.9143463,39.3121716,
17:56:59.669,,,,,,,,,,,,,,,,,,,,,,,,,,,,,,,,,,,,,,,,,,,,,,,,,,,,,,,,,,,1.5625,,,,,,21.9143463,39.3121716,
17:56:59.738,,,,,,,,,,,,,,,,,,,,,,,,,,,,,,,,,,,,,,,,,,,,,,,,,,,,,,,,,,3.125,,,,,,,21.9143463,39.3121716,
17:56:59.789,,,,,,,,,,,,,,,,,,,,,,,,,,,,,,,,,,,,,,,,,,,,,,,,,,,,,,,,,,,1.5625,,,,,,21.9143463,39.3121716,
17:56:59.820,,,,,,,,,,,,,,,,,,,,,,,,,,,,,,,,,,,,,,,,,,,,,,,,,,,,,,,,,,3.125,,,,,,,21.9143463,39.3121716,
17:56:59.846,,,,,,,,,,,,,,,,,,,,,,,,,,,,,,,,,,,,,,,,,,,,,,,,,,,,,,,,,,,2.34375,,,,,,21.9143463,39.3121716,
17:56:59.886,,,,,,,,,,,,,,,,,,,,,,,,,,,,,,,,,,,,,,,,,,,,,,,,,,,,,,,,,,3.125,,,,,,,21.9143463,39.3121716,
17:56:59.950,,,,,,,,,,,,,,,,,,,,,,,,,,,,,,,,,,,,,,,,,,,,,,,,,,,,,,,,,,,3.125,,,,,,21.9143463,39.3121716,
17:57:00.002,,,,,,,,,,,,,,,,,,,,,,,,,,,,,,,,,,,,,,,,,,,,,,,,,,,,,,,,,,3.125,,,,,,,21.9143463,39.3121716,
17:57:00.053,,,,,,,,,,,,,,,,,,,,,,,,,,,,,,,,,,,,,,,,,,,,,,,,,,,,,,,,,,,3.125,,,,,,21.9143463,39.3121716,
17:57:00.090,,,,,,,,,,,,,,,,,,,,,,,,,,,,,,,,,,,,,,,,,,,,,,,,,,,,,,,,,,2.34375,,,,,,,21.9143463,39.3121716,
17:57:00.163,,,,,,,,,,,,,,,,,,,,,,,,,,,,,,,,,,,,,,,,,,,,,,,,,,,,,,,,,,,2.34375,,,,,,21.9143463,39.3121716,
17:57:00.215,,,,,,,,,,,,,,,,,,,,,,,,,,,,,,,,,,,,,,,,,,,,,,,,,,,,,,,,,,1.5625,,,,,,,21.9143463,39.3121716,
17:57:00.290,,,,,,,,,,,,,,,,,,,,,,,,,,,,,,,,,,,,,,,,,,,,,,,,,,,,,,,,,,,1.5625,,,,,,21.9143463,39.3121716,
17:57:00.329,,,,,,,,,,,,,,,,,,,,,,,,,,,,,,,,,,,,,,,,,,,,,,,,,,,,,,,,,,1.5625,,,,,,,21.9143463,39.3121716,
17:57:00.415,,,,,,,,,,,,,,,,,,,,,,,,,,,,,,,,,,,,,,,,,,,,,,,,,,,,,,,,,,,1.5625,,,,,,21.9143463,39.3121716,
17:57:00.470,,,,,,,,,,,,,,,,,,,,,,,,,,,,,,,,,,,,,,,,,,,,,,,,,,,,,,,,,,1.5625,,,,,,,21.9143463,39.3121716,
17:57:00.522,,,,,,,,,,,,,,,,,,,,,,,,,,,,,,,,,,,,,,,,,,,,,,,,,,,,,,,,,,,2.34375,,,,,,21.9143463,39.3121716,
17:57:00.533,,,,,,,,,,,,,,,,,,137.70001220703125,,,,,,,,0.2382359302703013,,,,,,,,,,,,,,,,,,,,,,,,,,,,,,,,,,0.28583319783210753,,,,,21.9143463,39.3121716,
17:57:00.533,,,,,,,,,,,,,,,,,,137.70001220703125,,,,,,,,0.23823595686949736,,,,,,,,,,,,,,,,,,,,,,,,,,,,,,,,,,0.28583319783210753,,,,,21.9143463,39.3121715,
17:57:00.575,,,,,,,,,,,,,,,,,,,,,,,,,,,,,,,,,,,,,,,,,,,,,,,,,,,,,,,,,,2.34375,,,,,,,21.9143463,39.3121715,
17:57:00.638,,,,,,,,,,,,,,,,,,,,,,,,,,,,,,,,,,,,,,,,,,,,,,,,,,,,,,,,,,,2.34375,,,,,,21.9143463,39.3121715,
17:57:00.694,,,,,,,,,,,,,,,,,,,,,,,,,,,,,,,,,,,,,,,,,,,,,,,,,,,,,,,,,,2.34375,,,,,,,21.9143463,39.3121715,
17:57:00.758,,,,,,,,,,,,,,,,,,,,,,,,,,,,,,,,,,,,,,,,,,,,,,,,,,,,,,,,,,,2.34375,,,,,,21.9143463,39.3121715,
17:57:00.809,,,,,,,,,,,,,,,,,,,,,,,,,,,,,,,,,,,,,,,,,,,,,,,,,,,,,,,,,,2.34375,,,,,,,21.9143463,39.3121715,
17:57:00.839,,,,,,,,,,,,,,,,,,,,,,,,,,,,,,,,,,,,,,,,,,,,,,,,,,,,,,,,,,,1.5625,,,,,,21.9143463,39.3121715,
17:57:00.866,,,,,,,,,,,,,,,,,,,,,,,,,,,,,,,,,,,,,,,,,,,,,,,,,,,,,,,,,,2.34375,,,,,,,21.9143463,39.3121715,
17:57:00.907,,,,,,,,,,,,,,,,,,,,,,,,,,,,,,,,,,,,,,,,,,,,,,,,,,,,,,,,,,,1.5625,,,,,,21.9143463,39.3121715,
17:57:00.958,,,,,,,,,,,,,,,,,,,,,,,,,,,,,,,,,,,,,,,,,,,,,,,,,,,,,,,,,,2.34375,,,,,,,21.9143463,39.3121715,
17:57:00.998,,,,,,,,,,,,,,,,,,,,,,,,,,,,,,,,,,,,,,,,,,,,,,,,,,,,,,,,,,,1.5625,,,,,,21.9143463,39.3121715,
17:57:01.075,,,,,,,,,,,,,,,,,,,,,,,,,,,,,,,,,,,,,,,,,,,,,,,,,,,,,,,,,,2.34375,,,,,,,21.9143463,39.3121715,
17:57:01.166,,,,,,,,,,,,,,,,,,,,,,,,,,,,,,,,,,,,,,,,,,,,,,,,,,,,,,,,,,,2.34375,,,,,,21.9143463,39.3121715,
17:57:01.206,,,,,,,,,,,,,,,,,,,,,,,,,,,,,,,,,,,,,,,,,,,,,,,,,,,,,,,,,,2.34375,,,,,,,21.9143463,39.3121715,
17:57:01.270,,,,,,,,,,,,,,,,,,,,,,,,,,,,,,,,,,,,,,,,,,,,,,,,,,,,,,,,,,,1.5625,,,,,,21.9143463,39.3121715,
17:57:01.335,,,,,,,,,,,,,,,,,,,,,,,,,,,,,,,,,,,,,,,,,,,,,,,,,,,,,,,,,,3.125,,,,,,,21.9143463,39.3121715,
17:57:01.386,,,,,,,,,,,,,,,,,,,,,,,,,,,,,,,,,,,,,,,,,,,,,,,,,,,,,,,,,,,2.34375,,,,,,21.9143463,39.3121715,
17:57:01.450,,,,,,,,,,,,,,,,,,,,,,,,,,,,,,,,,,,,,,,,,,,,,,,,,,,,,,,,,,3.125,,,,,,,21.9143463,39.3121715,
17:57:01.501,,,,,,,,,,,,,,,,,,,,,,,,,,,,,,,,,,,,,,,,,,,,,,,,,,,,,,,,,,,3.125,,,,,,21.9143463,39.3121715,
17:57:01.545,,,,,,,,,,,,,,,,,,137.70001220703125,,,,,,,,0.2385121007637555,,,,,,,,,,,,,,,,,,,,,,,,,,,,,,,,,,0.28026568293571474,,,,,21.9143463,39.3121715,
17:57:01.545,,,,,,,,,,,,,,,,,,137.70001220703125,,,,,,,,0.23851211797946176,,,,,,,,,,,,,,,,,,,,,,,,,,,,,,,,,,0.28026568293571474,,,,,21.9143463,39.3121715,
17:57:01.561,,,,,,,,,,,,,,,,,,,,,,,,,,,,,,,,,,,,,,,,,,,,,,,,,,,,,,,,,,3.125,,,,,,,21.9143463,39.3121715,
17:57:01.622,,,,,,,,,,,,,,,,,,,,,,,,,,,,,,,,,,,,,,,,,,,,,,,,,,,,,,,,,,,3.90625,,,,,,21.9143463,39.3121715,
17:57:01.649,,,,,,,,,,,,,,,,,,,,,,,,,,,,,,,,,,,,,,,,,,,,,,,,,,,,,,,,,,2.34375,,,,,,,21.9143463,39.3121715,
17:57:01.731,,,,,,,,,,,,,,,,,,,,,,,,,,,,,,,,,,,,,,,,,,,,,,,,,,,,,,,,,,,3.90625,,,,,,21.9143463,39.3121715,
17:57:01.783,,,,,,,,,,,,,,,,,,,,,,,,,,,,,,,,,,,,,,,,,,,,,,,,,,,,,,,,,,2.34375,,,,,,,21.9143463,39.3121715,
17:57:01.856,,,,,,,,,,,,,,,,,,,,,,,,,,,,,,,,,,,,,,,,,,,,,,,,,,,,,,,,,,,3.90625,,,,,,21.9143463,39.3121715,
17:57:01.893,,,,,,,,,,,,,,,,,,,,,,,,,,,,,,,,,,,,,,,,,,,,,,,,,,,,,,,,,,2.34375,,,,,,,21.9143463,39.3121715,
17:57:01.958,,,,,,,,,,,,,,,,,,,,,,,,,,,,,,,,,,,,,,,,,,,,,,,,,,,,,,,,,,,3.125,,,,,,21.9143463,39.3121715,
17:57:02.008,,,,,,,,,,,,,,,,,,,,,,,,,,,,,,,,,,,,,,,,,,,,,,,,,,,,,,,,,,2.34375,,,,,,,21.9143463,39.3121715,
17:57:02.046,,,,,,,,,,,,,,,,,,,,,,,,,,,,,,,,,,,,,,,,,,,,,,,,,,,,,,,,,,,2.34375,,,,,,21.9143463,39.3121715,
17:57:02.113,,,,,,,,,,,,,,,,,,,,,,,,,,,,,,,,,,,,,,,,,,,,,,,,,,,,,,,,,,2.34375,,,,,,,21.9143463,39.3121715,
17:57:02.165,,,,,,,,,,,,,,,,,,,,,,,,,,,,,,,,,,,,,,,,,,,,,,,,,,,,,,,,,,,2.34375,,,,,,21.9143463,39.3121715,
17:57:02.189,,,,,,,,,,,,,,,,,,,,,,,,,,,,,,,,,,,,,,,,,,,,,,,,,,,,,,,,,,2.34375,,,,,,,21.9143463,39.3121715,
17:57:02.218,,,,,,,,,,,,,,,,,,,,,,,,,,,,,,,,,,,,,,,,,,,,,,,,,,,,,,,,,,,2.34375,,,,,,21.9143463,39.3121715,
17:57:02.265,,,,,,,,,,,,,,,,,,,,,,,,,,,,,,,,,,,,,,,,,,,,,,,,,,,,,,,,,,2.34375,,,,,,,21.9143463,39.3121715,
17:57:02.317,,,,,,,,,,,,,,,,,,,,,,,,,,,,,,,,,,,,,,,,,,,,,,,,,,,,,,,,,,,2.34375,,,,,,21.9143463,39.3121715,
17:57:02.383,,,,,,,,,,,,,,,,,,,,,,,,,,,,,,,,,,,,,,,,,,,,,,,,,,,,,,,,,,3.125,,,,,,,21.9143463,39.3121715,
17:57:02.434,,,,,,,,,,,,,,,,,,,,,,,,,,,,,,,,,,,,,,,,,,,,,,,,,,,,,,,,,,,3.125,,,,,,21.9143463,39.3121715,
17:57:02.497,,,,,,,,,,,,,,,,,,,,,,,,,,,,,,,,,,,,,,,,,,,,,,,,,,,,,,,,,,3.125,,,,,,,21.9143463,39.3121715,
17:57:02.537,,,,,,,,,,,,,,,,,,137.70001220703125,,,,,,,,0.23875345384833216,,,,,,,,,,,,,,,,,,,,,,,,,,,,,,,,,,0.27621774673461913,,,,,21.9143463,39.3121715,
17:57:02.537,,,,,,,,,,,,,,,,,,137.70001220703125,,,,,,,,0.23875348667189042,,,,,,,,,,,,,,,,,,,,,,,,,,,,,,,,,,0.27621774673461913,,,,,21.9143463,39.3121715,
17:57:02.548,,,,,,,,,,,,,,,,,,,,,,,,,,,,,,,,,,,,,,,,,,,,,,,,,,,,,,,,,,,3.125,,,,,,21.9143463,39.3121715,
17:57:02.623,,,,,,,,,,,,,,,,,,,,,,,,,,,,,,,,,,,,,,,,,,,,,,,,,,,,,,,,,,3.125,,,,,,,21.9143463,39.3121715,
17:57:02.702,,,,,,,,,,,,,,,,,,,,,,,,,,,,,,,,,,,,,,,,,,,,,,,,,,,,,,,,,,,3.125,,,,,,21.9143463,39.3121715,
17:57:02.801,,,,,,,,,,,,,,,,,,,,,,,,,,,,,,,,,,,,,,,,,,,,,,,,,,,,,,,,,,3.90625,,,,,,,21.9143463,39.3121715,
17:57:02.887,,,,,,,,,,,,,,,,,,,,,,,,,,,,,,,,,,,,,,,,,,,,,,,,,,,,,,,,,,,1.5625,,,,,,21.9143463,39.3121715,
17:57:02.979,,,,,,,,,,,,,,,,,,,,,,,,,,,,,,,,,,,,,,,,,,,,,,,,,,,,,,,,,,3.125,,,,,,,21.9143463,39.3121715,
17:57:03.058,,,,,,,,,,,,,,,,,,,,,,,,,,,,,,,,,,,,,,,,,,,,,,,,,,,,,,,,,,,2.34375,,,,,,21.9143463,39.3121715,
17:57:03.145,,,,,,,,,,,,,,,,,,,,,,,,,,,,,,,,,,,,,,,,,,,,,,,,,,,,,,,,,,2.34375,,,,,,,21.9143463,39.3121715,
17:57:03.233,,,,,,,,,,,,,,,,,,,,,,,,,,,,,,,,,,,,,,,,,,,,,,,,,,,,,,,,,,,2.34375,,,,,,21.9143463,39.3121715,
17:57:03.289,,,,,,,,,,,,,,,,,,,,,,,,,,,,,,,,,,,,,,,,,,,,,,,,,,,,,,,,,,1.5625,,,,,,,21.9143463,39.3121715,
17:57:03.331,,,,,,,,,,,,,,,,,,,,,,,,,,,,,,,,,,,,,,,,,,,,,,,,,,,,,,,,,,,1.5625,,,,,,21.9143463,39.3121715,
17:57:03.399,,,,,,,,,,,,,,,,,,,,,,,,,,,,,,,,,,,,,,,,,,,,,,,,,,,,,,,,,,1.5625,,,,,,,21.9143463,39.3121715,
17:57:03.450,,,,,,,,,,,,,,,,,,,,,,,,,,,,,,,,,,,,,,,,,,,,,,,,,,,,,,,,,,,0.78125,,,,,,21.9143463,39.3121715,
17:57:03.518,,,,,,,,,,,,,,,,,,,,,,,,,,,,,,,,,,,,,,,,,,,,,,,,,,,,,,,,,,1.5625,,,,,,,21.9143463,39.3121715,
17:57:03.534,,,,,,,,,,,,,,,,,,137.70001220703125,,,,,,,,0.2389865776398289,,,,,,,,,,,,,,,,,,,,,,,,,,,,,,,,,,0.27520529329776766,,,,,21.9143463,39.3121715,
17:57:03.534,,,,,,,,,,,,,,,,,,137.70001220703125,,,,,,,,0.23898659992861154,,,,,,,,,,,,,,,,,,,,,,,,,,,,,,,,,,0.27520529329776766,,,,,21.9143463,39.3121715,
17:57:03.582,,,,,,,,,,,,,,,,,,,,,,,,,,,,,,,,,,,,,,,,,,,,,,,,,,,,,,,,,,,0,,,,,,21.9143463,39.3121715,
17:57:03.634,,,,,,,,,,,,,,,,,,,,,,,,,,,,,,,,,,,,,,,,,,,,,,,,,,,,,,,,,,1.5625,,,,,,,21.9143463,39.3121715,
17:57:03.697,,,,,,,,,,,,,,,,,,,,,,,,,,,,,,,,,,,,,,,,,,,,,,,,,,,,,,,,,,,-0.78125,,,,,,21.9143463,39.3121715,
17:57:03.748,,,,,,,,,,,,,,,,,,,,,,,,,,,,,,,,,,,,,,,,,,,,,,,,,,,,,,,,,,0.78125,,,,,,,21.9143463,39.3121715,
17:57:03.786,,,,,,,,,,,,,,,,,,,,,,,,,,,,,,,,,,,,,,,,,,,,,,,,,,,,,,,,,,,-0.78125,,,,,,21.9143463,39.3121715,
17:57:03.850,,,,,,,,,,,,,,,,,,,,,,,,,,,,,,,,,,,,,,,,,,,,,,,,,,,,,,,,,,0,,,,,,,21.9143463,39.3121715,
17:57:03.901,,,,,,,,,,,,,,,,,,,,,,,,,,,,,,,,,,,,,,,,,,,,,,,,,,,,,,,,,,,-0.78125,,,,,,21.9143463,39.3121715,
17:57:03.941,,,,,,,,,,,,,,,,,,,,,,,,,,,,,,,,,,,,,,,,,,,,,,,,,,,,,,,,,,0,,,,,,,21.9143463,39.3121715,
17:57:03.994,,,,,,,,,,,,,,,,,,,,,,,,,,,,,,,,,,,,,,,,,,,,,,,,,,,,,,,,,,,-0.78125,,,,,,21.9143463,39.3121715,
17:57:04.058,,,,,,,,,,,,,,,,,,,,,,,,,,,,,,,,,,,,,,,,,,,,,,,,,,,,,,,,,,-0.78125,,,,,,,21.9143463,39.3121715,
17:57:04.113,,,,,,,,,,,,,,,,,,,,,,,,,,,,,,,,,,,,,,,,,,,,,,,,,,,,,,,,,,,-2.34375,,,,,,21.9143463,39.3121715,
17:57:04.170,,,,,,,,,,,,,,,,,,,,,,,,,,,,,,,,,,,,,,,,,,,,,,,,,,,,,,,,,,-2.34375,,,,,,,21.9143463,39.3121715,
17:57:04.236,,,,,,,,,,,,,,,,,,,,,,,,,,,,,,,,,,,,,,,,,,,,,,,,,,,,,,,,,,,-3.90625,,,,,,21.9143463,39.3121715,
17:57:04.297,,,,,,,,,,,,,,,,,,,,,,,,,,,,,,,,,,,,,,,,,,,,,,,,,,,,,,,,,,-3.125,,,,,,,21.9143463,39.3121715,
17:57:04.361,,,,,,,,,,,,,,,,,,,,,,,,,,,,,,,,,,,,,,,,,,,,,,,,,,,,,,,,,,,-4.6875,,,,,,21.9143463,39.3121715,
17:57:04.412,,,,,,,,,,,,,,,,,,,,,,,,,,,,,,,,,,,,,,,,,,,,,,,,,,,,,,,,,,-3.90625,,,,,,,21.9143463,39.3121715,
17:57:04.476,,,,,,,,,,,,,,,,,,,,,,,,,,,,,,,,,,,,,,,,,,,,,,,,,,,,,,,,,,,-5.46875,,,,,,21.9143463,39.3121715,
17:57:04.524,,,,,,,,,,,,,,,,,,137.70001220703125,,,,,,,,0.2391895246730294,,,,,,,,,,,,,,,,,,,,,,,,,,,,,,,,,,0.27117202877998353,,,,,21.9143463,39.3121715,
17:57:04.524,,,,,,,,,,,,,,,,,,137.70001220703125,,,,,,,,0.2391895423972322,,,,,,,,,,,,,,,,,,,,,,,,,,,,,,,,,,0.27117202877998353,,,,,21.9143462,39.3121714,
17:57:04.540,,,,,,,,,,,,,,,,,,,,,,,,,,,,,,,,,,,,,,,,,,,,,,,,,,,,,,,,,,-3.90625,,,,,,,21.9143462,39.3121714,
17:57:04.601,,,,,,,,,,,,,,,,,,,,,,,,,,,,,,,,,,,,,,,,,,,,,,,,,,,,,,,,,,,-5.46875,,,,,,21.9143462,39.3121714,
17:57:04.651,,,,,,,,,,,,,,,,,,,,,,,,,,,,,,,,,,,,,,,,,,,,,,,,,,,,,,,,,,-3.90625,,,,,,,21.9143462,39.3121714,
17:57:04.695,,,,,,,,,,,,,,,,,,,,,,,,,,,,,,,,,,,,,,,,,,,,,,,,,,,,,,,,,,,-4.6875,,,,,,21.9143462,39.3121714,
17:57:04.738,,,,,,,,,,,,,,,,,,,,,,,,,,,,,,,,,,,,,,,,,,,,,,,,,,,,,,,,,,-3.90625,,,,,,,21.9143462,39.3121714,
17:57:04.815,,,,,,,,,,,,,,,,,,,,,,,,,,,,,,,,,,,,,,,,,,,,,,,,,,,,,,,,,,,-4.6875,,,,,,21.9143462,39.3121714,
17:57:04.867,,,,,,,,,,,,,,,,,,,,,,,,,,,,,,,,,,,,,,,,,,,,,,,,,,,,,,,,,,-3.90625,,,,,,,21.9143462,39.3121714,
17:57:04.923,,,,,,,,,,,,,,,,,,,,,,,,,,,,,,,,,,,,,,,,,,,,,,,,,,,,,,,,,,,-4.6875,,,,,,21.9143462,39.3121714,
17:57:04.985,,,,,,,,,,,,,,,,,,,,,,,,,,,,,,,,,,,,,,,,,,,,,,,,,,,,,,,,,,-3.90625,,,,,,,21.9143462,39.3121714,
17:57:05.050,,,,,,,,,,,,,,,,,,,,,,,,,,,,,,,,,,,,,,,,,,,,,,,,,,,,,,,,,,,-4.6875,,,,,,21.9143462,39.3121714,
17:57:05.102,,,,,,,,,,,,,,,,,,,,,,,,,,,,,,,,,,,,,,,,,,,,,,,,,,,,,,,,,,-3.90625,,,,,,,21.9143462,39.3121714,
17:57:05.173,,,,,,,,,,,,,,,,,,,,,,,,,,,,,,,,,,,,,,,,,,,,,,,,,,,,,,,,,,,-5.46875,,,,,,21.9143462,39.3121714,
17:57:05.219,,,,,,,,,,,,,,,,,,,,,,,,,,,,,,,,,,,,,,,,,,,,,,,,,,,,,,,,,,-3.90625,,,,,,,21.9143462,39.3121714,
17:57:05.277,,,,,,,,,,,,,,,,,,,,,,,,,,,,,,,,,,,,,,,,,,,,,,,,,,,,,,,,,,,-5.46875,,,,,,21.9143462,39.3121714,
17:57:05.318,,,,,,,,,,,,,,,,,,,,,,,,,,,,,,,,,,,,,,,,,,,,,,,,,,,,,,,,,,-3.90625,,,,,,,21.9143462,39.3121714,
17:57:05.371,,,,,,,,,,,,,,,,,,,,,,,,,,,,,,,,,,,,,,,,,,,,,,,,,,,,,,,,,,,-5.46875,,,,,,21.9143462,39.3121714,
17:57:05.445,,,,,,,,,,,,,,,,,,,,,,,,,,,,,,,,,,,,,,,,,,,,,,,,,,,,,,,,,,-3.90625,,,,,,,21.9143462,39.3121714,
17:57:05.496,,,,,,,,,,,,,,,,,,,,,,,,,,,,,,,,,,,,,,,,,,,,,,,,,,,,,,,,,,,-5.46875,,,,,,21.9143462,39.3121714,
17:57:05.535,,,,,,,,,,,,,,,,,,137.70001220703125,,,,,,,,0.23938023325268434,,,,,,,,,,,,,,,,,,,,,,,,,,,,,,,,,,0.26899632811546326,,,,,21.9143462,39.3121714,
17:57:05.535,,,,,,,,,,,,,,,,,,137.70001220703125,,,,,,,,0.23938024871694474,,,,,,,,,,,,,,,,,,,,,,,,,,,,,,,,,,0.26899632811546326,,,,,21.9143461,39.3121714,
17:57:05.558,,,,,,,,,,,,,,,,,,,,,,,,,,,,,,,,,,,,,,,,,,,,,,,,,,,,,,,,,,-3.125,,,,,,,21.9143461,39.3121714,
17:57:05.621,,,,,,,,,,,,,,,,,,,,,,,,,,,,,,,,,,,,,,,,,,,,,,,,,,,,,,,,,,,-5.46875,,,,,,21.9143461,39.3121714,
17:57:05.669,,,,,,,,,,,,,,,,,,,,,,,,,,,,,,,,,,,,,,,,,,,,,,,,,,,,,,,,,,-2.34375,,,,,,,21.9143461,39.3121714,
17:57:05.706,,,,,,,,,,,,,,,,,,,,,,,,,,,,,,,,,,,,,,,,,,,,,,,,,,,,,,,,,,,-5.46875,,,,,,21.9143461,39.3121714,
17:57:05.770,,,,,,,,,,,,,,,,,,,,,,,,,,,,,,,,,,,,,,,,,,,,,,,,,,,,,,,,,,-2.34375,,,,,,,21.9143461,39.3121714,
17:57:05.821,,,,,,,,,,,,,,,,,,,,,,,,,,,,,,,,,,,,,,,,,,,,,,,,,,,,,,,,,,,-4.6875,,,,,,21.9143461,39.3121714,
17:57:05.857,,,,,,,,,,,,,,,,,,,,,,,,,,,,,,,,,,,,,,,,,,,,,,,,,,,,,,,,,,-2.34375,,,,,,,21.9143461,39.3121714,
17:57:05.919,,,,,,,,,,,,,,,,,,,,,,,,,,,,,,,,,,,,,,,,,,,,,,,,,,,,,,,,,,,-3.90625,,,,,,21.9143461,39.3121714,
17:57:05.972,,,,,,,,,,,,,,,,,,,,,,,,,,,,,,,,,,,,,,,,,,,,,,,,,,,,,,,,,,-2.34375,,,,,,,21.9143461,39.3121714,
17:57:06.009,,,,,,,,,,,,,,,,,,,,,,,,,,,,,,,,,,,,,,,,,,,,,,,,,,,,,,,,,,,-3.90625,,,,,,21.9143461,39.3121714,
17:57:06.062,,,,,,,,,,,,,,,,,,,,,,,,,,,,,,,,,,,,,,,,,,,,,,,,,,,,,,,,,,-2.34375,,,,,,,21.9143461,39.3121714,
17:57:06.097,,,,,,,,,,,,,,,,,,,,,,,,,,,,,,,,,,,,,,,,,,,,,,,,,,,,,,,,,,,-3.90625,,,,,,21.9143461,39.3121714,
17:57:06.170,,,,,,,,,,,,,,,,,,,,,,,,,,,,,,,,,,,,,,,,,,,,,,,,,,,,,,,,,,-2.34375,,,,,,,21.9143461,39.3121714,
17:57:06.220,,,,,,,,,,,,,,,,,,,,,,,,,,,,,,,,,,,,,,,,,,,,,,,,,,,,,,,,,,,-3.90625,,,,,,21.9143461,39.3121714,
17:57:06.293,,,,,,,,,,,,,,,,,,,,,,,,,,,,,,,,,,,,,,,,,,,,,,,,,,,,,,,,,,-2.34375,,,,,,,21.9143461,39.3121714,
17:57:06.341,,,,,,,,,,,,,,,,,,,,,,,,,,,,,,,,,,,,,,,,,,,,,,,,,,,,,,,,,,,-3.90625,,,,,,21.9143461,39.3121714,
17:57:06.395,,,,,,,,,,,,,,,,,,,,,,,,,,,,,,,,,,,,,,,,,,,,,,,,,,,,,,,,,,-3.125,,,,,,,21.9143461,39.3121714,
17:57:06.456,,,,,,,,,,,,,,,,,,,,,,,,,,,,,,,,,,,,,,,,,,,,,,,,,,,,,,,,,,,-3.90625,,,,,,21.9143461,39.3121714,
17:57:06.521,,,,,,,,,,,,,,,,,,,,,,,,,,,,,,,,,,,,,,,,,,,,,,,,,,,,,,,,,,-3.125,,,,,,,21.9143461,39.3121714,
17:57:06.540,,,,,,,,,,,,,,,,,,137.70001220703125,,,,,,,,0.23961671934928605,,,,,,,,,,,,,,,,,,,,,,,,,,,,,,,,,,0.27679482400417327,,,,,21.9143461,39.3121714,
17:57:06.540,,,,,,,,,,,,,,,,,,137.70001220703125,,,,,,,,0.2396167355062198,,,,,,,,,,,,,,,,,,,,,,,,,,,,,,,,,,0.27679482400417327,,,,,21.9143451,39.3121726,
17:57:06.581,,,,,,,,,,,,,,,,,,,,,,,,,,,,,,,,,,,,,,,,,,,,,,,,,,,,,,,,,,,-3.90625,,,,,,21.9143451,39.3121726,
17:57:06.629,,,,,,,,,,,,,,,,,,,,,,,,,,,,,,,,,,,,,,,,,,,,,,,,,,,,,,,,,,-3.125,,,,,,,21.9143451,39.3121726,
17:57:06.665,,,,,,,,,,,,,,,,,,,,,,,,,,,,,,,,,,,,,,,,,,,,,,,,,,,,,,,,,,,-3.90625,,,,,,21.9143451,39.3121726,
17:57:06.725,,,,,,,,,,,,,,,,,,,,,,,,,,,,,,,,,,,,,,,,,,,,,,,,,,,,,,,,,,-3.90625,,,,,,,21.9143451,39.3121726,
17:57:06.789,,,,,,,,,,,,,,,,,,,,,,,,,,,,,,,,,,,,,,,,,,,,,,,,,,,,,,,,,,,-3.90625,,,,,,21.9143451,39.3121726,
17:57:06.847,,,,,,,,,,,,,,,,,,,,,,,,,,,,,,,,,,,,,,,,,,,,,,,,,,,,,,,,,,-3.90625,,,,,,,21.9143451,39.3121726,
17:57:06.901,,,,,,,,,,,,,,,,,,,,,,,,,,,,,,,,,,,,,,,,,,,,,,,,,,,,,,,,,,,-4.6875,,,,,,21.9143451,39.3121726,
17:57:06.968,,,,,,,,,,,,,,,,,,,,,,,,,,,,,,,,,,,,,,,,,,,,,,,,,,,,,,,,,,-3.90625,,,,,,,21.9143451,39.3121726,
17:57:07.042,,,,,,,,,,,,,,,,,,,,,,,,,,,,,,,,,,,,,,,,,,,,,,,,,,,,,,,,,,,-4.6875,,,,,,21.9143451,39.3121726,
17:57:07.093,,,,,,,,,,,,,,,,,,,,,,,,,,,,,,,,,,,,,,,,,,,,,,,,,,,,,,,,,,-4.6875,,,,,,,21.9143451,39.3121726,
17:57:07.146,,,,,,,,,,,,,,,,,,,,,,,,,,,,,,,,,,,,,,,,,,,,,,,,,,,,,,,,,,,-4.6875,,,,,,21.9143451,39.3121726,
17:57:07.210,,,,,,,,,,,,,,,,,,,,,,,,,,,,,,,,,,,,,,,,,,,,,,,,,,,,,,,,,,-4.6875,,,,,,,21.9143451,39.3121726,
17:57:07.261,,,,,,,,,,,,,,,,,,,,,,,,,,,,,,,,,,,,,,,,,,,,,,,,,,,,,,,,,,,-5.46875,,,,,,21.9143451,39.3121726,
17:57:07.289,,,,,,,,,,,,,,,,,,,,,,,,,,,,,,,,,,,,,,,,,,,,,,,,,,,,,,,,,,-4.6875,,,,,,,21.9143451,39.3121726,
17:57:07.317,,,,,,,,,,,,,,,,,,,,,,,,,,,,,,,,,,,,,,,,,,,,,,,,,,,,,,,,,,,-5.46875,,,,,,21.9143451,39.3121726,
17:57:07.385,,,,,,,,,,,,,,,,,,,,,,,,,,,,,,,,,,,,,,,,,,,,,,,,,,,,,,,,,,-4.6875,,,,,,,21.9143451,39.3121726,
17:57:07.449,,,,,,,,,,,,,,,,,,,,,,,,,,,,,,,,,,,,,,,,,,,,,,,,,,,,,,,,,,,-5.46875,,,,,,21.9143451,39.3121726,
17:57:07.502,,,,,,,,,,,,,,,,,,,,,,,,,,,,,,,,,,,,,,,,,,,,,,,,,,,,,,,,,,-3.90625,,,,,,,21.9143451,39.3121726,
17:57:07.526,,,,,,,,,,,,,,,,,,137.70001220703125,,,,,,,,0.23980403063566588,,,,,,,,,,,,,,,,,,,,,,,,,,,,,,,,,,0.27001639902591706,,,,,21.9143451,39.3121726,
17:57:07.526,,,,,,,,,,,,,,,,,,137.70001220703125,,,,,,,,0.23980404721582507,,,,,,,,,,,,,,,,,,,,,,,,,,,,,,,,,,0.27001639902591706,,,,,21.9143448,39.3121725,
17:57:07.528,,,,,,,,,,,,,,,,,,,,,,,,,,,,,,,,,,,,,,,,,,,,,,,,,,,,,,,,,,,-5.46875,,,,,,21.9143448,39.3121725,
17:57:07.565,,,,,,,,,,,,,,,,,,,,,,,,,,,,,,,,,,,,,,,,,,,,,,,,,,,,,,,,,,-3.90625,,,,,,,21.9143448,39.3121725,
17:57:07.630,,,,,,,,,,,,,,,,,,,,,,,,,,,,,,,,,,,,,,,,,,,,,,,,,,,,,,,,,,,-4.6875,,,,,,21.9143448,39.3121725,
17:57:07.729,,,,,,,,,,,,,,,,,,,,,,,,,,,,,,,,,,,,,,,,,,,,,,,,,,,,,,,,,,-3.90625,,,,,,,21.9143448,39.3121725,
17:57:07.782,,,,,,,,,,,,,,,,,,,,,,,,,,,,,,,,,,,,,,,,,,,,,,,,,,,,,,,,,,,-4.6875,,,,,,21.9143448,39.3121725,
17:57:07.835,,,,,,,,,,,,,,,,,,,,,,,,,,,,,,,,,,,,,,,,,,,,,,,,,,,,,,,,,,-3.125,,,,,,,21.9143448,39.3121725,
17:57:07.898,,,,,,,,,,,,,,,,,,,,,,,,,,,,,,,,,,,,,,,,,,,,,,,,,,,,,,,,,,,-3.90625,,,,,,21.9143448,39.3121725,
17:57:07.961,,,,,,,,,,,,,,,,,,,,,,,,,,,,,,,,,,,,,,,,,,,,,,,,,,,,,,,,,,-2.34375,,,,,,,21.9143448,39.3121725,
17:57:08.014,,,,,,,,,,,,,,,,,,,,,,,,,,,,,,,,,,,,,,,,,,,,,,,,,,,,,,,,,,,-4.6875,,,,,,21.9143448,39.3121725,
17:57:08.079,,,,,,,,,,,,,,,,,,,,,,,,,,,,,,,,,,,,,,,,,,,,,,,,,,,,,,,,,,-1.5625,,,,,,,21.9143448,39.3121725,
17:57:08.141,,,,,,,,,,,,,,,,,,,,,,,,,,,,,,,,,,,,,,,,,,,,,,,,,,,,,,,,,,,-3.90625,,,,,,21.9143448,39.3121725,
17:57:08.206,,,,,,,,,,,,,,,,,,,,,,,,,,,,,,,,,,,,,,,,,,,,,,,,,,,,,,,,,,-1.5625,,,,,,,21.9143448,39.3121725,
17:57:08.259,,,,,,,,,,,,,,,,,,,,,,,,,,,,,,,,,,,,,,,,,,,,,,,,,,,,,,,,,,,-3.125,,,,,,21.9143448,39.3121725,
17:57:08.324,,,,,,,,,,,,,,,,,,,,,,,,,,,,,,,,,,,,,,,,,,,,,,,,,,,,,,,,,,-1.5625,,,,,,,21.9143448,39.3121725,
17:57:08.378,,,,,,,,,,,,,,,,,,,,,,,,,,,,,,,,,,,,,,,,,,,,,,,,,,,,,,,,,,,-2.34375,,,,,,21.9143448,39.3121725,
17:57:08.465,,,,,,,,,,,,,,,,,,,,,,,,,,,,,,,,,,,,,,,,,,,,,,,,,,,,,,,,,,-1.5625,,,,,,,21.9143448,39.3121725,
17:57:08.529,,,,,,,,,,,,,,,,,,,,,,,,,,,,,,,,,,,,,,,,,,,,,,,,,,,,,,,,,,,-2.34375,,,,,,21.9143448,39.3121725,
17:57:08.552,,,,,,,,,,,,,,,,,,137.70001220703125,,,,,,,,0.23999351446212713,,,,,,,,,,,,,,,,,,,,,,,,,,,,,,,,,,0.26952638626098635,,,,,21.9143448,39.3121725,
17:57:08.552,,,,,,,,,,,,,,,,,,137.70001220703125,,,,,,,,0.23999352704447577,,,,,,,,,,,,,,,,,,,,,,,,,,,,,,,,,,0.26952638626098635,,,,,21.9143448,39.3121725,
17:57:08.581,,,,,,,,,,,,,,,,,,,,,,,,,,,,,,,,,,,,,,,,,,,,,,,,,,,,,,,,,,-1.5625,,,,,,,21.9143448,39.3121725,
17:57:08.617,,,,,,,,,,,,,,,,,,,,,,,,,,,,,,,,,,,,,,,,,,,,,,,,,,,,,,,,,,,-2.34375,,,,,,21.9143448,39.3121725,
17:57:08.677,,,,,,,,,,,,,,,,,,,,,,,,,,,,,,,,,,,,,,,,,,,,,,,,,,,,,,,,,,-1.5625,,,,,,,21.9143448,39.3121725,
17:57:08.738,,,,,,,,,,,,,,,,,,,,,,,,,,,,,,,,,,,,,,,,,,,,,,,,,,,,,,,,,,,-2.34375,,,,,,21.9143448,39.3121725,
17:57:08.802,,,,,,,,,,,,,,,,,,,,,,,,,,,,,,,,,,,,,,,,,,,,,,,,,,,,,,,,,,-1.5625,,,,,,,21.9143448,39.3121725,
17:57:08.853,,,,,,,,,,,,,,,,,,,,,,,,,,,,,,,,,,,,,,,,,,,,,,,,,,,,,,,,,,,-2.34375,,,,,,21.9143448,39.3121725,
17:57:08.882,,,,,,,,,,,,,,,,,,,,,,,,,,,,,,,,,,,,,,,,,,,,,,,,,,,,,,,,,,-1.5625,,,,,,,21.9143448,39.3121725,
17:57:08.918,,,,,,,,,,,,,,,,,,,,,,,,,,,,,,,,,,,,,,,,,,,,,,,,,,,,,,,,,,,-2.34375,,,,,,21.9143448,39.3121725,
17:57:08.981,,,,,,,,,,,,,,,,,,,,,,,,,,,,,,,,,,,,,,,,,,,,,,,,,,,,,,,,,,-0.78125,,,,,,,21.9143448,39.3121725,
17:57:09.082,,,,,,,,,,,,,,,,,,,,,,,,,,,,,,,,,,,,,,,,,,,,,,,,,,,,,,,,,,,-2.34375,,,,,,21.9143448,39.3121725,
17:57:09.131,,,,,,,,,,,,,,,,,,,,,,,,,,,,,,,,,,,,,,,,,,,,,,,,,,,,,,,,,,-0.78125,,,,,,,21.9143448,39.3121725,
17:57:09.217,,,,,,,,,,,,,,,,,,,,,,,,,,,,,,,,,,,,,,,,,,,,,,,,,,,,,,,,,,,-1.5625,,,,,,21.9143448,39.3121725,
17:57:09.279,,,,,,,,,,,,,,,,,,,,,,,,,,,,,,,,,,,,,,,,,,,,,,,,,,,,,,,,,,-1.5625,,,,,,,21.9143448,39.3121725,
17:57:09.342,,,,,,,,,,,,,,,,,,,,,,,,,,,,,,,,,,,,,,,,,,,,,,,,,,,,,,,,,,,-1.5625,,,,,,21.9143448,39.3121725,
17:57:09.390,,,,,,,,,,,,,,,,,,,,,,,,,,,,,,,,,,,,,,,,,,,,,,,,,,,,,,,,,,-1.5625,,,,,,,21.9143448,39.3121725,
17:57:09.418,,,,,,,,,,,,,,,,,,,,,,,,,,,,,,,,,,,,,,,,,,,,,,,,,,,,,,,,,,,-1.5625,,,,,,21.9143448,39.3121725,
17:57:09.457,,,,,,,,,,,,,,,,,,,,,,,,,,,,,,,,,,,,,,,,,,,,,,,,,,,,,,,,,,-1.5625,,,,,,,21.9143448,39.3121725,
17:57:09.506,,,,,,,,,,,,,,,,,,,,,,,,,,,,,,,,,,,,,,,,,,,,,,,,,,,,,,,,,,,-1.5625,,,,,,21.9143448,39.3121725,
17:57:09.525,,,,,,,,,,,,,,,,,,137.70001220703125,,,,,,,,0.24018636524742243,,,,,,,,,,,,,,,,,,,,,,,,,,,,,,,,,,0.27212155759334566,,,,,21.9143448,39.3121725,
17:57:09.525,,,,,,,,,,,,,,,,,,137.70001220703125,,,,,,,,0.24018638620397625,,,,,,,,,,,,,,,,,,,,,,,,,,,,,,,,,,0.27212155759334566,,,,,21.9143448,39.3121724,
17:57:09.544,,,,,,,,,,,,,,,,,,,,,,,,,,,,,,,,,,,,,,,,,,,,,,,,,,,,,,,,,,-1.5625,,,,,,,21.9143448,39.3121724,
17:57:09.569,,,,,,,,,,,,,,,,,,,,,,,,,,,,,,,,,,,,,,,,,,,,,,,,,,,,,,,,,,,-2.34375,,,,,,21.9143448,39.3121724,
17:57:09.609,,,,,,,,,,,,,,,,,,,,,,,,,,,,,,,,,,,,,,,,,,,,,,,,,,,,,,,,,,-1.5625,,,,,,,21.9143448,39.3121724,
17:57:09.659,,,,,,,,,,,,,,,,,,,,,,,,,,,,,,,,,,,,,,,,,,,,,,,,,,,,,,,,,,,-2.34375,,,,,,21.9143448,39.3121724,
17:57:09.698,,,,,,,,,,,,,,,,,,,,,,,,,,,,,,,,,,,,,,,,,,,,,,,,,,,,,,,,,,-1.5625,,,,,,,21.9143448,39.3121724,
17:57:09.761,,,,,,,,,,,,,,,,,,,,,,,,,,,,,,,,,,,,,,,,,,,,,,,,,,,,,,,,,,,-2.34375,,,,,,21.9143448,39.3121724,
17:57:09.813,,,,,,,,,,,,,,,,,,,,,,,,,,,,,,,,,,,,,,,,,,,,,,,,,,,,,,,,,,-1.5625,,,,,,,21.9143448,39.3121724,
17:57:09.901,,,,,,,,,,,,,,,,,,,,,,,,,,,,,,,,,,,,,,,,,,,,,,,,,,,,,,,,,,,-3.125,,,,,,21.9143448,39.3121724,
17:57:09.967,,,,,,,,,,,,,,,,,,,,,,,,,,,,,,,,,,,,,,,,,,,,,,,,,,,,,,,,,,-1.5625,,,,,,,21.9143448,39.3121724,
17:57:10.029,,,,,,,,,,,,,,,,,,,,,,,,,,,,,,,,,,,,,,,,,,,,,,,,,,,,,,,,,,,-2.34375,,,,,,21.9143448,39.3121724,
17:57:10.094,,,,,,,,,,,,,,,,,,,,,,,,,,,,,,,,,,,,,,,,,,,,,,,,,,,,,,,,,,-2.34375,,,,,,,21.9143448,39.3121724,
17:57:10.147,,,,,,,,,,,,,,,,,,,,,,,,,,,,,,,,,,,,,,,,,,,,,,,,,,,,,,,,,,,-2.34375,,,,,,21.9143448,39.3121724,
17:57:10.205,,,,,,,,,,,,,,,,,,,,,,,,,,,,,,,,,,,,,,,,,,,,,,,,,,,,,,,,,,-1.5625,,,,,,,21.9143448,39.3121724,
17:57:10.295,,,,,,,,,,,,,,,,,,,,,,,,,,,,,,,,,,,,,,,,,,,,,,,,,,,,,,,,,,,-2.34375,,,,,,21.9143448,39.3121724,
17:57:10.357,,,,,,,,,,,,,,,,,,137.70001220703125,,,,,,,,0.24035385606666057,,,,,,,,,,,,,,,,,,,,,,,,,,,,,,,,,,0.2729705035686493,,,,,21.9143448,39.3121724,
17:57:10.357,,,,,,,,,,,,,,,,,,135.90000915527344,,,,,,,,0.2403538721326089,,,,,,,,,,,,,,,,,,,,,,,,,,,,,,,,,,0.2729705035686493,,,,,21.9143448,39.3121725,
17:57:10.358,,,,,,,,,,,,,,,,,,,,,,,,,,,,,,,,,,,,,,,,,,,,,,,,,,,,,,,,,,-2.34375,,,,,,,21.9143448,39.3121725,
17:57:10.422,,,,,,,,,,,,,,,,,,,,,,,,,,,,,,,,,,,,,,,,,,,,,,,,,,,,,,,,,,,-2.34375,,,,,,21.9143448,39.3121725,
17:57:10.473,,,,,,,,,,,,,,,,,,,,,,,,,,,,,,,,,,,,,,,,,,,,,,,,,,,,,,,,,,-2.34375,,,,,,,21.9143448,39.3121725,
17:57:10.538,,,,,,,,,,,,,,,,,,,,,,,,,,,,,,,,,,,,,,,,,,,,,,,,,,,,,,,,,,,-2.34375,,,,,,21.9143448,39.3121725,
17:57:10.589,,,,,,,,,,,,,,,,,,,,,,,,,,,,,,,,,,,,,,,,,,,,,,,,,,,,,,,,,,-2.34375,,,,,,,21.9143448,39.3121725,
17:57:10.654,,,,,,,,,,,,,,,,,,,,,,,,,,,,,,,,,,,,,,,,,,,,,,,,,,,,,,,,,,,-3.125,,,,,,21.9143448,39.3121725,
17:57:10.717,,,,,,,,,,,,,,,,,,,,,,,,,,,,,,,,,,,,,,,,,,,,,,,,,,,,,,,,,,-1.5625,,,,,,,21.9143448,39.3121725,
17:57:10.781,,,,,,,,,,,,,,,,,,,,,,,,,,,,,,,,,,,,,,,,,,,,,,,,,,,,,,,,,,,-3.125,,,,,,21.9143448,39.3121725,
17:57:10.836,,,,,,,,,,,,,,,,,,,,,,,,,,,,,,,,,,,,,,,,,,,,,,,,,,,,,,,,,,-0.78125,,,,,,,21.9143448,39.3121725,
17:57:10.897,,,,,,,,,,,,,,,,,,,,,,,,,,,,,,,,,,,,,,,,,,,,,,,,,,,,,,,,,,,-2.34375,,,,,,21.9143448,39.3121725,
17:57:10.962,,,,,,,,,,,,,,,,,,,,,,,,,,,,,,,,,,,,,,,,,,,,,,,,,,,,,,,,,,0,,,,,,,21.9143448,39.3121725,
17:57:11.012,,,,,,,,,,,,,,,,,,,,,,,,,,,,,,,,,,,,,,,,,,,,,,,,,,,,,,,,,,,-2.34375,,,,,,21.9143448,39.3121725,
17:57:11.038,,,,,,,,,,,,,,,,,,,,,,,,,,,,,,,,,,,,,,,,,,,,,,,,,,,,,,,,,,0.78125,,,,,,,21.9143448,39.3121725,
17:57:11.077,,,,,,,,,,,,,,,,,,,,,,,,,,,,,,,,,,,,,,,,,,,,,,,,,,,,,,,,,,,-2.34375,,,,,,21.9143448,39.3121725,
17:57:11.149,,,,,,,,,,,,,,,,,,,,,,,,,,,,,,,,,,,,,,,,,,,,,,,,,,,,,,,,,,0.78125,,,,,,,21.9143448,39.3121725,
17:57:11.190,,,,,,,,,,,,,,,,,,,,,,,,,,,,,,,,,,,,,,,,,,,,,,,,,,,,,,,,,,,-1.5625,,,,,,21.9143448,39.3121725,
17:57:11.259,,,,,,,,,,,,,,,,,,,,,,,,,,,,,,,,,,,,,,,,,,,,,,,,,,,,,,,,,,0.78125,,,,,,,21.9143448,39.3121725,
17:57:11.310,,,,,,,,,,,,,,,,,,,,,,,,,,,,,,,,,,,,,,,,,,,,,,,,,,,,,,,,,,,-0.78125,,,,,,21.9143448,39.3121725,
17:57:11.386,,,,,,,,,,,,,,,,,,,,,,,,,,,,,,,,,,,,,,,,,,,,,,,,,,,,,,,,,,0.78125,,,,,,,21.9143448,39.3121725,
17:57:11.437,,,,,,,,,,,,,,,,,,,,,,,,,,,,,,,,,,,,,,,,,,,,,,,,,,,,,,,,,,,-0.78125,,,,,,21.9143448,39.3121725,
17:57:11.491,,,,,,,,,,,,,,,,,,,,,,,,,,,,,,,,,,,,,,,,,,,,,,,,,,,,,,,,,,0,,,,,,,21.9143448,39.3121725,
17:57:11.531,,,,,,,,,,,,,,,,,,135.90000915527344,,,,,,,,0.2406452395624414,,,,,,,,,,,,,,,,,,,,,,,,,,,,,,,,,,0.28103813230991365,,,,,21.9143448,39.3121725,
17:57:11.531,,,,,,,,,,,,,,,,,,135.90000915527344,,,,,,,,0.24064525498123282,,,,,,,,,,,,,,,,,,,,,,,,,,,,,,,,,,0.28103813230991365,,,,,21.9143448,39.312172,
17:57:11.571,,,,,,,,,,,,,,,,,,,,,,,,,,,,,,,,,,,,,,,,,,,,,,,,,,,,,,,,,,,-0.78125,,,,,,21.9143448,39.312172,
17:57:11.610,,,,,,,,,,,,,,,,,,,,,,,,,,,,,,,,,,,,,,,,,,,,,,,,,,,,,,,,,,0.78125,,,,,,,21.9143448,39.312172,
17:57:11.648,,,,,,,,,,,,,,,,,,,,,,,,,,,,,,,,,,,,,,,,,,,,,,,,,,,,,,,,,,,0,,,,,,21.9143448,39.312172,
17:57:11.702,,,,,,,,,,,,,,,,,,,,,,,,,,,,,,,,,,,,,,,,,,,,,,,,,,,,,,,,,,0.78125,,,,,,,21.9143448,39.312172,
17:57:11.729,,,,,,,,,,,,,,,,,,,,,,,,,,,,,,,,,,,,,,,,,,,,,,,,,,,,,,,,,,,0,,,,,,21.9143448,39.312172,
17:57:11.765,,,,,,,,,,,,,,,,,,,,,,,,,,,,,,,,,,,,,,,,,,,,,,,,,,,,,,,,,,0.78125,,,,,,,21.9143448,39.312172,
17:57:11.802,,,,,,,,,,,,,,,,,,,,,,,,,,,,,,,,,,,,,,,,,,,,,,,,,,,,,,,,,,,0,,,,,,21.9143448,39.312172,
17:57:11.853,,,,,,,,,,,,,,,,,,,,,,,,,,,,,,,,,,,,,,,,,,,,,,,,,,,,,,,,,,0.78125,,,,,,,21.9143448,39.312172,
17:57:11.917,,,,,,,,,,,,,,,,,,,,,,,,,,,,,,,,,,,,,,,,,,,,,,,,,,,,,,,,,,,0.78125,,,,,,21.9143448,39.312172,
17:57:11.983,,,,,,,,,,,,,,,,,,,,,,,,,,,,,,,,,,,,,,,,,,,,,,,,,,,,,,,,,,0.78125,,,,,,,21.9143448,39.312172,
17:57:12.058,,,,,,,,,,,,,,,,,,,,,,,,,,,,,,,,,,,,,,,,,,,,,,,,,,,,,,,,,,,0,,,,,,21.9143448,39.312172,
17:57:12.114,,,,,,,,,,,,,,,,,,,,,,,,,,,,,,,,,,,,,,,,,,,,,,,,,,,,,,,,,,0.78125,,,,,,,21.9143448,39.312172,
17:57:12.154,,,,,,,,,,,,,,,,,,,,,,,,,,,,,,,,,,,,,,,,,,,,,,,,,,,,,,,,,,,0,,,,,,21.9143448,39.312172,
17:57:12.217,,,,,,,,,,,,,,,,,,,,,,,,,,,,,,,,,,,,,,,,,,,,,,,,,,,,,,,,,,0.78125,,,,,,,21.9143448,39.312172,
17:57:12.277,,,,,,,,,,,,,,,,,,,,,,,,,,,,,,,,,,,,,,,,,,,,,,,,,,,,,,,,,,,0,,,,,,21.9143448,39.312172,
17:57:12.341,,,,,,,,,,,,,,,,,,,,,,,,,,,,,,,,,,,,,,,,,,,,,,,,,,,,,,,,,,0.78125,,,,,,,21.9143448,39.312172,
17:57:12.393,,,,,,,,,,,,,,,,,,,,,,,,,,,,,,,,,,,,,,,,,,,,,,,,,,,,,,,,,,,0,,,,,,21.9143448,39.312172,
17:57:12.461,,,,,,,,,,,,,,,,,,,,,,,,,,,,,,,,,,,,,,,,,,,,,,,,,,,,,,,,,,2.34375,,,,,,,21.9143448,39.312172,
17:57:12.526,,,,,,,,,,,,,,,,,,,,,,,,,,,,,,,,,,,,,,,,,,,,,,,,,,,,,,,,,,,1.5625,,,,,,21.9143448,39.312172,
17:57:12.536,,,,,,,,,,,,,,,,,,135.90000915527344,,,,,,,,0.24087480340007084,,,,,,,,,,,,,,,,,,,,,,,,,,,,,,,,,,0.27832821607589725,,,,,21.9143448,39.312172,
17:57:12.536,,,,,,,,,,,,,,,,,,135.90000915527344,,,,,,,,0.24087481785939782,,,,,,,,,,,,,,,,,,,,,,,,,,,,,,,,,,0.27832821607589725,,,,,21.9143448,39.3121721,
17:57:12.579,,,,,,,,,,,,,,,,,,,,,,,,,,,,,,,,,,,,,,,,,,,,,,,,,,,,,,,,,,3.125,,,,,,,21.9143448,39.3121721,
17:57:12.642,,,,,,,,,,,,,,,,,,,,,,,,,,,,,,,,,,,,,,,,,,,,,,,,,,,,,,,,,,,3.125,,,,,,21.9143448,39.3121721,
17:57:12.697,,,,,,,,,,,,,,,,,,,,,,,,,,,,,,,,,,,,,,,,,,,,,,,,,,,,,,,,,,3.90625,,,,,,,21.9143448,39.3121721,
17:57:12.757,,,,,,,,,,,,,,,,,,,,,,,,,,,,,,,,,,,,,,,,,,,,,,,,,,,,,,,,,,,3.90625,,,,,,21.9143448,39.3121721,
17:57:12.821,,,,,,,,,,,,,,,,,,,,,,,,,,,,,,,,,,,,,,,,,,,,,,,,,,,,,,,,,,3.90625,,,,,,,21.9143448,39.3121721,
17:57:12.910,,,,,,,,,,,,,,,,,,,,,,,,,,,,,,,,,,,,,,,,,,,,,,,,,,,,,,,,,,,3.90625,,,,,,21.9143448,39.3121721,
17:57:12.966,,,,,,,,,,,,,,,,,,,,,,,,,,,,,,,,,,,,,,,,,,,,,,,,,,,,,,,,,,3.125,,,,,,,21.9143448,39.3121721,
17:57:13.030,,,,,,,,,,,,,,,,,,,,,,,,,,,,,,,,,,,,,,,,,,,,,,,,,,,,,,,,,,,3.90625,,,,,,21.9143448,39.3121721,
17:57:13.081,,,,,,,,,,,,,,,,,,,,,,,,,,,,,,,,,,,,,,,,,,,,,,,,,,,,,,,,,,2.34375,,,,,,,21.9143448,39.3121721,
17:57:13.145,,,,,,,,,,,,,,,,,,,,,,,,,,,,,,,,,,,,,,,,,,,,,,,,,,,,,,,,,,,3.125,,,,,,21.9143448,39.3121721,
17:57:13.210,,,,,,,,,,,,,,,,,,,,,,,,,,,,,,,,,,,,,,,,,,,,,,,,,,,,,,,,,,0.78125,,,,,,,21.9143448,39.3121721,
17:57:13.267,,,,,,,,,,,,,,,,,,,,,,,,,,,,,,,,,,,,,,,,,,,,,,,,,,,,,,,,,,,1.5625,,,,,,21.9143448,39.3121721,
17:57:13.330,,,,,,,,,,,,,,,,,,,,,,,,,,,,,,,,,,,,,,,,,,,,,,,,,,,,,,,,,,0,,,,,,,21.9143448,39.3121721,
17:57:13.381,,,,,,,,,,,,,,,,,,,,,,,,,,,,,,,,,,,,,,,,,,,,,,,,,,,,,,,,,,,0.78125,,,,,,21.9143448,39.3121721,
17:57:13.446,,,,,,,,,,,,,,,,,,,,,,,,,,,,,,,,,,,,,,,,,,,,,,,,,,,,,,,,,,-0.78125,,,,,,,21.9143448,39.3121721,
17:57:13.520,,,,,,,,,,,,,,,,,,,,,,,,,,,,,,,,,,,,,,,,,,,,,,,,,,,,,,,,,,,0.78125,,,,,,21.9143448,39.3121721,
17:57:13.531,,,,,,,,,,,,,,,,,,135.90000915527344,,,,,,,,0.24112261276892102,,,,,,,,,,,,,,,,,,,,,,,,,,,,,,,,,,0.28223471939563755,,,,,21.9143448,39.3121721,
17:57:13.531,,,,,,,,,,,,,,,,,,135.90000915527344,,,,,,,,0.2411226300068971,,,,,,,,,,,,,,,,,,,,,,,,,,,,,,,,,,0.28223471939563755,,,,,21.9143448,39.312172,
17:57:13.568,,,,,,,,,,,,,,,,,,,,,,,,,,,,,,,,,,,,,,,,,,,,,,,,,,,,,,,,,,-1.5625,,,,,,,21.9143448,39.312172,
17:57:13.642,,,,,,,,,,,,,,,,,,,,,,,,,,,,,,,,,,,,,,,,,,,,,,,,,,,,,,,,,,,0,,,,,,21.9143448,39.312172,
17:57:13.694,,,,,,,,,,,,,,,,,,,,,,,,,,,,,,,,,,,,,,,,,,,,,,,,,,,,,,,,,,-1.5625,,,,,,,21.9143448,39.312172,
17:57:13.746,,,,,,,,,,,,,,,,,,,,,,,,,,,,,,,,,,,,,,,,,,,,,,,,,,,,,,,,,,,0,,,,,,21.9143448,39.312172,
17:57:13.810,,,,,,,,,,,,,,,,,,,,,,,,,,,,,,,,,,,,,,,,,,,,,,,,,,,,,,,,,,-1.5625,,,,,,,21.9143448,39.312172,
17:57:13.865,,,,,,,,,,,,,,,,,,,,,,,,,,,,,,,,,,,,,,,,,,,,,,,,,,,,,,,,,,,-0.78125,,,,,,21.9143448,39.312172,
17:57:13.930,,,,,,,,,,,,,,,,,,,,,,,,,,,,,,,,,,,,,,,,,,,,,,,,,,,,,,,,,,0,,,,,,,21.9143448,39.312172,
17:57:13.982,,,,,,,,,,,,,,,,,,,,,,,,,,,,,,,,,,,,,,,,,,,,,,,,,,,,,,,,,,,-0.78125,,,,,,21.9143448,39.312172,
17:57:14.009,,,,,,,,,,,,,,,,,,,,,,,,,,,,,,,,,,,,,,,,,,,,,,,,,,,,,,,,,,0,,,,,,,21.9143448,39.312172,
17:57:14.037,,,,,,,,,,,,,,,,,,,,,,,,,,,,,,,,,,,,,,,,,,,,,,,,,,,,,,,,,,,0,,,,,,21.9143448,39.312172,
17:57:14.077,,,,,,,,,,,,,,,,,,,,,,,,,,,,,,,,,,,,,,,,,,,,,,,,,,,,,,,,,,0.78125,,,,,,,21.9143448,39.312172,
17:57:14.130,,,,,,,,,,,,,,,,,,,,,,,,,,,,,,,,,,,,,,,,,,,,,,,,,,,,,,,,,,,0,,,,,,21.9143448,39.312172,
17:57:14.194,,,,,,,,,,,,,,,,,,,,,,,,,,,,,,,,,,,,,,,,,,,,,,,,,,,,,,,,,,0.78125,,,,,,,21.9143448,39.312172,
17:57:14.257,,,,,,,,,,,,,,,,,,,,,,,,,,,,,,,,,,,,,,,,,,,,,,,,,,,,,,,,,,,0,,,,,,21.9143448,39.312172,
17:57:14.334,,,,,,,,,,,,,,,,,,,,,,,,,,,,,,,,,,,,,,,,,,,,,,,,,,,,,,,,,,2.34375,,,,,,,21.9143448,39.312172,
17:57:14.374,,,,,,,,,,,,,,,,,,,,,,,,,,,,,,,,,,,,,,,,,,,,,,,,,,,,,,,,,,,0,,,,,,21.9143448,39.312172,
17:57:14.438,,,,,,,,,,,,,,,,,,,,,,,,,,,,,,,,,,,,,,,,,,,,,,,,,,,,,,,,,,2.34375,,,,,,,21.9143448,39.312172,
17:57:14.490,,,,,,,,,,,,,,,,,,,,,,,,,,,,,,,,,,,,,,,,,,,,,,,,,,,,,,,,,,,0.78125,,,,,,21.9143448,39.312172,
17:57:14.529,,,,,,,,,,,,,,,,,,,,,,,,,,,,,,,,,,,,,,,,,,,,,,,,,,,,,,,,,,2.34375,,,,,,,21.9143448,39.312172,
17:57:14.538,,,,,,,,,,,,,,,,,,135.90000915527344,,,,,,,,0.24136162423357552,,,,,,,,,,,,,,,,,,,,,,,,,,,,,,,,,,0.2807413458824158,,,,,21.9143448,39.312172,
17:57:14.538,,,,,,,,,,,,,,,,,,135.90000915527344,,,,,,,,0.24136163930148088,,,,,,,,,,,,,,,,,,,,,,,,,,,,,,,,,,0.2807413458824158,,,,,21.9143448,39.312172,
17:57:14.577,,,,,,,,,,,,,,,,,,,,,,,,,,,,,,,,,,,,,,,,,,,,,,,,,,,,,,,,,,,1.5625,,,,,,21.9143448,39.312172,
17:57:14.618,,,,,,,,,,,,,,,,,,,,,,,,,,,,,,,,,,,,,,,,,,,,,,,,,,,,,,,,,,2.34375,,,,,,,21.9143448,39.312172,
17:57:14.682,,,,,,,,,,,,,,,,,,,,,,,,,,,,,,,,,,,,,,,,,,,,,,,,,,,,,,,,,,,2.34375,,,,,,21.9143448,39.312172,
17:57:14.735,,,,,,,,,,,,,,,,,,,,,,,,,,,,,,,,,,,,,,,,,,,,,,,,,,,,,,,,,,2.34375,,,,,,,21.9143448,39.312172,
17:57:14.799,,,,,,,,,,,,,,,,,,,,,,,,,,,,,,,,,,,,,,,,,,,,,,,,,,,,,,,,,,,3.125,,,,,,21.9143448,39.312172,
17:57:14.849,,,,,,,,,,,,,,,,,,,,,,,,,,,,,,,,,,,,,,,,,,,,,,,,,,,,,,,,,,3.125,,,,,,,21.9143448,39.312172,
17:57:14.889,,,,,,,,,,,,,,,,,,,,,,,,,,,,,,,,,,,,,,,,,,,,,,,,,,,,,,,,,,,3.125,,,,,,21.9143448,39.312172,
17:57:14.966,,,,,,,,,,,,,,,,,,,,,,,,,,,,,,,,,,,,,,,,,,,,,,,,,,,,,,,,,,3.125,,,,,,,21.9143448,39.312172,
17:57:15.046,,,,,,,,,,,,,,,,,,,,,,,,,,,,,,,,,,,,,,,,,,,,,,,,,,,,,,,,,,,3.125,,,,,,21.9143448,39.312172,
17:57:15.122,,,,,,,,,,,,,,,,,,,,,,,,,,,,,,,,,,,,,,,,,,,,,,,,,,,,,,,,,,3.125,,,,,,,21.9143448,39.312172,
17:57:15.193,,,,,,,,,,,,,,,,,,,,,,,,,,,,,,,,,,,,,,,,,,,,,,,,,,,,,,,,,,,3.125,,,,,,21.9143448,39.312172,
17:57:15.250,,,,,,,,,,,,,,,,,,,,,,,,,,,,,,,,,,,,,,,,,,,,,,,,,,,,,,,,,,3.90625,,,,,,,21.9143448,39.312172,
17:57:15.300,,,,,,,,,,,,,,,,,,,,,,,,,,,,,,,,,,,,,,,,,,,,,,,,,,,,,,,,,,,3.125,,,,,,21.9143448,39.312172,
17:57:15.337,,,,,,,,,,,,,,,,,,,,,,,,,,,,,,,,,,,,,,,,,,,,,,,,,,,,,,,,,,3.90625,,,,,,,21.9143448,39.312172,
17:57:15.414,,,,,,,,,,,,,,,,,,,,,,,,,,,,,,,,,,,,,,,,,,,,,,,,,,,,,,,,,,,3.125,,,,,,21.9143448,39.312172,
17:57:15.537,,,,,,,,,,,,,,,,,,135.90000915527344,,,,,,,,0.24161574280548653,,,,,,,,,,,,,,,,,,,,,,,,,,,,,,,,,,0.28410574793815613,,,,,21.9143448,39.312172,
17:57:15.537,,,,,,,,,,,,,,,,,,135.90000915527344,,,,,,,,0.24161577578573631,,,,,,,,,,,,,,,,,,,,,,,,,,,,,,,,,,0.28410574793815613,,,,,21.9143448,39.3121719,
17:57:15.550,,,,,,,,,,,,,,,,,,,,,,,,,,,,,,,,,,,,,,,,,,,,,,,,,,,,,,,,,,3.90625,,,,,,,21.9143448,39.3121719,
17:57:15.662,,,,,,,,,,,,,,,,,,,,,,,,,,,,,,,,,,,,,,,,,,,,,,,,,,,,,,,,,,,3.90625,,,,,,21.9143448,39.3121719,
17:57:15.834,,,,,,,,,,,,,,,,,,,,,,,,,,,,,,,,,,,,,,,,,,,,,,,,,,,,,,,,,,3.90625,,,,,,,21.9143448,39.3121719,
17:57:15.934,,,,,,,,,,,,,,,,,,,,,,,,,,,,,,,,,,,,,,,,,,,,,,,,,,,,,,,,,,,2.34375,,,,,,21.9143448,39.3121719,
17:57:16.002,,,,,,,,,,,,,,,,,,,,,,,,,,,,,,,,,,,,,,,,,,,,,,,,,,,,,,,,,,3.125,,,,,,,21.9143448,39.3121719,
17:57:16.054,,,,,,,,,,,,,,,,,,,,,,,,,,,,,,,,,,,,,,,,,,,,,,,,,,,,,,,,,,,2.34375,,,,,,21.9143448,39.3121719,
17:57:16.128,,,,,,,,,,,,,,,,,,,,,,,,,,,,,,,,,,,,,,,,,,,,,,,,,,,,,,,,,,3.125,,,,,,,21.9143448,39.3121719,
17:57:16.169,,,,,,,,,,,,,,,,,,,,,,,,,,,,,,,,,,,,,,,,,,,,,,,,,,,,,,,,,,,2.34375,,,,,,21.9143448,39.3121719,
17:57:16.205,,,,,,,,,,,,,,,,,,,,,,,,,,,,,,,,,,,,,,,,,,,,,,,,,,,,,,,,,,3.125,,,,,,,21.9143448,39.3121719,
17:57:16.266,,,,,,,,,,,,,,,,,,,,,,,,,,,,,,,,,,,,,,,,,,,,,,,,,,,,,,,,,,,2.34375,,,,,,21.9143448,39.3121719,
17:57:16.329,,,,,,,,,,,,,,,,,,,,,,,,,,,,,,,,,,,,,,,,,,,,,,,,,,,,,,,,,,3.125,,,,,,,21.9143448,39.3121719,
17:57:16.388,,,,,,,,,,,,,,,,,,,,,,,,,,,,,,,,,,,,,,,,,,,,,,,,,,,,,,,,,,,2.34375,,,,,,21.9143448,39.3121719,
17:57:16.451,,,,,,,,,,,,,,,,,,,,,,,,,,,,,,,,,,,,,,,,,,,,,,,,,,,,,,,,,,2.34375,,,,,,,21.9143448,39.3121719,
17:57:16.524,,,,,,,,,,,,,,,,,,,,,,,,,,,,,,,,,,,,,,,,,,,,,,,,,,,,,,,,,,,2.34375,,,,,,21.9143448,39.3121719,
17:57:16.542,,,,,,,,,,,,,,,,,,135.90000915527344,,,,,,,,0.24195037695750987,,,,,,,,,,,,,,,,,,,,,,,,,,,,,,,,,,0.29789809584617616,,,,,21.9143448,39.3121719,
17:57:16.542,,,,,,,,,,,,,,,,,,135.90000915527344,,,,,,,,0.24195041751005494,,,,,,,,,,,,,,,,,,,,,,,,,,,,,,,,,,0.29789809584617616,,,,,21.9143448,39.3121718,
17:57:16.561,,,,,,,,,,,,,,,,,,,,,,,,,,,,,,,,,,,,,,,,,,,,,,,,,,,,,,,,,,1.5625,,,,,,,21.9143448,39.3121718,
17:57:16.625,,,,,,,,,,,,,,,,,,,,,,,,,,,,,,,,,,,,,,,,,,,,,,,,,,,,,,,,,,,2.34375,,,,,,21.9143448,39.3121718,
17:57:16.698,,,,,,,,,,,,,,,,,,,,,,,,,,,,,,,,,,,,,,,,,,,,,,,,,,,,,,,,,,1.5625,,,,,,,21.9143448,39.3121718,
17:57:16.741,,,,,,,,,,,,,,,,,,,,,,,,,,,,,,,,,,,,,,,,,,,,,,,,,,,,,,,,,,,1.5625,,,,,,21.9143448,39.3121718,
17:57:16.769,,,,,,,,,,,,,,,,,,,,,,,,,,,,,,,,,,,,,,,,,,,,,,,,,,,,,,,,,,0.78125,,,,,,,21.9143448,39.3121718,
17:57:16.805,,,,,,,,,,,,,,,,,,,,,,,,,,,,,,,,,,,,,,,,,,,,,,,,,,,,,,,,,,,1.5625,,,,,,21.9143448,39.3121718,
17:57:16.869,,,,,,,,,,,,,,,,,,,,,,,,,,,,,,,,,,,,,,,,,,,,,,,,,,,,,,,,,,1.5625,,,,,,,21.9143448,39.3121718,
17:57:16.925,,,,,,,,,,,,,,,,,,,,,,,,,,,,,,,,,,,,,,,,,,,,,,,,,,,,,,,,,,,0.78125,,,,,,21.9143448,39.3121718,
17:57:16.990,,,,,,,,,,,,,,,,,,,,,,,,,,,,,,,,,,,,,,,,,,,,,,,,,,,,,,,,,,0.78125,,,,,,,21.9143448,39.3121718,
17:57:17.041,,,,,,,,,,,,,,,,,,,,,,,,,,,,,,,,,,,,,,,,,,,,,,,,,,,,,,,,,,,0.78125,,,,,,21.9143448,39.3121718,
17:57:17.077,,,,,,,,,,,,,,,,,,,,,,,,,,,,,,,,,,,,,,,,,,,,,,,,,,,,,,,,,,0.78125,,,,,,,21.9143448,39.3121718,
17:57:17.137,,,,,,,,,,,,,,,,,,,,,,,,,,,,,,,,,,,,,,,,,,,,,,,,,,,,,,,,,,,1.5625,,,,,,21.9143448,39.3121718,
17:57:17.209,,,,,,,,,,,,,,,,,,,,,,,,,,,,,,,,,,,,,,,,,,,,,,,,,,,,,,,,,,1.5625,,,,,,,21.9143448,39.3121718,
17:57:17.263,,,,,,,,,,,,,,,,,,,,,,,,,,,,,,,,,,,,,,,,,,,,,,,,,,,,,,,,,,,1.5625,,,,,,21.9143448,39.3121718,
17:57:17.326,,,,,,,,,,,,,,,,,,,,,,,,,,,,,,,,,,,,,,,,,,,,,,,,,,,,,,,,,,2.34375,,,,,,,21.9143448,39.3121718,
17:57:17.377,,,,,,,,,,,,,,,,,,,,,,,,,,,,,,,,,,,,,,,,,,,,,,,,,,,,,,,,,,,1.5625,,,,,,21.9143448,39.3121718,
17:57:17.442,,,,,,,,,,,,,,,,,,,,,,,,,,,,,,,,,,,,,,,,,,,,,,,,,,,,,,,,,,3.125,,,,,,,21.9143448,39.3121718,
17:57:17.507,,,,,,,,,,,,,,,,,,,,,,,,,,,,,,,,,,,,,,,,,,,,,,,,,,,,,,,,,,,1.5625,,,,,,21.9143448,39.3121718,
17:57:17.536,,,,,,,,,,,,,,,,,,135.90000915527344,,,,,,,,0.24227202765007225,,,,,,,,,,,,,,,,,,,,,,,,,,,,,,,,,,0.2969814777374268,,,,,21.9143448,39.3121718,
17:57:17.536,,,,,,,,,,,,,,,,,,135.90000915527344,,,,,,,,0.24227205011327654,,,,,,,,,,,,,,,,,,,,,,,,,,,,,,,,,,0.2969814777374268,,,,,21.9143445,39.3121712,
17:57:17.557,,,,,,,,,,,,,,,,,,,,,,,,,,,,,,,,,,,,,,,,,,,,,,,,,,,,,,,,,,3.125,,,,,,,21.9143445,39.3121712,
17:57:17.618,,,,,,,,,,,,,,,,,,,,,,,,,,,,,,,,,,,,,,,,,,,,,,,,,,,,,,,,,,,1.5625,,,,,,21.9143445,39.3121712,
17:57:17.674,,,,,,,,,,,,,,,,,,,,,,,,,,,,,,,,,,,,,,,,,,,,,,,,,,,,,,,,,,3.125,,,,,,,21.9143445,39.3121712,
17:57:17.738,,,,,,,,,,,,,,,,,,,,,,,,,,,,,,,,,,,,,,,,,,,,,,,,,,,,,,,,,,,1.5625,,,,,,21.9143445,39.3121712,
17:57:17.802,,,,,,,,,,,,,,,,,,,,,,,,,,,,,,,,,,,,,,,,,,,,,,,,,,,,,,,,,,3.125,,,,,,,21.9143445,39.3121712,
17:57:17.854,,,,,,,,,,,,,,,,,,,,,,,,,,,,,,,,,,,,,,,,,,,,,,,,,,,,,,,,,,,2.34375,,,,,,21.9143445,39.3121712,
17:57:17.928,,,,,,,,,,,,,,,,,,,,,,,,,,,,,,,,,,,,,,,,,,,,,,,,,,,,,,,,,,3.125,,,,,,,21.9143445,39.3121712,
17:57:18.002,,,,,,,,,,,,,,,,,,,,,,,,,,,,,,,,,,,,,,,,,,,,,,,,,,,,,,,,,,,2.34375,,,,,,21.9143445,39.3121712,
17:57:18.062,,,,,,,,,,,,,,,,,,,,,,,,,,,,,,,,,,,,,,,,,,,,,,,,,,,,,,,,,,2.34375,,,,,,,21.9143445,39.3121712,
17:57:18.090,,,,,,,,,,,,,,,,,,,,,,,,,,,,,,,,,,,,,,,,,,,,,,,,,,,,,,,,,,,2.34375,,,,,,21.9143445,39.3121712,
17:57:18.118,,,,,,,,,,,,,,,,,,,,,,,,,,,,,,,,,,,,,,,,,,,,,,,,,,,,,,,,,,2.34375,,,,,,,21.9143445,39.3121712,
17:57:18.161,,,,,,,,,,,,,,,,,,,,,,,,,,,,,,,,,,,,,,,,,,,,,,,,,,,,,,,,,,,2.34375,,,,,,21.9143445,39.3121712,
17:57:18.213,,,,,,,,,,,,,,,,,,,,,,,,,,,,,,,,,,,,,,,,,,,,,,,,,,,,,,,,,,2.34375,,,,,,,21.9143445,39.3121712,
17:57:18.278,,,,,,,,,,,,,,,,,,,,,,,,,,,,,,,,,,,,,,,,,,,,,,,,,,,,,,,,,,,1.5625,,,,,,21.9143445,39.3121712,
17:57:18.341,,,,,,,,,,,,,,,,,,,,,,,,,,,,,,,,,,,,,,,,,,,,,,,,,,,,,,,,,,1.5625,,,,,,,21.9143445,39.3121712,
17:57:18.389,,,,,,,,,,,,,,,,,,135.90000915527344,,,,,,,,0.24254938787152913,,,,,,,,,,,,,,,,,,,,,,,,,,,,,,,,,,0.2978132039308548,,,,,21.9143445,39.3121712,
17:57:18.389,,,,,,,,,,,,,,,,,,137.70001220703125,,,,,,,,0.2425494093816204,,,,,,,,,,,,,,,,,,,,,,,,,,,,,,,,,,0.2978132039308548,,,,,21.9143445,39.3121711,
17:57:18.394,,,,,,,,,,,,,,,,,,,,,,,,,,,,,,,,,,,,,,,,,,,,,,,,,,,,,,,,,,,0,,,,,,21.9143445,39.3121711,
17:57:18.429,,,,,,,,,,,,,,,,,,,,,,,,,,,,,,,,,,,,,,,,,,,,,,,,,,,,,,,,,,0.78125,,,,,,,21.9143445,39.3121711,
17:57:18.481,,,,,,,,,,,,,,,,,,,,,,,,,,,,,,,,,,,,,,,,,,,,,,,,,,,,,,,,,,,0,,,,,,21.9143445,39.3121711,
17:57:18.528,,,,,,,,,,,,,,,,,,,,,,,,,,,,,,,,,,,,,,,,,,,,,,,,,,,,,,,,,,0,,,,,,,21.9143445,39.3121711,
17:57:18.577,,,,,,,,,,,,,,,,,,,,,,,,,,,,,,,,,,,,,,,,,,,,,,,,,,,,,,,,,,,-0.78125,,,,,,21.9143445,39.3121711,
17:57:18.629,,,,,,,,,,,,,,,,,,,,,,,,,,,,,,,,,,,,,,,,,,,,,,,,,,,,,,,,,,-1.5625,,,,,,,21.9143445,39.3121711,
17:57:18.709,,,,,,,,,,,,,,,,,,,,,,,,,,,,,,,,,,,,,,,,,,,,,,,,,,,,,,,,,,,-1.5625,,,,,,21.9143445,39.3121711,
17:57:18.756,,,,,,,,,,,,,,,,,,,,,,,,,,,,,,,,,,,,,,,,,,,,,,,,,,,,,,,,,,-2.34375,,,,,,,21.9143445,39.3121711,
17:57:18.817,,,,,,,,,,,,,,,,,,,,,,,,,,,,,,,,,,,,,,,,,,,,,,,,,,,,,,,,,,,-1.5625,,,,,,21.9143445,39.3121711,
17:57:18.878,,,,,,,,,,,,,,,,,,,,,,,,,,,,,,,,,,,,,,,,,,,,,,,,,,,,,,,,,,-3.125,,,,,,,21.9143445,39.3121711,
17:57:18.941,,,,,,,,,,,,,,,,,,,,,,,,,,,,,,,,,,,,,,,,,,,,,,,,,,,,,,,,,,,-3.125,,,,,,21.9143445,39.3121711,
17:57:19.005,,,,,,,,,,,,,,,,,,,,,,,,,,,,,,,,,,,,,,,,,,,,,,,,,,,,,,,,,,-3.125,,,,,,,21.9143445,39.3121711,
17:57:19.058,,,,,,,,,,,,,,,,,,,,,,,,,,,,,,,,,,,,,,,,,,,,,,,,,,,,,,,,,,,-3.90625,,,,,,21.9143445,39.3121711,
17:57:19.122,,,,,,,,,,,,,,,,,,,,,,,,,,,,,,,,,,,,,,,,,,,,,,,,,,,,,,,,,,-3.125,,,,,,,21.9143445,39.3121711,
17:57:19.174,,,,,,,,,,,,,,,,,,,,,,,,,,,,,,,,,,,,,,,,,,,,,,,,,,,,,,,,,,,-4.6875,,,,,,21.9143445,39.3121711,
17:57:19.250,,,,,,,,,,,,,,,,,,,,,,,,,,,,,,,,,,,,,,,,,,,,,,,,,,,,,,,,,,-3.125,,,,,,,21.9143445,39.3121711,
17:57:19.294,,,,,,,,,,,,,,,,,,,,,,,,,,,,,,,,,,,,,,,,,,,,,,,,,,,,,,,,,,,-4.6875,,,,,,21.9143445,39.3121711,
17:57:19.362,,,,,,,,,,,,,,,,,,,,,,,,,,,,,,,,,,,,,,,,,,,,,,,,,,,,,,,,,,-3.125,,,,,,,21.9143445,39.3121711,
17:57:19.441,,,,,,,,,,,,,,,,,,,,,,,,,,,,,,,,,,,,,,,,,,,,,,,,,,,,,,,,,,,-3.90625,,,,,,21.9143445,39.3121711,
17:57:19.481,,,,,,,,,,,,,,,,,,,,,,,,,,,,,,,,,,,,,,,,,,,,,,,,,,,,,,,,,,-3.125,,,,,,,21.9143445,39.3121711,
17:57:19.527,,,,,,,,,,,,,,,,,,137.70001220703125,,,,,,,,0.24288604600929448,,,,,,,,,,,,,,,,,,,,,,,,,,,,,,,,,,0.2934011846780777,,,,,21.9143445,39.3121711,
17:57:19.528,,,,,,,,,,,,,,,,,,137.70001220703125,,,,,,,,0.2428860888319775,,,,,,,,,,,,,,,,,,,,,,,,,,,,,,,,,,0.2934011846780777,,,,,21.9143434,39.3121722,
17:57:19.534,,,,,,,,,,,,,,,,,,,,,,,,,,,,,,,,,,,,,,,,,,,,,,,,,,,,,,,,,,,-3.90625,,,,,,21.9143434,39.3121722,
17:57:19.597,,,,,,,,,,,,,,,,,,,,,,,,,,,,,,,,,,,,,,,,,,,,,,,,,,,,,,,,,,-2.34375,,,,,,,21.9143434,39.3121722,
17:57:19.665,,,,,,,,,,,,,,,,,,,,,,,,,,,,,,,,,,,,,,,,,,,,,,,,,,,,,,,,,,,-3.125,,,,,,21.9143434,39.3121722,
17:57:19.718,,,,,,,,,,,,,,,,,,,,,,,,,,,,,,,,,,,,,,,,,,,,,,,,,,,,,,,,,,-2.34375,,,,,,,21.9143434,39.3121722,
17:57:19.771,,,,,,,,,,,,,,,,,,,,,,,,,,,,,,,,,,,,,,,,,,,,,,,,,,,,,,,,,,,-3.125,,,,,,21.9143434,39.3121722,
17:57:19.805,,,,,,,,,,,,,,,,,,,,,,,,,,,,,,,,,,,,,,,,,,,,,,,,,,,,,,,,,,-2.34375,,,,,,,21.9143434,39.3121722,
17:57:19.865,,,,,,,,,,,,,,,,,,,,,,,,,,,,,,,,,,,,,,,,,,,,,,,,,,,,,,,,,,,-3.125,,,,,,21.9143434,39.3121722,
17:57:19.929,,,,,,,,,,,,,,,,,,,,,,,,,,,,,,,,,,,,,,,,,,,,,,,,,,,,,,,,,,-2.34375,,,,,,,21.9143434,39.3121722,
17:57:19.982,,,,,,,,,,,,,,,,,,,,,,,,,,,,,,,,,,,,,,,,,,,,,,,,,,,,,,,,,,,-3.90625,,,,,,21.9143434,39.3121722,
17:57:20.070,,,,,,,,,,,,,,,,,,,,,,,,,,,,,,,,,,,,,,,,,,,,,,,,,,,,,,,,,,-2.34375,,,,,,,21.9143434,39.3121722,
17:57:20.145,,,,,,,,,,,,,,,,,,,,,,,,,,,,,,,,,,,,,,,,,,,,,,,,,,,,,,,,,,,-3.90625,,,,,,21.9143434,39.3121722,
17:57:20.198,,,,,,,,,,,,,,,,,,,,,,,,,,,,,,,,,,,,,,,,,,,,,,,,,,,,,,,,,,-1.5625,,,,,,,21.9143434,39.3121722,
17:57:20.261,,,,,,,,,,,,,,,,,,,,,,,,,,,,,,,,,,,,,,,,,,,,,,,,,,,,,,,,,,,-3.125,,,,,,21.9143434,39.3121722,
17:57:20.314,,,,,,,,,,,,,,,,,,,,,,,,,,,,,,,,,,,,,,,,,,,,,,,,,,,,,,,,,,-1.5625,,,,,,,21.9143434,39.3121722,
17:57:20.382,,,,,,,,,,,,,,,,,,,,,,,,,,,,,,,,,,,,,,,,,,,,,,,,,,,,,,,,,,,-3.125,,,,,,21.9143434,39.3121722,
17:57:20.434,,,,,,,,,,,,,,,,,,,,,,,,,,,,,,,,,,,,,,,,,,,,,,,,,,,,,,,,,,-1.5625,,,,,,,21.9143434,39.3121722,
17:57:20.499,,,,,,,,,,,,,,,,,,,,,,,,,,,,,,,,,,,,,,,,,,,,,,,,,,,,,,,,,,,-3.125,,,,,,21.9143434,39.3121722,
17:57:20.529,,,,,,,,,,,,,,,,,,137.70001220703125,,,,,,,,0.24317679533418626,,,,,,,,,,,,,,,,,,,,,,,,,,,,,,,,,,0.29310160875320435,,,,,21.9143434,39.3121722,
17:57:20.529,,,,,,,,,,,,,,,,,,137.70001220703125,,,,,,,,0.24317682142321678,,,,,,,,,,,,,,,,,,,,,,,,,,,,,,,,,,0.29310160875320435,,,,,21.9143435,39.3121722,
17:57:20.585,,,,,,,,,,,,,,,,,,,,,,,,,,,,,,,,,,,,,,,,,,,,,,,,,,,,,,,,,,-1.5625,,,,,,,21.9143435,39.3121722,
17:57:20.650,,,,,,,,,,,,,,,,,,,,,,,,,,,,,,,,,,,,,,,,,,,,,,,,,,,,,,,,,,,-3.125,,,,,,21.9143435,39.3121722,
17:57:20.701,,,,,,,,,,,,,,,,,,,,,,,,,,,,,,,,,,,,,,,,,,,,,,,,,,,,,,,,,,-1.5625,,,,,,,21.9143435,39.3121722,
17:57:20.766,,,,,,,,,,,,,,,,,,,,,,,,,,,,,,,,,,,,,,,,,,,,,,,,,,,,,,,,,,,-3.125,,,,,,21.9143435,39.3121722,
17:57:20.841,,,,,,,,,,,,,,,,,,,,,,,,,,,,,,,,,,,,,,,,,,,,,,,,,,,,,,,,,,-1.5625,,,,,,,21.9143435,39.3121722,
17:57:20.906,,,,,,,,,,,,,,,,,,,,,,,,,,,,,,,,,,,,,,,,,,,,,,,,,,,,,,,,,,,-3.125,,,,,,21.9143435,39.3121722,
17:57:20.945,,,,,,,,,,,,,,,,,,,,,,,,,,,,,,,,,,,,,,,,,,,,,,,,,,,,,,,,,,-1.5625,,,,,,,21.9143435,39.3121722,
17:57:21.009,,,,,,,,,,,,,,,,,,,,,,,,,,,,,,,,,,,,,,,,,,,,,,,,,,,,,,,,,,,-3.125,,,,,,21.9143435,39.3121722,
17:57:21.061,,,,,,,,,,,,,,,,,,,,,,,,,,,,,,,,,,,,,,,,,,,,,,,,,,,,,,,,,,-1.5625,,,,,,,21.9143435,39.3121722,
17:57:21.099,,,,,,,,,,,,,,,,,,,,,,,,,,,,,,,,,,,,,,,,,,,,,,,,,,,,,,,,,,,-3.125,,,,,,21.9143435,39.3121722,
17:57:21.162,,,,,,,,,,,,,,,,,,,,,,,,,,,,,,,,,,,,,,,,,,,,,,,,,,,,,,,,,,-1.5625,,,,,,,21.9143435,39.3121722,
17:57:21.213,,,,,,,,,,,,,,,,,,,,,,,,,,,,,,,,,,,,,,,,,,,,,,,,,,,,,,,,,,,-2.34375,,,,,,21.9143435,39.3121722,
17:57:21.277,,,,,,,,,,,,,,,,,,,,,,,,,,,,,,,,,,,,,,,,,,,,,,,,,,,,,,,,,,-1.5625,,,,,,,21.9143435,39.3121722,
17:57:21.342,,,,,,,,,,,,,,,,,,,,,,,,,,,,,,,,,,,,,,,,,,,,,,,,,,,,,,,,,,,-2.34375,,,,,,21.9143435,39.3121722,
17:57:21.394,,,,,,,,,,,,,,,,,,,,,,,,,,,,,,,,,,,,,,,,,,,,,,,,,,,,,,,,,,-1.5625,,,,,,,21.9143435,39.3121722,
17:57:21.470,,,,,,,,,,,,,,,,,,,,,,,,,,,,,,,,,,,,,,,,,,,,,,,,,,,,,,,,,,,-1.5625,,,,,,21.9143435,39.3121722,
17:57:21.514,,,,,,,,,,,,,,,,,,,,,,,,,,,,,,,,,,,,,,,,,,,,,,,,,,,,,,,,,,-0.78125,,,,,,,21.9143435,39.3121722,
17:57:21.529,,,,,,,,,,,,,,,,,,137.70001220703125,,,,,,,,0.2434943322180754,,,,,,,,,,,,,,,,,,,,,,,,,,,,,,,,,,0.2984104245901108,,,,,21.9143435,39.3121722,
17:57:21.529,,,,,,,,,,,,,,,,,,137.70001220703125,,,,,,,,0.24349435431169153,,,,,,,,,,,,,,,,,,,,,,,,,,,,,,,,,,0.2984104245901108,,,,,21.9143435,39.3121721,
17:57:21.601,,,,,,,,,,,,,,,,,,,,,,,,,,,,,,,,,,,,,,,,,,,,,,,,,,,,,,,,,,,-1.5625,,,,,,21.9143435,39.3121721,
17:57:21.667,,,,,,,,,,,,,,,,,,,,,,,,,,,,,,,,,,,,,,,,,,,,,,,,,,,,,,,,,,0,,,,,,,21.9143435,39.3121721,
17:57:21.729,,,,,,,,,,,,,,,,,,,,,,,,,,,,,,,,,,,,,,,,,,,,,,,,,,,,,,,,,,,-2.34375,,,,,,21.9143435,39.3121721,
17:57:21.782,,,,,,,,,,,,,,,,,,,,,,,,,,,,,,,,,,,,,,,,,,,,,,,,,,,,,,,,,,0,,,,,,,21.9143435,39.3121721,
17:57:21.847,,,,,,,,,,,,,,,,,,,,,,,,,,,,,,,,,,,,,,,,,,,,,,,,,,,,,,,,,,,-1.5625,,,,,,21.9143435,39.3121721,
17:57:21.904,,,,,,,,,,,,,,,,,,,,,,,,,,,,,,,,,,,,,,,,,,,,,,,,,,,,,,,,,,-0.78125,,,,,,,21.9143435,39.3121721,
17:57:21.968,,,,,,,,,,,,,,,,,,,,,,,,,,,,,,,,,,,,,,,,,,,,,,,,,,,,,,,,,,,-1.5625,,,,,,21.9143435,39.3121721,
17:57:22.022,,,,,,,,,,,,,,,,,,,,,,,,,,,,,,,,,,,,,,,,,,,,,,,,,,,,,,,,,,-1.5625,,,,,,,21.9143435,39.3121721,
17:57:22.061,,,,,,,,,,,,,,,,,,,,,,,,,,,,,,,,,,,,,,,,,,,,,,,,,,,,,,,,,,,-1.5625,,,,,,21.9143435,39.3121721,
17:57:22.126,,,,,,,,,,,,,,,,,,,,,,,,,,,,,,,,,,,,,,,,,,,,,,,,,,,,,,,,,,-2.34375,,,,,,,21.9143435,39.3121721,
17:57:22.178,,,,,,,,,,,,,,,,,,,,,,,,,,,,,,,,,,,,,,,,,,,,,,,,,,,,,,,,,,,-1.5625,,,,,,21.9143435,39.3121721,
17:57:22.254,,,,,,,,,,,,,,,,,,,,,,,,,,,,,,,,,,,,,,,,,,,,,,,,,,,,,,,,,,-2.34375,,,,,,,21.9143435,39.3121721,
17:57:22.306,,,,,,,,,,,,,,,,,,,,,,,,,,,,,,,,,,,,,,,,,,,,,,,,,,,,,,,,,,,-1.5625,,,,,,21.9143435,39.3121721,
17:57:22.357,,,,,,,,,,,,,,,,,,,,,,,,,,,,,,,,,,,,,,,,,,,,,,,,,,,,,,,,,,-2.34375,,,,,,,21.9143435,39.3121721,
17:57:22.413,,,,,,,,,,,,,,,,,,,,,,,,,,,,,,,,,,,,,,,,,,,,,,,,,,,,,,,,,,,-1.5625,,,,,,21.9143435,39.3121721,
17:57:22.450,,,,,,,,,,,,,,,,,,,,,,,,,,,,,,,,,,,,,,,,,,,,,,,,,,,,,,,,,,-1.5625,,,,,,,21.9143435,39.3121721,
17:57:22.501,,,,,,,,,,,,,,,,,,,,,,,,,,,,,,,,,,,,,,,,,,,,,,,,,,,,,,,,,,,-1.5625,,,,,,21.9143435,39.3121721,
17:57:22.530,,,,,,,,,,,,,,,,,,,,,,,,,,,,,,,,,,,,,,,,,,,,,,,,,,,,,,,,,,-1.5625,,,,,,,21.9143435,39.3121721,
17:57:22.544,,,,,,,,,,,,,,,,,,137.70001220703125,,,,,,,,0.24381596167121386,,,,,,,,,,,,,,,,,,,,,,,,,,,,,,,,,,0.29898111820220946,,,,,21.9143435,39.3121721,
17:57:22.544,,,,,,,,,,,,,,,,,,137.70001220703125,,,,,,,,0.24381598335812588,,,,,,,,,,,,,,,,,,,,,,,,,,,,,,,,,,0.29898111820220946,,,,,21.9143436,39.312172,
17:57:22.558,,,,,,,,,,,,,,,,,,,,,,,,,,,,,,,,,,,,,,,,,,,,,,,,,,,,,,,,,,,-1.5625,,,,,,21.9143436,39.312172,
17:57:22.597,,,,,,,,,,,,,,,,,,,,,,,,,,,,,,,,,,,,,,,,,,,,,,,,,,,,,,,,,,-1.5625,,,,,,,21.9143436,39.312172,
17:57:22.669,,,,,,,,,,,,,,,,,,,,,,,,,,,,,,,,,,,,,,,,,,,,,,,,,,,,,,,,,,,-2.34375,,,,,,21.9143436,39.312172,
17:57:22.711,,,,,,,,,,,,,,,,,,,,,,,,,,,,,,,,,,,,,,,,,,,,,,,,,,,,,,,,,,-1.5625,,,,,,,21.9143436,39.312172,
17:57:22.742,,,,,,,,,,,,,,,,,,,,,,,,,,,,,,,,,,,,,,,,,,,,,,,,,,,,,,,,,,,-3.125,,,,,,21.9143436,39.312172,
17:57:22.781,,,,,,,,,,,,,,,,,,,,,,,,,,,,,,,,,,,,,,,,,,,,,,,,,,,,,,,,,,-1.5625,,,,,,,21.9143436,39.312172,
17:57:22.846,,,,,,,,,,,,,,,,,,,,,,,,,,,,,,,,,,,,,,,,,,,,,,,,,,,,,,,,,,,-3.125,,,,,,21.9143436,39.312172,
17:57:22.887,,,,,,,,,,,,,,,,,,,,,,,,,,,,,,,,,,,,,,,,,,,,,,,,,,,,,,,,,,-2.34375,,,,,,,21.9143436,39.312172,
17:57:22.926,,,,,,,,,,,,,,,,,,,,,,,,,,,,,,,,,,,,,,,,,,,,,,,,,,,,,,,,,,,-3.125,,,,,,21.9143436,39.312172,
17:57:22.990,,,,,,,,,,,,,,,,,,,,,,,,,,,,,,,,,,,,,,,,,,,,,,,,,,,,,,,,,,-2.34375,,,,,,,21.9143436,39.312172,
17:57:23.041,,,,,,,,,,,,,,,,,,,,,,,,,,,,,,,,,,,,,,,,,,,,,,,,,,,,,,,,,,,-3.125,,,,,,21.9143436,39.312172,
17:57:23.165,,,,,,,,,,,,,,,,,,,,,,,,,,,,,,,,,,,,,,,,,,,,,,,,,,,,,,,,,,-3.125,,,,,,,21.9143436,39.312172,
17:57:23.241,,,,,,,,,,,,,,,,,,,,,,,,,,,,,,,,,,,,,,,,,,,,,,,,,,,,,,,,,,,-3.125,,,,,,21.9143436,39.312172,
17:57:23.329,,,,,,,,,,,,,,,,,,,,,,,,,,,,,,,,,,,,,,,,,,,,,,,,,,,,,,,,,,-2.34375,,,,,,,21.9143436,39.312172,
17:57:23.417,,,,,,,,,,,,,,,,,,,,,,,,,,,,,,,,,,,,,,,,,,,,,,,,,,,,,,,,,,,-3.125,,,,,,21.9143436,39.312172,
17:57:23.494,,,,,,,,,,,,,,,,,,,,,,,,,,,,,,,,,,,,,,,,,,,,,,,,,,,,,,,,,,-1.5625,,,,,,,21.9143436,39.312172,
17:57:23.535,,,,,,,,,,,,,,,,,,137.70001220703125,,,,,,,,0.24411329645633836,,,,,,,,,,,,,,,,,,,,,,,,,,,,,,,,,,0.29660395681858065,,,,,21.9143436,39.312172,
17:57:23.535,,,,,,,,,,,,,,,,,,137.70001220703125,,,,,,,,0.2441133354667856,,,,,,,,,,,,,,,,,,,,,,,,,,,,,,,,,,0.29660395681858065,,,,,21.9143436,39.3121719,
17:57:23.581,,,,,,,,,,,,,,,,,,,,,,,,,,,,,,,,,,,,,,,,,,,,,,,,,,,,,,,,,,,-2.34375,,,,,,21.9143436,39.3121719,
17:57:23.645,,,,,,,,,,,,,,,,,,,,,,,,,,,,,,,,,,,,,,,,,,,,,,,,,,,,,,,,,,-1.5625,,,,,,,21.9143436,39.3121719,
17:57:23.736,,,,,,,,,,,,,,,,,,,,,,,,,,,,,,,,,,,,,,,,,,,,,,,,,,,,,,,,,,,-2.34375,,,,,,21.9143436,39.3121719,
17:57:23.815,,,,,,,,,,,,,,,,,,,,,,,,,,,,,,,,,,,,,,,,,,,,,,,,,,,,,,,,,,-0.78125,,,,,,,21.9143436,39.3121719,
17:57:23.852,,,,,,,,,,,,,,,,,,,,,,,,,,,,,,,,,,,,,,,,,,,,,,,,,,,,,,,,,,,-2.34375,,,,,,21.9143436,39.3121719,
17:57:23.912,,,,,,,,,,,,,,,,,,,,,,,,,,,,,,,,,,,,,,,,,,,,,,,,,,,,,,,,,,0.78125,,,,,,,21.9143436,39.3121719,
17:57:23.941,,,,,,,,,,,,,,,,,,,,,,,,,,,,,,,,,,,,,,,,,,,,,,,,,,,,,,,,,,,-1.5625,,,,,,21.9143436,39.3121719,
17:57:23.978,,,,,,,,,,,,,,,,,,,,,,,,,,,,,,,,,,,,,,,,,,,,,,,,,,,,,,,,,,0.78125,,,,,,,21.9143436,39.3121719,
17:57:24.044,,,,,,,,,,,,,,,,,,,,,,,,,,,,,,,,,,,,,,,,,,,,,,,,,,,,,,,,,,,-1.5625,,,,,,21.9143436,39.3121719,
17:57:24.099,,,,,,,,,,,,,,,,,,,,,,,,,,,,,,,,,,,,,,,,,,,,,,,,,,,,,,,,,,0.78125,,,,,,,21.9143436,39.3121719,
17:57:24.150,,,,,,,,,,,,,,,,,,,,,,,,,,,,,,,,,,,,,,,,,,,,,,,,,,,,,,,,,,,-1.5625,,,,,,21.9143436,39.3121719,
17:57:24.179,,,,,,,,,,,,,,,,,,,,,,,,,,,,,,,,,,,,,,,,,,,,,,,,,,,,,,,,,,0.78125,,,,,,,21.9143436,39.3121719,
17:57:24.217,,,,,,,,,,,,,,,,,,,,,,,,,,,,,,,,,,,,,,,,,,,,,,,,,,,,,,,,,,,-0.78125,,,,,,21.9143436,39.3121719,
17:57:24.278,,,,,,,,,,,,,,,,,,,,,,,,,,,,,,,,,,,,,,,,,,,,,,,,,,,,,,,,,,0.78125,,,,,,,21.9143436,39.3121719,
17:57:24.342,,,,,,,,,,,,,,,,,,,,,,,,,,,,,,,,,,,,,,,,,,,,,,,,,,,,,,,,,,,-0.78125,,,,,,21.9143436,39.3121719,
17:57:24.435,,,,,,,,,,,,,,,,,,,,,,,,,,,,,,,,,,,,,,,,,,,,,,,,,,,,,,,,,,0.78125,,,,,,,21.9143436,39.3121719,
17:57:24.486,,,,,,,,,,,,,,,,,,,,,,,,,,,,,,,,,,,,,,,,,,,,,,,,,,,,,,,,,,,-0.78125,,,,,,21.9143436,39.3121719,
17:57:24.531,,,,,,,,,,,,,,,,,,137.70001220703125,,,,,,,,0.24435073189812476,,,,,,,,,,,,,,,,,,,,,,,,,,,,,,,,,,0.2862923115491867,,,,,21.9143436,39.3121719,
17:57:24.532,,,,,,,,,,,,,,,,,,137.70001220703125,,,,,,,,0.2443508353095095,,,,,,,,,,,,,,,,,,,,,,,,,,,,,,,,,,0.2862923115491867,,,,,21.9143436,39.3121718,
17:57:24.565,,,,,,,,,,,,,,,,,,,,,,,,,,,,,,,,,,,,,,,,,,,,,,,,,,,,,,,,,,0.78125,,,,,,,21.9143436,39.3121718,
17:57:24.606,,,,,,,,,,,,,,,,,,,,,,,,,,,,,,,,,,,,,,,,,,,,,,,,,,,,,,,,,,,0,,,,,,21.9143436,39.3121718,
17:57:24.657,,,,,,,,,,,,,,,,,,,,,,,,,,,,,,,,,,,,,,,,,,,,,,,,,,,,,,,,,,0,,,,,,,21.9143436,39.3121718,
17:57:24.690,,,,,,,,,,,,,,,,,,,,,,,,,,,,,,,,,,,,,,,,,,,,,,,,,,,,,,,,,,,0,,,,,,21.9143436,39.3121718,
17:57:24.718,,,,,,,,,,,,,,,,,,,,,,,,,,,,,,,,,,,,,,,,,,,,,,,,,,,,,,,,,,0,,,,,,,21.9143436,39.3121718,
17:57:24.763,,,,,,,,,,,,,,,,,,,,,,,,,,,,,,,,,,,,,,,,,,,,,,,,,,,,,,,,,,,0,,,,,,21.9143436,39.3121718,
17:57:24.814,,,,,,,,,,,,,,,,,,,,,,,,,,,,,,,,,,,,,,,,,,,,,,,,,,,,,,,,,,0,,,,,,,21.9143436,39.3121718,
17:57:24.878,,,,,,,,,,,,,,,,,,,,,,,,,,,,,,,,,,,,,,,,,,,,,,,,,,,,,,,,,,,0,,,,,,21.9143436,39.3121718,
17:57:24.941,,,,,,,,,,,,,,,,,,,,,,,,,,,,,,,,,,,,,,,,,,,,,,,,,,,,,,,,,,0.78125,,,,,,,21.9143436,39.3121718,
17:57:24.994,,,,,,,,,,,,,,,,,,,,,,,,,,,,,,,,,,,,,,,,,,,,,,,,,,,,,,,,,,,0,,,,,,21.9143436,39.3121718,
17:57:25.058,,,,,,,,,,,,,,,,,,,,,,,,,,,,,,,,,,,,,,,,,,,,,,,,,,,,,,,,,,0.78125,,,,,,,21.9143436,39.3121718,
17:57:25.109,,,,,,,,,,,,,,,,,,,,,,,,,,,,,,,,,,,,,,,,,,,,,,,,,,,,,,,,,,,0,,,,,,21.9143436,39.3121718,
17:57:25.160,,,,,,,,,,,,,,,,,,,,,,,,,,,,,,,,,,,,,,,,,,,,,,,,,,,,,,,,,,0.78125,,,,,,,21.9143436,39.3121718,
17:57:25.210,,,,,,,,,,,,,,,,,,,,,,,,,,,,,,,,,,,,,,,,,,,,,,,,,,,,,,,,,,,0,,,,,,21.9143436,39.3121718,
17:57:25.261,,,,,,,,,,,,,,,,,,,,,,,,,,,,,,,,,,,,,,,,,,,,,,,,,,,,,,,,,,0,,,,,,,21.9143436,39.3121718,
17:57:25.326,,,,,,,,,,,,,,,,,,,,,,,,,,,,,,,,,,,,,,,,,,,,,,,,,,,,,,,,,,,0,,,,,,21.9143436,39.3121718,
17:57:25.395,,,,,,,,,,,,,,,,,,,,,,,,,,,,,,,,,,,,,,,,,,,,,,,,,,,,,,,,,,0,,,,,,,21.9143436,39.3121718,
17:57:25.445,,,,,,,,,,,,,,,,,,,,,,,,,,,,,,,,,,,,,,,,,,,,,,,,,,,,,,,,,,,-0.78125,,,,,,21.9143436,39.3121718,
17:57:25.475,,,,,,,,,,,,,,,,,,,,,,,,,,,,,,,,,,,,,,,,,,,,,,,,,,,,,,,,,,0,,,,,,,21.9143436,39.3121718,
17:57:25.537,,,,,,,,,,,,,,,,,,,,,,,,,,,,,,,,,,,,,,,,,,,,,,,,,,,,,,,,,,,-0.78125,,,,,,21.9143436,39.3121718,
17:57:25.549,,,,,,,,,,,,,,,,,,137.70001220703125,,,,,,,,0.24455678737902808,,,,,,,,,,,,,,,,,,,,,,,,,,,,,,,,,,0.28039255142211916,,,,,21.9143436,39.3121718,
17:57:25.549,,,,,,,,,,,,,,,,,,137.70001220703125,,,,,,,,0.24455681596511447,,,,,,,,,,,,,,,,,,,,,,,,,,,,,,,,,,0.28039255142211916,,,,,21.9143436,39.3121717,
17:57:25.599,,,,,,,,,,,,,,,,,,,,,,,,,,,,,,,,,,,,,,,,,,,,,,,,,,,,,,,,,,0,,,,,,,21.9143436,39.3121717,
17:57:25.650,,,,,,,,,,,,,,,,,,,,,,,,,,,,,,,,,,,,,,,,,,,,,,,,,,,,,,,,,,,-0.78125,,,,,,21.9143436,39.3121717,
17:57:25.678,,,,,,,,,,,,,,,,,,,,,,,,,,,,,,,,,,,,,,,,,,,,,,,,,,,,,,,,,,0,,,,,,,21.9143436,39.3121717,
17:57:25.718,,,,,,,,,,,,,,,,,,,,,,,,,,,,,,,,,,,,,,,,,,,,,,,,,,,,,,,,,,,-0.78125,,,,,,21.9143436,39.3121717,
17:57:25.782,,,,,,,,,,,,,,,,,,,,,,,,,,,,,,,,,,,,,,,,,,,,,,,,,,,,,,,,,,0,,,,,,,21.9143436,39.3121717,
17:57:25.833,,,,,,,,,,,,,,,,,,,,,,,,,,,,,,,,,,,,,,,,,,,,,,,,,,,,,,,,,,,-0.78125,,,,,,21.9143436,39.3121717,
17:57:25.877,,,,,,,,,,,,,,,,,,,,,,,,,,,,,,,,,,,,,,,,,,,,,,,,,,,,,,,,,,0,,,,,,,21.9143436,39.3121717,
17:57:25.929,,,,,,,,,,,,,,,,,,,,,,,,,,,,,,,,,,,,,,,,,,,,,,,,,,,,,,,,,,,-0.78125,,,,,,21.9143436,39.3121717,
17:57:25.979,,,,,,,,,,,,,,,,,,,,,,,,,,,,,,,,,,,,,,,,,,,,,,,,,,,,,,,,,,0,,,,,,,21.9143436,39.3121717,
17:57:26.055,,,,,,,,,,,,,,,,,,,,,,,,,,,,,,,,,,,,,,,,,,,,,,,,,,,,,,,,,,,-0.78125,,,,,,21.9143436,39.3121717,
17:57:26.106,,,,,,,,,,,,,,,,,,,,,,,,,,,,,,,,,,,,,,,,,,,,,,,,,,,,,,,,,,0,,,,,,,21.9143436,39.3121717,
17:57:26.193,,,,,,,,,,,,,,,,,,,,,,,,,,,,,,,,,,,,,,,,,,,,,,,,,,,,,,,,,,,-1.5625,,,,,,21.9143436,39.3121717,
17:57:26.274,,,,,,,,,,,,,,,,,,,,,,,,,,,,,,,,,,,,,,,,,,,,,,,,,,,,,,,,,,-0.78125,,,,,,,21.9143436,39.3121717,
17:57:26.366,,,,,,,,,,,,,,,,,,,,,,,,,,,,,,,,,,,,,,,,,,,,,,,,,,,,,,,,,,,-0.78125,,,,,,21.9143436,39.3121717,
17:57:26.457,,,,,,,,,,,,,,,,,,,,,,,,,,,,,,,,,,,,,,,,,,,,,,,,,,,,,,,,,,-0.78125,,,,,,,21.9143436,39.3121717,
17:57:26.534,,,,,,,,,,,,,,,,,,,,,,,,,,,,,,,,,,,,,,,,,,,,,,,,,,,,,,,,,,,0,,,,,,21.9143436,39.3121717,
17:57:26.544,,,,,,,,,,,,,,,,,,137.70001220703125,,,,,,,,0.24473622269071774,,,,,,,,,,,,,,,,,,,,,,,,,,,,,,,,,,0.27684739530086516,,,,,21.9143436,39.3121717,
17:57:26.544,,,,,,,,,,,,,,,,,,137.70001220703125,,,,,,,,0.24473623535529537,,,,,,,,,,,,,,,,,,,,,,,,,,,,,,,,,,0.27684739530086516,,,,,21.9143448,39.3121728,
17:57:26.632,,,,,,,,,,,,,,,,,,,,,,,,,,,,,,,,,,,,,,,,,,,,,,,,,,,,,,,,,,0.78125,,,,,,,21.9143448,39.3121728,
17:57:26.686,,,,,,,,,,,,,,,,,,,,,,,,,,,,,,,,,,,,,,,,,,,,,,,,,,,,,,,,,,,2.34375,,,,,,21.9143448,39.3121728,
17:57:26.737,,,,,,,,,,,,,,,,,,,,,,,,,,,,,,,,,,,,,,,,,,,,,,,,,,,,,,,,,,3.125,,,,,,,21.9143448,39.3121728,
17:57:26.798,,,,,,,,,,,,,,,,,,,,,,,,,,,,,,,,,,,,,,,,,,,,,,,,,,,,,,,,,,,3.125,,,,,,21.9143448,39.3121728,
17:57:26.862,,,,,,,,,,,,,,,,,,,,,,,,,,,,,,,,,,,,,,,,,,,,,,,,,,,,,,,,,,3.90625,,,,,,,21.9143448,39.3121728,
17:57:26.926,,,,,,,,,,,,,,,,,,,,,,,,,,,,,,,,,,,,,,,,,,,,,,,,,,,,,,,,,,,3.90625,,,,,,21.9143448,39.3121728,
17:57:26.974,,,,,,,,,,,,,,,,,,,,,,,,,,,,,,,,,,,,,,,,,,,,,,,,,,,,,,,,,,3.90625,,,,,,,21.9143448,39.3121728,
17:57:27.036,,,,,,,,,,,,,,,,,,,,,,,,,,,,,,,,,,,,,,,,,,,,,,,,,,,,,,,,,,,3.125,,,,,,21.9143448,39.3121728,
17:57:27.097,,,,,,,,,,,,,,,,,,,,,,,,,,,,,,,,,,,,,,,,,,,,,,,,,,,,,,,,,,3.90625,,,,,,,21.9143448,39.3121728,
17:57:27.162,,,,,,,,,,,,,,,,,,,,,,,,,,,,,,,,,,,,,,,,,,,,,,,,,,,,,,,,,,,2.34375,,,,,,21.9143448,39.3121728,
17:57:27.215,,,,,,,,,,,,,,,,,,,,,,,,,,,,,,,,,,,,,,,,,,,,,,,,,,,,,,,,,,2.34375,,,,,,,21.9143448,39.3121728,
17:57:27.283,,,,,,,,,,,,,,,,,,,,,,,,,,,,,,,,,,,,,,,,,,,,,,,,,,,,,,,,,,,0.78125,,,,,,21.9143448,39.3121728,
17:57:27.357,,,,,,,,,,,,,,,,,,,,,,,,,,,,,,,,,,,,,,,,,,,,,,,,,,,,,,,,,,1.5625,,,,,,,21.9143448,39.3121728,
17:57:27.409,,,,,,,,,,,,,,,,,,,,,,,,,,,,,,,,,,,,,,,,,,,,,,,,,,,,,,,,,,,0.78125,,,,,,21.9143448,39.3121728,
17:57:27.457,,,,,,,,,,,,,,,,,,,,,,,,,,,,,,,,,,,,,,,,,,,,,,,,,,,,,,,,,,0.78125,,,,,,,21.9143448,39.3121728,
17:57:27.511,,,,,,,,,,,,,,,,,,,,,,,,,,,,,,,,,,,,,,,,,,,,,,,,,,,,,,,,,,,0.78125,,,,,,21.9143448,39.3121728,
17:57:27.538,,,,,,,,,,,,,,,,,,137.70001220703125,,,,,,,,0.24493843649589436,,,,,,,,,,,,,,,,,,,,,,,,,,,,,,,,,,0.28135197758674624,,,,,21.9143448,39.3121728,
17:57:27.538,,,,,,,,,,,,,,,,,,137.70001220703125,,,,,,,,0.24493845354946028,,,,,,,,,,,,,,,,,,,,,,,,,,,,,,,,,,0.28135197758674624,,,,,21.9143449,39.3121728,
17:57:27.589,,,,,,,,,,,,,,,,,,,,,,,,,,,,,,,,,,,,,,,,,,,,,,,,,,,,,,,,,,0.78125,,,,,,,21.9143449,39.3121728,
17:57:27.630,,,,,,,,,,,,,,,,,,,,,,,,,,,,,,,,,,,,,,,,,,,,,,,,,,,,,,,,,,,1.5625,,,,,,21.9143449,39.3121728,
17:57:27.659,,,,,,,,,,,,,,,,,,,,,,,,,,,,,,,,,,,,,,,,,,,,,,,,,,,,,,,,,,1.5625,,,,,,,21.9143449,39.3121728,
17:57:27.730,,,,,,,,,,,,,,,,,,,,,,,,,,,,,,,,,,,,,,,,,,,,,,,,,,,,,,,,,,,0.78125,,,,,,21.9143449,39.3121728,
17:57:27.784,,,,,,,,,,,,,,,,,,,,,,,,,,,,,,,,,,,,,,,,,,,,,,,,,,,,,,,,,,1.5625,,,,,,,21.9143449,39.3121728,
17:57:27.808,,,,,,,,,,,,,,,,,,,,,,,,,,,,,,,,,,,,,,,,,,,,,,,,,,,,,,,,,,,0.78125,,,,,,21.9143449,39.3121728,
17:57:27.846,,,,,,,,,,,,,,,,,,,,,,,,,,,,,,,,,,,,,,,,,,,,,,,,,,,,,,,,,,1.5625,,,,,,,21.9143449,39.3121728,
17:57:27.911,,,,,,,,,,,,,,,,,,,,,,,,,,,,,,,,,,,,,,,,,,,,,,,,,,,,,,,,,,,0.78125,,,,,,21.9143449,39.3121728,
17:57:27.962,,,,,,,,,,,,,,,,,,,,,,,,,,,,,,,,,,,,,,,,,,,,,,,,,,,,,,,,,,1.5625,,,,,,,21.9143449,39.3121728,
17:57:28.025,,,,,,,,,,,,,,,,,,,,,,,,,,,,,,,,,,,,,,,,,,,,,,,,,,,,,,,,,,,0.78125,,,,,,21.9143449,39.3121728,
17:57:28.099,,,,,,,,,,,,,,,,,,,,,,,,,,,,,,,,,,,,,,,,,,,,,,,,,,,,,,,,,,2.34375,,,,,,,21.9143449,39.3121728,
17:57:28.153,,,,,,,,,,,,,,,,,,,,,,,,,,,,,,,,,,,,,,,,,,,,,,,,,,,,,,,,,,,1.5625,,,,,,21.9143449,39.3121728,
17:57:28.213,,,,,,,,,,,,,,,,,,,,,,,,,,,,,,,,,,,,,,,,,,,,,,,,,,,,,,,,,,3.125,,,,,,,21.9143449,39.3121728,
17:57:28.267,,,,,,,,,,,,,,,,,,,,,,,,,,,,,,,,,,,,,,,,,,,,,,,,,,,,,,,,,,,1.5625,,,,,,21.9143449,39.3121728,
17:57:28.329,,,,,,,,,,,,,,,,,,,,,,,,,,,,,,,,,,,,,,,,,,,,,,,,,,,,,,,,,,3.125,,,,,,,21.9143449,39.3121728,
17:57:28.390,,,,,,,,,,,,,,,,,,,,,,,,,,,,,,,,,,,,,,,,,,,,,,,,,,,,,,,,,,,2.34375,,,,,,21.9143449,39.3121728,
17:57:28.454,,,,,,,,,,,,,,,,,,,,,,,,,,,,,,,,,,,,,,,,,,,,,,,,,,,,,,,,,,3.125,,,,,,,21.9143449,39.3121728,
17:57:28.504,,,,,,,,,,,,,,,,,,,,,,,,,,,,,,,,,,,,,,,,,,,,,,,,,,,,,,,,,,,3.125,,,,,,21.9143449,39.3121728,
17:57:28.538,,,,,,,,,,,,,,,,,,137.70001220703125,,,,,,,,0.24511822012969703,,,,,,,,,,,,,,,,,,,,,,,,,,,,,,,,,,0.27748675346374513,,,,,21.9143449,39.3121728,
17:57:28.538,,,,,,,,,,,,,,,,,,137.70001220703125,,,,,,,,0.2451182358310383,,,,,,,,,,,,,,,,,,,,,,,,,,,,,,,,,,0.27748675346374513,,,,,21.9143449,39.3121727,
17:57:28.570,,,,,,,,,,,,,,,,,,,,,,,,,,,,,,,,,,,,,,,,,,,,,,,,,,,,,,,,,,2.34375,,,,,,,21.9143449,39.3121727,
17:57:28.625,,,,,,,,,,,,,,,,,,,,,,,,,,,,,,,,,,,,,,,,,,,,,,,,,,,,,,,,,,,3.90625,,,,,,21.9143449,39.3121727,
17:57:28.681,,,,,,,,,,,,,,,,,,,,,,,,,,,,,,,,,,,,,,,,,,,,,,,,,,,,,,,,,,3.125,,,,,,,21.9143449,39.3121727,
17:57:28.758,,,,,,,,,,,,,,,,,,,,,,,,,,,,,,,,,,,,,,,,,,,,,,,,,,,,,,,,,,,3.125,,,,,,21.9143449,39.3121727,
17:57:28.798,,,,,,,,,,,,,,,,,,,,,,,,,,,,,,,,,,,,,,,,,,,,,,,,,,,,,,,,,,3.125,,,,,,,21.9143449,39.3121727,
17:57:28.837,,,,,,,,,,,,,,,,,,,,,,,,,,,,,,,,,,,,,,,,,,,,,,,,,,,,,,,,,,,3.125,,,,,,21.9143449,39.3121727,
17:57:28.901,,,,,,,,,,,,,,,,,,,,,,,,,,,,,,,,,,,,,,,,,,,,,,,,,,,,,,,,,,3.125,,,,,,,21.9143449,39.3121727,
17:57:28.961,,,,,,,,,,,,,,,,,,,,,,,,,,,,,,,,,,,,,,,,,,,,,,,,,,,,,,,,,,,3.125,,,,,,21.9143449,39.3121727,
17:57:29.021,,,,,,,,,,,,,,,,,,,,,,,,,,,,,,,,,,,,,,,,,,,,,,,,,,,,,,,,,,2.34375,,,,,,,21.9143449,39.3121727,
17:57:29.081,,,,,,,,,,,,,,,,,,,,,,,,,,,,,,,,,,,,,,,,,,,,,,,,,,,,,,,,,,,2.34375,,,,,,21.9143449,39.3121727,
17:57:29.135,,,,,,,,,,,,,,,,,,,,,,,,,,,,,,,,,,,,,,,,,,,,,,,,,,,,,,,,,,2.34375,,,,,,,21.9143449,39.3121727,
17:57:29.197,,,,,,,,,,,,,,,,,,,,,,,,,,,,,,,,,,,,,,,,,,,,,,,,,,,,,,,,,,,2.34375,,,,,,21.9143449,39.3121727,
17:57:29.263,,,,,,,,,,,,,,,,,,,,,,,,,,,,,,,,,,,,,,,,,,,,,,,,,,,,,,,,,,2.34375,,,,,,,21.9143449,39.3121727,
17:57:29.313,,,,,,,,,,,,,,,,,,,,,,,,,,,,,,,,,,,,,,,,,,,,,,,,,,,,,,,,,,,3.125,,,,,,21.9143449,39.3121727,
17:57:29.340,,,,,,,,,,,,,,,,,,,,,,,,,,,,,,,,,,,,,,,,,,,,,,,,,,,,,,,,,,2.34375,,,,,,,21.9143449,39.3121727,
17:57:29.381,,,,,,,,,,,,,,,,,,,,,,,,,,,,,,,,,,,,,,,,,,,,,,,,,,,,,,,,,,,2.34375,,,,,,21.9143449,39.3121727,
17:57:29.431,,,,,,,,,,,,,,,,,,,,,,,,,,,,,,,,,,,,,,,,,,,,,,,,,,,,,,,,,,1.5625,,,,,,,21.9143449,39.3121727,
17:57:29.470,,,,,,,,,,,,,,,,,,,,,,,,,,,,,,,,,,,,,,,,,,,,,,,,,,,,,,,,,,,2.34375,,,,,,21.9143449,39.3121727,
17:57:29.522,,,,,,,,,,,,,,,,,,,,,,,,,,,,,,,,,,,,,,,,,,,,,,,,,,,,,,,,,,1.5625,,,,,,,21.9143449,39.3121727,
17:57:29.544,,,,,,,,,,,,,,,,,,137.70001220703125,,,,,,,,0.2453256500651286,,,,,,,,,,,,,,,,,,,,,,,,,,,,,,,,,,0.28263772130012516,,,,,21.9143449,39.3121727,
17:57:29.544,,,,,,,,,,,,,,,,,,137.70001220703125,,,,,,,,0.24532566525587418,,,,,,,,,,,,,,,,,,,,,,,,,,,,,,,,,,0.28263772130012516,,,,,21.9143449,39.3121726,
17:57:29.561,,,,,,,,,,,,,,,,,,,,,,,,,,,,,,,,,,,,,,,,,,,,,,,,,,,,,,,,,,,2.34375,,,,,,21.9143449,39.3121726,
17:57:29.622,,,,,,,,,,,,,,,,,,,,,,,,,,,,,,,,,,,,,,,,,,,,,,,,,,,,,,,,,,1.5625,,,,,,,21.9143449,39.3121726,
17:57:29.675,,,,,,,,,,,,,,,,,,,,,,,,,,,,,,,,,,,,,,,,,,,,,,,,,,,,,,,,,,,1.5625,,,,,,21.9143449,39.3121726,
17:57:29.742,,,,,,,,,,,,,,,,,,,,,,,,,,,,,,,,,,,,,,,,,,,,,,,,,,,,,,,,,,2.34375,,,,,,,21.9143449,39.3121726,
17:57:29.798,,,,,,,,,,,,,,,,,,,,,,,,,,,,,,,,,,,,,,,,,,,,,,,,,,,,,,,,,,,1.5625,,,,,,21.9143449,39.3121726,
17:57:29.861,,,,,,,,,,,,,,,,,,,,,,,,,,,,,,,,,,,,,,,,,,,,,,,,,,,,,,,,,,2.34375,,,,,,,21.9143449,39.3121726,
17:57:29.909,,,,,,,,,,,,,,,,,,,,,,,,,,,,,,,,,,,,,,,,,,,,,,,,,,,,,,,,,,,1.5625,,,,,,21.9143449,39.3121726,
17:57:29.945,,,,,,,,,,,,,,,,,,,,,,,,,,,,,,,,,,,,,,,,,,,,,,,,,,,,,,,,,,2.34375,,,,,,,21.9143449,39.3121726,
17:57:30.030,,,,,,,,,,,,,,,,,,,,,,,,,,,,,,,,,,,,,,,,,,,,,,,,,,,,,,,,,,,2.34375,,,,,,21.9143449,39.3121726,
17:57:30.070,,,,,,,,,,,,,,,,,,,,,,,,,,,,,,,,,,,,,,,,,,,,,,,,,,,,,,,,,,3.125,,,,,,,21.9143449,39.3121726,
17:57:30.121,,,,,,,,,,,,,,,,,,,,,,,,,,,,,,,,,,,,,,,,,,,,,,,,,,,,,,,,,,,2.34375,,,,,,21.9143449,39.3121726,
17:57:30.157,,,,,,,,,,,,,,,,,,,,,,,,,,,,,,,,,,,,,,,,,,,,,,,,,,,,,,,,,,3.125,,,,,,,21.9143449,39.3121726,
17:57:30.218,,,,,,,,,,,,,,,,,,,,,,,,,,,,,,,,,,,,,,,,,,,,,,,,,,,,,,,,,,,2.34375,,,,,,21.9143449,39.3121726,
17:57:30.295,,,,,,,,,,,,,,,,,,,,,,,,,,,,,,,,,,,,,,,,,,,,,,,,,,,,,,,,,,3.90625,,,,,,,21.9143449,39.3121726,
17:57:30.338,,,,,,,,,,,,,,,,,,,,,,,,,,,,,,,,,,,,,,,,,,,,,,,,,,,,,,,,,,,3.125,,,,,,21.9143449,39.3121726,
17:57:30.399,,,,,,,,,,,,,,,,,,,,,,,,,,,,,,,,,,,,,,,,,,,,,,,,,,,,,,,,,,3.125,,,,,,,21.9143449,39.3121726,
17:57:30.450,,,,,,,,,,,,,,,,,,,,,,,,,,,,,,,,,,,,,,,,,,,,,,,,,,,,,,,,,,,2.34375,,,,,,21.9143449,39.3121726,
17:57:30.478,,,,,,,,,,,,,,,,,,,,,,,,,,,,,,,,,,,,,,,,,,,,,,,,,,,,,,,,,,3.125,,,,,,,21.9143449,39.3121726,
17:57:30.526,,,,,,,,,,,,,,,,,,,,,,,,,,,,,,,,,,,,,,,,,,,,,,,,,,,,,,,,,,,2.34375,,,,,,21.9143449,39.3121726,
17:57:30.532,,,,,,,,,,,,,,,,,,137.70001220703125,,,,,,,,0.2455384892267155,,,,,,,,,,,,,,,,,,,,,,,,,,,,,,,,,,0.2847430944442749,,,,,21.9143449,39.3121726,
17:57:30.532,,,,,,,,,,,,,,,,,,137.70001220703125,,,,,,,,0.2455385069870741,,,,,,,,,,,,,,,,,,,,,,,,,,,,,,,,,,0.2847430944442749,,,,,21.9143449,39.3121726,
17:57:30.577,,,,,,,,,,,,,,,,,,,,,,,,,,,,,,,,,,,,,,,,,,,,,,,,,,,,,,,,,,3.125,,,,,,,21.9143449,39.3121726,
17:57:30.650,,,,,,,,,,,,,,,,,,,,,,,,,,,,,,,,,,,,,,,,,,,,,,,,,,,,,,,,,,,2.34375,,,,,,21.9143449,39.3121726,
17:57:30.701,,,,,,,,,,,,,,,,,,,,,,,,,,,,,,,,,,,,,,,,,,,,,,,,,,,,,,,,,,3.125,,,,,,,21.9143449,39.3121726,
17:57:30.774,,,,,,,,,,,,,,,,,,,,,,,,,,,,,,,,,,,,,,,,,,,,,,,,,,,,,,,,,,,3.125,,,,,,21.9143449,39.3121726,
17:57:30.814,,,,,,,,,,,,,,,,,,,,,,,,,,,,,,,,,,,,,,,,,,,,,,,,,,,,,,,,,,3.125,,,,,,,21.9143449,39.3121726,
17:57:30.879,,,,,,,,,,,,,,,,,,,,,,,,,,,,,,,,,,,,,,,,,,,,,,,,,,,,,,,,,,,3.125,,,,,,21.9143449,39.3121726,
17:57:30.929,,,,,,,,,,,,,,,,,,,,,,,,,,,,,,,,,,,,,,,,,,,,,,,,,,,,,,,,,,3.125,,,,,,,21.9143449,39.3121726,
17:57:30.969,,,,,,,,,,,,,,,,,,,,,,,,,,,,,,,,,,,,,,,,,,,,,,,,,,,,,,,,,,,3.125,,,,,,21.9143449,39.3121726,
17:57:31.035,,,,,,,,,,,,,,,,,,,,,,,,,,,,,,,,,,,,,,,,,,,,,,,,,,,,,,,,,,3.125,,,,,,,21.9143449,39.3121726,
17:57:31.086,,,,,,,,,,,,,,,,,,,,,,,,,,,,,,,,,,,,,,,,,,,,,,,,,,,,,,,,,,,3.125,,,,,,21.9143449,39.3121726,
17:57:31.150,,,,,,,,,,,,,,,,,,,,,,,,,,,,,,,,,,,,,,,,,,,,,,,,,,,,,,,,,,3.125,,,,,,,21.9143449,39.3121726,
17:57:31.212,,,,,,,,,,,,,,,,,,,,,,,,,,,,,,,,,,,,,,,,,,,,,,,,,,,,,,,,,,,3.125,,,,,,21.9143449,39.3121726,
17:57:31.265,,,,,,,,,,,,,,,,,,,,,,,,,,,,,,,,,,,,,,,,,,,,,,,,,,,,,,,,,,3.90625,,,,,,,21.9143449,39.3121726,
17:57:31.342,,,,,,,,,,,,,,,,,,,,,,,,,,,,,,,,,,,,,,,,,,,,,,,,,,,,,,,,,,,3.125,,,,,,21.9143449,39.3121726,
17:57:31.393,,,,,,,,,,,,,,,,,,,,,,,,,,,,,,,,,,,,,,,,,,,,,,,,,,,,,,,,,,4.6875,,,,,,,21.9143449,39.3121726,
17:57:31.446,,,,,,,,,,,,,,,,,,,,,,,,,,,,,,,,,,,,,,,,,,,,,,,,,,,,,,,,,,,3.125,,,,,,21.9143449,39.3121726,
17:57:31.473,,,,,,,,,,,,,,,,,,,,,,,,,,,,,,,,,,,,,,,,,,,,,,,,,,,,,,,,,,3.90625,,,,,,,21.9143449,39.3121726,
17:57:31.528,,,,,,,,,,,,,,,,,,137.70001220703125,,,,,,,,0.24578758616185645,,,,,,,,,,,,,,,,,,,,,,,,,,,,,,,,,,0.2915623962879181,,,,,21.9143449,39.3121726,
17:57:31.528,,,,,,,,,,,,,,,,,,138.50001525878906,,,,,,,,0.24578760604003064,,,,,,,,,,,,,,,,,,,,,,,,,,,,,,,,,,0.2915623962879181,,,,,21.9143436,39.3121743,
17:57:31.538,,,,,,,,,,,,,,,,,,,,,,,,,,,,,,,,,,,,,,,,,,,,,,,,,,,,,,,,,,,3.90625,,,,,,21.9143436,39.3121743,
17:57:31.601,,,,,,,,,,,,,,,,,,,,,,,,,,,,,,,,,,,,,,,,,,,,,,,,,,,,,,,,,,3.90625,,,,,,,21.9143436,39.3121743,
17:57:31.662,,,,,,,,,,,,,,,,,,,,,,,,,,,,,,,,,,,,,,,,,,,,,,,,,,,,,,,,,,,3.90625,,,,,,21.9143436,39.3121743,
17:57:31.714,,,,,,,,,,,,,,,,,,,,,,,,,,,,,,,,,,,,,,,,,,,,,,,,,,,,,,,,,,2.34375,,,,,,,21.9143436,39.3121743,
17:57:31.770,,,,,,,,,,,,,,,,,,,,,,,,,,,,,,,,,,,,,,,,,,,,,,,,,,,,,,,,,,,3.125,,,,,,21.9143436,39.3121743,
17:57:31.810,,,,,,,,,,,,,,,,,,,,,,,,,,,,,,,,,,,,,,,,,,,,,,,,,,,,,,,,,,1.5625,,,,,,,21.9143436,39.3121743,
17:57:31.871,,,,,,,,,,,,,,,,,,,,,,,,,,,,,,,,,,,,,,,,,,,,,,,,,,,,,,,,,,,2.34375,,,,,,21.9143436,39.3121743,
17:57:31.925,,,,,,,,,,,,,,,,,,,,,,,,,,,,,,,,,,,,,,,,,,,,,,,,,,,,,,,,,,1.5625,,,,,,,21.9143436,39.3121743,
17:57:31.966,,,,,,,,,,,,,,,,,,,,,,,,,,,,,,,,,,,,,,,,,,,,,,,,,,,,,,,,,,,2.34375,,,,,,21.9143436,39.3121743,
17:57:32.017,,,,,,,,,,,,,,,,,,,,,,,,,,,,,,,,,,,,,,,,,,,,,,,,,,,,,,,,,,0.78125,,,,,,,21.9143436,39.3121743,
17:57:32.070,,,,,,,,,,,,,,,,,,,,,,,,,,,,,,,,,,,,,,,,,,,,,,,,,,,,,,,,,,,2.34375,,,,,,21.9143436,39.3121743,
17:57:32.109,,,,,,,,,,,,,,,,,,,,,,,,,,,,,,,,,,,,,,,,,,,,,,,,,,,,,,,,,,0.78125,,,,,,,21.9143436,39.3121743,
17:57:32.166,,,,,,,,,,,,,,,,,,,,,,,,,,,,,,,,,,,,,,,,,,,,,,,,,,,,,,,,,,,2.34375,,,,,,21.9143436,39.3121743,
17:57:32.193,,,,,,,,,,,,,,,,,,,,,,,,,,,,,,,,,,,,,,,,,,,,,,,,,,,,,,,,,,0.78125,,,,,,,21.9143436,39.3121743,
17:57:32.217,,,,,,,,,,,,,,,,,,,,,,,,,,,,,,,,,,,,,,,,,,,,,,,,,,,,,,,,,,,2.34375,,,,,,21.9143436,39.3121743,
17:57:32.253,,,,,,,,,,,,,,,,,,,,,,,,,,,,,,,,,,,,,,,,,,,,,,,,,,,,,,,,,,0.78125,,,,,,,21.9143436,39.3121743,
17:57:32.278,,,,,,,,,,,,,,,,,,,,,,,,,,,,,,,,,,,,,,,,,,,,,,,,,,,,,,,,,,,2.34375,,,,,,21.9143436,39.3121743,
17:57:32.318,,,,,,,,,,,,,,,,,,,,,,,,,,,,,,,,,,,,,,,,,,,,,,,,,,,,,,,,,,1.5625,,,,,,,21.9143436,39.3121743,
17:57:32.383,,,,,,,,,,,,,,,,,,,,,,,,,,,,,,,,,,,,,,,,,,,,,,,,,,,,,,,,,,,2.34375,,,,,,21.9143436,39.3121743,
17:57:32.434,,,,,,,,,,,,,,,,,,,,,,,,,,,,,,,,,,,,,,,,,,,,,,,,,,,,,,,,,,1.5625,,,,,,,21.9143436,39.3121743,
17:57:32.461,,,,,,,,,,,,,,,,,,,,,,,,,,,,,,,,,,,,,,,,,,,,,,,,,,,,,,,,,,,1.5625,,,,,,21.9143436,39.3121743,
17:57:32.491,,,,,,,,,,,,,,,,,,,,,,,,,,,,,,,,,,,,,,,,,,,,,,,,,,,,,,,,,,0.78125,,,,,,,21.9143436,39.3121743,
17:57:32.525,,,,,,,,,,,,,,,,,,,,,,,,,,,,,,,,,,,,,,,,,,,,,,,,,,,,,,,,,,,1.5625,,,,,,21.9143436,39.3121743,
17:57:32.549,,,,,,,,,,,,,,,,,,138.50001525878906,,,,,,,,0.24604747613075603,,,,,,,,,,,,,,,,,,,,,,,,,,,,,,,,,,0.29285200238227843,,,,,21.9143436,39.3121743,
17:57:32.550,,,,,,,,,,,,,,,,,,138.50001525878906,,,,,,,,0.24604749601498418,,,,,,,,,,,,,,,,,,,,,,,,,,,,,,,,,,0.29285200238227843,,,,,21.9143436,39.3121742,
17:57:32.585,,,,,,,,,,,,,,,,,,,,,,,,,,,,,,,,,,,,,,,,,,,,,,,,,,,,,,,,,,0.78125,,,,,,,21.9143436,39.3121742,
17:57:32.645,,,,,,,,,,,,,,,,,,,,,,,,,,,,,,,,,,,,,,,,,,,,,,,,,,,,,,,,,,,0.78125,,,,,,21.9143436,39.3121742,
17:57:32.697,,,,,,,,,,,,,,,,,,,,,,,,,,,,,,,,,,,,,,,,,,,,,,,,,,,,,,,,,,0.78125,,,,,,,21.9143436,39.3121742,
17:57:32.738,,,,,,,,,,,,,,,,,,,,,,,,,,,,,,,,,,,,,,,,,,,,,,,,,,,,,,,,,,,0,,,,,,21.9143436,39.3121742,
17:57:32.802,,,,,,,,,,,,,,,,,,,,,,,,,,,,,,,,,,,,,,,,,,,,,,,,,,,,,,,,,,0,,,,,,,21.9143436,39.3121742,
17:57:32.853,,,,,,,,,,,,,,,,,,,,,,,,,,,,,,,,,,,,,,,,,,,,,,,,,,,,,,,,,,,-1.5625,,,,,,21.9143436,39.3121742,
17:57:32.882,,,,,,,,,,,,,,,,,,,,,,,,,,,,,,,,,,,,,,,,,,,,,,,,,,,,,,,,,,-0.78125,,,,,,,21.9143436,39.3121742,
17:57:32.910,,,,,,,,,,,,,,,,,,,,,,,,,,,,,,,,,,,,,,,,,,,,,,,,,,,,,,,,,,,-3.125,,,,,,21.9143436,39.3121742,
17:57:32.938,,,,,,,,,,,,,,,,,,,,,,,,,,,,,,,,,,,,,,,,,,,,,,,,,,,,,,,,,,-1.5625,,,,,,,21.9143436,39.3121742,
17:57:32.976,,,,,,,,,,,,,,,,,,,,,,,,,,,,,,,,,,,,,,,,,,,,,,,,,,,,,,,,,,,-3.90625,,,,,,21.9143436,39.3121742,
17:57:33.041,,,,,,,,,,,,,,,,,,,,,,,,,,,,,,,,,,,,,,,,,,,,,,,,,,,,,,,,,,-2.34375,,,,,,,21.9143436,39.3121742,
17:57:33.094,,,,,,,,,,,,,,,,,,,,,,,,,,,,,,,,,,,,,,,,,,,,,,,,,,,,,,,,,,,-5.46875,,,,,,21.9143436,39.3121742,
17:57:33.157,,,,,,,,,,,,,,,,,,,,,,,,,,,,,,,,,,,,,,,,,,,,,,,,,,,,,,,,,,-3.125,,,,,,,21.9143436,39.3121742,
17:57:33.221,,,,,,,,,,,,,,,,,,,,,,,,,,,,,,,,,,,,,,,,,,,,,,,,,,,,,,,,,,,-5.46875,,,,,,21.9143436,39.3121742,
17:57:33.274,,,,,,,,,,,,,,,,,,,,,,,,,,,,,,,,,,,,,,,,,,,,,,,,,,,,,,,,,,-3.125,,,,,,,21.9143436,39.3121742,
17:57:33.339,,,,,,,,,,,,,,,,,,,,,,,,,,,,,,,,,,,,,,,,,,,,,,,,,,,,,,,,,,,-4.6875,,,,,,21.9143436,39.3121742,
17:57:33.403,,,,,,,,,,,,,,,,,,,,,,,,,,,,,,,,,,,,,,,,,,,,,,,,,,,,,,,,,,-3.125,,,,,,,21.9143436,39.3121742,
17:57:33.457,,,,,,,,,,,,,,,,,,,,,,,,,,,,,,,,,,,,,,,,,,,,,,,,,,,,,,,,,,,-4.6875,,,,,,21.9143436,39.3121742,
17:57:33.523,,,,,,,,,,,,,,,,,,,,,,,,,,,,,,,,,,,,,,,,,,,,,,,,,,,,,,,,,,-2.34375,,,,,,,21.9143436,39.3121742,
17:57:33.549,,,,,,,,,,,,,,,,,,138.50001525878906,,,,,,,,0.24624202019980898,,,,,,,,,,,,,,,,,,,,,,,,,,,,,,,,,,0.2822346925735474,,,,,21.9143436,39.3121742,
17:57:33.550,,,,,,,,,,,,,,,,,,138.50001525878906,,,,,,,,0.24624203391865734,,,,,,,,,,,,,,,,,,,,,,,,,,,,,,,,,,0.2822346925735474,,,,,21.9143436,39.3121741,
17:57:33.573,,,,,,,,,,,,,,,,,,,,,,,,,,,,,,,,,,,,,,,,,,,,,,,,,,,,,,,,,,,-4.6875,,,,,,21.9143436,39.3121741,
17:57:33.609,,,,,,,,,,,,,,,,,,,,,,,,,,,,,,,,,,,,,,,,,,,,,,,,,,,,,,,,,,-2.34375,,,,,,,21.9143436,39.3121741,
17:57:33.670,,,,,,,,,,,,,,,,,,,,,,,,,,,,,,,,,,,,,,,,,,,,,,,,,,,,,,,,,,,-4.6875,,,,,,21.9143436,39.3121741,
17:57:33.723,,,,,,,,,,,,,,,,,,,,,,,,,,,,,,,,,,,,,,,,,,,,,,,,,,,,,,,,,,-2.34375,,,,,,,21.9143436,39.3121741,
17:57:33.750,,,,,,,,,,,,,,,,,,,,,,,,,,,,,,,,,,,,,,,,,,,,,,,,,,,,,,,,,,,-4.6875,,,,,,21.9143436,39.3121741,
17:57:33.790,,,,,,,,,,,,,,,,,,,,,,,,,,,,,,,,,,,,,,,,,,,,,,,,,,,,,,,,,,-2.34375,,,,,,,21.9143436,39.3121741,
17:57:33.841,,,,,,,,,,,,,,,,,,,,,,,,,,,,,,,,,,,,,,,,,,,,,,,,,,,,,,,,,,,-4.6875,,,,,,21.9143436,39.3121741,
17:57:33.879,,,,,,,,,,,,,,,,,,,,,,,,,,,,,,,,,,,,,,,,,,,,,,,,,,,,,,,,,,-3.125,,,,,,,21.9143436,39.3121741,
17:57:33.930,,,,,,,,,,,,,,,,,,,,,,,,,,,,,,,,,,,,,,,,,,,,,,,,,,,,,,,,,,,-4.6875,,,,,,21.9143436,39.3121741,
17:57:33.971,,,,,,,,,,,,,,,,,,,,,,,,,,,,,,,,,,,,,,,,,,,,,,,,,,,,,,,,,,-3.125,,,,,,,21.9143436,39.3121741,
17:57:34.034,,,,,,,,,,,,,,,,,,,,,,,,,,,,,,,,,,,,,,,,,,,,,,,,,,,,,,,,,,,-4.6875,,,,,,21.9143436,39.3121741,
17:57:34.085,,,,,,,,,,,,,,,,,,,,,,,,,,,,,,,,,,,,,,,,,,,,,,,,,,,,,,,,,,-3.125,,,,,,,21.9143436,39.3121741,
17:57:34.113,,,,,,,,,,,,,,,,,,,,,,,,,,,,,,,,,,,,,,,,,,,,,,,,,,,,,,,,,,,-4.6875,,,,,,21.9143436,39.3121741,
17:57:34.142,,,,,,,,,,,,,,,,,,,,,,,,,,,,,,,,,,,,,,,,,,,,,,,,,,,,,,,,,,-3.125,,,,,,,21.9143436,39.3121741,
17:57:34.170,,,,,,,,,,,,,,,,,,,,,,,,,,,,,,,,,,,,,,,,,,,,,,,,,,,,,,,,,,,-3.90625,,,,,,21.9143436,39.3121741,
17:57:34.203,,,,,,,,,,,,,,,,,,,,,,,,,,,,,,,,,,,,,,,,,,,,,,,,,,,,,,,,,,-3.125,,,,,,,21.9143436,39.3121741,
17:57:34.266,,,,,,,,,,,,,,,,,,,,,,,,,,,,,,,,,,,,,,,,,,,,,,,,,,,,,,,,,,,-3.90625,,,,,,21.9143436,39.3121741,
17:57:34.331,,,,,,,,,,,,,,,,,,,,,,,,,,,,,,,,,,,,,,,,,,,,,,,,,,,,,,,,,,-3.125,,,,,,,21.9143436,39.3121741,
17:57:34.381,,,,,,,,,,,,,,,,,,,,,,,,,,,,,,,,,,,,,,,,,,,,,,,,,,,,,,,,,,,-3.90625,,,,,,21.9143436,39.3121741,
17:57:34.445,,,,,,,,,,,,,,,,,,,,,,,,,,,,,,,,,,,,,,,,,,,,,,,,,,,,,,,,,,-2.34375,,,,,,,21.9143436,39.3121741,
17:57:34.512,,,,,,,,,,,,,,,,,,,,,,,,,,,,,,,,,,,,,,,,,,,,,,,,,,,,,,,,,,,-2.34375,,,,,,21.9143436,39.3121741,
17:57:34.531,,,,,,,,,,,,,,,,,,138.50001525878906,,,,,,,,0.24646380866133388,,,,,,,,,,,,,,,,,,,,,,,,,,,,,,,,,,0.28848600983619693,,,,,21.9143436,39.3121741,
17:57:34.531,,,,,,,,,,,,,,,,,,138.50001525878906,,,,,,,,0.24646382234704242,,,,,,,,,,,,,,,,,,,,,,,,,,,,,,,,,,0.28848600983619693,,,,,21.9143437,39.3121741,
17:57:34.561,,,,,,,,,,,,,,,,,,,,,,,,,,,,,,,,,,,,,,,,,,,,,,,,,,,,,,,,,,-1.5625,,,,,,,21.9143437,39.3121741,
17:57:34.614,,,,,,,,,,,,,,,,,,,,,,,,,,,,,,,,,,,,,,,,,,,,,,,,,,,,,,,,,,,-1.5625,,,,,,21.9143437,39.3121741,
17:57:34.677,,,,,,,,,,,,,,,,,,,,,,,,,,,,,,,,,,,,,,,,,,,,,,,,,,,,,,,,,,-0.78125,,,,,,,21.9143437,39.3121741,
17:57:34.720,,,,,,,,,,,,,,,,,,,,,,,,,,,,,,,,,,,,,,,,,,,,,,,,,,,,,,,,,,,-1.5625,,,,,,21.9143437,39.3121741,
17:57:34.774,,,,,,,,,,,,,,,,,,,,,,,,,,,,,,,,,,,,,,,,,,,,,,,,,,,,,,,,,,-0.78125,,,,,,,21.9143437,39.3121741,
17:57:34.802,,,,,,,,,,,,,,,,,,,,,,,,,,,,,,,,,,,,,,,,,,,,,,,,,,,,,,,,,,,-2.34375,,,,,,21.9143437,39.3121741,
17:57:34.841,,,,,,,,,,,,,,,,,,,,,,,,,,,,,,,,,,,,,,,,,,,,,,,,,,,,,,,,,,-0.78125,,,,,,,21.9143437,39.3121741,
17:57:34.893,,,,,,,,,,,,,,,,,,,,,,,,,,,,,,,,,,,,,,,,,,,,,,,,,,,,,,,,,,,-2.34375,,,,,,21.9143437,39.3121741,
17:57:34.958,,,,,,,,,,,,,,,,,,,,,,,,,,,,,,,,,,,,,,,,,,,,,,,,,,,,,,,,,,-0.78125,,,,,,,21.9143437,39.3121741,
17:57:35.023,,,,,,,,,,,,,,,,,,,,,,,,,,,,,,,,,,,,,,,,,,,,,,,,,,,,,,,,,,,-3.90625,,,,,,21.9143437,39.3121741,
17:57:35.085,,,,,,,,,,,,,,,,,,,,,,,,,,,,,,,,,,,,,,,,,,,,,,,,,,,,,,,,,,-1.5625,,,,,,,21.9143437,39.3121741,
17:57:35.137,,,,,,,,,,,,,,,,,,,,,,,,,,,,,,,,,,,,,,,,,,,,,,,,,,,,,,,,,,,-3.90625,,,,,,21.9143437,39.3121741,
17:57:35.197,,,,,,,,,,,,,,,,,,,,,,,,,,,,,,,,,,,,,,,,,,,,,,,,,,,,,,,,,,-2.34375,,,,,,,21.9143437,39.3121741,
17:57:35.262,,,,,,,,,,,,,,,,,,,,,,,,,,,,,,,,,,,,,,,,,,,,,,,,,,,,,,,,,,,-3.90625,,,,,,21.9143437,39.3121741,
17:57:35.314,,,,,,,,,,,,,,,,,,,,,,,,,,,,,,,,,,,,,,,,,,,,,,,,,,,,,,,,,,-2.34375,,,,,,,21.9143437,39.3121741,
17:57:35.390,,,,,,,,,,,,,,,,,,,,,,,,,,,,,,,,,,,,,,,,,,,,,,,,,,,,,,,,,,,-3.90625,,,,,,21.9143437,39.3121741,
17:57:35.430,,,,,,,,,,,,,,,,,,,,,,,,,,,,,,,,,,,,,,,,,,,,,,,,,,,,,,,,,,-2.34375,,,,,,,21.9143437,39.3121741,
17:57:35.457,,,,,,,,,,,,,,,,,,,,,,,,,,,,,,,,,,,,,,,,,,,,,,,,,,,,,,,,,,,-3.90625,,,,,,21.9143437,39.3121741,
17:57:35.494,,,,,,,,,,,,,,,,,,,,,,,,,,,,,,,,,,,,,,,,,,,,,,,,,,,,,,,,,,-3.125,,,,,,,21.9143437,39.3121741,
17:57:35.531,,,,,,,,,,,,,,,,,,138.50001525878906,,,,,,,,0.24669419760880817,,,,,,,,,,,,,,,,,,,,,,,,,,,,,,,,,,0.2898008018732071,,,,,21.9143437,39.3121741,
17:57:35.531,,,,,,,,,,,,,,,,,,138.50001525878906,,,,,,,,0.24669422102011676,,,,,,,,,,,,,,,,,,,,,,,,,,,,,,,,,,0.2898008018732071,,,,,21.9143437,39.312174,
17:57:35.558,,,,,,,,,,,,,,,,,,,,,,,,,,,,,,,,,,,,,,,,,,,,,,,,,,,,,,,,,,,-3.90625,,,,,,21.9143437,39.312174,
17:57:35.610,,,,,,,,,,,,,,,,,,,,,,,,,,,,,,,,,,,,,,,,,,,,,,,,,,,,,,,,,,-3.125,,,,,,,21.9143437,39.312174,
17:57:35.638,,,,,,,,,,,,,,,,,,,,,,,,,,,,,,,,,,,,,,,,,,,,,,,,,,,,,,,,,,,-3.90625,,,,,,21.9143437,39.312174,
17:57:35.701,,,,,,,,,,,,,,,,,,,,,,,,,,,,,,,,,,,,,,,,,,,,,,,,,,,,,,,,,,-3.125,,,,,,,21.9143437,39.312174,
17:57:35.740,,,,,,,,,,,,,,,,,,,,,,,,,,,,,,,,,,,,,,,,,,,,,,,,,,,,,,,,,,,-3.90625,,,,,,21.9143437,39.312174,
17:57:35.841,,,,,,,,,,,,,,,,,,,,,,,,,,,,,,,,,,,,,,,,,,,,,,,,,,,,,,,,,,-3.125,,,,,,,21.9143437,39.312174,
17:57:35.930,,,,,,,,,,,,,,,,,,,,,,,,,,,,,,,,,,,,,,,,,,,,,,,,,,,,,,,,,,,-3.90625,,,,,,21.9143437,39.312174,
17:57:36.017,,,,,,,,,,,,,,,,,,,,,,,,,,,,,,,,,,,,,,,,,,,,,,,,,,,,,,,,,,-3.125,,,,,,,21.9143437,39.312174,
17:57:36.110,,,,,,,,,,,,,,,,,,,,,,,,,,,,,,,,,,,,,,,,,,,,,,,,,,,,,,,,,,,-3.90625,,,,,,21.9143437,39.312174,
17:57:36.198,,,,,,,,,,,,,,,,,,,,,,,,,,,,,,,,,,,,,,,,,,,,,,,,,,,,,,,,,,-3.125,,,,,,,21.9143437,39.312174,
17:57:36.279,,,,,,,,,,,,,,,,,,,,,,,,,,,,,,,,,,,,,,,,,,,,,,,,,,,,,,,,,,,-3.90625,,,,,,21.9143437,39.312174,
17:57:36.330,,,,,,,,,,,,,,,,,,,,,,,,,,,,,,,,,,,,,,,,,,,,,,,,,,,,,,,,,,-3.125,,,,,,,21.9143437,39.312174,
17:57:36.369,,,,,,,,,,,,,,,,,,,,,,,,,,,,,,,,,,,,,,,,,,,,,,,,,,,,,,,,,,,-3.90625,,,,,,21.9143437,39.312174,
17:57:36.423,,,,,,,,,,,,,,,,,,,,,,,,,,,,,,,,,,,,,,,,,,,,,,,,,,,,,,,,,,-3.125,,,,,,,21.9143437,39.312174,
17:57:36.489,,,,,,,,,,,,,,,,,,,,,,,,,,,,,,,,,,,,,,,,,,,,,,,,,,,,,,,,,,,-3.90625,,,,,,21.9143437,39.312174,
17:57:36.536,,,,,,,,,,,,,,,,,,138.50001525878906,,,,,,,,0.24687772279215425,,,,,,,,,,,,,,,,,,,,,,,,,,,,,,,,,,0.28120161294937135,,,,,21.9143437,39.312174,
17:57:36.536,,,,,,,,,,,,,,,,,,138.50001525878906,,,,,,,,0.24687773851947328,,,,,,,,,,,,,,,,,,,,,,,,,,,,,,,,,,0.28120161294937135,,,,,21.9143441,39.3121742,
17:57:36.542,,,,,,,,,,,,,,,,,,,,,,,,,,,,,,,,,,,,,,,,,,,,,,,,,,,,,,,,,,-3.90625,,,,,,,21.9143441,39.3121742,
17:57:36.583,,,,,,,,,,,,,,,,,,,,,,,,,,,,,,,,,,,,,,,,,,,,,,,,,,,,,,,,,,,-3.90625,,,,,,21.9143441,39.3121742,
17:57:36.633,,,,,,,,,,,,,,,,,,,,,,,,,,,,,,,,,,,,,,,,,,,,,,,,,,,,,,,,,,-3.125,,,,,,,21.9143441,39.3121742,
17:57:36.699,,,,,,,,,,,,,,,,,,,,,,,,,,,,,,,,,,,,,,,,,,,,,,,,,,,,,,,,,,,-3.90625,,,,,,21.9143441,39.3121742,
17:57:36.753,,,,,,,,,,,,,,,,,,,,,,,,,,,,,,,,,,,,,,,,,,,,,,,,,,,,,,,,,,-3.125,,,,,,,21.9143441,39.3121742,
17:57:36.778,,,,,,,,,,,,,,,,,,,,,,,,,,,,,,,,,,,,,,,,,,,,,,,,,,,,,,,,,,,-3.90625,,,,,,21.9143441,39.3121742,
17:57:36.816,,,,,,,,,,,,,,,,,,,,,,,,,,,,,,,,,,,,,,,,,,,,,,,,,,,,,,,,,,-2.34375,,,,,,,21.9143441,39.3121742,
17:57:36.881,,,,,,,,,,,,,,,,,,,,,,,,,,,,,,,,,,,,,,,,,,,,,,,,,,,,,,,,,,,-3.125,,,,,,21.9143441,39.3121742,
17:57:36.946,,,,,,,,,,,,,,,,,,,,,,,,,,,,,,,,,,,,,,,,,,,,,,,,,,,,,,,,,,-1.5625,,,,,,,21.9143441,39.3121742,
17:57:37.005,,,,,,,,,,,,,,,,,,,,,,,,,,,,,,,,,,,,,,,,,,,,,,,,,,,,,,,,,,,-2.34375,,,,,,21.9143441,39.3121742,
17:57:37.049,,,,,,,,,,,,,,,,,,,,,,,,,,,,,,,,,,,,,,,,,,,,,,,,,,,,,,,,,,-0.78125,,,,,,,21.9143441,39.3121742,
17:57:37.085,,,,,,,,,,,,,,,,,,,,,,,,,,,,,,,,,,,,,,,,,,,,,,,,,,,,,,,,,,,-1.5625,,,,,,21.9143441,39.3121742,
17:57:37.140,,,,,,,,,,,,,,,,,,,,,,,,,,,,,,,,,,,,,,,,,,,,,,,,,,,,,,,,,,-0.78125,,,,,,,21.9143441,39.3121742,
17:57:37.225,,,,,,,,,,,,,,,,,,,,,,,,,,,,,,,,,,,,,,,,,,,,,,,,,,,,,,,,,,,-1.5625,,,,,,21.9143441,39.3121742,
17:57:37.266,,,,,,,,,,,,,,,,,,,,,,,,,,,,,,,,,,,,,,,,,,,,,,,,,,,,,,,,,,-0.78125,,,,,,,21.9143441,39.3121742,
17:57:37.334,,,,,,,,,,,,,,,,,,,,,,,,,,,,,,,,,,,,,,,,,,,,,,,,,,,,,,,,,,,-0.78125,,,,,,21.9143441,39.3121742,
17:57:37.385,,,,,,,,,,,,,,,,,,,,,,,,,,,,,,,,,,,,,,,,,,,,,,,,,,,,,,,,,,-0.78125,,,,,,,21.9143441,39.3121742,
17:57:37.449,,,,,,,,,,,,,,,,,,,,,,,,,,,,,,,,,,,,,,,,,,,,,,,,,,,,,,,,,,,-1.5625,,,,,,21.9143441,39.3121742,
17:57:37.502,,,,,,,,,,,,,,,,,,,,,,,,,,,,,,,,,,,,,,,,,,,,,,,,,,,,,,,,,,-0.78125,,,,,,,21.9143441,39.3121742,
17:57:37.530,,,,,,,,,,,,,,,,,,,,,,,,,,,,,,,,,,,,,,,,,,,,,,,,,,,,,,,,,,,-1.5625,,,,,,21.9143441,39.3121742,
17:57:37.540,,,,,,,,,,,,,,,,,,138.50001525878906,,,,,,,,0.247042108761011,,,,,,,,,,,,,,,,,,,,,,,,,,,,,,,,,,0.2779725819826126,,,,,21.9143441,39.3121742,
17:57:37.540,,,,,,,,,,,,,,,,,,138.50001525878906,,,,,,,,0.24704213195842614,,,,,,,,,,,,,,,,,,,,,,,,,,,,,,,,,,0.2779725819826126,,,,,21.914344,39.3121741,
17:57:37.570,,,,,,,,,,,,,,,,,,,,,,,,,,,,,,,,,,,,,,,,,,,,,,,,,,,,,,,,,,-1.5625,,,,,,,21.914344,39.3121741,
17:57:37.621,,,,,,,,,,,,,,,,,,,,,,,,,,,,,,,,,,,,,,,,,,,,,,,,,,,,,,,,,,,-1.5625,,,,,,21.914344,39.3121741,
17:57:37.658,,,,,,,,,,,,,,,,,,,,,,,,,,,,,,,,,,,,,,,,,,,,,,,,,,,,,,,,,,-1.5625,,,,,,,21.914344,39.3121741,
17:57:37.730,,,,,,,,,,,,,,,,,,,,,,,,,,,,,,,,,,,,,,,,,,,,,,,,,,,,,,,,,,,-1.5625,,,,,,21.914344,39.3121741,
17:57:37.769,,,,,,,,,,,,,,,,,,,,,,,,,,,,,,,,,,,,,,,,,,,,,,,,,,,,,,,,,,-0.78125,,,,,,,21.914344,39.3121741,
17:57:37.837,,,,,,,,,,,,,,,,,,,,,,,,,,,,,,,,,,,,,,,,,,,,,,,,,,,,,,,,,,,-1.5625,,,,,,21.914344,39.3121741,
17:57:37.921,,,,,,,,,,,,,,,,,,,,,,,,,,,,,,,,,,,,,,,,,,,,,,,,,,,,,,,,,,-0.78125,,,,,,,21.914344,39.3121741,
17:57:37.999,,,,,,,,,,,,,,,,,,,,,,,,,,,,,,,,,,,,,,,,,,,,,,,,,,,,,,,,,,,-1.5625,,,,,,21.914344,39.3121741,
17:57:38.050,,,,,,,,,,,,,,,,,,,,,,,,,,,,,,,,,,,,,,,,,,,,,,,,,,,,,,,,,,-0.78125,,,,,,,21.914344,39.3121741,
17:57:38.104,,,,,,,,,,,,,,,,,,,,,,,,,,,,,,,,,,,,,,,,,,,,,,,,,,,,,,,,,,,-1.5625,,,,,,21.914344,39.3121741,
17:57:38.178,,,,,,,,,,,,,,,,,,,,,,,,,,,,,,,,,,,,,,,,,,,,,,,,,,,,,,,,,,-0.78125,,,,,,,21.914344,39.3121741,
17:57:38.229,,,,,,,,,,,,,,,,,,,,,,,,,,,,,,,,,,,,,,,,,,,,,,,,,,,,,,,,,,,-2.34375,,,,,,21.914344,39.3121741,
17:57:38.295,,,,,,,,,,,,,,,,,,,,,,,,,,,,,,,,,,,,,,,,,,,,,,,,,,,,,,,,,,-1.5625,,,,,,,21.914344,39.3121741,
17:57:38.351,,,,,,,,,,,,,,,,,,,,,,,,,,,,,,,,,,,,,,,,,,,,,,,,,,,,,,,,,,,-3.125,,,,,,21.914344,39.3121741,
17:57:38.402,,,,,,,,,,,,,,,,,,,,,,,,,,,,,,,,,,,,,,,,,,,,,,,,,,,,,,,,,,-1.5625,,,,,,,21.914344,39.3121741,
17:57:38.457,,,,,,,,,,,,,,,,,,,,,,,,,,,,,,,,,,,,,,,,,,,,,,,,,,,,,,,,,,,-3.125,,,,,,21.914344,39.3121741,
17:57:38.498,,,,,,,,,,,,,,,,,,,,,,,,,,,,,,,,,,,,,,,,,,,,,,,,,,,,,,,,,,-1.5625,,,,,,,21.914344,39.3121741,
17:57:38.537,,,,,,,,,,,,,,,,,,138.50001525878906,,,,,,,,0.2471934363828226,,,,,,,,,,,,,,,,,,,,,,,,,,,,,,,,,,0.2760342568159104,,,,,21.914344,39.3121741,
17:57:38.537,,,,,,,,,,,,,,,,,,138.50001525878906,,,,,,,,0.2471934465903342,,,,,,,,,,,,,,,,,,,,,,,,,,,,,,,,,,0.2760342568159104,,,,,21.914344,39.3121739,
17:57:38.574,,,,,,,,,,,,,,,,,,,,,,,,,,,,,,,,,,,,,,,,,,,,,,,,,,,,,,,,,,,-3.125,,,,,,21.914344,39.3121739,
17:57:38.613,,,,,,,,,,,,,,,,,,,,,,,,,,,,,,,,,,,,,,,,,,,,,,,,,,,,,,,,,,-1.5625,,,,,,,21.914344,39.3121739,
17:57:38.682,,,,,,,,,,,,,,,,,,,,,,,,,,,,,,,,,,,,,,,,,,,,,,,,,,,,,,,,,,,-3.125,,,,,,21.914344,39.3121739,
17:57:38.728,,,,,,,,,,,,,,,,,,,,,,,,,,,,,,,,,,,,,,,,,,,,,,,,,,,,,,,,,,-1.5625,,,,,,,21.914344,39.3121739,
17:57:38.757,,,,,,,,,,,,,,,,,,,,,,,,,,,,,,,,,,,,,,,,,,,,,,,,,,,,,,,,,,,-2.34375,,,,,,21.914344,39.3121739,
17:57:38.797,,,,,,,,,,,,,,,,,,,,,,,,,,,,,,,,,,,,,,,,,,,,,,,,,,,,,,,,,,-1.5625,,,,,,,21.914344,39.3121739,
17:57:38.857,,,,,,,,,,,,,,,,,,,,,,,,,,,,,,,,,,,,,,,,,,,,,,,,,,,,,,,,,,,-2.34375,,,,,,21.914344,39.3121739,
17:57:38.922,,,,,,,,,,,,,,,,,,,,,,,,,,,,,,,,,,,,,,,,,,,,,,,,,,,,,,,,,,-1.5625,,,,,,,21.914344,39.3121739,
17:57:38.977,,,,,,,,,,,,,,,,,,,,,,,,,,,,,,,,,,,,,,,,,,,,,,,,,,,,,,,,,,,-1.5625,,,,,,21.914344,39.3121739,
17:57:39.041,,,,,,,,,,,,,,,,,,,,,,,,,,,,,,,,,,,,,,,,,,,,,,,,,,,,,,,,,,-1.5625,,,,,,,21.914344,39.3121739,
17:57:39.093,,,,,,,,,,,,,,,,,,,,,,,,,,,,,,,,,,,,,,,,,,,,,,,,,,,,,,,,,,,-1.5625,,,,,,21.914344,39.3121739,
17:57:39.122,,,,,,,,,,,,,,,,,,,,,,,,,,,,,,,,,,,,,,,,,,,,,,,,,,,,,,,,,,-1.5625,,,,,,,21.914344,39.3121739,
17:57:39.150,,,,,,,,,,,,,,,,,,,,,,,,,,,,,,,,,,,,,,,,,,,,,,,,,,,,,,,,,,,-1.5625,,,,,,21.914344,39.3121739,
17:57:39.191,,,,,,,,,,,,,,,,,,,,,,,,,,,,,,,,,,,,,,,,,,,,,,,,,,,,,,,,,,-1.5625,,,,,,,21.914344,39.3121739,
17:57:39.238,,,,,,,,,,,,,,,,,,,,,,,,,,,,,,,,,,,,,,,,,,,,,,,,,,,,,,,,,,,-1.5625,,,,,,21.914344,39.3121739,
17:57:39.278,,,,,,,,,,,,,,,,,,,,,,,,,,,,,,,,,,,,,,,,,,,,,,,,,,,,,,,,,,-1.5625,,,,,,,21.914344,39.3121739,
17:57:39.342,,,,,,,,,,,,,,,,,,,,,,,,,,,,,,,,,,,,,,,,,,,,,,,,,,,,,,,,,,,-2.34375,,,,,,21.914344,39.3121739,
17:57:39.398,,,,,,,,,,,,,,,,,,,,,,,,,,,,,,,,,,,,,,,,,,,,,,,,,,,,,,,,,,-1.5625,,,,,,,21.914344,39.3121739,
17:57:39.462,,,,,,,,,,,,,,,,,,,,,,,,,,,,,,,,,,,,,,,,,,,,,,,,,,,,,,,,,,,-3.125,,,,,,21.914344,39.3121739,
17:57:39.513,,,,,,,,,,,,,,,,,,,,,,,,,,,,,,,,,,,,,,,,,,,,,,,,,,,,,,,,,,-1.5625,,,,,,,21.914344,39.3121739,
17:57:39.541,,,,,,,,,,,,,,,,,,138.50001525878906,,,,,,,,0.24733715486999985,,,,,,,,,,,,,,,,,,,,,,,,,,,,,,,,,,0.2746786415576935,,,,,21.914344,39.3121739,
17:57:39.541,,,,,,,,,,,,,,,,,,137.70001220703125,,,,,,,,0.247337170064107,,,,,,,,,,,,,,,,,,,,,,,,,,,,,,,,,,0.2746786415576935,,,,,21.9143441,39.3121736,
17:57:39.552,,,,,,,,,,,,,,,,,,,,,,,,,,,,,,,,,,,,,,,,,,,,,,,,,,,,,,,,,,,-3.125,,,,,,21.9143441,39.3121736,
17:57:39.601,,,,,,,,,,,,,,,,,,,,,,,,,,,,,,,,,,,,,,,,,,,,,,,,,,,,,,,,,,-0.78125,,,,,,,21.9143441,39.3121736,
17:57:39.640,,,,,,,,,,,,,,,,,,,,,,,,,,,,,,,,,,,,,,,,,,,,,,,,,,,,,,,,,,,-2.34375,,,,,,21.9143441,39.3121736,
17:57:39.730,,,,,,,,,,,,,,,,,,,,,,,,,,,,,,,,,,,,,,,,,,,,,,,,,,,,,,,,,,-0.78125,,,,,,,21.9143441,39.3121736,
17:57:39.794,,,,,,,,,,,,,,,,,,,,,,,,,,,,,,,,,,,,,,,,,,,,,,,,,,,,,,,,,,,-1.5625,,,,,,21.9143441,39.3121736,
17:57:39.845,,,,,,,,,,,,,,,,,,,,,,,,,,,,,,,,,,,,,,,,,,,,,,,,,,,,,,,,,,0,,,,,,,21.9143441,39.3121736,
17:57:39.911,,,,,,,,,,,,,,,,,,,,,,,,,,,,,,,,,,,,,,,,,,,,,,,,,,,,,,,,,,,-1.5625,,,,,,21.9143441,39.3121736,
17:57:39.961,,,,,,,,,,,,,,,,,,,,,,,,,,,,,,,,,,,,,,,,,,,,,,,,,,,,,,,,,,0,,,,,,,21.9143441,39.3121736,
17:57:40.039,,,,,,,,,,,,,,,,,,,,,,,,,,,,,,,,,,,,,,,,,,,,,,,,,,,,,,,,,,,-0.78125,,,,,,21.9143441,39.3121736,
17:57:40.082,,,,,,,,,,,,,,,,,,,,,,,,,,,,,,,,,,,,,,,,,,,,,,,,,,,,,,,,,,0.78125,,,,,,,21.9143441,39.3121736,
17:57:40.110,,,,,,,,,,,,,,,,,,,,,,,,,,,,,,,,,,,,,,,,,,,,,,,,,,,,,,,,,,,-0.78125,,,,,,21.9143441,39.3121736,
17:57:40.150,,,,,,,,,,,,,,,,,,,,,,,,,,,,,,,,,,,,,,,,,,,,,,,,,,,,,,,,,,0.78125,,,,,,,21.9143441,39.3121736,
17:57:40.203,,,,,,,,,,,,,,,,,,,,,,,,,,,,,,,,,,,,,,,,,,,,,,,,,,,,,,,,,,,-0.78125,,,,,,21.9143441,39.3121736,
17:57:40.229,,,,,,,,,,,,,,,,,,,,,,,,,,,,,,,,,,,,,,,,,,,,,,,,,,,,,,,,,,0.78125,,,,,,,21.9143441,39.3121736,
17:57:40.257,,,,,,,,,,,,,,,,,,,,,,,,,,,,,,,,,,,,,,,,,,,,,,,,,,,,,,,,,,,-0.78125,,,,,,21.9143441,39.3121736,
17:57:40.298,,,,,,,,,,,,,,,,,,,,,,,,,,,,,,,,,,,,,,,,,,,,,,,,,,,,,,,,,,0.78125,,,,,,,21.9143441,39.3121736,
17:57:40.354,,,,,,,,,,,,,,,,,,,,,,,,,,,,,,,,,,,,,,,,,,,,,,,,,,,,,,,,,,,-0.78125,,,,,,21.9143441,39.3121736,
17:57:40.416,,,,,,,,,,,,,,,,,,,,,,,,,,,,,,,,,,,,,,,,,,,,,,,,,,,,,,,,,,0.78125,,,,,,,21.9143441,39.3121736,
17:57:40.478,,,,,,,,,,,,,,,,,,,,,,,,,,,,,,,,,,,,,,,,,,,,,,,,,,,,,,,,,,,0,,,,,,21.9143441,39.3121736,
17:57:40.531,,,,,,,,,,,,,,,,,,137.70001220703125,,,,,,,,0.24751369542744045,,,,,,,,,,,,,,,,,,,,,,,,,,,,,,,,,,0.2817664861679077,,,,,21.9143441,39.3121736,
17:57:40.531,,,,,,,,,,,,,,,,,,137.70001220703125,,,,,,,,0.2475137130158106,,,,,,,,,,,,,,,,,,,,,,,,,,,,,,,,,,0.2817664861679077,,,,,21.914344,39.3121735,
17:57:40.553,,,,,,,,,,,,,,,,,,,,,,,,,,,,,,,,,,,,,,,,,,,,,,,,,,,,,,,,,,0,,,,,,,21.914344,39.3121735,
17:57:40.605,,,,,,,,,,,,,,,,,,,,,,,,,,,,,,,,,,,,,,,,,,,,,,,,,,,,,,,,,,,-0.78125,,,,,,21.914344,39.3121735,
17:57:40.658,,,,,,,,,,,,,,,,,,,,,,,,,,,,,,,,,,,,,,,,,,,,,,,,,,,,,,,,,,0,,,,,,,21.914344,39.3121735,
17:57:40.710,,,,,,,,,,,,,,,,,,,,,,,,,,,,,,,,,,,,,,,,,,,,,,,,,,,,,,,,,,,0,,,,,,21.914344,39.3121735,
17:57:40.778,,,,,,,,,,,,,,,,,,,,,,,,,,,,,,,,,,,,,,,,,,,,,,,,,,,,,,,,,,0.78125,,,,,,,21.914344,39.3121735,
17:57:40.841,,,,,,,,,,,,,,,,,,,,,,,,,,,,,,,,,,,,,,,,,,,,,,,,,,,,,,,,,,,0.78125,,,,,,21.914344,39.3121735,
17:57:40.896,,,,,,,,,,,,,,,,,,,,,,,,,,,,,,,,,,,,,,,,,,,,,,,,,,,,,,,,,,2.34375,,,,,,,21.914344,39.3121735,
17:57:40.954,,,,,,,,,,,,,,,,,,,,,,,,,,,,,,,,,,,,,,,,,,,,,,,,,,,,,,,,,,,2.34375,,,,,,21.914344,39.3121735,
17:57:41.019,,,,,,,,,,,,,,,,,,,,,,,,,,,,,,,,,,,,,,,,,,,,,,,,,,,,,,,,,,3.125,,,,,,,21.914344,39.3121735,
17:57:41.081,,,,,,,,,,,,,,,,,,,,,,,,,,,,,,,,,,,,,,,,,,,,,,,,,,,,,,,,,,,3.90625,,,,,,21.914344,39.3121735,
17:57:41.145,,,,,,,,,,,,,,,,,,,,,,,,,,,,,,,,,,,,,,,,,,,,,,,,,,,,,,,,,,3.90625,,,,,,,21.914344,39.3121735,
17:57:41.190,,,,,,,,,,,,,,,,,,,,,,,,,,,,,,,,,,,,,,,,,,,,,,,,,,,,,,,,,,,4.6875,,,,,,21.914344,39.3121735,
17:57:41.259,,,,,,,,,,,,,,,,,,,,,,,,,,,,,,,,,,,,,,,,,,,,,,,,,,,,,,,,,,3.90625,,,,,,,21.914344,39.3121735,
17:57:41.323,,,,,,,,,,,,,,,,,,,,,,,,,,,,,,,,,,,,,,,,,,,,,,,,,,,,,,,,,,,4.6875,,,,,,21.914344,39.3121735,
17:57:41.369,,,,,,,,,,,,,,,,,,,,,,,,,,,,,,,,,,,,,,,,,,,,,,,,,,,,,,,,,,2.34375,,,,,,,21.914344,39.3121735,
17:57:41.410,,,,,,,,,,,,,,,,,,,,,,,,,,,,,,,,,,,,,,,,,,,,,,,,,,,,,,,,,,,4.6875,,,,,,21.914344,39.3121735,
17:57:41.462,,,,,,,,,,,,,,,,,,,,,,,,,,,,,,,,,,,,,,,,,,,,,,,,,,,,,,,,,,1.5625,,,,,,,21.914344,39.3121735,
17:57:41.490,,,,,,,,,,,,,,,,,,,,,,,,,,,,,,,,,,,,,,,,,,,,,,,,,,,,,,,,,,,3.125,,,,,,21.914344,39.3121735,
17:57:41.528,,,,,,,,,,,,,,,,,,,,,,,,,,,,,,,,,,,,,,,,,,,,,,,,,,,,,,,,,,0.78125,,,,,,,21.914344,39.3121735,
17:57:41.537,,,,,,,,,,,,,,,,,,137.70001220703125,,,,,,,,0.24765654477799606,,,,,,,,,,,,,,,,,,,,,,,,,,,,,,,,,,0.2750522464513779,,,,,21.914344,39.3121735,
17:57:41.537,,,,,,,,,,,,,,,,,,137.70001220703125,,,,,,,,0.2476565540699228,,,,,,,,,,,,,,,,,,,,,,,,,,,,,,,,,,0.2750522464513779,,,,,21.914344,39.3121735,
17:57:41.582,,,,,,,,,,,,,,,,,,,,,,,,,,,,,,,,,,,,,,,,,,,,,,,,,,,,,,,,,,,1.5625,,,,,,21.914344,39.3121735,
17:57:41.622,,,,,,,,,,,,,,,,,,,,,,,,,,,,,,,,,,,,,,,,,,,,,,,,,,,,,,,,,,0,,,,,,,21.914344,39.3121735,
17:57:41.674,,,,,,,,,,,,,,,,,,,,,,,,,,,,,,,,,,,,,,,,,,,,,,,,,,,,,,,,,,,0.78125,,,,,,21.914344,39.3121735,
17:57:41.715,,,,,,,,,,,,,,,,,,,,,,,,,,,,,,,,,,,,,,,,,,,,,,,,,,,,,,,,,,0,,,,,,,21.914344,39.3121735,
17:57:41.767,,,,,,,,,,,,,,,,,,,,,,,,,,,,,,,,,,,,,,,,,,,,,,,,,,,,,,,,,,,0,,,,,,21.914344,39.3121735,
17:57:41.833,,,,,,,,,,,,,,,,,,,,,,,,,,,,,,,,,,,,,,,,,,,,,,,,,,,,,,,,,,-0.78125,,,,,,,21.914344,39.3121735,
17:57:41.887,,,,,,,,,,,,,,,,,,,,,,,,,,,,,,,,,,,,,,,,,,,,,,,,,,,,,,,,,,,-0.78125,,,,,,21.914344,39.3121735,
17:57:41.938,,,,,,,,,,,,,,,,,,,,,,,,,,,,,,,,,,,,,,,,,,,,,,,,,,,,,,,,,,-0.78125,,,,,,,21.914344,39.3121735,
17:57:42.001,,,,,,,,,,,,,,,,,,,,,,,,,,,,,,,,,,,,,,,,,,,,,,,,,,,,,,,,,,,-1.5625,,,,,,21.914344,39.3121735,
17:57:42.043,,,,,,,,,,,,,,,,,,,,,,,,,,,,,,,,,,,,,,,,,,,,,,,,,,,,,,,,,,-0.78125,,,,,,,21.914344,39.3121735,
17:57:42.096,,,,,,,,,,,,,,,,,,,,,,,,,,,,,,,,,,,,,,,,,,,,,,,,,,,,,,,,,,,-1.5625,,,,,,21.914344,39.3121735,
17:57:42.169,,,,,,,,,,,,,,,,,,,,,,,,,,,,,,,,,,,,,,,,,,,,,,,,,,,,,,,,,,0,,,,,,,21.914344,39.3121735,
17:57:42.210,,,,,,,,,,,,,,,,,,,,,,,,,,,,,,,,,,,,,,,,,,,,,,,,,,,,,,,,,,,-0.78125,,,,,,21.914344,39.3121735,
17:57:42.241,,,,,,,,,,,,,,,,,,,,,,,,,,,,,,,,,,,,,,,,,,,,,,,,,,,,,,,,,,0,,,,,,,21.914344,39.3121735,
17:57:42.294,,,,,,,,,,,,,,,,,,,,,,,,,,,,,,,,,,,,,,,,,,,,,,,,,,,,,,,,,,,-0.78125,,,,,,21.914344,39.3121735,
17:57:42.335,,,,,,,,,,,,,,,,,,,,,,,,,,,,,,,,,,,,,,,,,,,,,,,,,,,,,,,,,,-0.78125,,,,,,,21.914344,39.3121735,
17:57:42.397,,,,,,,,,,,,,,,,,,,,,,,,,,,,,,,,,,,,,,,,,,,,,,,,,,,,,,,,,,,-0.78125,,,,,,21.914344,39.3121735,
17:57:42.462,,,,,,,,,,,,,,,,,,,,,,,,,,,,,,,,,,,,,,,,,,,,,,,,,,,,,,,,,,-0.78125,,,,,,,21.914344,39.3121735,
17:57:42.528,,,,,,,,,,,,,,,,,,,,,,,,,,,,,,,,,,,,,,,,,,,,,,,,,,,,,,,,,,,-0.78125,,,,,,21.914344,39.3121735,
17:57:42.539,,,,,,,,,,,,,,,,,,137.70001220703125,,,,,,,,0.24779501807511506,,,,,,,,,,,,,,,,,,,,,,,,,,,,,,,,,,0.27460745573043827,,,,,21.914344,39.3121735,
17:57:42.539,,,,,,,,,,,,,,,,,,137.70001220703125,,,,,,,,0.24779503017494398,,,,,,,,,,,,,,,,,,,,,,,,,,,,,,,,,,0.27460745573043827,,,,,21.914344,39.3121734,
17:57:42.570,,,,,,,,,,,,,,,,,,,,,,,,,,,,,,,,,,,,,,,,,,,,,,,,,,,,,,,,,,0,,,,,,,21.914344,39.3121734,
17:57:42.650,,,,,,,,,,,,,,,,,,,,,,,,,,,,,,,,,,,,,,,,,,,,,,,,,,,,,,,,,,,0,,,,,,21.914344,39.3121734,
17:57:42.690,,,,,,,,,,,,,,,,,,,,,,,,,,,,,,,,,,,,,,,,,,,,,,,,,,,,,,,,,,0.78125,,,,,,,21.914344,39.3121734,
17:57:42.729,,,,,,,,,,,,,,,,,,,,,,,,,,,,,,,,,,,,,,,,,,,,,,,,,,,,,,,,,,,0.78125,,,,,,21.914344,39.3121734,
17:57:42.792,,,,,,,,,,,,,,,,,,,,,,,,,,,,,,,,,,,,,,,,,,,,,,,,,,,,,,,,,,0.78125,,,,,,,21.914344,39.3121734,
17:57:42.843,,,,,,,,,,,,,,,,,,,,,,,,,,,,,,,,,,,,,,,,,,,,,,,,,,,,,,,,,,,1.5625,,,,,,21.914344,39.3121734,
17:57:42.871,,,,,,,,,,,,,,,,,,,,,,,,,,,,,,,,,,,,,,,,,,,,,,,,,,,,,,,,,,1.5625,,,,,,,21.914344,39.3121734,
17:57:42.910,,,,,,,,,,,,,,,,,,,,,,,,,,,,,,,,,,,,,,,,,,,,,,,,,,,,,,,,,,,1.5625,,,,,,21.914344,39.3121734,
17:57:42.962,,,,,,,,,,,,,,,,,,,,,,,,,,,,,,,,,,,,,,,,,,,,,,,,,,,,,,,,,,1.5625,,,,,,,21.914344,39.3121734,
17:57:43.001,,,,,,,,,,,,,,,,,,,,,,,,,,,,,,,,,,,,,,,,,,,,,,,,,,,,,,,,,,,1.5625,,,,,,21.914344,39.3121734,
17:57:43.054,,,,,,,,,,,,,,,,,,,,,,,,,,,,,,,,,,,,,,,,,,,,,,,,,,,,,,,,,,2.34375,,,,,,,21.914344,39.3121734,
17:57:43.081,,,,,,,,,,,,,,,,,,,,,,,,,,,,,,,,,,,,,,,,,,,,,,,,,,,,,,,,,,,1.5625,,,,,,21.914344,39.3121734,
17:57:43.116,,,,,,,,,,,,,,,,,,,,,,,,,,,,,,,,,,,,,,,,,,,,,,,,,,,,,,,,,,3.125,,,,,,,21.914344,39.3121734,
17:57:43.182,,,,,,,,,,,,,,,,,,,,,,,,,,,,,,,,,,,,,,,,,,,,,,,,,,,,,,,,,,,2.34375,,,,,,21.914344,39.3121734,
17:57:43.249,,,,,,,,,,,,,,,,,,,,,,,,,,,,,,,,,,,,,,,,,,,,,,,,,,,,,,,,,,3.125,,,,,,,21.914344,39.3121734,
17:57:43.301,,,,,,,,,,,,,,,,,,,,,,,,,,,,,,,,,,,,,,,,,,,,,,,,,,,,,,,,,,,3.125,,,,,,21.914344,39.3121734,
17:57:43.354,,,,,,,,,,,,,,,,,,,,,,,,,,,,,,,,,,,,,,,,,,,,,,,,,,,,,,,,,,3.125,,,,,,,21.914344,39.3121734,
17:57:43.417,,,,,,,,,,,,,,,,,,,,,,,,,,,,,,,,,,,,,,,,,,,,,,,,,,,,,,,,,,,3.125,,,,,,21.914344,39.3121734,
17:57:43.529,,,,,,,,,,,,,,,,,,137.70001220703125,,,,,,,,0.2479605965675383,,,,,,,,,,,,,,,,,,,,,,,,,,,,,,,,,,0.2805864214897156,,,,,21.914344,39.3121734,
17:57:43.529,,,,,,,,,,,,,,,,,,137.70001220703125,,,,,,,,0.24796062506635305,,,,,,,,,,,,,,,,,,,,,,,,,,,,,,,,,,0.2805864214897156,,,,,21.9143441,39.3121733,
17:57:43.541,,,,,,,,,,,,,,,,,,,,,,,,,,,,,,,,,,,,,,,,,,,,,,,,,,,,,,,,,,2.34375,,,,,,,21.9143441,39.3121733,
17:57:43.712,,,,,,,,,,,,,,,,,,,,,,,,,,,,,,,,,,,,,,,,,,,,,,,,,,,,,,,,,,,2.34375,,,,,,21.9143441,39.3121733,
17:57:43.791,,,,,,,,,,,,,,,,,,,,,,,,,,,,,,,,,,,,,,,,,,,,,,,,,,,,,,,,,,2.34375,,,,,,,21.9143441,39.3121733,
17:57:43.906,,,,,,,,,,,,,,,,,,,,,,,,,,,,,,,,,,,,,,,,,,,,,,,,,,,,,,,,,,,2.34375,,,,,,21.9143441,39.3121733,
17:57:44.030,,,,,,,,,,,,,,,,,,,,,,,,,,,,,,,,,,,,,,,,,,,,,,,,,,,,,,,,,,2.34375,,,,,,,21.9143441,39.3121733,
17:57:44.074,,,,,,,,,,,,,,,,,,,,,,,,,,,,,,,,,,,,,,,,,,,,,,,,,,,,,,,,,,,3.125,,,,,,21.9143441,39.3121733,
17:57:44.137,,,,,,,,,,,,,,,,,,,,,,,,,,,,,,,,,,,,,,,,,,,,,,,,,,,,,,,,,,3.125,,,,,,,21.9143441,39.3121733,
17:57:44.201,,,,,,,,,,,,,,,,,,,,,,,,,,,,,,,,,,,,,,,,,,,,,,,,,,,,,,,,,,,3.90625,,,,,,21.9143441,39.3121733,
17:57:44.266,,,,,,,,,,,,,,,,,,,,,,,,,,,,,,,,,,,,,,,,,,,,,,,,,,,,,,,,,,3.90625,,,,,,,21.9143441,39.3121733,
17:57:44.318,,,,,,,,,,,,,,,,,,,,,,,,,,,,,,,,,,,,,,,,,,,,,,,,,,,,,,,,,,,3.90625,,,,,,21.9143441,39.3121733,
17:57:44.394,,,,,,,,,,,,,,,,,,,,,,,,,,,,,,,,,,,,,,,,,,,,,,,,,,,,,,,,,,3.125,,,,,,,21.9143441,39.3121733,
17:57:44.432,,,,,,,,,,,,,,,,,,,,,,,,,,,,,,,,,,,,,,,,,,,,,,,,,,,,,,,,,,,3.125,,,,,,21.9143441,39.3121733,
17:57:44.458,,,,,,,,,,,,,,,,,,,,,,,,,,,,,,,,,,,,,,,,,,,,,,,,,,,,,,,,,,2.34375,,,,,,,21.9143441,39.3121733,
17:57:44.517,,,,,,,,,,,,,,,,,,,,,,,,,,,,,,,,,,,,,,,,,,,,,,,,,,,,,,,,,,,2.34375,,,,,,21.9143441,39.3121733,
17:57:44.531,,,,,,,,,,,,,,,,,,137.70001220703125,,,,,,,,0.24808011947609726,,,,,,,,,,,,,,,,,,,,,,,,,,,,,,,,,,0.27144794762134555,,,,,21.9143441,39.3121733,
17:57:44.531,,,,,,,,,,,,,,,,,,137.70001220703125,,,,,,,,0.2480801381471629,,,,,,,,,,,,,,,,,,,,,,,,,,,,,,,,,,0.27144794762134555,,,,,21.9143441,39.3121733,
17:57:44.554,,,,,,,,,,,,,,,,,,,,,,,,,,,,,,,,,,,,,,,,,,,,,,,,,,,,,,,,,,2.34375,,,,,,,21.9143441,39.3121733,
17:57:44.641,,,,,,,,,,,,,,,,,,,,,,,,,,,,,,,,,,,,,,,,,,,,,,,,,,,,,,,,,,,1.5625,,,,,,21.9143441,39.3121733,
17:57:44.706,,,,,,,,,,,,,,,,,,,,,,,,,,,,,,,,,,,,,,,,,,,,,,,,,,,,,,,,,,2.34375,,,,,,,21.9143441,39.3121733,
17:57:44.771,,,,,,,,,,,,,,,,,,,,,,,,,,,,,,,,,,,,,,,,,,,,,,,,,,,,,,,,,,,2.34375,,,,,,21.9143441,39.3121733,
17:57:44.822,,,,,,,,,,,,,,,,,,,,,,,,,,,,,,,,,,,,,,,,,,,,,,,,,,,,,,,,,,2.34375,,,,,,,21.9143441,39.3121733,
17:57:44.894,,,,,,,,,,,,,,,,,,,,,,,,,,,,,,,,,,,,,,,,,,,,,,,,,,,,,,,,,,,2.34375,,,,,,21.9143441,39.3121733,
17:57:44.951,,,,,,,,,,,,,,,,,,,,,,,,,,,,,,,,,,,,,,,,,,,,,,,,,,,,,,,,,,1.5625,,,,,,,21.9143441,39.3121733,
17:57:45.001,,,,,,,,,,,,,,,,,,,,,,,,,,,,,,,,,,,,,,,,,,,,,,,,,,,,,,,,,,,1.5625,,,,,,21.9143441,39.3121733,
17:57:45.030,,,,,,,,,,,,,,,,,,,,,,,,,,,,,,,,,,,,,,,,,,,,,,,,,,,,,,,,,,1.5625,,,,,,,21.9143441,39.3121733,
17:57:45.069,,,,,,,,,,,,,,,,,,,,,,,,,,,,,,,,,,,,,,,,,,,,,,,,,,,,,,,,,,,1.5625,,,,,,21.9143441,39.3121733,
17:57:45.134,,,,,,,,,,,,,,,,,,,,,,,,,,,,,,,,,,,,,,,,,,,,,,,,,,,,,,,,,,1.5625,,,,,,,21.9143441,39.3121733,
17:57:45.184,,,,,,,,,,,,,,,,,,,,,,,,,,,,,,,,,,,,,,,,,,,,,,,,,,,,,,,,,,,1.5625,,,,,,21.9143441,39.3121733,
17:57:45.245,,,,,,,,,,,,,,,,,,,,,,,,,,,,,,,,,,,,,,,,,,,,,,,,,,,,,,,,,,1.5625,,,,,,,21.9143441,39.3121733,
17:57:45.311,,,,,,,,,,,,,,,,,,,,,,,,,,,,,,,,,,,,,,,,,,,,,,,,,,,,,,,,,,,0.78125,,,,,,21.9143441,39.3121733,
17:57:45.365,,,,,,,,,,,,,,,,,,,,,,,,,,,,,,,,,,,,,,,,,,,,,,,,,,,,,,,,,,0.78125,,,,,,,21.9143441,39.3121733,
17:57:45.395,,,,,,,,,,,,,,,,,,,,,,,,,,,,,,,,,,,,,,,,,,,,,,,,,,,,,,,,,,,0.78125,,,,,,21.9143441,39.3121733,
17:57:45.462,,,,,,,,,,,,,,,,,,,,,,,,,,,,,,,,,,,,,,,,,,,,,,,,,,,,,,,,,,0.78125,,,,,,,21.9143441,39.3121733,
17:57:45.512,,,,,,,,,,,,,,,,,,,,,,,,,,,,,,,,,,,,,,,,,,,,,,,,,,,,,,,,,,,0.78125,,,,,,21.9143441,39.3121733,
17:57:45.539,,,,,,,,,,,,,,,,,,137.70001220703125,,,,,,,,0.24819244879631105,,,,,,,,,,,,,,,,,,,,,,,,,,,,,,,,,,0.27014254331588744,,,,,21.9143441,39.3121733,
17:57:45.539,,,,,,,,,,,,,,,,,,137.70001220703125,,,,,,,,0.24819245836332854,,,,,,,,,,,,,,,,,,,,,,,,,,,,,,,,,,0.27014254331588744,,,,,21.9143442,39.3121733,
17:57:45.541,,,,,,,,,,,,,,,,,,,,,,,,,,,,,,,,,,,,,,,,,,,,,,,,,,,,,,,,,,0.78125,,,,,,,21.9143442,39.3121733,
17:57:45.570,,,,,,,,,,,,,,,,,,,,,,,,,,,,,,,,,,,,,,,,,,,,,,,,,,,,,,,,,,,0,,,,,,21.9143442,39.3121733,
17:57:45.601,,,,,,,,,,,,,,,,,,,,,,,,,,,,,,,,,,,,,,,,,,,,,,,,,,,,,,,,,,0.78125,,,,,,,21.9143442,39.3121733,
17:57:45.659,,,,,,,,,,,,,,,,,,,,,,,,,,,,,,,,,,,,,,,,,,,,,,,,,,,,,,,,,,,0,,,,,,21.9143442,39.3121733,
17:57:45.698,,,,,,,,,,,,,,,,,,,,,,,,,,,,,,,,,,,,,,,,,,,,,,,,,,,,,,,,,,1.5625,,,,,,,21.9143442,39.3121733,
17:57:45.750,,,,,,,,,,,,,,,,,,,,,,,,,,,,,,,,,,,,,,,,,,,,,,,,,,,,,,,,,,,0,,,,,,21.9143442,39.3121733,
17:57:45.791,,,,,,,,,,,,,,,,,,,,,,,,,,,,,,,,,,,,,,,,,,,,,,,,,,,,,,,,,,0.78125,,,,,,,21.9143442,39.3121733,
17:57:45.846,,,,,,,,,,,,,,,,,,,,,,,,,,,,,,,,,,,,,,,,,,,,,,,,,,,,,,,,,,,0,,,,,,21.9143442,39.3121733,
17:57:45.910,,,,,,,,,,,,,,,,,,,,,,,,,,,,,,,,,,,,,,,,,,,,,,,,,,,,,,,,,,0.78125,,,,,,,21.9143442,39.3121733,
17:57:45.961,,,,,,,,,,,,,,,,,,,,,,,,,,,,,,,,,,,,,,,,,,,,,,,,,,,,,,,,,,,0,,,,,,21.9143442,39.3121733,
17:57:45.997,,,,,,,,,,,,,,,,,,,,,,,,,,,,,,,,,,,,,,,,,,,,,,,,,,,,,,,,,,0.78125,,,,,,,21.9143442,39.3121733,
17:57:46.061,,,,,,,,,,,,,,,,,,,,,,,,,,,,,,,,,,,,,,,,,,,,,,,,,,,,,,,,,,,0,,,,,,21.9143442,39.3121733,
17:57:46.134,,,,,,,,,,,,,,,,,,,,,,,,,,,,,,,,,,,,,,,,,,,,,,,,,,,,,,,,,,0.78125,,,,,,,21.9143442,39.3121733,
17:57:46.174,,,,,,,,,,,,,,,,,,,,,,,,,,,,,,,,,,,,,,,,,,,,,,,,,,,,,,,,,,,0.78125,,,,,,21.9143442,39.3121733,
17:57:46.238,,,,,,,,,,,,,,,,,,,,,,,,,,,,,,,,,,,,,,,,,,,,,,,,,,,,,,,,,,1.5625,,,,,,,21.9143442,39.3121733,
17:57:46.302,,,,,,,,,,,,,,,,,,,,,,,,,,,,,,,,,,,,,,,,,,,,,,,,,,,,,,,,,,,0.78125,,,,,,21.9143442,39.3121733,
17:57:46.365,,,,,,,,,,,,,,,,,,,,,,,,,,,,,,,,,,,,,,,,,,,,,,,,,,,,,,,,,,1.5625,,,,,,,21.9143442,39.3121733,
17:57:46.416,,,,,,,,,,,,,,,,,,,,,,,,,,,,,,,,,,,,,,,,,,,,,,,,,,,,,,,,,,,0.78125,,,,,,21.9143442,39.3121733,
17:57:46.461,,,,,,,,,,,,,,,,,,137.70001220703125,,,,,,,,0.24830466889443356,,,,,,,,,,,,,,,,,,,,,,,,,,,,,,,,,,0.27240729331970215,,,,,21.9143442,39.3121733,
17:57:46.461,,,,,,,,,,,,,,,,,,137.70001220703125,,,,,,,,0.24830467770311254,,,,,,,,,,,,,,,,,,,,,,,,,,,,,,,,,,0.27240729331970215,,,,,21.9143442,39.3121732,
17:57:46.477,,,,,,,,,,,,,,,,,,,,,,,,,,,,,,,,,,,,,,,,,,,,,,,,,,,,,,,,,,2.34375,,,,,,,21.9143442,39.3121732,
17:57:46.575,,,,,,,,,,,,,,,,,,,,,,,,,,,,,,,,,,,,,,,,,,,,,,,,,,,,,,,,,,,0.78125,,,,,,21.9143442,39.3121732,
17:57:46.654,,,,,,,,,,,,,,,,,,,,,,,,,,,,,,,,,,,,,,,,,,,,,,,,,,,,,,,,,,1.5625,,,,,,,21.9143442,39.3121732,
17:57:46.741,,,,,,,,,,,,,,,,,,,,,,,,,,,,,,,,,,,,,,,,,,,,,,,,,,,,,,,,,,,0,,,,,,21.9143442,39.3121732,
17:57:46.835,,,,,,,,,,,,,,,,,,,,,,,,,,,,,,,,,,,,,,,,,,,,,,,,,,,,,,,,,,0,,,,,,,21.9143442,39.3121732,
17:57:46.925,,,,,,,,,,,,,,,,,,,,,,,,,,,,,,,,,,,,,,,,,,,,,,,,,,,,,,,,,,,-1.5625,,,,,,21.9143442,39.3121732,
17:57:47.006,,,,,,,,,,,,,,,,,,,,,,,,,,,,,,,,,,,,,,,,,,,,,,,,,,,,,,,,,,-2.34375,,,,,,,21.9143442,39.3121732,
17:57:47.046,,,,,,,,,,,,,,,,,,,,,,,,,,,,,,,,,,,,,,,,,,,,,,,,,,,,,,,,,,,-3.125,,,,,,21.9143442,39.3121732,
17:57:47.074,,,,,,,,,,,,,,,,,,,,,,,,,,,,,,,,,,,,,,,,,,,,,,,,,,,,,,,,,,-3.125,,,,,,,21.9143442,39.3121732,
17:57:47.134,,,,,,,,,,,,,,,,,,,,,,,,,,,,,,,,,,,,,,,,,,,,,,,,,,,,,,,,,,,-3.90625,,,,,,21.9143442,39.3121732,
17:57:47.203,,,,,,,,,,,,,,,,,,,,,,,,,,,,,,,,,,,,,,,,,,,,,,,,,,,,,,,,,,-3.90625,,,,,,,21.9143442,39.3121732,
17:57:47.273,,,,,,,,,,,,,,,,,,,,,,,,,,,,,,,,,,,,,,,,,,,,,,,,,,,,,,,,,,,-3.90625,,,,,,21.9143442,39.3121732,
17:57:47.341,,,,,,,,,,,,,,,,,,,,,,,,,,,,,,,,,,,,,,,,,,,,,,,,,,,,,,,,,,-3.90625,,,,,,,21.9143442,39.3121732,
17:57:47.379,,,,,,,,,,,,,,,,,,,,,,,,,,,,,,,,,,,,,,,,,,,,,,,,,,,,,,,,,,,-4.6875,,,,,,21.9143442,39.3121732,
17:57:47.431,,,,,,,,,,,,,,,,,,,,,,,,,,,,,,,,,,,,,,,,,,,,,,,,,,,,,,,,,,-3.90625,,,,,,,21.9143442,39.3121732,
17:57:47.502,,,,,,,,,,,,,,,,,,,,,,,,,,,,,,,,,,,,,,,,,,,,,,,,,,,,,,,,,,,-4.6875,,,,,,21.9143442,39.3121732,
17:57:47.537,,,,,,,,,,,,,,,,,,137.70001220703125,,,,,,,,0.2484692076650969,,,,,,,,,,,,,,,,,,,,,,,,,,,,,,,,,,0.2789024502038956,,,,,21.9143442,39.3121732,
17:57:47.537,,,,,,,,,,,,,,,,,,137.70001220703125,,,,,,,,0.24846922093399862,,,,,,,,,,,,,,,,,,,,,,,,,,,,,,,,,,0.2789024502038956,,,,,21.9143431,39.3121735,
17:57:47.553,,,,,,,,,,,,,,,,,,,,,,,,,,,,,,,,,,,,,,,,,,,,,,,,,,,,,,,,,,-3.90625,,,,,,,21.9143431,39.3121735,
17:57:47.582,,,,,,,,,,,,,,,,,,,,,,,,,,,,,,,,,,,,,,,,,,,,,,,,,,,,,,,,,,,-4.6875,,,,,,21.9143431,39.3121735,
17:57:47.642,,,,,,,,,,,,,,,,,,,,,,,,,,,,,,,,,,,,,,,,,,,,,,,,,,,,,,,,,,-4.6875,,,,,,,21.9143431,39.3121735,
17:57:47.670,,,,,,,,,,,,,,,,,,,,,,,,,,,,,,,,,,,,,,,,,,,,,,,,,,,,,,,,,,,-4.6875,,,,,,21.9143431,39.3121735,
17:57:47.698,,,,,,,,,,,,,,,,,,,,,,,,,,,,,,,,,,,,,,,,,,,,,,,,,,,,,,,,,,-4.6875,,,,,,,21.9143431,39.3121735,
17:57:47.738,,,,,,,,,,,,,,,,,,,,,,,,,,,,,,,,,,,,,,,,,,,,,,,,,,,,,,,,,,,-5.46875,,,,,,21.9143431,39.3121735,
17:57:47.814,,,,,,,,,,,,,,,,,,,,,,,,,,,,,,,,,,,,,,,,,,,,,,,,,,,,,,,,,,-4.6875,,,,,,,21.9143431,39.3121735,
17:57:47.853,,,,,,,,,,,,,,,,,,,,,,,,,,,,,,,,,,,,,,,,,,,,,,,,,,,,,,,,,,,-5.46875,,,,,,21.9143431,39.3121735,
17:57:47.918,,,,,,,,,,,,,,,,,,,,,,,,,,,,,,,,,,,,,,,,,,,,,,,,,,,,,,,,,,-4.6875,,,,,,,21.9143431,39.3121735,
17:57:47.974,,,,,,,,,,,,,,,,,,,,,,,,,,,,,,,,,,,,,,,,,,,,,,,,,,,,,,,,,,,-6.25,,,,,,21.9143431,39.3121735,
17:57:48.001,,,,,,,,,,,,,,,,,,,,,,,,,,,,,,,,,,,,,,,,,,,,,,,,,,,,,,,,,,-4.6875,,,,,,,21.9143431,39.3121735,
17:57:48.038,,,,,,,,,,,,,,,,,,,,,,,,,,,,,,,,,,,,,,,,,,,,,,,,,,,,,,,,,,,-6.25,,,,,,21.9143431,39.3121735,
17:57:48.102,,,,,,,,,,,,,,,,,,,,,,,,,,,,,,,,,,,,,,,,,,,,,,,,,,,,,,,,,,-4.6875,,,,,,,21.9143431,39.3121735,
17:57:48.153,,,,,,,,,,,,,,,,,,,,,,,,,,,,,,,,,,,,,,,,,,,,,,,,,,,,,,,,,,,-6.25,,,,,,21.9143431,39.3121735,
17:57:48.181,,,,,,,,,,,,,,,,,,,,,,,,,,,,,,,,,,,,,,,,,,,,,,,,,,,,,,,,,,-3.90625,,,,,,,21.9143431,39.3121735,
17:57:48.221,,,,,,,,,,,,,,,,,,,,,,,,,,,,,,,,,,,,,,,,,,,,,,,,,,,,,,,,,,,-5.46875,,,,,,21.9143431,39.3121735,
17:57:48.286,,,,,,,,,,,,,,,,,,,,,,,,,,,,,,,,,,,,,,,,,,,,,,,,,,,,,,,,,,-3.125,,,,,,,21.9143431,39.3121735,
17:57:48.336,,,,,,,,,,,,,,,,,,,,,,,,,,,,,,,,,,,,,,,,,,,,,,,,,,,,,,,,,,,-5.46875,,,,,,21.9143431,39.3121735,
17:57:48.398,,,,,,,,,,,,,,,,,,,,,,,,,,,,,,,,,,,,,,,,,,,,,,,,,,,,,,,,,,-2.34375,,,,,,,21.9143431,39.3121735,
17:57:48.474,,,,,,,,,,,,,,,,,,,,,,,,,,,,,,,,,,,,,,,,,,,,,,,,,,,,,,,,,,,-4.6875,,,,,,21.9143431,39.3121735,
17:57:48.515,,,,,,,,,,,,,,,,,,,,,,,,,,,,,,,,,,,,,,,,,,,,,,,,,,,,,,,,,,-1.5625,,,,,,,21.9143431,39.3121735,
17:57:48.539,,,,,,,,,,,,,,,,,,137.70001220703125,,,,,,,,0.24858707464049118,,,,,,,,,,,,,,,,,,,,,,,,,,,,,,,,,,0.2720999389886856,,,,,21.9143431,39.3121735,
17:57:48.539,,,,,,,,,,,,,,,,,,137.70001220703125,,,,,,,,0.24858708606924232,,,,,,,,,,,,,,,,,,,,,,,,,,,,,,,,,,0.2720999389886856,,,,,21.9143431,39.3121735,
17:57:48.578,,,,,,,,,,,,,,,,,,,,,,,,,,,,,,,,,,,,,,,,,,,,,,,,,,,,,,,,,,,-3.90625,,,,,,21.9143431,39.3121735,
17:57:48.647,,,,,,,,,,,,,,,,,,,,,,,,,,,,,,,,,,,,,,,,,,,,,,,,,,,,,,,,,,-1.5625,,,,,,,21.9143431,39.3121735,
17:57:48.697,,,,,,,,,,,,,,,,,,,,,,,,,,,,,,,,,,,,,,,,,,,,,,,,,,,,,,,,,,,-3.125,,,,,,21.9143431,39.3121735,
17:57:48.762,,,,,,,,,,,,,,,,,,,,,,,,,,,,,,,,,,,,,,,,,,,,,,,,,,,,,,,,,,-2.34375,,,,,,,21.9143431,39.3121735,
17:57:48.826,,,,,,,,,,,,,,,,,,,,,,,,,,,,,,,,,,,,,,,,,,,,,,,,,,,,,,,,,,,-3.125,,,,,,21.9143431,39.3121735,
17:57:48.870,,,,,,,,,,,,,,,,,,,,,,,,,,,,,,,,,,,,,,,,,,,,,,,,,,,,,,,,,,-2.34375,,,,,,,21.9143431,39.3121735,
17:57:48.910,,,,,,,,,,,,,,,,,,,,,,,,,,,,,,,,,,,,,,,,,,,,,,,,,,,,,,,,,,,-3.125,,,,,,21.9143431,39.3121735,
17:57:48.961,,,,,,,,,,,,,,,,,,,,,,,,,,,,,,,,,,,,,,,,,,,,,,,,,,,,,,,,,,-1.5625,,,,,,,21.9143431,39.3121735,
17:57:49.001,,,,,,,,,,,,,,,,,,,,,,,,,,,,,,,,,,,,,,,,,,,,,,,,,,,,,,,,,,,-3.125,,,,,,21.9143431,39.3121735,
17:57:49.050,,,,,,,,,,,,,,,,,,,,,,,,,,,,,,,,,,,,,,,,,,,,,,,,,,,,,,,,,,-2.34375,,,,,,,21.9143431,39.3121735,
17:57:49.082,,,,,,,,,,,,,,,,,,,,,,,,,,,,,,,,,,,,,,,,,,,,,,,,,,,,,,,,,,,-3.90625,,,,,,21.9143431,39.3121735,
17:57:49.122,,,,,,,,,,,,,,,,,,,,,,,,,,,,,,,,,,,,,,,,,,,,,,,,,,,,,,,,,,-3.125,,,,,,,21.9143431,39.3121735,
17:57:49.186,,,,,,,,,,,,,,,,,,,,,,,,,,,,,,,,,,,,,,,,,,,,,,,,,,,,,,,,,,,-3.90625,,,,,,21.9143431,39.3121735,
17:57:49.237,,,,,,,,,,,,,,,,,,,,,,,,,,,,,,,,,,,,,,,,,,,,,,,,,,,,,,,,,,-3.125,,,,,,,21.9143431,39.3121735,
17:57:49.289,,,,,,,,,,,,,,,,,,,,,,,,,,,,,,,,,,,,,,,,,,,,,,,,,,,,,,,,,,,-3.90625,,,,,,21.9143431,39.3121735,
17:57:49.329,,,,,,,,,,,,,,,,,,,,,,,,,,,,,,,,,,,,,,,,,,,,,,,,,,,,,,,,,,-3.125,,,,,,,21.9143431,39.3121735,
17:57:49.381,,,,,,,,,,,,,,,,,,,,,,,,,,,,,,,,,,,,,,,,,,,,,,,,,,,,,,,,,,,-3.90625,,,,,,21.9143431,39.3121735,
17:57:49.410,,,,,,,,,,,,,,,,,,,,,,,,,,,,,,,,,,,,,,,,,,,,,,,,,,,,,,,,,,-3.125,,,,,,,21.9143431,39.3121735,
17:57:49.448,,,,,,,,,,,,,,,,,,,,,,,,,,,,,,,,,,,,,,,,,,,,,,,,,,,,,,,,,,,-3.90625,,,,,,21.9143431,39.3121735,
17:57:49.511,,,,,,,,,,,,,,,,,,,,,,,,,,,,,,,,,,,,,,,,,,,,,,,,,,,,,,,,,,-3.90625,,,,,,,21.9143431,39.3121735,
17:57:49.546,,,,,,,,,,,,,,,,,,137.70001220703125,,,,,,,,0.24871689562932875,,,,,,,,,,,,,,,,,,,,,,,,,,,,,,,,,,0.27464374601840974,,,,,21.9143431,39.3121735,
17:57:49.546,,,,,,,,,,,,,,,,,,137.70001220703125,,,,,,,,0.24871690599961244,,,,,,,,,,,,,,,,,,,,,,,,,,,,,,,,,,0.27464374601840974,,,,,21.9143431,39.3121734,
17:57:49.561,,,,,,,,,,,,,,,,,,,,,,,,,,,,,,,,,,,,,,,,,,,,,,,,,,,,,,,,,,,-4.6875,,,,,,21.9143431,39.3121734,
17:57:49.598,,,,,,,,,,,,,,,,,,,,,,,,,,,,,,,,,,,,,,,,,,,,,,,,,,,,,,,,,,-3.90625,,,,,,,21.9143431,39.3121734,
17:57:49.668,,,,,,,,,,,,,,,,,,,,,,,,,,,,,,,,,,,,,,,,,,,,,,,,,,,,,,,,,,,-4.6875,,,,,,21.9143431,39.3121734,
17:57:49.719,,,,,,,,,,,,,,,,,,,,,,,,,,,,,,,,,,,,,,,,,,,,,,,,,,,,,,,,,,-4.6875,,,,,,,21.9143431,39.3121734,
17:57:49.782,,,,,,,,,,,,,,,,,,,,,,,,,,,,,,,,,,,,,,,,,,,,,,,,,,,,,,,,,,,-5.46875,,,,,,21.9143431,39.3121734,
17:57:49.838,,,,,,,,,,,,,,,,,,,,,,,,,,,,,,,,,,,,,,,,,,,,,,,,,,,,,,,,,,-5.46875,,,,,,,21.9143431,39.3121734,
17:57:49.902,,,,,,,,,,,,,,,,,,,,,,,,,,,,,,,,,,,,,,,,,,,,,,,,,,,,,,,,,,,-4.6875,,,,,,21.9143431,39.3121734,
17:57:49.967,,,,,,,,,,,,,,,,,,,,,,,,,,,,,,,,,,,,,,,,,,,,,,,,,,,,,,,,,,-5.46875,,,,,,,21.9143431,39.3121734,
17:57:50.017,,,,,,,,,,,,,,,,,,,,,,,,,,,,,,,,,,,,,,,,,,,,,,,,,,,,,,,,,,,-5.46875,,,,,,21.9143431,39.3121734,
17:57:50.086,,,,,,,,,,,,,,,,,,,,,,,,,,,,,,,,,,,,,,,,,,,,,,,,,,,,,,,,,,-4.6875,,,,,,,21.9143431,39.3121734,
17:57:50.139,,,,,,,,,,,,,,,,,,,,,,,,,,,,,,,,,,,,,,,,,,,,,,,,,,,,,,,,,,,-5.46875,,,,,,21.9143431,39.3121734,
17:57:50.203,,,,,,,,,,,,,,,,,,,,,,,,,,,,,,,,,,,,,,,,,,,,,,,,,,,,,,,,,,-3.90625,,,,,,,21.9143431,39.3121734,
17:57:50.253,,,,,,,,,,,,,,,,,,,,,,,,,,,,,,,,,,,,,,,,,,,,,,,,,,,,,,,,,,,-5.46875,,,,,,21.9143431,39.3121734,
17:57:50.321,,,,,,,,,,,,,,,,,,,,,,,,,,,,,,,,,,,,,,,,,,,,,,,,,,,,,,,,,,-3.90625,,,,,,,21.9143431,39.3121734,
17:57:50.386,,,,,,,,,,,,,,,,,,,,,,,,,,,,,,,,,,,,,,,,,,,,,,,,,,,,,,,,,,,-4.6875,,,,,,21.9143431,39.3121734,
17:57:50.438,,,,,,,,,,,,,,,,,,,,,,,,,,,,,,,,,,,,,,,,,,,,,,,,,,,,,,,,,,-3.125,,,,,,,21.9143431,39.3121734,
17:57:50.503,,,,,,,,,,,,,,,,,,,,,,,,,,,,,,,,,,,,,,,,,,,,,,,,,,,,,,,,,,,-4.6875,,,,,,21.9143431,39.3121734,
17:57:50.528,,,,,,,,,,,,,,,,,,137.70001220703125,,,,,,,,0.24884455240652134,,,,,,,,,,,,,,,,,,,,,,,,,,,,,,,,,,0.27509317696094515,,,,,21.9143431,39.3121734,
17:57:50.528,,,,,,,,,,,,,,,,,,137.70001220703125,,,,,,,,0.2488445662684538,,,,,,,,,,,,,,,,,,,,,,,,,,,,,,,,,,0.27509317696094515,,,,,21.9143431,39.3121734,
17:57:50.553,,,,,,,,,,,,,,,,,,,,,,,,,,,,,,,,,,,,,,,,,,,,,,,,,,,,,,,,,,-3.125,,,,,,,21.9143431,39.3121734,
17:57:50.590,,,,,,,,,,,,,,,,,,,,,,,,,,,,,,,,,,,,,,,,,,,,,,,,,,,,,,,,,,,-4.6875,,,,,,21.9143431,39.3121734,
17:57:50.647,,,,,,,,,,,,,,,,,,,,,,,,,,,,,,,,,,,,,,,,,,,,,,,,,,,,,,,,,,-3.125,,,,,,,21.9143431,39.3121734,
17:57:50.674,,,,,,,,,,,,,,,,,,,,,,,,,,,,,,,,,,,,,,,,,,,,,,,,,,,,,,,,,,,-3.90625,,,,,,21.9143431,39.3121734,
17:57:50.736,,,,,,,,,,,,,,,,,,,,,,,,,,,,,,,,,,,,,,,,,,,,,,,,,,,,,,,,,,-2.34375,,,,,,,21.9143431,39.3121734,
17:57:50.802,,,,,,,,,,,,,,,,,,,,,,,,,,,,,,,,,,,,,,,,,,,,,,,,,,,,,,,,,,,-3.125,,,,,,21.9143431,39.3121734,
17:57:50.856,,,,,,,,,,,,,,,,,,,,,,,,,,,,,,,,,,,,,,,,,,,,,,,,,,,,,,,,,,-2.34375,,,,,,,21.9143431,39.3121734,
17:57:50.919,,,,,,,,,,,,,,,,,,,,,,,,,,,,,,,,,,,,,,,,,,,,,,,,,,,,,,,,,,,-3.125,,,,,,21.9143431,39.3121734,
17:57:50.976,,,,,,,,,,,,,,,,,,,,,,,,,,,,,,,,,,,,,,,,,,,,,,,,,,,,,,,,,,-2.34375,,,,,,,21.9143431,39.3121734,
17:57:51.041,,,,,,,,,,,,,,,,,,,,,,,,,,,,,,,,,,,,,,,,,,,,,,,,,,,,,,,,,,,-3.125,,,,,,21.9143431,39.3121734,
17:57:51.102,,,,,,,,,,,,,,,,,,,,,,,,,,,,,,,,,,,,,,,,,,,,,,,,,,,,,,,,,,-1.5625,,,,,,,21.9143431,39.3121734,
17:57:51.137,,,,,,,,,,,,,,,,,,137.70001220703125,,,,,,,,0.24892513323515628,,,,,,,,,,,,,,,,,,,,,,,,,,,,,,,,,,0.2757817804813385,,,,,21.9143431,39.3121734,
17:57:51.137,,,,,,,,,,,,,,,,,,137.70001220703125,,,,,,,,0.24892514256109624,,,,,,,,,,,,,,,,,,,,,,,,,,,,,,,,,,0.2757817804813385,,,,,21.9143431,39.3121734,
17:57:51.153,,,,,,,,,,,,,,,,,,,,,,,,,,,,,,,,,,,,,,,,,,,,,,,,,,,,,,,,,,,-3.125,,,,,,21.9143431,39.3121734,
17:57:51.181,,,,,,,,,,,,,,,,,,,,,,,,,,,,,,,,,,,,,,,,,,,,,,,,,,,,,,,,,,-1.5625,,,,,,,21.9143431,39.3121734,
17:57:51.250,,,,,,,,,,,,,,,,,,,,,,,,,,,,,,,,,,,,,,,,,,,,,,,,,,,,,,,,,,,-2.34375,,,,,,21.9143431,39.3121734,
17:57:51.314,,,,,,,,,,,,,,,,,,,,,,,,,,,,,,,,,,,,,,,,,,,,,,,,,,,,,,,,,,-1.5625,,,,,,,21.9143431,39.3121734,
17:57:51.370,,,,,,,,,,,,,,,,,,,,,,,,,,,,,,,,,,,,,,,,,,,,,,,,,,,,,,,,,,,-2.34375,,,,,,21.9143431,39.3121734,
17:57:51.422,,,,,,,,,,,,,,,,,,,,,,,,,,,,,,,,,,,,,,,,,,,,,,,,,,,,,,,,,,-1.5625,,,,,,,21.9143431,39.3121734,
17:57:51.450,,,,,,,,,,,,,,,,,,,,,,,,,,,,,,,,,,,,,,,,,,,,,,,,,,,,,,,,,,,-2.34375,,,,,,21.9143431,39.3121734,
17:57:51.521,,,,,,,,,,,,,,,,,,,,,,,,,,,,,,,,,,,,,,,,,,,,,,,,,,,,,,,,,,-1.5625,,,,,,,21.9143431,39.3121734,
17:57:51.533,,,,,,,,,,,,,,,,,,137.70001220703125,,,,,,,,0.24896341289812338,,,,,,,,,,,,,,,,,,,,,,,,,,,,,,,,,,0.2686315208673477,,,,,21.9143431,39.3121734,
17:57:51.533,,,,,,,,,,,,,,,,,,137.70001220703125,,,,,,,,0.24896342028342716,,,,,,,,,,,,,,,,,,,,,,,,,,,,,,,,,,0.2686315208673477,,,,,21.9143419,39.3121733,
17:57:51.576,,,,,,,,,,,,,,,,,,,,,,,,,,,,,,,,,,,,,,,,,,,,,,,,,,,,,,,,,,,-2.34375,,,,,,21.9143419,39.3121733,
17:57:51.642,,,,,,,,,,,,,,,,,,,,,,,,,,,,,,,,,,,,,,,,,,,,,,,,,,,,,,,,,,-0.78125,,,,,,,21.9143419,39.3121733,
17:57:51.693,,,,,,,,,,,,,,,,,,,,,,,,,,,,,,,,,,,,,,,,,,,,,,,,,,,,,,,,,,,-2.34375,,,,,,21.9143419,39.3121733,
17:57:51.758,,,,,,,,,,,,,,,,,,,,,,,,,,,,,,,,,,,,,,,,,,,,,,,,,,,,,,,,,,-0.78125,,,,,,,21.9143419,39.3121733,
17:57:51.834,,,,,,,,,,,,,,,,,,,,,,,,,,,,,,,,,,,,,,,,,,,,,,,,,,,,,,,,,,,-2.34375,,,,,,21.9143419,39.3121733,
17:57:51.873,,,,,,,,,,,,,,,,,,,,,,,,,,,,,,,,,,,,,,,,,,,,,,,,,,,,,,,,,,-0.78125,,,,,,,21.9143419,39.3121733,
17:57:51.938,,,,,,,,,,,,,,,,,,,,,,,,,,,,,,,,,,,,,,,,,,,,,,,,,,,,,,,,,,,-2.34375,,,,,,21.9143419,39.3121733,
17:57:52.014,,,,,,,,,,,,,,,,,,,,,,,,,,,,,,,,,,,,,,,,,,,,,,,,,,,,,,,,,,-1.5625,,,,,,,21.9143419,39.3121733,
17:57:52.052,,,,,,,,,,,,,,,,,,,,,,,,,,,,,,,,,,,,,,,,,,,,,,,,,,,,,,,,,,,-1.5625,,,,,,21.9143419,39.3121733,
17:57:52.090,,,,,,,,,,,,,,,,,,,,,,,,,,,,,,,,,,,,,,,,,,,,,,,,,,,,,,,,,,-1.5625,,,,,,,21.9143419,39.3121733,
17:57:52.142,,,,,,,,,,,,,,,,,,,,,,,,,,,,,,,,,,,,,,,,,,,,,,,,,,,,,,,,,,,-1.5625,,,,,,21.9143419,39.3121733,
17:57:52.181,,,,,,,,,,,,,,,,,,,,,,,,,,,,,,,,,,,,,,,,,,,,,,,,,,,,,,,,,,-1.5625,,,,,,,21.9143419,39.3121733,
17:57:52.230,,,,,,,,,,,,,,,,,,,,,,,,,,,,,,,,,,,,,,,,,,,,,,,,,,,,,,,,,,,-1.5625,,,,,,21.9143419,39.3121733,
17:57:52.269,,,,,,,,,,,,,,,,,,,,,,,,,,,,,,,,,,,,,,,,,,,,,,,,,,,,,,,,,,-1.5625,,,,,,,21.9143419,39.3121733,
17:57:52.324,,,,,,,,,,,,,,,,,,,,,,,,,,,,,,,,,,,,,,,,,,,,,,,,,,,,,,,,,,,-0.78125,,,,,,21.9143419,39.3121733,
17:57:52.361,,,,,,,,,,,,,,,,,,,,,,,,,,,,,,,,,,,,,,,,,,,,,,,,,,,,,,,,,,-1.5625,,,,,,,21.9143419,39.3121733,
17:57:52.437,,,,,,,,,,,,,,,,,,,,,,,,,,,,,,,,,,,,,,,,,,,,,,,,,,,,,,,,,,,-1.5625,,,,,,21.9143419,39.3121733,
17:57:52.478,,,,,,,,,,,,,,,,,,,,,,,,,,,,,,,,,,,,,,,,,,,,,,,,,,,,,,,,,,-1.5625,,,,,,,21.9143419,39.3121733,
17:57:52.529,,,,,,,,,,,,,,,,,,,,,,,,,,,,,,,,,,,,,,,,,,,,,,,,,,,,,,,,,,,-1.5625,,,,,,21.9143419,39.3121733,
17:57:52.545,,,,,,,,,,,,,,,,,,137.70001220703125,,,,,,,,0.24910157777550135,,,,,,,,,,,,,,,,,,,,,,,,,,,,,,,,,,0.2769604504108429,,,,,21.9143419,39.3121733,
17:57:52.545,,,,,,,,,,,,,,,,,,137.70001220703125,,,,,,,,0.24910158719277542,,,,,,,,,,,,,,,,,,,,,,,,,,,,,,,,,,0.2769604504108429,,,,,21.914342,39.3121733,
17:57:52.565,,,,,,,,,,,,,,,,,,,,,,,,,,,,,,,,,,,,,,,,,,,,,,,,,,,,,,,,,,-1.5625,,,,,,,21.914342,39.3121733,
17:57:52.626,,,,,,,,,,,,,,,,,,,,,,,,,,,,,,,,,,,,,,,,,,,,,,,,,,,,,,,,,,,-2.34375,,,,,,21.914342,39.3121733,
17:57:52.703,,,,,,,,,,,,,,,,,,,,,,,,,,,,,,,,,,,,,,,,,,,,,,,,,,,,,,,,,,-1.5625,,,,,,,21.914342,39.3121733,
17:57:52.741,,,,,,,,,,,,,,,,,,,,,,,,,,,,,,,,,,,,,,,,,,,,,,,,,,,,,,,,,,,-2.34375,,,,,,21.914342,39.3121733,
17:57:52.770,,,,,,,,,,,,,,,,,,,,,,,,,,,,,,,,,,,,,,,,,,,,,,,,,,,,,,,,,,-1.5625,,,,,,,21.914342,39.3121733,
17:57:52.809,,,,,,,,,,,,,,,,,,,,,,,,,,,,,,,,,,,,,,,,,,,,,,,,,,,,,,,,,,,-2.34375,,,,,,21.914342,39.3121733,
17:57:52.881,,,,,,,,,,,,,,,,,,,,,,,,,,,,,,,,,,,,,,,,,,,,,,,,,,,,,,,,,,-1.5625,,,,,,,21.914342,39.3121733,
17:57:52.926,,,,,,,,,,,,,,,,,,,,,,,,,,,,,,,,,,,,,,,,,,,,,,,,,,,,,,,,,,,-2.34375,,,,,,21.914342,39.3121733,
17:57:52.988,,,,,,,,,,,,,,,,,,,,,,,,,,,,,,,,,,,,,,,,,,,,,,,,,,,,,,,,,,-1.5625,,,,,,,21.914342,39.3121733,
17:57:53.049,,,,,,,,,,,,,,,,,,,,,,,,,,,,,,,,,,,,,,,,,,,,,,,,,,,,,,,,,,,-2.34375,,,,,,21.914342,39.3121733,
17:57:53.113,,,,,,,,,,,,,,,,,,,,,,,,,,,,,,,,,,,,,,,,,,,,,,,,,,,,,,,,,,-2.34375,,,,,,,21.914342,39.3121733,
17:57:53.166,,,,,,,,,,,,,,,,,,,,,,,,,,,,,,,,,,,,,,,,,,,,,,,,,,,,,,,,,,,-2.34375,,,,,,21.914342,39.3121733,
17:57:53.218,,,,,,,,,,,,,,,,,,,,,,,,,,,,,,,,,,,,,,,,,,,,,,,,,,,,,,,,,,-2.34375,,,,,,,21.914342,39.3121733,
17:57:53.257,,,,,,,,,,,,,,,,,,,,,,,,,,,,,,,,,,,,,,,,,,,,,,,,,,,,,,,,,,,-2.34375,,,,,,21.914342,39.3121733,
17:57:53.317,,,,,,,,,,,,,,,,,,,,,,,,,,,,,,,,,,,,,,,,,,,,,,,,,,,,,,,,,,-2.34375,,,,,,,21.914342,39.3121733,
17:57:53.381,,,,,,,,,,,,,,,,,,,,,,,,,,,,,,,,,,,,,,,,,,,,,,,,,,,,,,,,,,,-2.34375,,,,,,21.914342,39.3121733,
17:57:53.434,,,,,,,,,,,,,,,,,,,,,,,,,,,,,,,,,,,,,,,,,,,,,,,,,,,,,,,,,,-1.5625,,,,,,,21.914342,39.3121733,
17:57:53.493,,,,,,,,,,,,,,,,,,,,,,,,,,,,,,,,,,,,,,,,,,,,,,,,,,,,,,,,,,,-2.34375,,,,,,21.914342,39.3121733,
17:57:53.521,,,,,,,,,,,,,,,,,,,,,,,,,,,,,,,,,,,,,,,,,,,,,,,,,,,,,,,,,,-1.5625,,,,,,,21.914342,39.3121733,
17:57:53.532,,,,,,,,,,,,,,,,,,137.70001220703125,,,,,,,,0.24924008459927388,,,,,,,,,,,,,,,,,,,,,,,,,,,,,,,,,,0.278010106086731,,,,,21.914342,39.3121733,
17:57:53.532,,,,,,,,,,,,,,,,,,137.70001220703125,,,,,,,,0.24924009401259173,,,,,,,,,,,,,,,,,,,,,,,,,,,,,,,,,,0.278010106086731,,,,,21.9143421,39.3121732,
17:57:53.561,,,,,,,,,,,,,,,,,,,,,,,,,,,,,,,,,,,,,,,,,,,,,,,,,,,,,,,,,,,-2.34375,,,,,,21.9143421,39.3121732,
17:57:53.626,,,,,,,,,,,,,,,,,,,,,,,,,,,,,,,,,,,,,,,,,,,,,,,,,,,,,,,,,,-1.5625,,,,,,,21.9143421,39.3121732,
17:57:53.678,,,,,,,,,,,,,,,,,,,,,,,,,,,,,,,,,,,,,,,,,,,,,,,,,,,,,,,,,,,-2.34375,,,,,,21.9143421,39.3121732,
17:57:53.743,,,,,,,,,,,,,,,,,,,,,,,,,,,,,,,,,,,,,,,,,,,,,,,,,,,,,,,,,,-0.78125,,,,,,,21.9143421,39.3121732,
17:57:53.817,,,,,,,,,,,,,,,,,,,,,,,,,,,,,,,,,,,,,,,,,,,,,,,,,,,,,,,,,,,-2.34375,,,,,,21.9143421,39.3121732,
17:57:53.858,,,,,,,,,,,,,,,,,,,,,,,,,,,,,,,,,,,,,,,,,,,,,,,,,,,,,,,,,,-0.78125,,,,,,,21.9143421,39.3121732,
17:57:53.922,,,,,,,,,,,,,,,,,,,,,,,,,,,,,,,,,,,,,,,,,,,,,,,,,,,,,,,,,,,-2.34375,,,,,,21.9143421,39.3121732,
17:57:53.987,,,,,,,,,,,,,,,,,,,,,,,,,,,,,,,,,,,,,,,,,,,,,,,,,,,,,,,,,,0,,,,,,,21.9143421,39.3121732,
17:57:54.038,,,,,,,,,,,,,,,,,,,,,,,,,,,,,,,,,,,,,,,,,,,,,,,,,,,,,,,,,,,-2.34375,,,,,,21.9143421,39.3121732,
17:57:54.102,,,,,,,,,,,,,,,,,,,,,,,,,,,,,,,,,,,,,,,,,,,,,,,,,,,,,,,,,,0.78125,,,,,,,21.9143421,39.3121732,
17:57:54.154,,,,,,,,,,,,,,,,,,,,,,,,,,,,,,,,,,,,,,,,,,,,,,,,,,,,,,,,,,,-1.5625,,,,,,21.9143421,39.3121732,
17:57:54.221,,,,,,,,,,,,,,,,,,,,,,,,,,,,,,,,,,,,,,,,,,,,,,,,,,,,,,,,,,0.78125,,,,,,,21.9143421,39.3121732,
17:57:54.282,,,,,,,,,,,,,,,,,,,,,,,,,,,,,,,,,,,,,,,,,,,,,,,,,,,,,,,,,,,-0.78125,,,,,,21.9143421,39.3121732,
17:57:54.346,,,,,,,,,,,,,,,,,,,,,,,,,,,,,,,,,,,,,,,,,,,,,,,,,,,,,,,,,,0.78125,,,,,,,21.9143421,39.3121732,
17:57:54.398,,,,,,,,,,,,,,,,,,,,,,,,,,,,,,,,,,,,,,,,,,,,,,,,,,,,,,,,,,,0,,,,,,21.9143421,39.3121732,
17:57:54.475,,,,,,,,,,,,,,,,,,,,,,,,,,,,,,,,,,,,,,,,,,,,,,,,,,,,,,,,,,0.78125,,,,,,,21.9143421,39.3121732,
17:57:54.514,,,,,,,,,,,,,,,,,,,,,,,,,,,,,,,,,,,,,,,,,,,,,,,,,,,,,,,,,,,0,,,,,,21.9143421,39.3121732,
17:57:54.536,,,,,,,,,,,,,,,,,,137.70001220703125,,,,,,,,0.2493881307077884,,,,,,,,,,,,,,,,,,,,,,,,,,,,,,,,,,0.27975383698940276,,,,,21.9143421,39.3121732,
17:57:54.537,,,,,,,,,,,,,,,,,,137.70001220703125,,,,,,,,0.24938816089749338,,,,,,,,,,,,,,,,,,,,,,,,,,,,,,,,,,0.27975383698940276,,,,,21.9143421,39.3121733,
17:57:54.582,,,,,,,,,,,,,,,,,,,,,,,,,,,,,,,,,,,,,,,,,,,,,,,,,,,,,,,,,,0.78125,,,,,,,21.9143421,39.3121733,
17:57:54.640,,,,,,,,,,,,,,,,,,,,,,,,,,,,,,,,,,,,,,,,,,,,,,,,,,,,,,,,,,,0,,,,,,21.9143421,39.3121733,
17:57:54.700,,,,,,,,,,,,,,,,,,,,,,,,,,,,,,,,,,,,,,,,,,,,,,,,,,,,,,,,,,0.78125,,,,,,,21.9143421,39.3121733,
17:57:54.762,,,,,,,,,,,,,,,,,,,,,,,,,,,,,,,,,,,,,,,,,,,,,,,,,,,,,,,,,,,-0.78125,,,,,,21.9143421,39.3121733,
17:57:54.814,,,,,,,,,,,,,,,,,,,,,,,,,,,,,,,,,,,,,,,,,,,,,,,,,,,,,,,,,,0,,,,,,,21.9143421,39.3121733,
17:57:54.840,,,,,,,,,,,,,,,,,,,,,,,,,,,,,,,,,,,,,,,,,,,,,,,,,,,,,,,,,,,-0.78125,,,,,,21.9143421,39.3121733,
17:57:54.880,,,,,,,,,,,,,,,,,,,,,,,,,,,,,,,,,,,,,,,,,,,,,,,,,,,,,,,,,,0,,,,,,,21.9143421,39.3121733,
17:57:54.942,,,,,,,,,,,,,,,,,,,,,,,,,,,,,,,,,,,,,,,,,,,,,,,,,,,,,,,,,,,0,,,,,,21.9143421,39.3121733,
17:57:55.005,,,,,,,,,,,,,,,,,,,,,,,,,,,,,,,,,,,,,,,,,,,,,,,,,,,,,,,,,,1.5625,,,,,,,21.9143421,39.3121733,
17:57:55.059,,,,,,,,,,,,,,,,,,,,,,,,,,,,,,,,,,,,,,,,,,,,,,,,,,,,,,,,,,,0.78125,,,,,,21.9143421,39.3121733,
17:57:55.110,,,,,,,,,,,,,,,,,,,,,,,,,,,,,,,,,,,,,,,,,,,,,,,,,,,,,,,,,,2.34375,,,,,,,21.9143421,39.3121733,
17:57:55.162,,,,,,,,,,,,,,,,,,,,,,,,,,,,,,,,,,,,,,,,,,,,,,,,,,,,,,,,,,,2.34375,,,,,,21.9143421,39.3121733,
17:57:55.213,,,,,,,,,,,,,,,,,,,,,,,,,,,,,,,,,,,,,,,,,,,,,,,,,,,,,,,,,,3.125,,,,,,,21.9143421,39.3121733,
17:57:55.262,,,,,,,,,,,,,,,,,,,,,,,,,,,,,,,,,,,,,,,,,,,,,,,,,,,,,,,,,,,3.90625,,,,,,21.9143421,39.3121733,
17:57:55.302,,,,,,,,,,,,,,,,,,,,,,,,,,,,,,,,,,,,,,,,,,,,,,,,,,,,,,,,,,3.125,,,,,,,21.9143421,39.3121733,
17:57:55.353,,,,,,,,,,,,,,,,,,,,,,,,,,,,,,,,,,,,,,,,,,,,,,,,,,,,,,,,,,,4.6875,,,,,,21.9143421,39.3121733,
17:57:55.383,,,,,,,,,,,,,,,,,,,,,,,,,,,,,,,,,,,,,,,,,,,,,,,,,,,,,,,,,,3.125,,,,,,,21.9143421,39.3121733,
17:57:55.422,,,,,,,,,,,,,,,,,,,,,,,,,,,,,,,,,,,,,,,,,,,,,,,,,,,,,,,,,,,4.6875,,,,,,21.9143421,39.3121733,
17:57:55.491,,,,,,,,,,,,,,,,,,,,,,,,,,,,,,,,,,,,,,,,,,,,,,,,,,,,,,,,,,2.34375,,,,,,,21.9143421,39.3121733,
17:57:55.530,,,,,,,,,,,,,,,,,,,,,,,,,,,,,,,,,,,,,,,,,,,,,,,,,,,,,,,,,,,3.125,,,,,,21.9143421,39.3121733,
17:57:55.544,,,,,,,,,,,,,,,,,,137.70001220703125,,,,,,,,0.24954903557707345,,,,,,,,,,,,,,,,,,,,,,,,,,,,,,,,,,0.282598614692688,,,,,21.9143421,39.3121733,
17:57:55.544,,,,,,,,,,,,,,,,,,137.70001220703125,,,,,,,,0.24954904579347623,,,,,,,,,,,,,,,,,,,,,,,,,,,,,,,,,,0.282598614692688,,,,,21.914342,39.312173,
17:57:55.570,,,,,,,,,,,,,,,,,,,,,,,,,,,,,,,,,,,,,,,,,,,,,,,,,,,,,,,,,,2.34375,,,,,,,21.914342,39.312173,
17:57:55.622,,,,,,,,,,,,,,,,,,,,,,,,,,,,,,,,,,,,,,,,,,,,,,,,,,,,,,,,,,,2.34375,,,,,,21.914342,39.312173,
17:57:55.661,,,,,,,,,,,,,,,,,,,,,,,,,,,,,,,,,,,,,,,,,,,,,,,,,,,,,,,,,,1.5625,,,,,,,21.914342,39.312173,
17:57:55.718,,,,,,,,,,,,,,,,,,,,,,,,,,,,,,,,,,,,,,,,,,,,,,,,,,,,,,,,,,,2.34375,,,,,,21.914342,39.312173,
17:57:55.769,,,,,,,,,,,,,,,,,,,,,,,,,,,,,,,,,,,,,,,,,,,,,,,,,,,,,,,,,,0.78125,,,,,,,21.914342,39.312173,
17:57:55.807,,,,,,,,,,,,,,,,,,,,,,,,,,,,,,,,,,,,,,,,,,,,,,,,,,,,,,,,,,,1.5625,,,,,,21.914342,39.312173,
17:57:55.874,,,,,,,,,,,,,,,,,,,,,,,,,,,,,,,,,,,,,,,,,,,,,,,,,,,,,,,,,,0,,,,,,,21.914342,39.312173,
17:57:55.925,,,,,,,,,,,,,,,,,,,,,,,,,,,,,,,,,,,,,,,,,,,,,,,,,,,,,,,,,,,0.78125,,,,,,21.914342,39.312173,
17:57:55.955,,,,,,,,,,,,,,,,,,,,,,,,,,,,,,,,,,,,,,,,,,,,,,,,,,,,,,,,,,0,,,,,,,21.914342,39.312173,
17:57:56.017,,,,,,,,,,,,,,,,,,,,,,,,,,,,,,,,,,,,,,,,,,,,,,,,,,,,,,,,,,,0,,,,,,21.914342,39.312173,
17:57:56.081,,,,,,,,,,,,,,,,,,,,,,,,,,,,,,,,,,,,,,,,,,,,,,,,,,,,,,,,,,-0.78125,,,,,,,21.914342,39.312173,
17:57:56.145,,,,,,,,,,,,,,,,,,,,,,,,,,,,,,,,,,,,,,,,,,,,,,,,,,,,,,,,,,,-0.78125,,,,,,21.914342,39.312173,
17:57:56.198,,,,,,,,,,,,,,,,,,,,,,,,,,,,,,,,,,,,,,,,,,,,,,,,,,,,,,,,,,-1.5625,,,,,,,21.914342,39.312173,
17:57:56.345,,,,,,,,,,,,,,,,,,,,,,,,,,,,,,,,,,,,,,,,,,,,,,,,,,,,,,,,,,,-1.5625,,,,,,21.914342,39.312173,
17:57:56.433,,,,,,,,,,,,,,,,,,,,,,,,,,,,,,,,,,,,,,,,,,,,,,,,,,,,,,,,,,-0.78125,,,,,,,21.914342,39.312173,
17:57:56.526,,,,,,,,,,,,,,,,,,137.70001220703125,,,,,,,,0.24967233021983828,,,,,,,,,,,,,,,,,,,,,,,,,,,,,,,,,,0.2757983833551407,,,,,21.914342,39.312173,
17:57:56.526,,,,,,,,,,,,,,,,,,137.70001220703125,,,,,,,,0.24967234727141135,,,,,,,,,,,,,,,,,,,,,,,,,,,,,,,,,,0.2757983833551407,,,,,21.9143421,39.312173,
17:57:56.606,,,,,,,,,,,,,,,,,,,,,,,,,,,,,,,,,,,,,,,,,,,,,,,,,,,,,,,,,,,-0.78125,,,,,,21.9143421,39.312173,
17:57:56.686,,,,,,,,,,,,,,,,,,,,,,,,,,,,,,,,,,,,,,,,,,,,,,,,,,,,,,,,,,0.78125,,,,,,,21.9143421,39.312173,
17:57:56.761,,,,,,,,,,,,,,,,,,,,,,,,,,,,,,,,,,,,,,,,,,,,,,,,,,,,,,,,,,,0,,,,,,21.9143421,39.312173,
17:57:56.862,,,,,,,,,,,,,,,,,,,,,,,,,,,,,,,,,,,,,,,,,,,,,,,,,,,,,,,,,,0.78125,,,,,,,21.9143421,39.312173,
17:57:56.916,,,,,,,,,,,,,,,,,,,,,,,,,,,,,,,,,,,,,,,,,,,,,,,,,,,,,,,,,,,0.78125,,,,,,21.9143421,39.312173,
17:57:56.982,,,,,,,,,,,,,,,,,,,,,,,,,,,,,,,,,,,,,,,,,,,,,,,,,,,,,,,,,,1.5625,,,,,,,21.9143421,39.312173,
17:57:57.038,,,,,,,,,,,,,,,,,,,,,,,,,,,,,,,,,,,,,,,,,,,,,,,,,,,,,,,,,,,0.78125,,,,,,21.9143421,39.312173,
17:57:57.102,,,,,,,,,,,,,,,,,,,,,,,,,,,,,,,,,,,,,,,,,,,,,,,,,,,,,,,,,,2.34375,,,,,,,21.9143421,39.312173,
17:57:57.177,,,,,,,,,,,,,,,,,,,,,,,,,,,,,,,,,,,,,,,,,,,,,,,,,,,,,,,,,,,1.5625,,,,,,21.9143421,39.312173,
17:57:57.218,,,,,,,,,,,,,,,,,,,,,,,,,,,,,,,,,,,,,,,,,,,,,,,,,,,,,,,,,,3.125,,,,,,,21.9143421,39.312173,
17:57:57.272,,,,,,,,,,,,,,,,,,,,,,,,,,,,,,,,,,,,,,,,,,,,,,,,,,,,,,,,,,,1.5625,,,,,,21.9143421,39.312173,
17:57:57.301,,,,,,,,,,,,,,,,,,,,,,,,,,,,,,,,,,,,,,,,,,,,,,,,,,,,,,,,,,3.125,,,,,,,21.9143421,39.312173,
17:57:57.338,,,,,,,,,,,,,,,,,,,,,,,,,,,,,,,,,,,,,,,,,,,,,,,,,,,,,,,,,,,1.5625,,,,,,21.9143421,39.312173,
17:57:57.402,,,,,,,,,,,,,,,,,,,,,,,,,,,,,,,,,,,,,,,,,,,,,,,,,,,,,,,,,,2.34375,,,,,,,21.9143421,39.312173,
17:57:57.465,,,,,,,,,,,,,,,,,,,,,,,,,,,,,,,,,,,,,,,,,,,,,,,,,,,,,,,,,,,1.5625,,,,,,21.9143421,39.312173,
17:57:57.522,,,,,,,,,,,,,,,,,,,,,,,,,,,,,,,,,,,,,,,,,,,,,,,,,,,,,,,,,,1.5625,,,,,,,21.9143421,39.312173,
17:57:57.535,,,,,,,,,,,,,,,,,,137.70001220703125,,,,,,,,0.24982050696582933,,,,,,,,,,,,,,,,,,,,,,,,,,,,,,,,,,0.28049675524234774,,,,,21.9143421,39.312173,
17:57:57.535,,,,,,,,,,,,,,,,,,137.70001220703125,,,,,,,,0.2498205183015094,,,,,,,,,,,,,,,,,,,,,,,,,,,,,,,,,,0.28049675524234774,,,,,21.9143422,39.312173,
17:57:57.573,,,,,,,,,,,,,,,,,,,,,,,,,,,,,,,,,,,,,,,,,,,,,,,,,,,,,,,,,,,2.34375,,,,,,21.9143422,39.312173,
17:57:57.613,,,,,,,,,,,,,,,,,,,,,,,,,,,,,,,,,,,,,,,,,,,,,,,,,,,,,,,,,,2.34375,,,,,,,21.9143422,39.312173,
17:57:57.690,,,,,,,,,,,,,,,,,,,,,,,,,,,,,,,,,,,,,,,,,,,,,,,,,,,,,,,,,,,3.125,,,,,,21.9143422,39.312173,
17:57:57.730,,,,,,,,,,,,,,,,,,,,,,,,,,,,,,,,,,,,,,,,,,,,,,,,,,,,,,,,,,2.34375,,,,,,,21.9143422,39.312173,
17:57:57.783,,,,,,,,,,,,,,,,,,,,,,,,,,,,,,,,,,,,,,,,,,,,,,,,,,,,,,,,,,,3.125,,,,,,21.9143422,39.312173,
17:57:57.834,,,,,,,,,,,,,,,,,,,,,,,,,,,,,,,,,,,,,,,,,,,,,,,,,,,,,,,,,,3.125,,,,,,,21.9143422,39.312173,
17:57:57.873,,,,,,,,,,,,,,,,,,,,,,,,,,,,,,,,,,,,,,,,,,,,,,,,,,,,,,,,,,,3.90625,,,,,,21.9143422,39.312173,
17:57:57.913,,,,,,,,,,,,,,,,,,,,,,,,,,,,,,,,,,,,,,,,,,,,,,,,,,,,,,,,,,3.125,,,,,,,21.9143422,39.312173,
17:57:57.966,,,,,,,,,,,,,,,,,,,,,,,,,,,,,,,,,,,,,,,,,,,,,,,,,,,,,,,,,,,3.90625,,,,,,21.9143422,39.312173,
17:57:58.031,,,,,,,,,,,,,,,,,,,,,,,,,,,,,,,,,,,,,,,,,,,,,,,,,,,,,,,,,,3.125,,,,,,,21.9143422,39.312173,
17:57:58.100,,,,,,,,,,,,,,,,,,,,,,,,,,,,,,,,,,,,,,,,,,,,,,,,,,,,,,,,,,,3.125,,,,,,21.9143422,39.312173,
17:57:58.141,,,,,,,,,,,,,,,,,,,,,,,,,,,,,,,,,,,,,,,,,,,,,,,,,,,,,,,,,,3.90625,,,,,,,21.9143422,39.312173,
17:57:58.182,,,,,,,,,,,,,,,,,,,,,,,,,,,,,,,,,,,,,,,,,,,,,,,,,,,,,,,,,,,3.125,,,,,,21.9143422,39.312173,
17:57:58.231,,,,,,,,,,,,,,,,,,,,,,,,,,,,,,,,,,,,,,,,,,,,,,,,,,,,,,,,,,3.90625,,,,,,,21.9143422,39.312173,
17:57:58.269,,,,,,,,,,,,,,,,,,,,,,,,,,,,,,,,,,,,,,,,,,,,,,,,,,,,,,,,,,,3.125,,,,,,21.9143422,39.312173,
17:57:58.322,,,,,,,,,,,,,,,,,,,,,,,,,,,,,,,,,,,,,,,,,,,,,,,,,,,,,,,,,,3.90625,,,,,,,21.9143422,39.312173,
17:57:58.362,,,,,,,,,,,,,,,,,,,,,,,,,,,,,,,,,,,,,,,,,,,,,,,,,,,,,,,,,,,3.125,,,,,,21.9143422,39.312173,
17:57:58.413,,,,,,,,,,,,,,,,,,,,,,,,,,,,,,,,,,,,,,,,,,,,,,,,,,,,,,,,,,3.125,,,,,,,21.9143422,39.312173,
17:57:58.477,,,,,,,,,,,,,,,,,,,,,,,,,,,,,,,,,,,,,,,,,,,,,,,,,,,,,,,,,,,3.125,,,,,,21.9143422,39.312173,
17:57:58.532,,,,,,,,,,,,,,,,,,137.70001220703125,,,,,,,,0.24999509254240365,,,,,,,,,,,,,,,,,,,,,,,,,,,,,,,,,,0.2867759943008423,,,,,21.9143422,39.312173,
17:57:58.532,,,,,,,,,,,,,,,,,,137.70001220703125,,,,,,,,0.24999510737710967,,,,,,,,,,,,,,,,,,,,,,,,,,,,,,,,,,0.2867759943008423,,,,,21.9143423,39.312173,
17:57:58.537,,,,,,,,,,,,,,,,,,,,,,,,,,,,,,,,,,,,,,,,,,,,,,,,,,,,,,,,,,2.34375,,,,,,,21.9143423,39.312173,
17:57:58.602,,,,,,,,,,,,,,,,,,,,,,,,,,,,,,,,,,,,,,,,,,,,,,,,,,,,,,,,,,,3.125,,,,,,21.9143423,39.312173,
17:57:58.666,,,,,,,,,,,,,,,,,,,,,,,,,,,,,,,,,,,,,,,,,,,,,,,,,,,,,,,,,,1.5625,,,,,,,21.9143423,39.312173,
17:57:58.717,,,,,,,,,,,,,,,,,,,,,,,,,,,,,,,,,,,,,,,,,,,,,,,,,,,,,,,,,,,3.90625,,,,,,21.9143423,39.312173,
17:57:58.786,,,,,,,,,,,,,,,,,,,,,,,,,,,,,,,,,,,,,,,,,,,,,,,,,,,,,,,,,,1.5625,,,,,,,21.9143423,39.312173,
17:57:58.837,,,,,,,,,,,,,,,,,,,,,,,,,,,,,,,,,,,,,,,,,,,,,,,,,,,,,,,,,,,3.125,,,,,,21.9143423,39.312173,
17:57:58.901,,,,,,,,,,,,,,,,,,,,,,,,,,,,,,,,,,,,,,,,,,,,,,,,,,,,,,,,,,1.5625,,,,,,,21.9143423,39.312173,
17:57:58.949,,,,,,,,,,,,,,,,,,,,,,,,,,,,,,,,,,,,,,,,,,,,,,,,,,,,,,,,,,,2.34375,,,,,,21.9143423,39.312173,
17:57:58.989,,,,,,,,,,,,,,,,,,,,,,,,,,,,,,,,,,,,,,,,,,,,,,,,,,,,,,,,,,2.34375,,,,,,,21.9143423,39.312173,
17:57:59.053,,,,,,,,,,,,,,,,,,,,,,,,,,,,,,,,,,,,,,,,,,,,,,,,,,,,,,,,,,,2.34375,,,,,,21.9143423,39.312173,
17:57:59.110,,,,,,,,,,,,,,,,,,,,,,,,,,,,,,,,,,,,,,,,,,,,,,,,,,,,,,,,,,2.34375,,,,,,,21.9143423,39.312173,
17:57:59.161,,,,,,,,,,,,,,,,,,,,,,,,,,,,,,,,,,,,,,,,,,,,,,,,,,,,,,,,,,,2.34375,,,,,,21.9143423,39.312173,
17:57:59.170,,,,,,,,,,,,,,,,,,137.70001220703125,,,,,,,,0.2501088319058848,,,,,,,,,,,,,,,,,,,,,,,,,,,,,,,,,,0.2877179056406021,,,,,21.9143423,39.312173,
17:57:59.170,,,,,,,,,,,,,,,,,,137.70001220703125,,,,,,,,0.2501088456427526,,,,,,,,,,,,,,,,,,,,,,,,,,,,,,,,,,0.2877179056406021,,,,,21.9143423,39.312173,
17:57:59.222,,,,,,,,,,,,,,,,,,,,,,,,,,,,,,,,,,,,,,,,,,,,,,,,,,,,,,,,,,1.5625,,,,,,,21.9143423,39.312173,
17:57:59.263,,,,,,,,,,,,,,,,,,,,,,,,,,,,,,,,,,,,,,,,,,,,,,,,,,,,,,,,,,,1.5625,,,,,,21.9143423,39.312173,
17:57:59.315,,,,,,,,,,,,,,,,,,,,,,,,,,,,,,,,,,,,,,,,,,,,,,,,,,,,,,,,,,1.5625,,,,,,,21.9143423,39.312173,
17:57:59.383,,,,,,,,,,,,,,,,,,,,,,,,,,,,,,,,,,,,,,,,,,,,,,,,,,,,,,,,,,,1.5625,,,,,,21.9143423,39.312173,
17:57:59.438,,,,,,,,,,,,,,,,,,,,,,,,,,,,,,,,,,,,,,,,,,,,,,,,,,,,,,,,,,1.5625,,,,,,,21.9143423,39.312173,
17:57:59.501,,,,,,,,,,,,,,,,,,,,,,,,,,,,,,,,,,,,,,,,,,,,,,,,,,,,,,,,,,,1.5625,,,,,,21.9143423,39.312173,
17:57:59.567,,,,,,,,,,,,,,,,,,,,,,,,,,,,,,,,,,,,,,,,,,,,,,,,,,,,,,,,,,1.5625,,,,,,,21.9143423,39.312173,
17:57:59.617,,,,,,,,,,,,,,,,,,,,,,,,,,,,,,,,,,,,,,,,,,,,,,,,,,,,,,,,,,,0.78125,,,,,,21.9143423,39.312173,
17:57:59.682,,,,,,,,,,,,,,,,,,,,,,,,,,,,,,,,,,,,,,,,,,,,,,,,,,,,,,,,,,1.5625,,,,,,,21.9143423,39.312173,
17:57:59.733,,,,,,,,,,,,,,,,,,,,,,,,,,,,,,,,,,,,,,,,,,,,,,,,,,,,,,,,,,,0.78125,,,,,,21.9143423,39.312173,
17:57:59.786,,,,,,,,,,,,,,,,,,,,,,,,,,,,,,,,,,,,,,,,,,,,,,,,,,,,,,,,,,1.5625,,,,,,,21.9143423,39.312173,
17:57:59.838,,,,,,,,,,,,,,,,,,,,,,,,,,,,,,,,,,,,,,,,,,,,,,,,,,,,,,,,,,,0.78125,,,,,,21.9143423,39.312173,
17:57:59.890,,,,,,,,,,,,,,,,,,,,,,,,,,,,,,,,,,,,,,,,,,,,,,,,,,,,,,,,,,1.5625,,,,,,,21.9143423,39.312173,
17:57:59.941,,,,,,,,,,,,,,,,,,,,,,,,,,,,,,,,,,,,,,,,,,,,,,,,,,,,,,,,,,,1.5625,,,,,,21.9143423,39.312173,
17:57:59.981,,,,,,,,,,,,,,,,,,,,,,,,,,,,,,,,,,,,,,,,,,,,,,,,,,,,,,,,,,2.34375,,,,,,,21.9143423,39.312173,
17:58:00.034,,,,,,,,,,,,,,,,,,,,,,,,,,,,,,,,,,,,,,,,,,,,,,,,,,,,,,,,,,,1.5625,,,,,,21.9143423,39.312173,
17:58:00.098,,,,,,,,,,,,,,,,,,,,,,,,,,,,,,,,,,,,,,,,,,,,,,,,,,,,,,,,,,2.34375,,,,,,,21.9143423,39.312173,
17:58:00.162,,,,,,,,,,,,,,,,,,,,,,,,,,,,,,,,,,,,,,,,,,,,,,,,,,,,,,,,,,,1.5625,,,,,,21.9143423,39.312173,
17:58:00.213,,,,,,,,,,,,,,,,,,,,,,,,,,,,,,,,,,,,,,,,,,,,,,,,,,,,,,,,,,3.125,,,,,,,21.9143423,39.312173,
17:58:00.241,,,,,,,,,,,,,,,,,,,,,,,,,,,,,,,,,,,,,,,,,,,,,,,,,,,,,,,,,,,1.5625,,,,,,21.9143423,39.312173,
17:58:00.279,,,,,,,,,,,,,,,,,,,,,,,,,,,,,,,,,,,,,,,,,,,,,,,,,,,,,,,,,,3.125,,,,,,,21.9143423,39.312173,
17:58:00.343,,,,,,,,,,,,,,,,,,,,,,,,,,,,,,,,,,,,,,,,,,,,,,,,,,,,,,,,,,,0.78125,,,,,,21.9143423,39.312173,
17:58:00.397,,,,,,,,,,,,,,,,,,,,,,,,,,,,,,,,,,,,,,,,,,,,,,,,,,,,,,,,,,3.125,,,,,,,21.9143423,39.312173,
17:58:00.462,,,,,,,,,,,,,,,,,,,,,,,,,,,,,,,,,,,,,,,,,,,,,,,,,,,,,,,,,,,1.5625,,,,,,21.9143423,39.312173,
17:58:00.514,,,,,,,,,,,,,,,,,,,,,,,,,,,,,,,,,,,,,,,,,,,,,,,,,,,,,,,,,,2.34375,,,,,,,21.9143423,39.312173,
17:58:00.528,,,,,,,,,,,,,,,,,,137.70001220703125,,,,,,,,0.2503600140673585,,,,,,,,,,,,,,,,,,,,,,,,,,,,,,,,,,0.28951584398746494,,,,,21.9143423,39.312173,
17:58:00.528,,,,,,,,,,,,,,,,,,137.70001220703125,,,,,,,,0.25036003066791573,,,,,,,,,,,,,,,,,,,,,,,,,,,,,,,,,,0.28951584398746494,,,,,21.914342,39.3121745,
17:58:00.542,,,,,,,,,,,,,,,,,,,,,,,,,,,,,,,,,,,,,,,,,,,,,,,,,,,,,,,,,,,1.5625,,,,,,21.914342,39.3121745,
17:58:00.582,,,,,,,,,,,,,,,,,,,,,,,,,,,,,,,,,,,,,,,,,,,,,,,,,,,,,,,,,,2.34375,,,,,,,21.914342,39.3121745,
17:58:00.633,,,,,,,,,,,,,,,,,,,,,,,,,,,,,,,,,,,,,,,,,,,,,,,,,,,,,,,,,,,2.34375,,,,,,21.914342,39.3121745,
17:58:00.698,,,,,,,,,,,,,,,,,,,,,,,,,,,,,,,,,,,,,,,,,,,,,,,,,,,,,,,,,,2.34375,,,,,,,21.914342,39.3121745,
17:58:00.762,,,,,,,,,,,,,,,,,,,,,,,,,,,,,,,,,,,,,,,,,,,,,,,,,,,,,,,,,,,3.125,,,,,,21.914342,39.3121745,
17:58:00.826,,,,,,,,,,,,,,,,,,,,,,,,,,,,,,,,,,,,,,,,,,,,,,,,,,,,,,,,,,1.5625,,,,,,,21.914342,39.3121745,
17:58:00.876,,,,,,,,,,,,,,,,,,,,,,,,,,,,,,,,,,,,,,,,,,,,,,,,,,,,,,,,,,,2.34375,,,,,,21.914342,39.3121745,
17:58:00.941,,,,,,,,,,,,,,,,,,,,,,,,,,,,,,,,,,,,,,,,,,,,,,,,,,,,,,,,,,1.5625,,,,,,,21.914342,39.3121745,
17:58:01.002,,,,,,,,,,,,,,,,,,,,,,,,,,,,,,,,,,,,,,,,,,,,,,,,,,,,,,,,,,,1.5625,,,,,,21.914342,39.3121745,
17:58:01.055,,,,,,,,,,,,,,,,,,,,,,,,,,,,,,,,,,,,,,,,,,,,,,,,,,,,,,,,,,1.5625,,,,,,,21.914342,39.3121745,
17:58:01.105,,,,,,,,,,,,,,,,,,,,,,,,,,,,,,,,,,,,,,,,,,,,,,,,,,,,,,,,,,,0,,,,,,21.914342,39.3121745,
17:58:01.153,,,,,,,,,,,,,,,,,,,,,,,,,,,,,,,,,,,,,,,,,,,,,,,,,,,,,,,,,,0.78125,,,,,,,21.914342,39.3121745,
17:58:01.205,,,,,,,,,,,,,,,,,,,,,,,,,,,,,,,,,,,,,,,,,,,,,,,,,,,,,,,,,,,-0.78125,,,,,,21.914342,39.3121745,
17:58:01.233,,,,,,,,,,,,,,,,,,,,,,,,,,,,,,,,,,,,,,,,,,,,,,,,,,,,,,,,,,0,,,,,,,21.914342,39.3121745,
17:58:01.297,,,,,,,,,,,,,,,,,,,,,,,,,,,,,,,,,,,,,,,,,,,,,,,,,,,,,,,,,,,-1.5625,,,,,,21.914342,39.3121745,
17:58:01.362,,,,,,,,,,,,,,,,,,,,,,,,,,,,,,,,,,,,,,,,,,,,,,,,,,,,,,,,,,-0.78125,,,,,,,21.914342,39.3121745,
17:58:01.416,,,,,,,,,,,,,,,,,,,,,,,,,,,,,,,,,,,,,,,,,,,,,,,,,,,,,,,,,,,-2.34375,,,,,,21.914342,39.3121745,
17:58:01.489,,,,,,,,,,,,,,,,,,,,,,,,,,,,,,,,,,,,,,,,,,,,,,,,,,,,,,,,,,-1.5625,,,,,,,21.914342,39.3121745,
17:58:01.538,,,,,,,,,,,,,,,,,,137.70001220703125,,,,,,,,0.2505892012627063,,,,,,,,,,,,,,,,,,,,,,,,,,,,,,,,,,0.29891427755355837,,,,,21.914342,39.3121745,
17:58:01.538,,,,,,,,,,,,,,,,,,137.70001220703125,,,,,,,,0.2505892157375625,,,,,,,,,,,,,,,,,,,,,,,,,,,,,,,,,,0.29891427755355837,,,,,21.9143421,39.3121744,
17:58:01.542,,,,,,,,,,,,,,,,,,,,,,,,,,,,,,,,,,,,,,,,,,,,,,,,,,,,,,,,,,,-2.34375,,,,,,21.9143421,39.3121744,
17:58:01.601,,,,,,,,,,,,,,,,,,,,,,,,,,,,,,,,,,,,,,,,,,,,,,,,,,,,,,,,,,-1.5625,,,,,,,21.9143421,39.3121744,
17:58:01.652,,,,,,,,,,,,,,,,,,,,,,,,,,,,,,,,,,,,,,,,,,,,,,,,,,,,,,,,,,,-2.34375,,,,,,21.9143421,39.3121744,
17:58:01.718,,,,,,,,,,,,,,,,,,,,,,,,,,,,,,,,,,,,,,,,,,,,,,,,,,,,,,,,,,-2.34375,,,,,,,21.9143421,39.3121744,
17:58:01.795,,,,,,,,,,,,,,,,,,,,,,,,,,,,,,,,,,,,,,,,,,,,,,,,,,,,,,,,,,,-2.34375,,,,,,21.9143421,39.3121744,
17:58:01.838,,,,,,,,,,,,,,,,,,,,,,,,,,,,,,,,,,,,,,,,,,,,,,,,,,,,,,,,,,-3.125,,,,,,,21.9143421,39.3121744,
17:58:01.903,,,,,,,,,,,,,,,,,,,,,,,,,,,,,,,,,,,,,,,,,,,,,,,,,,,,,,,,,,,-3.125,,,,,,21.9143421,39.3121744,
17:58:01.958,,,,,,,,,,,,,,,,,,,,,,,,,,,,,,,,,,,,,,,,,,,,,,,,,,,,,,,,,,-3.125,,,,,,,21.9143421,39.3121744,
17:58:02.025,,,,,,,,,,,,,,,,,,,,,,,,,,,,,,,,,,,,,,,,,,,,,,,,,,,,,,,,,,,-3.90625,,,,,,21.9143421,39.3121744,
17:58:02.079,,,,,,,,,,,,,,,,,,,,,,,,,,,,,,,,,,,,,,,,,,,,,,,,,,,,,,,,,,-2.34375,,,,,,,21.9143421,39.3121744,
17:58:02.148,,,,,,,,,,,,,,,,,,,,,,,,,,,,,,,,,,,,,,,,,,,,,,,,,,,,,,,,,,,-3.90625,,,,,,21.9143421,39.3121744,
17:58:02.192,,,,,,,,,,,,,,,,,,,,,,,,,,,,,,,,,,,,,,,,,,,,,,,,,,,,,,,,,,-2.34375,,,,,,,21.9143421,39.3121744,
17:58:02.223,,,,,,,,,,,,,,,,,,,,,,,,,,,,,,,,,,,,,,,,,,,,,,,,,,,,,,,,,,,-3.90625,,,,,,21.9143421,39.3121744,
17:58:02.261,,,,,,,,,,,,,,,,,,,,,,,,,,,,,,,,,,,,,,,,,,,,,,,,,,,,,,,,,,-2.34375,,,,,,,21.9143421,39.3121744,
17:58:02.338,,,,,,,,,,,,,,,,,,,,,,,,,,,,,,,,,,,,,,,,,,,,,,,,,,,,,,,,,,,-3.90625,,,,,,21.9143421,39.3121744,
17:58:02.376,,,,,,,,,,,,,,,,,,,,,,,,,,,,,,,,,,,,,,,,,,,,,,,,,,,,,,,,,,-2.34375,,,,,,,21.9143421,39.3121744,
17:58:02.436,,,,,,,,,,,,,,,,,,,,,,,,,,,,,,,,,,,,,,,,,,,,,,,,,,,,,,,,,,,-3.125,,,,,,21.9143421,39.3121744,
17:58:02.499,,,,,,,,,,,,,,,,,,,,,,,,,,,,,,,,,,,,,,,,,,,,,,,,,,,,,,,,,,-3.125,,,,,,,21.9143421,39.3121744,
17:58:02.522,,,,,,,,,,,,,,,,,,137.70001220703125,,,,,,,,0.2507731176467103,,,,,,,,,,,,,,,,,,,,,,,,,,,,,,,,,,0.29075379073619845,,,,,21.9143421,39.3121744,
17:58:02.523,,,,,,,,,,,,,,,,,,137.70001220703125,,,,,,,,0.2507731335842527,,,,,,,,,,,,,,,,,,,,,,,,,,,,,,,,,,0.29075379073619845,,,,,21.9143422,39.3121743,
17:58:02.561,,,,,,,,,,,,,,,,,,,,,,,,,,,,,,,,,,,,,,,,,,,,,,,,,,,,,,,,,,,-3.125,,,,,,21.9143422,39.3121743,
17:58:02.613,,,,,,,,,,,,,,,,,,,,,,,,,,,,,,,,,,,,,,,,,,,,,,,,,,,,,,,,,,-2.34375,,,,,,,21.9143422,39.3121743,
17:58:02.642,,,,,,,,,,,,,,,,,,,,,,,,,,,,,,,,,,,,,,,,,,,,,,,,,,,,,,,,,,,-3.125,,,,,,21.9143422,39.3121743,
17:58:02.682,,,,,,,,,,,,,,,,,,,,,,,,,,,,,,,,,,,,,,,,,,,,,,,,,,,,,,,,,,-2.34375,,,,,,,21.9143422,39.3121743,
17:58:02.734,,,,,,,,,,,,,,,,,,,,,,,,,,,,,,,,,,,,,,,,,,,,,,,,,,,,,,,,,,,-3.90625,,,,,,21.9143422,39.3121743,
17:58:02.800,,,,,,,,,,,,,,,,,,,,,,,,,,,,,,,,,,,,,,,,,,,,,,,,,,,,,,,,,,-2.34375,,,,,,,21.9143422,39.3121743,
17:58:02.867,,,,,,,,,,,,,,,,,,,,,,,,,,,,,,,,,,,,,,,,,,,,,,,,,,,,,,,,,,,-3.90625,,,,,,21.9143422,39.3121743,
17:58:02.919,,,,,,,,,,,,,,,,,,,,,,,,,,,,,,,,,,,,,,,,,,,,,,,,,,,,,,,,,,-2.34375,,,,,,,21.9143422,39.3121743,
17:58:02.982,,,,,,,,,,,,,,,,,,,,,,,,,,,,,,,,,,,,,,,,,,,,,,,,,,,,,,,,,,,-3.90625,,,,,,21.9143422,39.3121743,
17:58:03.033,,,,,,,,,,,,,,,,,,,,,,,,,,,,,,,,,,,,,,,,,,,,,,,,,,,,,,,,,,-2.34375,,,,,,,21.9143422,39.3121743,
17:58:03.086,,,,,,,,,,,,,,,,,,,,,,,,,,,,,,,,,,,,,,,,,,,,,,,,,,,,,,,,,,,-3.90625,,,,,,21.9143422,39.3121743,
17:58:03.126,,,,,,,,,,,,,,,,,,,,,,,,,,,,,,,,,,,,,,,,,,,,,,,,,,,,,,,,,,-2.34375,,,,,,,21.9143422,39.3121743,
17:58:03.185,,,,,,,,,,,,,,,,,,,,,,,,,,,,,,,,,,,,,,,,,,,,,,,,,,,,,,,,,,,-3.90625,,,,,,21.9143422,39.3121743,
17:58:03.222,,,,,,,,,,,,,,,,,,,,,,,,,,,,,,,,,,,,,,,,,,,,,,,,,,,,,,,,,,-2.34375,,,,,,,21.9143422,39.3121743,
17:58:03.270,,,,,,,,,,,,,,,,,,,,,,,,,,,,,,,,,,,,,,,,,,,,,,,,,,,,,,,,,,,-3.90625,,,,,,21.9143422,39.3121743,
17:58:03.311,,,,,,,,,,,,,,,,,,,,,,,,,,,,,,,,,,,,,,,,,,,,,,,,,,,,,,,,,,-1.5625,,,,,,,21.9143422,39.3121743,
17:58:03.375,,,,,,,,,,,,,,,,,,,,,,,,,,,,,,,,,,,,,,,,,,,,,,,,,,,,,,,,,,,-3.125,,,,,,21.9143422,39.3121743,
17:58:03.426,,,,,,,,,,,,,,,,,,,,,,,,,,,,,,,,,,,,,,,,,,,,,,,,,,,,,,,,,,-1.5625,,,,,,,21.9143422,39.3121743,
17:58:03.490,,,,,,,,,,,,,,,,,,,,,,,,,,,,,,,,,,,,,,,,,,,,,,,,,,,,,,,,,,,-3.125,,,,,,21.9143422,39.3121743,
17:58:03.531,,,,,,,,,,,,,,,,,,137.70001220703125,,,,,,,,0.25098002171566997,,,,,,,,,,,,,,,,,,,,,,,,,,,,,,,,,,0.29505935311317444,,,,,21.9143422,39.3121743,
17:58:03.532,,,,,,,,,,,,,,,,,,137.70001220703125,,,,,,,,0.25098004349056274,,,,,,,,,,,,,,,,,,,,,,,,,,,,,,,,,,0.29505935311317444,,,,,21.9143424,39.3121743,
17:58:03.613,,,,,,,,,,,,,,,,,,,,,,,,,,,,,,,,,,,,,,,,,,,,,,,,,,,,,,,,,,-0.78125,,,,,,,21.9143424,39.3121743,
17:58:03.701,,,,,,,,,,,,,,,,,,,,,,,,,,,,,,,,,,,,,,,,,,,,,,,,,,,,,,,,,,,-2.34375,,,,,,21.9143424,39.3121743,
17:58:03.781,,,,,,,,,,,,,,,,,,,,,,,,,,,,,,,,,,,,,,,,,,,,,,,,,,,,,,,,,,-0.78125,,,,,,,21.9143424,39.3121743,
17:58:03.870,,,,,,,,,,,,,,,,,,,,,,,,,,,,,,,,,,,,,,,,,,,,,,,,,,,,,,,,,,,-2.34375,,,,,,21.9143424,39.3121743,
17:58:03.957,,,,,,,,,,,,,,,,,,,,,,,,,,,,,,,,,,,,,,,,,,,,,,,,,,,,,,,,,,-1.5625,,,,,,,21.9143424,39.3121743,
17:58:04.063,,,,,,,,,,,,,,,,,,,,,,,,,,,,,,,,,,,,,,,,,,,,,,,,,,,,,,,,,,,-3.125,,,,,,21.9143424,39.3121743,
17:58:04.118,,,,,,,,,,,,,,,,,,,,,,,,,,,,,,,,,,,,,,,,,,,,,,,,,,,,,,,,,,-0.78125,,,,,,,21.9143424,39.3121743,
17:58:04.182,,,,,,,,,,,,,,,,,,,,,,,,,,,,,,,,,,,,,,,,,,,,,,,,,,,,,,,,,,,-3.125,,,,,,21.9143424,39.3121743,
17:58:04.234,,,,,,,,,,,,,,,,,,,,,,,,,,,,,,,,,,,,,,,,,,,,,,,,,,,,,,,,,,-0.78125,,,,,,,21.9143424,39.3121743,
17:58:04.300,,,,,,,,,,,,,,,,,,,,,,,,,,,,,,,,,,,,,,,,,,,,,,,,,,,,,,,,,,,-2.34375,,,,,,21.9143424,39.3121743,
17:58:04.362,,,,,,,,,,,,,,,,,,,,,,,,,,,,,,,,,,,,,,,,,,,,,,,,,,,,,,,,,,-0.78125,,,,,,,21.9143424,39.3121743,
17:58:04.413,,,,,,,,,,,,,,,,,,,,,,,,,,,,,,,,,,,,,,,,,,,,,,,,,,,,,,,,,,,-2.34375,,,,,,21.9143424,39.3121743,
17:58:04.441,,,,,,,,,,,,,,,,,,,,,,,,,,,,,,,,,,,,,,,,,,,,,,,,,,,,,,,,,,-0.78125,,,,,,,21.9143424,39.3121743,
17:58:04.470,,,,,,,,,,,,,,,,,,,,,,,,,,,,,,,,,,,,,,,,,,,,,,,,,,,,,,,,,,,-1.5625,,,,,,21.9143424,39.3121743,
17:58:04.513,,,,,,,,,,,,,,,,,,,,,,,,,,,,,,,,,,,,,,,,,,,,,,,,,,,,,,,,,,-1.5625,,,,,,,21.9143424,39.3121743,
17:58:04.536,,,,,,,,,,,,,,,,,,137.70001220703125,,,,,,,,0.25116417182488054,,,,,,,,,,,,,,,,,,,,,,,,,,,,,,,,,,0.29076682627201084,,,,,21.9143424,39.3121743,
17:58:04.536,,,,,,,,,,,,,,,,,,137.70001220703125,,,,,,,,0.2511641902575208,,,,,,,,,,,,,,,,,,,,,,,,,,,,,,,,,,0.29076682627201084,,,,,21.9143425,39.3121742,
17:58:04.565,,,,,,,,,,,,,,,,,,,,,,,,,,,,,,,,,,,,,,,,,,,,,,,,,,,,,,,,,,,-1.5625,,,,,,21.9143425,39.3121742,
17:58:04.601,,,,,,,,,,,,,,,,,,,,,,,,,,,,,,,,,,,,,,,,,,,,,,,,,,,,,,,,,,-2.34375,,,,,,,21.9143425,39.3121742,
17:58:04.653,,,,,,,,,,,,,,,,,,,,,,,,,,,,,,,,,,,,,,,,,,,,,,,,,,,,,,,,,,,-1.5625,,,,,,21.9143425,39.3121742,
17:58:04.685,,,,,,,,,,,,,,,,,,,,,,,,,,,,,,,,,,,,,,,,,,,,,,,,,,,,,,,,,,-2.34375,,,,,,,21.9143425,39.3121742,
17:58:04.741,,,,,,,,,,,,,,,,,,,,,,,,,,,,,,,,,,,,,,,,,,,,,,,,,,,,,,,,,,,-1.5625,,,,,,21.9143425,39.3121742,
17:58:04.769,,,,,,,,,,,,,,,,,,,,,,,,,,,,,,,,,,,,,,,,,,,,,,,,,,,,,,,,,,-2.34375,,,,,,,21.9143425,39.3121742,
17:58:04.811,,,,,,,,,,,,,,,,,,,,,,,,,,,,,,,,,,,,,,,,,,,,,,,,,,,,,,,,,,,-1.5625,,,,,,21.9143425,39.3121742,
17:58:04.866,,,,,,,,,,,,,,,,,,,,,,,,,,,,,,,,,,,,,,,,,,,,,,,,,,,,,,,,,,-2.34375,,,,,,,21.9143425,39.3121742,
17:58:04.900,,,,,,,,,,,,,,,,,,,,,,,,,,,,,,,,,,,,,,,,,,,,,,,,,,,,,,,,,,,-2.34375,,,,,,21.9143425,39.3121742,
17:58:04.960,,,,,,,,,,,,,,,,,,,,,,,,,,,,,,,,,,,,,,,,,,,,,,,,,,,,,,,,,,-2.34375,,,,,,,21.9143425,39.3121742,
17:58:05.022,,,,,,,,,,,,,,,,,,,,,,,,,,,,,,,,,,,,,,,,,,,,,,,,,,,,,,,,,,,-3.125,,,,,,21.9143425,39.3121742,
17:58:05.099,,,,,,,,,,,,,,,,,,,,,,,,,,,,,,,,,,,,,,,,,,,,,,,,,,,,,,,,,,-2.34375,,,,,,,21.9143425,39.3121742,
17:58:05.130,,,,,,,,,,,,,,,,,,,,,,,,,,,,,,,,,,,,,,,,,,,,,,,,,,,,,,,,,,,-3.125,,,,,,21.9143425,39.3121742,
17:58:05.159,,,,,,,,,,,,,,,,,,,,,,,,,,,,,,,,,,,,,,,,,,,,,,,,,,,,,,,,,,-2.34375,,,,,,,21.9143425,39.3121742,
17:58:05.226,,,,,,,,,,,,,,,,,,,,,,,,,,,,,,,,,,,,,,,,,,,,,,,,,,,,,,,,,,,-3.125,,,,,,21.9143425,39.3121742,
17:58:05.290,,,,,,,,,,,,,,,,,,,,,,,,,,,,,,,,,,,,,,,,,,,,,,,,,,,,,,,,,,-3.125,,,,,,,21.9143425,39.3121742,
17:58:05.340,,,,,,,,,,,,,,,,,,,,,,,,,,,,,,,,,,,,,,,,,,,,,,,,,,,,,,,,,,,-3.125,,,,,,21.9143425,39.3121742,
17:58:05.383,,,,,,,,,,,,,,,,,,,,,,,,,,,,,,,,,,,,,,,,,,,,,,,,,,,,,,,,,,-2.34375,,,,,,,21.9143425,39.3121742,
17:58:05.433,,,,,,,,,,,,,,,,,,,,,,,,,,,,,,,,,,,,,,,,,,,,,,,,,,,,,,,,,,,-3.90625,,,,,,21.9143425,39.3121742,
17:58:05.463,,,,,,,,,,,,,,,,,,,,,,,,,,,,,,,,,,,,,,,,,,,,,,,,,,,,,,,,,,-2.34375,,,,,,,21.9143425,39.3121742,
17:58:05.520,,,,,,,,,,,,,,,,,,,,,,,,,,,,,,,,,,,,,,,,,,,,,,,,,,,,,,,,,,,-3.90625,,,,,,21.9143425,39.3121742,
17:58:05.546,,,,,,,,,,,,,,,,,,137.70001220703125,,,,,,,,0.2512593738713472,,,,,,,,,,,,,,,,,,,,,,,,,,,,,,,,,,0.27170568108558657,,,,,21.9143425,39.3121742,
17:58:05.546,,,,,,,,,,,,,,,,,,137.70001220703125,,,,,,,,0.2512593806802347,,,,,,,,,,,,,,,,,,,,,,,,,,,,,,,,,,0.27170568108558657,,,,,21.9143428,39.3121739,
17:58:05.553,,,,,,,,,,,,,,,,,,,,,,,,,,,,,,,,,,,,,,,,,,,,,,,,,,,,,,,,,,-2.34375,,,,,,,21.9143428,39.3121739,
17:58:05.589,,,,,,,,,,,,,,,,,,,,,,,,,,,,,,,,,,,,,,,,,,,,,,,,,,,,,,,,,,,-3.90625,,,,,,21.9143428,39.3121739,
17:58:05.642,,,,,,,,,,,,,,,,,,,,,,,,,,,,,,,,,,,,,,,,,,,,,,,,,,,,,,,,,,-2.34375,,,,,,,21.9143428,39.3121739,
17:58:05.719,,,,,,,,,,,,,,,,,,,,,,,,,,,,,,,,,,,,,,,,,,,,,,,,,,,,,,,,,,,-3.125,,,,,,21.9143428,39.3121739,
17:58:05.770,,,,,,,,,,,,,,,,,,,,,,,,,,,,,,,,,,,,,,,,,,,,,,,,,,,,,,,,,,-3.125,,,,,,,21.9143428,39.3121739,
17:58:05.834,,,,,,,,,,,,,,,,,,,,,,,,,,,,,,,,,,,,,,,,,,,,,,,,,,,,,,,,,,,-3.125,,,,,,21.9143428,39.3121739,
17:58:05.885,,,,,,,,,,,,,,,,,,,,,,,,,,,,,,,,,,,,,,,,,,,,,,,,,,,,,,,,,,-3.125,,,,,,,21.9143428,39.3121739,
17:58:05.950,,,,,,,,,,,,,,,,,,,,,,,,,,,,,,,,,,,,,,,,,,,,,,,,,,,,,,,,,,,-3.125,,,,,,21.9143428,39.3121739,
17:58:06.014,,,,,,,,,,,,,,,,,,,,,,,,,,,,,,,,,,,,,,,,,,,,,,,,,,,,,,,,,,-2.34375,,,,,,,21.9143428,39.3121739,
17:58:06.062,,,,,,,,,,,,,,,,,,,,,,,,,,,,,,,,,,,,,,,,,,,,,,,,,,,,,,,,,,,-3.125,,,,,,21.9143428,39.3121739,
17:58:06.090,,,,,,,,,,,,,,,,,,,,,,,,,,,,,,,,,,,,,,,,,,,,,,,,,,,,,,,,,,-2.34375,,,,,,,21.9143428,39.3121739,
17:58:06.132,,,,,,,,,,,,,,,,,,,,,,,,,,,,,,,,,,,,,,,,,,,,,,,,,,,,,,,,,,,-3.125,,,,,,21.9143428,39.3121739,
17:58:06.187,,,,,,,,,,,,,,,,,,,,,,,,,,,,,,,,,,,,,,,,,,,,,,,,,,,,,,,,,,-1.5625,,,,,,,21.9143428,39.3121739,
17:58:06.254,,,,,,,,,,,,,,,,,,,,,,,,,,,,,,,,,,,,,,,,,,,,,,,,,,,,,,,,,,,-3.125,,,,,,21.9143428,39.3121739,
17:58:06.305,,,,,,,,,,,,,,,,,,,,,,,,,,,,,,,,,,,,,,,,,,,,,,,,,,,,,,,,,,-1.5625,,,,,,,21.9143428,39.3121739,
17:58:06.378,,,,,,,,,,,,,,,,,,,,,,,,,,,,,,,,,,,,,,,,,,,,,,,,,,,,,,,,,,,-2.34375,,,,,,21.9143428,39.3121739,
17:58:06.426,,,,,,,,,,,,,,,,,,,,,,,,,,,,,,,,,,,,,,,,,,,,,,,,,,,,,,,,,,-1.5625,,,,,,,21.9143428,39.3121739,
17:58:06.485,,,,,,,,,,,,,,,,,,,,,,,,,,,,,,,,,,,,,,,,,,,,,,,,,,,,,,,,,,,-2.34375,,,,,,21.9143428,39.3121739,
17:58:06.521,,,,,,,,,,,,,,,,,,,,,,,,,,,,,,,,,,,,,,,,,,,,,,,,,,,,,,,,,,-0.78125,,,,,,,21.9143428,39.3121739,
17:58:06.530,,,,,,,,,,,,,,,,,,137.70001220703125,,,,,,,,0.2513518339536241,,,,,,,,,,,,,,,,,,,,,,,,,,,,,,,,,,0.27183136940002445,,,,,21.9143428,39.3121739,
17:58:06.531,,,,,,,,,,,,,,,,,,137.70001220703125,,,,,,,,0.2513518414255955,,,,,,,,,,,,,,,,,,,,,,,,,,,,,,,,,,0.27183136940002445,,,,,21.9143427,39.3121739,
17:58:06.573,,,,,,,,,,,,,,,,,,,,,,,,,,,,,,,,,,,,,,,,,,,,,,,,,,,,,,,,,,,-2.34375,,,,,,21.9143427,39.3121739,
17:58:06.638,,,,,,,,,,,,,,,,,,,,,,,,,,,,,,,,,,,,,,,,,,,,,,,,,,,,,,,,,,-0.78125,,,,,,,21.9143427,39.3121739,
17:58:06.713,,,,,,,,,,,,,,,,,,,,,,,,,,,,,,,,,,,,,,,,,,,,,,,,,,,,,,,,,,,-1.5625,,,,,,21.9143427,39.3121739,
17:58:06.758,,,,,,,,,,,,,,,,,,,,,,,,,,,,,,,,,,,,,,,,,,,,,,,,,,,,,,,,,,0,,,,,,,21.9143427,39.3121739,
17:58:06.821,,,,,,,,,,,,,,,,,,,,,,,,,,,,,,,,,,,,,,,,,,,,,,,,,,,,,,,,,,,-1.5625,,,,,,21.9143427,39.3121739,
17:58:06.877,,,,,,,,,,,,,,,,,,,,,,,,,,,,,,,,,,,,,,,,,,,,,,,,,,,,,,,,,,0,,,,,,,21.9143427,39.3121739,
17:58:06.941,,,,,,,,,,,,,,,,,,,,,,,,,,,,,,,,,,,,,,,,,,,,,,,,,,,,,,,,,,,-0.78125,,,,,,21.9143427,39.3121739,
17:58:07.022,,,,,,,,,,,,,,,,,,,,,,,,,,,,,,,,,,,,,,,,,,,,,,,,,,,,,,,,,,-0.78125,,,,,,,21.9143427,39.3121739,
17:58:07.090,,,,,,,,,,,,,,,,,,,,,,,,,,,,,,,,,,,,,,,,,,,,,,,,,,,,,,,,,,,-0.78125,,,,,,21.9143427,39.3121739,
17:58:07.144,,,,,,,,,,,,,,,,,,,,,,,,,,,,,,,,,,,,,,,,,,,,,,,,,,,,,,,,,,-0.78125,,,,,,,21.9143427,39.3121739,
17:58:07.181,,,,,,,,,,,,,,,,,,,,,,,,,,,,,,,,,,,,,,,,,,,,,,,,,,,,,,,,,,,-0.78125,,,,,,21.9143427,39.3121739,
17:58:07.241,,,,,,,,,,,,,,,,,,,,,,,,,,,,,,,,,,,,,,,,,,,,,,,,,,,,,,,,,,-0.78125,,,,,,,21.9143427,39.3121739,
17:58:07.302,,,,,,,,,,,,,,,,,,,,,,,,,,,,,,,,,,,,,,,,,,,,,,,,,,,,,,,,,,,-0.78125,,,,,,21.9143427,39.3121739,
17:58:07.354,,,,,,,,,,,,,,,,,,,,,,,,,,,,,,,,,,,,,,,,,,,,,,,,,,,,,,,,,,-0.78125,,,,,,,21.9143427,39.3121739,
17:58:07.382,,,,,,,,,,,,,,,,,,,,,,,,,,,,,,,,,,,,,,,,,,,,,,,,,,,,,,,,,,,-0.78125,,,,,,21.9143427,39.3121739,
17:58:07.447,,,,,,,,,,,,,,,,,,,,,,,,,,,,,,,,,,,,,,,,,,,,,,,,,,,,,,,,,,-0.78125,,,,,,,21.9143427,39.3121739,
17:58:07.521,,,,,,,,,,,,,,,,,,,,,,,,,,,,,,,,,,,,,,,,,,,,,,,,,,,,,,,,,,,0,,,,,,21.9143427,39.3121739,
17:58:07.543,,,,,,,,,,,,,,,,,,137.70001220703125,,,,,,,,0.25152126375740924,,,,,,,,,,,,,,,,,,,,,,,,,,,,,,,,,,0.28816033601760865,,,,,21.9143427,39.3121739,
17:58:07.543,,,,,,,,,,,,,,,,,,137.70001220703125,,,,,,,,0.251521278662412,,,,,,,,,,,,,,,,,,,,,,,,,,,,,,,,,,0.28816033601760865,,,,,21.9143421,39.3121765,
17:58:07.562,,,,,,,,,,,,,,,,,,,,,,,,,,,,,,,,,,,,,,,,,,,,,,,,,,,,,,,,,,0,,,,,,,21.9143421,39.3121765,
17:58:07.602,,,,,,,,,,,,,,,,,,,,,,,,,,,,,,,,,,,,,,,,,,,,,,,,,,,,,,,,,,,0,,,,,,21.9143421,39.3121765,
17:58:07.653,,,,,,,,,,,,,,,,,,,,,,,,,,,,,,,,,,,,,,,,,,,,,,,,,,,,,,,,,,0,,,,,,,21.9143421,39.3121765,
17:58:07.721,,,,,,,,,,,,,,,,,,,,,,,,,,,,,,,,,,,,,,,,,,,,,,,,,,,,,,,,,,,-0.78125,,,,,,21.9143421,39.3121765,
17:58:07.774,,,,,,,,,,,,,,,,,,,,,,,,,,,,,,,,,,,,,,,,,,,,,,,,,,,,,,,,,,0.78125,,,,,,,21.9143421,39.3121765,
17:58:07.802,,,,,,,,,,,,,,,,,,,,,,,,,,,,,,,,,,,,,,,,,,,,,,,,,,,,,,,,,,,-0.78125,,,,,,21.9143421,39.3121765,
17:58:07.842,,,,,,,,,,,,,,,,,,,,,,,,,,,,,,,,,,,,,,,,,,,,,,,,,,,,,,,,,,0.78125,,,,,,,21.9143421,39.3121765,
17:58:07.894,,,,,,,,,,,,,,,,,,,,,,,,,,,,,,,,,,,,,,,,,,,,,,,,,,,,,,,,,,,-0.78125,,,,,,21.9143421,39.3121765,
17:58:07.921,,,,,,,,,,,,,,,,,,,,,,,,,,,,,,,,,,,,,,,,,,,,,,,,,,,,,,,,,,0.78125,,,,,,,21.9143421,39.3121765,
17:58:07.961,,,,,,,,,,,,,,,,,,,,,,,,,,,,,,,,,,,,,,,,,,,,,,,,,,,,,,,,,,,-0.78125,,,,,,21.9143421,39.3121765,
17:58:08.027,,,,,,,,,,,,,,,,,,,,,,,,,,,,,,,,,,,,,,,,,,,,,,,,,,,,,,,,,,0,,,,,,,21.9143421,39.3121765,
17:58:08.082,,,,,,,,,,,,,,,,,,,,,,,,,,,,,,,,,,,,,,,,,,,,,,,,,,,,,,,,,,,0,,,,,,21.9143421,39.3121765,
17:58:08.133,,,,,,,,,,,,,,,,,,,,,,,,,,,,,,,,,,,,,,,,,,,,,,,,,,,,,,,,,,0.78125,,,,,,,21.9143421,39.3121765,
17:58:08.162,,,,,,,,,,,,,,,,,,,,,,,,,,,,,,,,,,,,,,,,,,,,,,,,,,,,,,,,,,,0.78125,,,,,,21.9143421,39.3121765,
17:58:08.202,,,,,,,,,,,,,,,,,,,,,,,,,,,,,,,,,,,,,,,,,,,,,,,,,,,,,,,,,,0.78125,,,,,,,21.9143421,39.3121765,
17:58:08.253,,,,,,,,,,,,,,,,,,,,,,,,,,,,,,,,,,,,,,,,,,,,,,,,,,,,,,,,,,,0,,,,,,21.9143421,39.3121765,
17:58:08.317,,,,,,,,,,,,,,,,,,,,,,,,,,,,,,,,,,,,,,,,,,,,,,,,,,,,,,,,,,0,,,,,,,21.9143421,39.3121765,
17:58:08.382,,,,,,,,,,,,,,,,,,,,,,,,,,,,,,,,,,,,,,,,,,,,,,,,,,,,,,,,,,,-0.78125,,,,,,21.9143421,39.3121765,
17:58:08.434,,,,,,,,,,,,,,,,,,,,,,,,,,,,,,,,,,,,,,,,,,,,,,,,,,,,,,,,,,0,,,,,,,21.9143421,39.3121765,
17:58:08.461,,,,,,,,,,,,,,,,,,,,,,,,,,,,,,,,,,,,,,,,,,,,,,,,,,,,,,,,,,,-0.78125,,,,,,21.9143421,39.3121765,
17:58:08.501,,,,,,,,,,,,,,,,,,,,,,,,,,,,,,,,,,,,,,,,,,,,,,,,,,,,,,,,,,0,,,,,,,21.9143421,39.3121765,
17:58:08.534,,,,,,,,,,,,,,,,,,137.70001220703125,,,,,,,,0.2516960597582891,,,,,,,,,,,,,,,,,,,,,,,,,,,,,,,,,,0.29051349163055423,,,,,21.9143421,39.3121765,
17:58:08.534,,,,,,,,,,,,,,,,,,137.70001220703125,,,,,,,,0.2516960713334106,,,,,,,,,,,,,,,,,,,,,,,,,,,,,,,,,,0.29051349163055423,,,,,21.9143421,39.3121764,
17:58:08.548,,,,,,,,,,,,,,,,,,,,,,,,,,,,,,,,,,,,,,,,,,,,,,,,,,,,,,,,,,,-1.5625,,,,,,21.9143421,39.3121764,
17:58:08.586,,,,,,,,,,,,,,,,,,,,,,,,,,,,,,,,,,,,,,,,,,,,,,,,,,,,,,,,,,0,,,,,,,21.9143421,39.3121764,
17:58:08.650,,,,,,,,,,,,,,,,,,,,,,,,,,,,,,,,,,,,,,,,,,,,,,,,,,,,,,,,,,,-1.5625,,,,,,21.9143421,39.3121764,
17:58:08.714,,,,,,,,,,,,,,,,,,,,,,,,,,,,,,,,,,,,,,,,,,,,,,,,,,,,,,,,,,0,,,,,,,21.9143421,39.3121764,
17:58:08.767,,,,,,,,,,,,,,,,,,,,,,,,,,,,,,,,,,,,,,,,,,,,,,,,,,,,,,,,,,,-1.5625,,,,,,21.9143421,39.3121764,
17:58:08.829,,,,,,,,,,,,,,,,,,,,,,,,,,,,,,,,,,,,,,,,,,,,,,,,,,,,,,,,,,0,,,,,,,21.9143421,39.3121764,
17:58:08.885,,,,,,,,,,,,,,,,,,,,,,,,,,,,,,,,,,,,,,,,,,,,,,,,,,,,,,,,,,,-2.34375,,,,,,21.9143421,39.3121764,
17:58:08.964,,,,,,,,,,,,,,,,,,,,,,,,,,,,,,,,,,,,,,,,,,,,,,,,,,,,,,,,,,-0.78125,,,,,,,21.9143421,39.3121764,
17:58:09.005,,,,,,,,,,,,,,,,,,,,,,,,,,,,,,,,,,,,,,,,,,,,,,,,,,,,,,,,,,,-2.34375,,,,,,21.9143421,39.3121764,
17:58:09.070,,,,,,,,,,,,,,,,,,,,,,,,,,,,,,,,,,,,,,,,,,,,,,,,,,,,,,,,,,-0.78125,,,,,,,21.9143421,39.3121764,
17:58:09.123,,,,,,,,,,,,,,,,,,,,,,,,,,,,,,,,,,,,,,,,,,,,,,,,,,,,,,,,,,,-1.5625,,,,,,21.9143421,39.3121764,
17:58:09.170,,,,,,,,,,,,,,,,,,,,,,,,,,,,,,,,,,,,,,,,,,,,,,,,,,,,,,,,,,-0.78125,,,,,,,21.9143421,39.3121764,
17:58:09.215,,,,,,,,,,,,,,,,,,,,,,,,,,,,,,,,,,,,,,,,,,,,,,,,,,,,,,,,,,,-0.78125,,,,,,21.9143421,39.3121764,
17:58:09.241,,,,,,,,,,,,,,,,,,,,,,,,,,,,,,,,,,,,,,,,,,,,,,,,,,,,,,,,,,-0.78125,,,,,,,21.9143421,39.3121764,
17:58:09.279,,,,,,,,,,,,,,,,,,,,,,,,,,,,,,,,,,,,,,,,,,,,,,,,,,,,,,,,,,,-0.78125,,,,,,21.9143421,39.3121764,
17:58:09.353,,,,,,,,,,,,,,,,,,,,,,,,,,,,,,,,,,,,,,,,,,,,,,,,,,,,,,,,,,0.78125,,,,,,,21.9143421,39.3121764,
17:58:09.398,,,,,,,,,,,,,,,,,,,,,,,,,,,,,,,,,,,,,,,,,,,,,,,,,,,,,,,,,,,0.78125,,,,,,21.9143421,39.3121764,
17:58:09.461,,,,,,,,,,,,,,,,,,,,,,,,,,,,,,,,,,,,,,,,,,,,,,,,,,,,,,,,,,2.34375,,,,,,,21.9143421,39.3121764,
17:58:09.513,,,,,,,,,,,,,,,,,,,,,,,,,,,,,,,,,,,,,,,,,,,,,,,,,,,,,,,,,,,2.34375,,,,,,21.9143421,39.3121764,
17:58:09.541,,,,,,,,,,,,,,,,,,137.70001220703125,,,,,,,,0.25194236895874533,,,,,,,,,,,,,,,,,,,,,,,,,,,,,,,,,,0.3059879332780838,,,,,21.9143421,39.3121764,
17:58:09.541,,,,,,,,,,,,,,,,,,137.70001220703125,,,,,,,,0.25194238483127646,,,,,,,,,,,,,,,,,,,,,,,,,,,,,,,,,,0.3059879332780838,,,,,21.9143422,39.3121763,
17:58:09.590,,,,,,,,,,,,,,,,,,,,,,,,,,,,,,,,,,,,,,,,,,,,,,,,,,,,,,,,,,3.125,,,,,,,21.9143422,39.3121763,
17:58:09.641,,,,,,,,,,,,,,,,,,,,,,,,,,,,,,,,,,,,,,,,,,,,,,,,,,,,,,,,,,,3.125,,,,,,21.9143422,39.3121763,
17:58:09.694,,,,,,,,,,,,,,,,,,,,,,,,,,,,,,,,,,,,,,,,,,,,,,,,,,,,,,,,,,3.90625,,,,,,,21.9143422,39.3121763,
17:58:09.757,,,,,,,,,,,,,,,,,,,,,,,,,,,,,,,,,,,,,,,,,,,,,,,,,,,,,,,,,,,3.90625,,,,,,21.9143422,39.3121763,
17:58:09.829,,,,,,,,,,,,,,,,,,,,,,,,,,,,,,,,,,,,,,,,,,,,,,,,,,,,,,,,,,3.90625,,,,,,,21.9143422,39.3121763,
17:58:09.882,,,,,,,,,,,,,,,,,,,,,,,,,,,,,,,,,,,,,,,,,,,,,,,,,,,,,,,,,,,3.90625,,,,,,21.9143422,39.3121763,
17:58:09.932,,,,,,,,,,,,,,,,,,,,,,,,,,,,,,,,,,,,,,,,,,,,,,,,,,,,,,,,,,3.125,,,,,,,21.9143422,39.3121763,
17:58:09.969,,,,,,,,,,,,,,,,,,,,,,,,,,,,,,,,,,,,,,,,,,,,,,,,,,,,,,,,,,,3.125,,,,,,21.9143422,39.3121763,
17:58:10.030,,,,,,,,,,,,,,,,,,,,,,,,,,,,,,,,,,,,,,,,,,,,,,,,,,,,,,,,,,2.34375,,,,,,,21.9143422,39.3121763,
17:58:10.084,,,,,,,,,,,,,,,,,,,,,,,,,,,,,,,,,,,,,,,,,,,,,,,,,,,,,,,,,,,3.125,,,,,,21.9143422,39.3121763,
17:58:10.127,,,,,,,,,,,,,,,,,,,,,,,,,,,,,,,,,,,,,,,,,,,,,,,,,,,,,,,,,,1.5625,,,,,,,21.9143422,39.3121763,
17:58:10.178,,,,,,,,,,,,,,,,,,,,,,,,,,,,,,,,,,,,,,,,,,,,,,,,,,,,,,,,,,,2.34375,,,,,,21.9143422,39.3121763,
17:58:10.241,,,,,,,,,,,,,,,,,,,,,,,,,,,,,,,,,,,,,,,,,,,,,,,,,,,,,,,,,,0,,,,,,,21.9143422,39.3121763,
17:58:10.295,,,,,,,,,,,,,,,,,,,,,,,,,,,,,,,,,,,,,,,,,,,,,,,,,,,,,,,,,,,1.5625,,,,,,21.9143422,39.3121763,
17:58:10.375,,,,,,,,,,,,,,,,,,,,,,,,,,,,,,,,,,,,,,,,,,,,,,,,,,,,,,,,,,-0.78125,,,,,,,21.9143422,39.3121763,
17:58:10.418,,,,,,,,,,,,,,,,,,,,,,,,,,,,,,,,,,,,,,,,,,,,,,,,,,,,,,,,,,,0.78125,,,,,,21.9143422,39.3121763,
17:58:10.469,,,,,,,,,,,,,,,,,,,,,,,,,,,,,,,,,,,,,,,,,,,,,,,,,,,,,,,,,,0,,,,,,,21.9143422,39.3121763,
17:58:10.513,,,,,,,,,,,,,,,,,,,,,,,,,,,,,,,,,,,,,,,,,,,,,,,,,,,,,,,,,,,0.78125,,,,,,21.9143422,39.3121763,
17:58:10.532,,,,,,,,,,,,,,,,,,137.70001220703125,,,,,,,,0.2521886674801339,,,,,,,,,,,,,,,,,,,,,,,,,,,,,,,,,,0.307380160689354,,,,,21.9143422,39.3121763,
17:58:10.532,,,,,,,,,,,,,,,,,,137.70001220703125,,,,,,,,0.25218868574570447,,,,,,,,,,,,,,,,,,,,,,,,,,,,,,,,,,0.307380160689354,,,,,21.9143423,39.3121762,
17:58:10.564,,,,,,,,,,,,,,,,,,,,,,,,,,,,,,,,,,,,,,,,,,,,,,,,,,,,,,,,,,0.78125,,,,,,,21.9143423,39.3121762,
17:58:10.602,,,,,,,,,,,,,,,,,,,,,,,,,,,,,,,,,,,,,,,,,,,,,,,,,,,,,,,,,,,0,,,,,,21.9143423,39.3121762,
17:58:10.662,,,,,,,,,,,,,,,,,,,,,,,,,,,,,,,,,,,,,,,,,,,,,,,,,,,,,,,,,,1.5625,,,,,,,21.9143423,39.3121762,
17:58:10.721,,,,,,,,,,,,,,,,,,,,,,,,,,,,,,,,,,,,,,,,,,,,,,,,,,,,,,,,,,,0,,,,,,21.9143423,39.3121762,
17:58:10.783,,,,,,,,,,,,,,,,,,,,,,,,,,,,,,,,,,,,,,,,,,,,,,,,,,,,,,,,,,2.34375,,,,,,,21.9143423,39.3121762,
17:58:10.847,,,,,,,,,,,,,,,,,,,,,,,,,,,,,,,,,,,,,,,,,,,,,,,,,,,,,,,,,,,0.78125,,,,,,21.9143423,39.3121762,
17:58:10.898,,,,,,,,,,,,,,,,,,,,,,,,,,,,,,,,,,,,,,,,,,,,,,,,,,,,,,,,,,3.125,,,,,,,21.9143423,39.3121762,
17:58:10.973,,,,,,,,,,,,,,,,,,,,,,,,,,,,,,,,,,,,,,,,,,,,,,,,,,,,,,,,,,,0.78125,,,,,,21.9143423,39.3121762,
17:58:11.061,,,,,,,,,,,,,,,,,,,,,,,,,,,,,,,,,,,,,,,,,,,,,,,,,,,,,,,,,,3.125,,,,,,,21.9143423,39.3121762,
17:58:11.111,,,,,,,,,,,,,,,,,,,,,,,,,,,,,,,,,,,,,,,,,,,,,,,,,,,,,,,,,,,1.5625,,,,,,21.9143423,39.3121762,
17:58:11.177,,,,,,,,,,,,,,,,,,,,,,,,,,,,,,,,,,,,,,,,,,,,,,,,,,,,,,,,,,3.125,,,,,,,21.9143423,39.3121762,
17:58:11.226,,,,,,,,,,,,,,,,,,,,,,,,,,,,,,,,,,,,,,,,,,,,,,,,,,,,,,,,,,,2.34375,,,,,,21.9143423,39.3121762,
17:58:11.253,,,,,,,,,,,,,,,,,,,,,,,,,,,,,,,,,,,,,,,,,,,,,,,,,,,,,,,,,,2.34375,,,,,,,21.9143423,39.3121762,
17:58:11.408,,,,,,,,,,,,,,,,,,,,,,,,,,,,,,,,,,,,,,,,,,,,,,,,,,,,,,,,,,,3.125,,,,,,21.9143423,39.3121762,
17:58:11.486,,,,,,,,,,,,,,,,,,,,,,,,,,,,,,,,,,,,,,,,,,,,,,,,,,,,,,,,,,2.34375,,,,,,,21.9143423,39.3121762,
17:58:11.527,,,,,,,,,,,,,,,,,,137.70001220703125,,,,,,,,0.25243417687457104,,,,,,,,,,,,,,,,,,,,,,,,,,,,,,,,,,0.3074409931898117,,,,,21.9143423,39.3121762,
17:58:11.527,,,,,,,,,,,,,,,,,,137.70001220703125,,,,,,,,0.2524341946788833,,,,,,,,,,,,,,,,,,,,,,,,,,,,,,,,,,0.3074409931898117,,,,,21.9143423,39.312176,
17:58:11.598,,,,,,,,,,,,,,,,,,,,,,,,,,,,,,,,,,,,,,,,,,,,,,,,,,,,,,,,,,,3.125,,,,,,21.9143423,39.312176,
17:58:11.745,,,,,,,,,,,,,,,,,,,,,,,,,,,,,,,,,,,,,,,,,,,,,,,,,,,,,,,,,,1.5625,,,,,,,21.9143423,39.312176,
17:58:11.803,,,,,,,,,,,,,,,,,,,,,,,,,,,,,,,,,,,,,,,,,,,,,,,,,,,,,,,,,,,1.5625,,,,,,21.9143423,39.312176,
17:58:11.852,,,,,,,,,,,,,,,,,,,,,,,,,,,,,,,,,,,,,,,,,,,,,,,,,,,,,,,,,,2.34375,,,,,,,21.9143423,39.312176,
17:58:11.880,,,,,,,,,,,,,,,,,,,,,,,,,,,,,,,,,,,,,,,,,,,,,,,,,,,,,,,,,,,1.5625,,,,,,21.9143423,39.312176,
17:58:11.949,,,,,,,,,,,,,,,,,,,,,,,,,,,,,,,,,,,,,,,,,,,,,,,,,,,,,,,,,,2.34375,,,,,,,21.9143423,39.312176,
17:58:12.002,,,,,,,,,,,,,,,,,,,,,,,,,,,,,,,,,,,,,,,,,,,,,,,,,,,,,,,,,,,1.5625,,,,,,21.9143423,39.312176,
17:58:12.037,,,,,,,,,,,,,,,,,,,,,,,,,,,,,,,,,,,,,,,,,,,,,,,,,,,,,,,,,,2.34375,,,,,,,21.9143423,39.312176,
17:58:12.102,,,,,,,,,,,,,,,,,,,,,,,,,,,,,,,,,,,,,,,,,,,,,,,,,,,,,,,,,,,1.5625,,,,,,21.9143423,39.312176,
17:58:12.153,,,,,,,,,,,,,,,,,,,,,,,,,,,,,,,,,,,,,,,,,,,,,,,,,,,,,,,,,,1.5625,,,,,,,21.9143423,39.312176,
17:58:12.217,,,,,,,,,,,,,,,,,,,,,,,,,,,,,,,,,,,,,,,,,,,,,,,,,,,,,,,,,,,2.34375,,,,,,21.9143423,39.312176,
17:58:12.294,,,,,,,,,,,,,,,,,,,,,,,,,,,,,,,,,,,,,,,,,,,,,,,,,,,,,,,,,,1.5625,,,,,,,21.9143423,39.312176,
17:58:12.338,,,,,,,,,,,,,,,,,,,,,,,,,,,,,,,,,,,,,,,,,,,,,,,,,,,,,,,,,,,2.34375,,,,,,21.9143423,39.312176,
17:58:12.402,,,,,,,,,,,,,,,,,,,,,,,,,,,,,,,,,,,,,,,,,,,,,,,,,,,,,,,,,,1.5625,,,,,,,21.9143423,39.312176,
17:58:12.453,,,,,,,,,,,,,,,,,,,,,,,,,,,,,,,,,,,,,,,,,,,,,,,,,,,,,,,,,,,1.5625,,,,,,21.9143423,39.312176,
17:58:12.481,,,,,,,,,,,,,,,,,,,,,,,,,,,,,,,,,,,,,,,,,,,,,,,,,,,,,,,,,,1.5625,,,,,,,21.9143423,39.312176,
17:58:12.521,,,,,,,,,,,,,,,,,,,,,,,,,,,,,,,,,,,,,,,,,,,,,,,,,,,,,,,,,,,1.5625,,,,,,21.9143423,39.312176,
17:58:12.579,,,,,,,,,,,,,,,,,,137.70001220703125,,,,,,,,0.2526640381302441,,,,,,,,,,,,,,,,,,,,,,,,,,,,,,,,,,0.30161325037479403,,,,,21.9143423,39.312176,
17:58:12.579,,,,,,,,,,,,,,,,,,137.70001220703125,,,,,,,,0.2526640818064832,,,,,,,,,,,,,,,,,,,,,,,,,,,,,,,,,,0.30161325037479403,,,,,21.9143424,39.3121759,
17:58:12.582,,,,,,,,,,,,,,,,,,,,,,,,,,,,,,,,,,,,,,,,,,,,,,,,,,,,,,,,,,1.5625,,,,,,,21.9143424,39.3121759,
17:58:12.645,,,,,,,,,,,,,,,,,,,,,,,,,,,,,,,,,,,,,,,,,,,,,,,,,,,,,,,,,,,1.5625,,,,,,21.9143424,39.3121759,
17:58:12.705,,,,,,,,,,,,,,,,,,,,,,,,,,,,,,,,,,,,,,,,,,,,,,,,,,,,,,,,,,1.5625,,,,,,,21.9143424,39.3121759,
17:58:12.765,,,,,,,,,,,,,,,,,,,,,,,,,,,,,,,,,,,,,,,,,,,,,,,,,,,,,,,,,,,2.34375,,,,,,21.9143424,39.3121759,
17:58:12.826,,,,,,,,,,,,,,,,,,,,,,,,,,,,,,,,,,,,,,,,,,,,,,,,,,,,,,,,,,1.5625,,,,,,,21.9143424,39.3121759,
17:58:12.877,,,,,,,,,,,,,,,,,,,,,,,,,,,,,,,,,,,,,,,,,,,,,,,,,,,,,,,,,,,2.34375,,,,,,21.9143424,39.3121759,
17:58:12.950,,,,,,,,,,,,,,,,,,,,,,,,,,,,,,,,,,,,,,,,,,,,,,,,,,,,,,,,,,2.34375,,,,,,,21.9143424,39.3121759,
17:58:13.009,,,,,,,,,,,,,,,,,,,,,,,,,,,,,,,,,,,,,,,,,,,,,,,,,,,,,,,,,,,2.34375,,,,,,21.9143424,39.3121759,
17:58:13.050,,,,,,,,,,,,,,,,,,,,,,,,,,,,,,,,,,,,,,,,,,,,,,,,,,,,,,,,,,3.125,,,,,,,21.9143424,39.3121759,
17:58:13.081,,,,,,,,,,,,,,,,,,,,,,,,,,,,,,,,,,,,,,,,,,,,,,,,,,,,,,,,,,,2.34375,,,,,,21.9143424,39.3121759,
17:58:13.116,,,,,,,,,,,,,,,,,,,,,,,,,,,,,,,,,,,,,,,,,,,,,,,,,,,,,,,,,,3.125,,,,,,,21.9143424,39.3121759,
17:58:13.183,,,,,,,,,,,,,,,,,,,,,,,,,,,,,,,,,,,,,,,,,,,,,,,,,,,,,,,,,,,1.5625,,,,,,21.9143424,39.3121759,
17:58:13.241,,,,,,,,,,,,,,,,,,,,,,,,,,,,,,,,,,,,,,,,,,,,,,,,,,,,,,,,,,3.125,,,,,,,21.9143424,39.3121759,
17:58:13.306,,,,,,,,,,,,,,,,,,,,,,,,,,,,,,,,,,,,,,,,,,,,,,,,,,,,,,,,,,,2.34375,,,,,,21.9143424,39.3121759,
17:58:13.354,,,,,,,,,,,,,,,,,,,,,,,,,,,,,,,,,,,,,,,,,,,,,,,,,,,,,,,,,,3.125,,,,,,,21.9143424,39.3121759,
17:58:13.381,,,,,,,,,,,,,,,,,,,,,,,,,,,,,,,,,,,,,,,,,,,,,,,,,,,,,,,,,,,3.125,,,,,,21.9143424,39.3121759,
17:58:13.424,,,,,,,,,,,,,,,,,,,,,,,,,,,,,,,,,,,,,,,,,,,,,,,,,,,,,,,,,,3.125,,,,,,,21.9143424,39.3121759,
17:58:13.489,,,,,,,,,,,,,,,,,,,,,,,,,,,,,,,,,,,,,,,,,,,,,,,,,,,,,,,,,,,3.125,,,,,,21.9143424,39.3121759,
17:58:13.532,,,,,,,,,,,,,,,,,,137.70001220703125,,,,,,,,0.25285632122643775,,,,,,,,,,,,,,,,,,,,,,,,,,,,,,,,,,0.2982683479785919,,,,,21.9143424,39.3121759,
17:58:13.532,,,,,,,,,,,,,,,,,,137.70001220703125,,,,,,,,0.25285633661863927,,,,,,,,,,,,,,,,,,,,,,,,,,,,,,,,,,0.2982683479785919,,,,,21.9143425,39.3121757,
17:58:13.538,,,,,,,,,,,,,,,,,,,,,,,,,,,,,,,,,,,,,,,,,,,,,,,,,,,,,,,,,,3.125,,,,,,,21.9143425,39.3121757,
17:58:13.597,,,,,,,,,,,,,,,,,,,,,,,,,,,,,,,,,,,,,,,,,,,,,,,,,,,,,,,,,,,3.125,,,,,,21.9143425,39.3121757,
17:58:13.650,,,,,,,,,,,,,,,,,,,,,,,,,,,,,,,,,,,,,,,,,,,,,,,,,,,,,,,,,,3.125,,,,,,,21.9143425,39.3121757,
17:58:13.720,,,,,,,,,,,,,,,,,,,,,,,,,,,,,,,,,,,,,,,,,,,,,,,,,,,,,,,,,,,3.125,,,,,,21.9143425,39.3121757,
17:58:13.782,,,,,,,,,,,,,,,,,,,,,,,,,,,,,,,,,,,,,,,,,,,,,,,,,,,,,,,,,,3.125,,,,,,,21.9143425,39.3121757,
17:58:13.834,,,,,,,,,,,,,,,,,,,,,,,,,,,,,,,,,,,,,,,,,,,,,,,,,,,,,,,,,,,2.34375,,,,,,21.9143425,39.3121757,
17:58:13.862,,,,,,,,,,,,,,,,,,,,,,,,,,,,,,,,,,,,,,,,,,,,,,,,,,,,,,,,,,3.125,,,,,,,21.9143425,39.3121757,
17:58:13.902,,,,,,,,,,,,,,,,,,,,,,,,,,,,,,,,,,,,,,,,,,,,,,,,,,,,,,,,,,,2.34375,,,,,,21.9143425,39.3121757,
17:58:13.962,,,,,,,,,,,,,,,,,,,,,,,,,,,,,,,,,,,,,,,,,,,,,,,,,,,,,,,,,,3.90625,,,,,,,21.9143425,39.3121757,
17:58:14.016,,,,,,,,,,,,,,,,,,,,,,,,,,,,,,,,,,,,,,,,,,,,,,,,,,,,,,,,,,,1.5625,,,,,,21.9143425,39.3121757,
17:58:14.090,,,,,,,,,,,,,,,,,,,,,,,,,,,,,,,,,,,,,,,,,,,,,,,,,,,,,,,,,,3.90625,,,,,,,21.9143425,39.3121757,
17:58:14.137,,,,,,,,,,,,,,,,,,,,,,,,,,,,,,,,,,,,,,,,,,,,,,,,,,,,,,,,,,,1.5625,,,,,,21.9143425,39.3121757,
17:58:14.199,,,,,,,,,,,,,,,,,,137.70001220703125,,,,,,,,0.2529931073587409,,,,,,,,,,,,,,,,,,,,,,,,,,,,,,,,,,0.2993493586778641,,,,,21.9143425,39.3121757,
17:58:14.199,,,,,,,,,,,,,,,,,,138.50001525878906,,,,,,,,0.25299312304520805,,,,,,,,,,,,,,,,,,,,,,,,,,,,,,,,,,0.2993493586778641,,,,,21.9143424,39.3121757,
17:58:14.208,,,,,,,,,,,,,,,,,,,,,,,,,,,,,,,,,,,,,,,,,,,,,,,,,,,,,,,,,,3.125,,,,,,,21.9143424,39.3121757,
17:58:14.257,,,,,,,,,,,,,,,,,,,,,,,,,,,,,,,,,,,,,,,,,,,,,,,,,,,,,,,,,,,2.34375,,,,,,21.9143424,39.3121757,
17:58:14.308,,,,,,,,,,,,,,,,,,,,,,,,,,,,,,,,,,,,,,,,,,,,,,,,,,,,,,,,,,2.34375,,,,,,,21.9143424,39.3121757,
17:58:14.344,,,,,,,,,,,,,,,,,,,,,,,,,,,,,,,,,,,,,,,,,,,,,,,,,,,,,,,,,,,2.34375,,,,,,21.9143424,39.3121757,
17:58:14.410,,,,,,,,,,,,,,,,,,,,,,,,,,,,,,,,,,,,,,,,,,,,,,,,,,,,,,,,,,1.5625,,,,,,,21.9143424,39.3121757,
17:58:14.473,,,,,,,,,,,,,,,,,,,,,,,,,,,,,,,,,,,,,,,,,,,,,,,,,,,,,,,,,,,2.34375,,,,,,21.9143424,39.3121757,
17:58:14.533,,,,,,,,,,,,,,,,,,,,,,,,,,,,,,,,,,,,,,,,,,,,,,,,,,,,,,,,,,1.5625,,,,,,,21.9143424,39.3121757,
17:58:14.585,,,,,,,,,,,,,,,,,,,,,,,,,,,,,,,,,,,,,,,,,,,,,,,,,,,,,,,,,,,0.78125,,,,,,21.9143424,39.3121757,
17:58:14.621,,,,,,,,,,,,,,,,,,,,,,,,,,,,,,,,,,,,,,,,,,,,,,,,,,,,,,,,,,0.78125,,,,,,,21.9143424,39.3121757,
17:58:14.686,,,,,,,,,,,,,,,,,,,,,,,,,,,,,,,,,,,,,,,,,,,,,,,,,,,,,,,,,,,0.78125,,,,,,21.9143424,39.3121757,
17:58:14.736,,,,,,,,,,,,,,,,,,,,,,,,,,,,,,,,,,,,,,,,,,,,,,,,,,,,,,,,,,1.5625,,,,,,,21.9143424,39.3121757,
17:58:14.809,,,,,,,,,,,,,,,,,,,,,,,,,,,,,,,,,,,,,,,,,,,,,,,,,,,,,,,,,,,0.78125,,,,,,21.9143424,39.3121757,
17:58:14.866,,,,,,,,,,,,,,,,,,,,,,,,,,,,,,,,,,,,,,,,,,,,,,,,,,,,,,,,,,0.78125,,,,,,,21.9143424,39.3121757,
17:58:14.914,,,,,,,,,,,,,,,,,,,,,,,,,,,,,,,,,,,,,,,,,,,,,,,,,,,,,,,,,,,0.78125,,,,,,21.9143424,39.3121757,
17:58:14.989,,,,,,,,,,,,,,,,,,,,,,,,,,,,,,,,,,,,,,,,,,,,,,,,,,,,,,,,,,0,,,,,,,21.9143424,39.3121757,
17:58:15.041,,,,,,,,,,,,,,,,,,,,,,,,,,,,,,,,,,,,,,,,,,,,,,,,,,,,,,,,,,,0,,,,,,21.9143424,39.3121757,
17:58:15.106,,,,,,,,,,,,,,,,,,,,,,,,,,,,,,,,,,,,,,,,,,,,,,,,,,,,,,,,,,0,,,,,,,21.9143424,39.3121757,
17:58:15.156,,,,,,,,,,,,,,,,,,,,,,,,,,,,,,,,,,,,,,,,,,,,,,,,,,,,,,,,,,,0,,,,,,21.9143424,39.3121757,
17:58:15.218,,,,,,,,,,,,,,,,,,,,,,,,,,,,,,,,,,,,,,,,,,,,,,,,,,,,,,,,,,-0.78125,,,,,,,21.9143424,39.3121757,
17:58:15.282,,,,,,,,,,,,,,,,,,,,,,,,,,,,,,,,,,,,,,,,,,,,,,,,,,,,,,,,,,,0,,,,,,21.9143424,39.3121757,
17:58:15.341,,,,,,,,,,,,,,,,,,,,,,,,,,,,,,,,,,,,,,,,,,,,,,,,,,,,,,,,,,-0.78125,,,,,,,21.9143424,39.3121757,
17:58:15.401,,,,,,,,,,,,,,,,,,,,,,,,,,,,,,,,,,,,,,,,,,,,,,,,,,,,,,,,,,,-1.5625,,,,,,21.9143424,39.3121757,
17:58:15.460,,,,,,,,,,,,,,,,,,,,,,,,,,,,,,,,,,,,,,,,,,,,,,,,,,,,,,,,,,-1.5625,,,,,,,21.9143424,39.3121757,
17:58:15.510,,,,,,,,,,,,,,,,,,,,,,,,,,,,,,,,,,,,,,,,,,,,,,,,,,,,,,,,,,,-3.90625,,,,,,21.9143424,39.3121757,
17:58:15.561,,,,,,,,,,,,,,,,,,138.50001525878906,,,,,,,,0.2532076530013645,,,,,,,,,,,,,,,,,,,,,,,,,,,,,,,,,,0.2889125347137451,,,,,21.9143424,39.3121757,
17:58:15.561,,,,,,,,,,,,,,,,,,138.50001525878906,,,,,,,,0.25320766342985757,,,,,,,,,,,,,,,,,,,,,,,,,,,,,,,,,,0.2889125347137451,,,,,21.9143419,39.3121765,
17:58:15.572,,,,,,,,,,,,,,,,,,,,,,,,,,,,,,,,,,,,,,,,,,,,,,,,,,,,,,,,,,-2.34375,,,,,,,21.9143419,39.3121765,
17:58:15.632,,,,,,,,,,,,,,,,,,,,,,,,,,,,,,,,,,,,,,,,,,,,,,,,,,,,,,,,,,,-5.46875,,,,,,21.9143419,39.3121765,
17:58:15.670,,,,,,,,,,,,,,,,,,,,,,,,,,,,,,,,,,,,,,,,,,,,,,,,,,,,,,,,,,-3.90625,,,,,,,21.9143419,39.3121765,
17:58:15.821,,,,,,,,,,,,,,,,,,,,,,,,,,,,,,,,,,,,,,,,,,,,,,,,,,,,,,,,,,,-5.46875,,,,,,21.9143419,39.3121765,
17:58:15.884,,,,,,,,,,,,,,,,,,,,,,,,,,,,,,,,,,,,,,,,,,,,,,,,,,,,,,,,,,-4.6875,,,,,,,21.9143419,39.3121765,
17:58:15.937,,,,,,,,,,,,,,,,,,,,,,,,,,,,,,,,,,,,,,,,,,,,,,,,,,,,,,,,,,,-5.46875,,,,,,21.9143419,39.3121765,
17:58:16.010,,,,,,,,,,,,,,,,,,,,,,,,,,,,,,,,,,,,,,,,,,,,,,,,,,,,,,,,,,-5.46875,,,,,,,21.9143419,39.3121765,
17:58:16.062,,,,,,,,,,,,,,,,,,,,,,,,,,,,,,,,,,,,,,,,,,,,,,,,,,,,,,,,,,,-5.46875,,,,,,21.9143419,39.3121765,
17:58:16.124,,,,,,,,,,,,,,,,,,,,,,,,,,,,,,,,,,,,,,,,,,,,,,,,,,,,,,,,,,-5.46875,,,,,,,21.9143419,39.3121765,
17:58:16.174,,,,,,,,,,,,,,,,,,,,,,,,,,,,,,,,,,,,,,,,,,,,,,,,,,,,,,,,,,,-5.46875,,,,,,21.9143419,39.3121765,
17:58:16.201,,,,,,,,,,,,,,,,,,,,,,,,,,,,,,,,,,,,,,,,,,,,,,,,,,,,,,,,,,-5.46875,,,,,,,21.9143419,39.3121765,
17:58:16.230,,,,,,,,,,,,,,,,,,,,,,,,,,,,,,,,,,,,,,,,,,,,,,,,,,,,,,,,,,,-5.46875,,,,,,21.9143419,39.3121765,
17:58:16.280,,,,,,,,,,,,,,,,,,,,,,,,,,,,,,,,,,,,,,,,,,,,,,,,,,,,,,,,,,-5.46875,,,,,,,21.9143419,39.3121765,
17:58:16.329,,,,,,,,,,,,,,,,,,,,,,,,,,,,,,,,,,,,,,,,,,,,,,,,,,,,,,,,,,,-5.46875,,,,,,21.9143419,39.3121765,
17:58:16.352,,,,,,,,,,,,,,,,,,,,,,,,,,,,,,,,,,,,,,,,,,,,,,,,,,,,,,,,,,-5.46875,,,,,,,21.9143419,39.3121765,
17:58:16.388,,,,,,,,,,,,,,,,,,,,,,,,,,,,,,,,,,,,,,,,,,,,,,,,,,,,,,,,,,,-5.46875,,,,,,21.9143419,39.3121765,
17:58:16.449,,,,,,,,,,,,,,,,,,,,,,,,,,,,,,,,,,,,,,,,,,,,,,,,,,,,,,,,,,-5.46875,,,,,,,21.9143419,39.3121765,
17:58:16.513,,,,,,,,,,,,,,,,,,,,,,,,,,,,,,,,,,,,,,,,,,,,,,,,,,,,,,,,,,,-5.46875,,,,,,21.9143419,39.3121765,
17:58:16.527,,,,,,,,,,,,,,,,,,138.50001525878906,,,,,,,,0.25332761786359514,,,,,,,,,,,,,,,,,,,,,,,,,,,,,,,,,,0.2816216468811035,,,,,21.9143419,39.3121765,
17:58:16.527,,,,,,,,,,,,,,,,,,138.50001525878906,,,,,,,,0.2533276272788487,,,,,,,,,,,,,,,,,,,,,,,,,,,,,,,,,,0.2816216468811035,,,,,21.914342,39.3121763,
17:58:16.562,,,,,,,,,,,,,,,,,,,,,,,,,,,,,,,,,,,,,,,,,,,,,,,,,,,,,,,,,,-4.6875,,,,,,,21.914342,39.3121763,
17:58:16.597,,,,,,,,,,,,,,,,,,,,,,,,,,,,,,,,,,,,,,,,,,,,,,,,,,,,,,,,,,,-5.46875,,,,,,21.914342,39.3121763,
17:58:16.665,,,,,,,,,,,,,,,,,,,,,,,,,,,,,,,,,,,,,,,,,,,,,,,,,,,,,,,,,,-4.6875,,,,,,,21.914342,39.3121763,
17:58:16.714,,,,,,,,,,,,,,,,,,,,,,,,,,,,,,,,,,,,,,,,,,,,,,,,,,,,,,,,,,,-6.25,,,,,,21.914342,39.3121763,
17:58:16.742,,,,,,,,,,,,,,,,,,,,,,,,,,,,,,,,,,,,,,,,,,,,,,,,,,,,,,,,,,-4.6875,,,,,,,21.914342,39.3121763,
17:58:16.777,,,,,,,,,,,,,,,,,,,,,,,,,,,,,,,,,,,,,,,,,,,,,,,,,,,,,,,,,,,-6.25,,,,,,21.914342,39.3121763,
17:58:16.849,,,,,,,,,,,,,,,,,,,,,,,,,,,,,,,,,,,,,,,,,,,,,,,,,,,,,,,,,,-3.90625,,,,,,,21.914342,39.3121763,
17:58:16.898,,,,,,,,,,,,,,,,,,,,,,,,,,,,,,,,,,,,,,,,,,,,,,,,,,,,,,,,,,,-6.25,,,,,,21.914342,39.3121763,
17:58:16.973,,,,,,,,,,,,,,,,,,,,,,,,,,,,,,,,,,,,,,,,,,,,,,,,,,,,,,,,,,-3.125,,,,,,,21.914342,39.3121763,
17:58:17.012,,,,,,,,,,,,,,,,,,,,,,,,,,,,,,,,,,,,,,,,,,,,,,,,,,,,,,,,,,,-5.46875,,,,,,21.914342,39.3121763,
17:58:17.049,,,,,,,,,,,,,,,,,,,,,,,,,,,,,,,,,,,,,,,,,,,,,,,,,,,,,,,,,,-2.34375,,,,,,,21.914342,39.3121763,
17:58:17.113,,,,,,,,,,,,,,,,,,,,,,,,,,,,,,,,,,,,,,,,,,,,,,,,,,,,,,,,,,,-5.46875,,,,,,21.914342,39.3121763,
17:58:17.169,,,,,,,,,,,,,,,,,,,,,,,,,,,,,,,,,,,,,,,,,,,,,,,,,,,,,,,,,,-2.34375,,,,,,,21.914342,39.3121763,
17:58:17.230,,,,,,,,,,,,,,,,,,,,,,,,,,,,,,,,,,,,,,,,,,,,,,,,,,,,,,,,,,,-4.6875,,,,,,21.914342,39.3121763,
17:58:17.293,,,,,,,,,,,,,,,,,,,,,,,,,,,,,,,,,,,,,,,,,,,,,,,,,,,,,,,,,,-2.34375,,,,,,,21.914342,39.3121763,
17:58:17.350,,,,,,,,,,,,,,,,,,,,,,,,,,,,,,,,,,,,,,,,,,,,,,,,,,,,,,,,,,,-3.90625,,,,,,21.914342,39.3121763,
17:58:17.401,,,,,,,,,,,,,,,,,,,,,,,,,,,,,,,,,,,,,,,,,,,,,,,,,,,,,,,,,,-3.125,,,,,,,21.914342,39.3121763,
17:58:17.442,,,,,,,,,,,,,,,,,,,,,,,,,,,,,,,,,,,,,,,,,,,,,,,,,,,,,,,,,,,-3.125,,,,,,21.914342,39.3121763,
17:58:17.499,,,,,,,,,,,,,,,,,,,,,,,,,,,,,,,,,,,,,,,,,,,,,,,,,,,,,,,,,,-3.125,,,,,,,21.914342,39.3121763,
17:58:17.535,,,,,,,,,,,,,,,,,,138.50001525878906,,,,,,,,0.2534245632424205,,,,,,,,,,,,,,,,,,,,,,,,,,,,,,,,,,0.27546573579311373,,,,,21.914342,39.3121763,
17:58:17.535,,,,,,,,,,,,,,,,,,138.50001525878906,,,,,,,,0.2534245711869011,,,,,,,,,,,,,,,,,,,,,,,,,,,,,,,,,,0.27546573579311373,,,,,21.9143421,39.3121762,
17:58:17.560,,,,,,,,,,,,,,,,,,,,,,,,,,,,,,,,,,,,,,,,,,,,,,,,,,,,,,,,,,,-3.125,,,,,,21.9143421,39.3121762,
17:58:17.625,,,,,,,,,,,,,,,,,,,,,,,,,,,,,,,,,,,,,,,,,,,,,,,,,,,,,,,,,,-3.125,,,,,,,21.9143421,39.3121762,
17:58:17.670,,,,,,,,,,,,,,,,,,,,,,,,,,,,,,,,,,,,,,,,,,,,,,,,,,,,,,,,,,,-3.125,,,,,,21.9143421,39.3121762,
17:58:17.700,,,,,,,,,,,,,,,,,,,,,,,,,,,,,,,,,,,,,,,,,,,,,,,,,,,,,,,,,,-3.125,,,,,,,21.9143421,39.3121762,
17:58:17.770,,,,,,,,,,,,,,,,,,,,,,,,,,,,,,,,,,,,,,,,,,,,,,,,,,,,,,,,,,,-3.90625,,,,,,21.9143421,39.3121762,
17:58:17.832,,,,,,,,,,,,,,,,,,,,,,,,,,,,,,,,,,,,,,,,,,,,,,,,,,,,,,,,,,-3.125,,,,,,,21.9143421,39.3121762,
17:58:17.884,,,,,,,,,,,,,,,,,,,,,,,,,,,,,,,,,,,,,,,,,,,,,,,,,,,,,,,,,,,-3.90625,,,,,,21.9143421,39.3121762,
17:58:17.935,,,,,,,,,,,,,,,,,,,,,,,,,,,,,,,,,,,,,,,,,,,,,,,,,,,,,,,,,,-3.125,,,,,,,21.9143421,39.3121762,
17:58:17.982,,,,,,,,,,,,,,,,,,,,,,,,,,,,,,,,,,,,,,,,,,,,,,,,,,,,,,,,,,,-4.6875,,,,,,21.9143421,39.3121762,
17:58:18.040,,,,,,,,,,,,,,,,,,,,,,,,,,,,,,,,,,,,,,,,,,,,,,,,,,,,,,,,,,-3.125,,,,,,,21.9143421,39.3121762,
17:58:18.094,,,,,,,,,,,,,,,,,,,,,,,,,,,,,,,,,,,,,,,,,,,,,,,,,,,,,,,,,,,-3.90625,,,,,,21.9143421,39.3121762,
17:58:18.162,,,,,,,,,,,,,,,,,,,,,,,,,,,,,,,,,,,,,,,,,,,,,,,,,,,,,,,,,,-3.90625,,,,,,,21.9143421,39.3121762,
17:58:18.226,,,,,,,,,,,,,,,,,,,,,,,,,,,,,,,,,,,,,,,,,,,,,,,,,,,,,,,,,,,-4.6875,,,,,,21.9143421,39.3121762,
17:58:18.276,,,,,,,,,,,,,,,,,,,,,,,,,,,,,,,,,,,,,,,,,,,,,,,,,,,,,,,,,,-3.90625,,,,,,,21.9143421,39.3121762,
17:58:18.342,,,,,,,,,,,,,,,,,,,,,,,,,,,,,,,,,,,,,,,,,,,,,,,,,,,,,,,,,,,-4.6875,,,,,,21.9143421,39.3121762,
17:58:18.404,,,,,,,,,,,,,,,,,,,,,,,,,,,,,,,,,,,,,,,,,,,,,,,,,,,,,,,,,,-4.6875,,,,,,,21.9143421,39.3121762,
17:58:18.453,,,,,,,,,,,,,,,,,,,,,,,,,,,,,,,,,,,,,,,,,,,,,,,,,,,,,,,,,,,-4.6875,,,,,,21.9143421,39.3121762,
17:58:18.489,,,,,,,,,,,,,,,,,,,,,,,,,,,,,,,,,,,,,,,,,,,,,,,,,,,,,,,,,,-5.46875,,,,,,,21.9143421,39.3121762,
17:58:18.513,,,,,,,,,,,,,,,,,,,,,,,,,,,,,,,,,,,,,,,,,,,,,,,,,,,,,,,,,,,-4.6875,,,,,,21.9143421,39.3121762,
17:58:18.538,,,,,,,,,,,,,,,,,,138.50001525878906,,,,,,,,0.2535440418582638,,,,,,,,,,,,,,,,,,,,,,,,,,,,,,,,,,0.28092746436595917,,,,,21.9143421,39.3121762,
17:58:18.538,,,,,,,,,,,,,,,,,,138.50001525878906,,,,,,,,0.25354405087932996,,,,,,,,,,,,,,,,,,,,,,,,,,,,,,,,,,0.28092746436595917,,,,,21.9143421,39.312176,
17:58:18.581,,,,,,,,,,,,,,,,,,,,,,,,,,,,,,,,,,,,,,,,,,,,,,,,,,,,,,,,,,-5.46875,,,,,,,21.9143421,39.312176,
17:58:18.645,,,,,,,,,,,,,,,,,,,,,,,,,,,,,,,,,,,,,,,,,,,,,,,,,,,,,,,,,,,-4.6875,,,,,,21.9143421,39.312176,
17:58:18.710,,,,,,,,,,,,,,,,,,,,,,,,,,,,,,,,,,,,,,,,,,,,,,,,,,,,,,,,,,-5.46875,,,,,,,21.9143421,39.312176,
17:58:18.774,,,,,,,,,,,,,,,,,,,,,,,,,,,,,,,,,,,,,,,,,,,,,,,,,,,,,,,,,,,-4.6875,,,,,,21.9143421,39.312176,
17:58:18.812,,,,,,,,,,,,,,,,,,,,,,,,,,,,,,,,,,,,,,,,,,,,,,,,,,,,,,,,,,-4.6875,,,,,,,21.9143421,39.312176,
17:58:18.905,,,,,,,,,,,,,,,,,,,,,,,,,,,,,,,,,,,,,,,,,,,,,,,,,,,,,,,,,,,-4.6875,,,,,,21.9143421,39.312176,
17:58:18.969,,,,,,,,,,,,,,,,,,,,,,,,,,,,,,,,,,,,,,,,,,,,,,,,,,,,,,,,,,-3.90625,,,,,,,21.9143421,39.312176,
17:58:18.992,,,,,,,,,,,,,,,,,,,,,,,,,,,,,,,,,,,,,,,,,,,,,,,,,,,,,,,,,,,-4.6875,,,,,,21.9143421,39.312176,
17:58:19.018,,,,,,,,,,,,,,,,,,,,,,,,,,,,,,,,,,,,,,,,,,,,,,,,,,,,,,,,,,-3.90625,,,,,,,21.9143421,39.312176,
17:58:19.054,,,,,,,,,,,,,,,,,,,,,,,,,,,,,,,,,,,,,,,,,,,,,,,,,,,,,,,,,,,-4.6875,,,,,,21.9143421,39.312176,
17:58:19.082,,,,,,,,,,,,,,,,,,,,,,,,,,,,,,,,,,,,,,,,,,,,,,,,,,,,,,,,,,-3.90625,,,,,,,21.9143421,39.312176,
17:58:19.118,,,,,,,,,,,,,,,,,,,,,,,,,,,,,,,,,,,,,,,,,,,,,,,,,,,,,,,,,,,-4.6875,,,,,,21.9143421,39.312176,
17:58:19.181,,,,,,,,,,,,,,,,,,,,,,,,,,,,,,,,,,,,,,,,,,,,,,,,,,,,,,,,,,-3.125,,,,,,,21.9143421,39.312176,
17:58:19.245,,,,,,,,,,,,,,,,,,,,,,,,,,,,,,,,,,,,,,,,,,,,,,,,,,,,,,,,,,,-3.90625,,,,,,21.9143421,39.312176,
17:58:19.293,,,,,,,,,,,,,,,,,,,,,,,,,,,,,,,,,,,,,,,,,,,,,,,,,,,,,,,,,,-2.34375,,,,,,,21.9143421,39.312176,
17:58:19.362,,,,,,,,,,,,,,,,,,,,,,,,,,,,,,,,,,,,,,,,,,,,,,,,,,,,,,,,,,,-3.90625,,,,,,21.9143421,39.312176,
17:58:19.409,,,,,,,,,,,,,,,,,,,,,,,,,,,,,,,,,,,,,,,,,,,,,,,,,,,,,,,,,,-1.5625,,,,,,,21.9143421,39.312176,
17:58:19.446,,,,,,,,,,,,,,,,,,,,,,,,,,,,,,,,,,,,,,,,,,,,,,,,,,,,,,,,,,,-3.125,,,,,,21.9143421,39.312176,
17:58:19.493,,,,,,,,,,,,,,,,,,,,,,,,,,,,,,,,,,,,,,,,,,,,,,,,,,,,,,,,,,-1.5625,,,,,,,21.9143421,39.312176,
17:58:19.534,,,,,,,,,,,,,,,,,,138.50001525878906,,,,,,,,0.25364700531325624,,,,,,,,,,,,,,,,,,,,,,,,,,,,,,,,,,0.2775338798761368,,,,,21.9143421,39.312176,
17:58:19.534,,,,,,,,,,,,,,,,,,138.50001525878906,,,,,,,,0.2536470122940781,,,,,,,,,,,,,,,,,,,,,,,,,,,,,,,,,,0.2775338798761368,,,,,21.9143422,39.3121758,
17:58:19.542,,,,,,,,,,,,,,,,,,,,,,,,,,,,,,,,,,,,,,,,,,,,,,,,,,,,,,,,,,,-3.90625,,,,,,21.9143422,39.3121758,
17:58:19.594,,,,,,,,,,,,,,,,,,,,,,,,,,,,,,,,,,,,,,,,,,,,,,,,,,,,,,,,,,-1.5625,,,,,,,21.9143422,39.3121758,
17:58:19.662,,,,,,,,,,,,,,,,,,,,,,,,,,,,,,,,,,,,,,,,,,,,,,,,,,,,,,,,,,,-3.125,,,,,,21.9143422,39.3121758,
17:58:19.725,,,,,,,,,,,,,,,,,,,,,,,,,,,,,,,,,,,,,,,,,,,,,,,,,,,,,,,,,,-1.5625,,,,,,,21.9143422,39.3121758,
17:58:19.786,,,,,,,,,,,,,,,,,,,,,,,,,,,,,,,,,,,,,,,,,,,,,,,,,,,,,,,,,,,-3.125,,,,,,21.9143422,39.3121758,
17:58:19.837,,,,,,,,,,,,,,,,,,,,,,,,,,,,,,,,,,,,,,,,,,,,,,,,,,,,,,,,,,-1.5625,,,,,,,21.9143422,39.3121758,
17:58:19.897,,,,,,,,,,,,,,,,,,,,,,,,,,,,,,,,,,,,,,,,,,,,,,,,,,,,,,,,,,,-2.34375,,,,,,21.9143422,39.3121758,
17:58:19.960,,,,,,,,,,,,,,,,,,,,,,,,,,,,,,,,,,,,,,,,,,,,,,,,,,,,,,,,,,-1.5625,,,,,,,21.9143422,39.3121758,
17:58:20.020,,,,,,,,,,,,,,,,,,,,,,,,,,,,,,,,,,,,,,,,,,,,,,,,,,,,,,,,,,,-2.34375,,,,,,21.9143422,39.3121758,
17:58:20.081,,,,,,,,,,,,,,,,,,,,,,,,,,,,,,,,,,,,,,,,,,,,,,,,,,,,,,,,,,-1.5625,,,,,,,21.9143422,39.3121758,
17:58:20.144,,,,,,,,,,,,,,,,,,,,,,,,,,,,,,,,,,,,,,,,,,,,,,,,,,,,,,,,,,,-1.5625,,,,,,21.9143422,39.3121758,
17:58:20.205,,,,,,,,,,,,,,,,,,,,,,,,,,,,,,,,,,,,,,,,,,,,,,,,,,,,,,,,,,-0.78125,,,,,,,21.9143422,39.3121758,
17:58:20.268,,,,,,,,,,,,,,,,,,,,,,,,,,,,,,,,,,,,,,,,,,,,,,,,,,,,,,,,,,,-2.34375,,,,,,21.9143422,39.3121758,
17:58:20.318,,,,,,,,,,,,,,,,,,,,,,,,,,,,,,,,,,,,,,,,,,,,,,,,,,,,,,,,,,-0.78125,,,,,,,21.9143422,39.3121758,
17:58:20.381,,,,,,,,,,,,,,,,,,,,,,,,,,,,,,,,,,,,,,,,,,,,,,,,,,,,,,,,,,,-2.34375,,,,,,21.9143422,39.3121758,
17:58:20.453,,,,,,,,,,,,,,,,,,,,,,,,,,,,,,,,,,,,,,,,,,,,,,,,,,,,,,,,,,0,,,,,,,21.9143422,39.3121758,
17:58:20.493,,,,,,,,,,,,,,,,,,,,,,,,,,,,,,,,,,,,,,,,,,,,,,,,,,,,,,,,,,,-1.5625,,,,,,21.9143422,39.3121758,
17:58:20.532,,,,,,,,,,,,,,,,,,138.50001525878906,,,,,,,,0.2537177278973429,,,,,,,,,,,,,,,,,,,,,,,,,,,,,,,,,,0.2701535940170288,,,,,21.9143422,39.3121758,
17:58:20.532,,,,,,,,,,,,,,,,,,138.50001525878906,,,,,,,,0.2537177328846356,,,,,,,,,,,,,,,,,,,,,,,,,,,,,,,,,,0.2701535940170288,,,,,21.9143422,39.3121757,
17:58:20.561,,,,,,,,,,,,,,,,,,,,,,,,,,,,,,,,,,,,,,,,,,,,,,,,,,,,,,,,,,0,,,,,,,21.9143422,39.3121757,
17:58:20.634,,,,,,,,,,,,,,,,,,,,,,,,,,,,,,,,,,,,,,,,,,,,,,,,,,,,,,,,,,,-0.78125,,,,,,21.9143422,39.3121757,
17:58:20.684,,,,,,,,,,,,,,,,,,,,,,,,,,,,,,,,,,,,,,,,,,,,,,,,,,,,,,,,,,-0.78125,,,,,,,21.9143422,39.3121757,
17:58:20.734,,,,,,,,,,,,,,,,,,,,,,,,,,,,,,,,,,,,,,,,,,,,,,,,,,,,,,,,,,,0,,,,,,21.9143422,39.3121757,
17:58:20.768,,,,,,,,,,,,,,,,,,,,,,,,,,,,,,,,,,,,,,,,,,,,,,,,,,,,,,,,,,-0.78125,,,,,,,21.9143422,39.3121757,
17:58:20.845,,,,,,,,,,,,,,,,,,,,,,,,,,,,,,,,,,,,,,,,,,,,,,,,,,,,,,,,,,,0,,,,,,21.9143422,39.3121757,
17:58:20.885,,,,,,,,,,,,,,,,,,,,,,,,,,,,,,,,,,,,,,,,,,,,,,,,,,,,,,,,,,-0.78125,,,,,,,21.9143422,39.3121757,
17:58:20.921,,,,,,,,,,,,,,,,,,,,,,,,,,,,,,,,,,,,,,,,,,,,,,,,,,,,,,,,,,,0,,,,,,21.9143422,39.3121757,
17:58:20.986,,,,,,,,,,,,,,,,,,,,,,,,,,,,,,,,,,,,,,,,,,,,,,,,,,,,,,,,,,-0.78125,,,,,,,21.9143422,39.3121757,
17:58:21.038,,,,,,,,,,,,,,,,,,,,,,,,,,,,,,,,,,,,,,,,,,,,,,,,,,,,,,,,,,,-1.5625,,,,,,21.9143422,39.3121757,
17:58:21.102,,,,,,,,,,,,,,,,,,,,,,,,,,,,,,,,,,,,,,,,,,,,,,,,,,,,,,,,,,-0.78125,,,,,,,21.9143422,39.3121757,
17:58:21.166,,,,,,,,,,,,,,,,,,,,,,,,,,,,,,,,,,,,,,,,,,,,,,,,,,,,,,,,,,,-2.34375,,,,,,21.9143422,39.3121757,
17:58:21.217,,,,,,,,,,,,,,,,,,,,,,,,,,,,,,,,,,,,,,,,,,,,,,,,,,,,,,,,,,-1.5625,,,,,,,21.9143422,39.3121757,
17:58:21.289,,,,,,,,,,,,,,,,,,,,,,,,,,,,,,,,,,,,,,,,,,,,,,,,,,,,,,,,,,,-3.125,,,,,,21.9143422,39.3121757,
17:58:21.338,,,,,,,,,,,,,,,,,,,,,,,,,,,,,,,,,,,,,,,,,,,,,,,,,,,,,,,,,,-1.5625,,,,,,,21.9143422,39.3121757,
17:58:21.401,,,,,,,,,,,,,,,,,,,,,,,,,,,,,,,,,,,,,,,,,,,,,,,,,,,,,,,,,,,-3.125,,,,,,21.9143422,39.3121757,
17:58:21.507,,,,,,,,,,,,,,,,,,,,,,,,,,,,,,,,,,,,,,,,,,,,,,,,,,,,,,,,,,-1.5625,,,,,,,21.9143422,39.3121757,
17:58:21.598,,,,,,,,,,,,,,,,,,,,,,,,,,,,,,,,,,,,,,,,,,,,,,,,,,,,,,,,,,,-3.125,,,,,,21.9143422,39.3121757,
17:58:21.639,,,,,,,,,,,,,,,,,,138.50001525878906,,,,,,,,0.2538207858082468,,,,,,,,,,,,,,,,,,,,,,,,,,,,,,,,,,0.2755039840936661,,,,,21.9143422,39.3121757,
17:58:21.640,,,,,,,,,,,,,,,,,,138.50001525878906,,,,,,,,0.25382079852532397,,,,,,,,,,,,,,,,,,,,,,,,,,,,,,,,,,0.2755039840936661,,,,,21.9143423,39.3121755,
17:58:21.641,,,,,,,,,,,,,,,,,,,,,,,,,,,,,,,,,,,,,,,,,,,,,,,,,,,,,,,,,,-1.5625,,,,,,,21.9143423,39.3121755,
17:58:21.697,,,,,,,,,,,,,,,,,,,,,,,,,,,,,,,,,,,,,,,,,,,,,,,,,,,,,,,,,,,-3.125,,,,,,21.9143423,39.3121755,
17:58:21.765,,,,,,,,,,,,,,,,,,,,,,,,,,,,,,,,,,,,,,,,,,,,,,,,,,,,,,,,,,-1.5625,,,,,,,21.9143423,39.3121755,
17:58:21.827,,,,,,,,,,,,,,,,,,,,,,,,,,,,,,,,,,,,,,,,,,,,,,,,,,,,,,,,,,,-2.34375,,,,,,21.9143423,39.3121755,
17:58:21.879,,,,,,,,,,,,,,,,,,,,,,,,,,,,,,,,,,,,,,,,,,,,,,,,,,,,,,,,,,-2.34375,,,,,,,21.9143423,39.3121755,
17:58:21.942,,,,,,,,,,,,,,,,,,,,,,,,,,,,,,,,,,,,,,,,,,,,,,,,,,,,,,,,,,,-1.5625,,,,,,21.9143423,39.3121755,
17:58:21.990,,,,,,,,,,,,,,,,,,,,,,,,,,,,,,,,,,,,,,,,,,,,,,,,,,,,,,,,,,-2.34375,,,,,,,21.9143423,39.3121755,
17:58:22.072,,,,,,,,,,,,,,,,,,,,,,,,,,,,,,,,,,,,,,,,,,,,,,,,,,,,,,,,,,,-1.5625,,,,,,21.9143423,39.3121755,
17:58:22.128,,,,,,,,,,,,,,,,,,138.50001525878906,,,,,,,,0.253865976900122,,,,,,,,,,,,,,,,,,,,,,,,,,,,,,,,,,0.2755039840936661,,,,,21.9143423,39.3121755,
17:58:22.129,,,,,,,,,,,,,,,,,,138.00001525878906,,,,,,,,0.25386598857731174,,,,,,,,,,,,,,,,,,,,,,,,,,,,,,,,,,0.2755039840936661,,,,,21.9143423,39.3121755,
17:58:22.137,,,,,,,,,,,,,,,,,,,,,,,,,,,,,,,,,,,,,,,,,,,,,,,,,,,,,,,,,,-1.5625,,,,,,,21.9143423,39.3121755,
17:58:22.186,,,,,,,,,,,,,,,,,,,,,,,,,,,,,,,,,,,,,,,,,,,,,,,,,,,,,,,,,,,-1.5625,,,,,,21.9143423,39.3121755,
17:58:22.244,,,,,,,,,,,,,,,,,,,,,,,,,,,,,,,,,,,,,,,,,,,,,,,,,,,,,,,,,,-0.78125,,,,,,,21.9143423,39.3121755,
17:58:22.296,,,,,,,,,,,,,,,,,,,,,,,,,,,,,,,,,,,,,,,,,,,,,,,,,,,,,,,,,,,-1.5625,,,,,,21.9143423,39.3121755,
17:58:22.375,,,,,,,,,,,,,,,,,,,,,,,,,,,,,,,,,,,,,,,,,,,,,,,,,,,,,,,,,,-0.78125,,,,,,,21.9143423,39.3121755,
17:58:22.414,,,,,,,,,,,,,,,,,,,,,,,,,,,,,,,,,,,,,,,,,,,,,,,,,,,,,,,,,,,-0.78125,,,,,,21.9143423,39.3121755,
17:58:22.506,,,,,,,,,,,,,,,,,,,,,,,,,,,,,,,,,,,,,,,,,,,,,,,,,,,,,,,,,,0,,,,,,,21.9143423,39.3121755,
17:58:22.567,,,,,,,,,,,,,,,,,,138.00001525878906,,,,,,,,0.2539149971872441,,,,,,,,,,,,,,,,,,,,,,,,,,,,,,,,,,0.28011990487575533,,,,,21.9143423,39.3121755,
17:58:22.567,,,,,,,,,,,,,,,,,,138.00001525878906,,,,,,,,0.25391500502539704,,,,,,,,,,,,,,,,,,,,,,,,,,,,,,,,,,0.28011990487575533,,,,,21.9143418,39.3121784,
17:58:22.570,,,,,,,,,,,,,,,,,,,,,,,,,,,,,,,,,,,,,,,,,,,,,,,,,,,,,,,,,,,0,,,,,,21.9143418,39.3121784,
17:58:22.630,,,,,,,,,,,,,,,,,,,,,,,,,,,,,,,,,,,,,,,,,,,,,,,,,,,,,,,,,,0,,,,,,,21.9143418,39.3121784,
17:58:22.917,,,,,,,,,,,,,,,,,,,,,,,,,,,,,,,,,,,,,,,,,,,,,,,,,,,,,,,,,,,-1.5625,,,,,,21.9143418,39.3121784,
17:58:23.057,,,,,,,,,,,,,,,,,,,,,,,,,,,,,,,,,,,,,,,,,,,,,,,,,,,,,,,,,,1.5625,,,,,,,21.9143418,39.3121784,
17:58:23.102,,,,,,,,,,,,,,,,,,,,,,,,,,,,,,,,,,,,,,,,,,,,,,,,,,,,,,,,,,,-0.78125,,,,,,21.9143418,39.3121784,
17:58:23.137,,,,,,,,,,,,,,,,,,,,,,,,,,,,,,,,,,,,,,,,,,,,,,,,,,,,,,,,,,1.5625,,,,,,,21.9143418,39.3121784,
17:58:23.200,,,,,,,,,,,,,,,,,,,,,,,,,,,,,,,,,,,,,,,,,,,,,,,,,,,,,,,,,,,0,,,,,,21.9143418,39.3121784,
17:58:23.291,,,,,,,,,,,,,,,,,,,,,,,,,,,,,,,,,,,,,,,,,,,,,,,,,,,,,,,,,,0.78125,,,,,,,21.9143418,39.3121784,
17:58:23.349,,,,,,,,,,,,,,,,,,,,,,,,,,,,,,,,,,,,,,,,,,,,,,,,,,,,,,,,,,,0,,,,,,21.9143418,39.3121784,
17:58:23.406,,,,,,,,,,,,,,,,,,,,,,,,,,,,,,,,,,,,,,,,,,,,,,,,,,,,,,,,,,0.78125,,,,,,,21.9143418,39.3121784,
17:58:23.485,,,,,,,,,,,,,,,,,,,,,,,,,,,,,,,,,,,,,,,,,,,,,,,,,,,,,,,,,,,0,,,,,,21.9143418,39.3121784,
17:58:23.528,,,,,,,,,,,,,,,,,,,,,,,,,,,,,,,,,,,,,,,,,,,,,,,,,,,,,,,,,,0.78125,,,,,,,21.9143418,39.3121784,
17:58:23.571,,,,,,,,,,,,,,,,,,138.00001525878906,,,,,,,,0.25403203165074006,,,,,,,,,,,,,,,,,,,,,,,,,,,,,,,,,,0.28144008815288546,,,,,21.9143418,39.3121784,
17:58:23.571,,,,,,,,,,,,,,,,,,138.00001525878906,,,,,,,,0.254032050194946,,,,,,,,,,,,,,,,,,,,,,,,,,,,,,,,,,0.28144008815288546,,,,,21.9143419,39.3121783,
17:58:23.609,,,,,,,,,,,,,,,,,,,,,,,,,,,,,,,,,,,,,,,,,,,,,,,,,,,,,,,,,,,0,,,,,,21.9143419,39.3121783,
17:58:23.701,,,,,,,,,,,,,,,,,,,,,,,,,,,,,,,,,,,,,,,,,,,,,,,,,,,,,,,,,,0.78125,,,,,,,21.9143419,39.3121783,
17:58:23.782,,,,,,,,,,,,,,,,,,,,,,,,,,,,,,,,,,,,,,,,,,,,,,,,,,,,,,,,,,,0,,,,,,21.9143419,39.3121783,
17:58:23.886,,,,,,,,,,,,,,,,,,,,,,,,,,,,,,,,,,,,,,,,,,,,,,,,,,,,,,,,,,1.5625,,,,,,,21.9143419,39.3121783,
17:58:23.984,,,,,,,,,,,,,,,,,,,,,,,,,,,,,,,,,,,,,,,,,,,,,,,,,,,,,,,,,,,2.34375,,,,,,21.9143419,39.3121783,
17:58:24.068,,,,,,,,,,,,,,,,,,,,,,,,,,,,,,,,,,,,,,,,,,,,,,,,,,,,,,,,,,3.125,,,,,,,21.9143419,39.3121783,
17:58:24.134,,,,,,,,,,,,,,,,,,,,,,,,,,,,,,,,,,,,,,,,,,,,,,,,,,,,,,,,,,,3.90625,,,,,,21.9143419,39.3121783,
17:58:24.196,,,,,,,,,,,,,,,,,,,,,,,,,,,,,,,,,,,,,,,,,,,,,,,,,,,,,,,,,,4.6875,,,,,,,21.9143419,39.3121783,
17:58:24.253,,,,,,,,,,,,,,,,,,,,,,,,,,,,,,,,,,,,,,,,,,,,,,,,,,,,,,,,,,,4.6875,,,,,,21.9143419,39.3121783,
17:58:24.313,,,,,,,,,,,,,,,,,,,,,,,,,,,,,,,,,,,,,,,,,,,,,,,,,,,,,,,,,,4.6875,,,,,,,21.9143419,39.3121783,
17:58:24.368,,,,,,,,,,,,,,,,,,,,,,,,,,,,,,,,,,,,,,,,,,,,,,,,,,,,,,,,,,,4.6875,,,,,,21.9143419,39.3121783,
17:58:24.441,,,,,,,,,,,,,,,,,,,,,,,,,,,,,,,,,,,,,,,,,,,,,,,,,,,,,,,,,,3.90625,,,,,,,21.9143419,39.3121783,
17:58:24.487,,,,,,,,,,,,,,,,,,,,,,,,,,,,,,,,,,,,,,,,,,,,,,,,,,,,,,,,,,,3.90625,,,,,,21.9143419,39.3121783,
17:58:24.545,,,,,,,,,,,,,,,,,,,,,,,,,,,,,,,,,,,,,,,,,,,,,,,,,,,,,,,,,,1.5625,,,,,,,21.9143419,39.3121783,
17:58:24.593,,,,,,,,,,,,,,,,,,138.00001525878906,,,,,,,,0.25415632694678864,,,,,,,,,,,,,,,,,,,,,,,,,,,,,,,,,,0.282864448428154,,,,,21.9143419,39.3121783,
17:58:24.597,,,,,,,,,,,,,,,,,,138.00001525878906,,,,,,,,0.25415689544010134,,,,,,,,,,,,,,,,,,,,,,,,,,,,,,,,,,0.282864448428154,,,,,21.9143419,39.3121782,
17:58:24.605,,,,,,,,,,,,,,,,,,,,,,,,,,,,,,,,,,,,,,,,,,,,,,,,,,,,,,,,,,,2.34375,,,,,,21.9143419,39.3121782,
17:58:24.659,,,,,,,,,,,,,,,,,,,,,,,,,,,,,,,,,,,,,,,,,,,,,,,,,,,,,,,,,,0.78125,,,,,,,21.9143419,39.3121782,
17:58:24.701,,,,,,,,,,,,,,,,,,,,,,,,,,,,,,,,,,,,,,,,,,,,,,,,,,,,,,,,,,,1.5625,,,,,,21.9143419,39.3121782,
17:58:24.756,,,,,,,,,,,,,,,,,,,,,,,,,,,,,,,,,,,,,,,,,,,,,,,,,,,,,,,,,,0,,,,,,,21.9143419,39.3121782,
17:58:24.826,,,,,,,,,,,,,,,,,,,,,,,,,,,,,,,,,,,,,,,,,,,,,,,,,,,,,,,,,,,0.78125,,,,,,21.9143419,39.3121782,
17:58:24.879,,,,,,,,,,,,,,,,,,,,,,,,,,,,,,,,,,,,,,,,,,,,,,,,,,,,,,,,,,-0.78125,,,,,,,21.9143419,39.3121782,
17:58:24.945,,,,,,,,,,,,,,,,,,,,,,,,,,,,,,,,,,,,,,,,,,,,,,,,,,,,,,,,,,,0,,,,,,21.9143419,39.3121782,
17:58:25.007,,,,,,,,,,,,,,,,,,,,,,,,,,,,,,,,,,,,,,,,,,,,,,,,,,,,,,,,,,-0.78125,,,,,,,21.9143419,39.3121782,
17:58:25.066,,,,,,,,,,,,,,,,,,,,,,,,,,,,,,,,,,,,,,,,,,,,,,,,,,,,,,,,,,,0,,,,,,21.9143419,39.3121782,
17:58:25.117,,,,,,,,,,,,,,,,,,,,,,,,,,,,,,,,,,,,,,,,,,,,,,,,,,,,,,,,,,-0.78125,,,,,,,21.9143419,39.3121782,
17:58:25.186,,,,,,,,,,,,,,,,,,,,,,,,,,,,,,,,,,,,,,,,,,,,,,,,,,,,,,,,,,,0,,,,,,21.9143419,39.3121782,
17:58:25.235,,,,,,,,,,,,,,,,,,,,,,,,,,,,,,,,,,,,,,,,,,,,,,,,,,,,,,,,,,-0.78125,,,,,,,21.9143419,39.3121782,
17:58:25.307,,,,,,,,,,,,,,,,,,,,,,,,,,,,,,,,,,,,,,,,,,,,,,,,,,,,,,,,,,,0,,,,,,21.9143419,39.3121782,
17:58:25.358,,,,,,,,,,,,,,,,,,,,,,,,,,,,,,,,,,,,,,,,,,,,,,,,,,,,,,,,,,0,,,,,,,21.9143419,39.3121782,
17:58:25.448,,,,,,,,,,,,,,,,,,,,,,,,,,,,,,,,,,,,,,,,,,,,,,,,,,,,,,,,,,,0,,,,,,21.9143419,39.3121782,
17:58:25.507,,,,,,,,,,,,,,,,,,,,,,,,,,,,,,,,,,,,,,,,,,,,,,,,,,,,,,,,,,0.78125,,,,,,,21.9143419,39.3121782,
17:58:25.533,,,,,,,,,,,,,,,,,,,,,,,,,,,,,,,,,,,,,,,,,,,,,,,,,,,,,,,,,,,0,,,,,,21.9143419,39.3121782,
17:58:25.562,,,,,,,,,,,,,,,,,,,,,,,,,,,,,,,,,,,,,,,,,,,,,,,,,,,,,,,,,,0.78125,,,,,,,21.9143419,39.3121782,
17:58:25.564,,,,,,,,,,,,,,,,,,138.00001525878906,,,,,,,,0.25430939677983094,,,,,,,,,,,,,,,,,,,,,,,,,,,,,,,,,,0.2917001008987427,,,,,21.9143419,39.3121782,
17:58:25.565,,,,,,,,,,,,,,,,,,138.00001525878906,,,,,,,,0.2543094502831166,,,,,,,,,,,,,,,,,,,,,,,,,,,,,,,,,,0.2917001008987427,,,,,21.9143421,39.3121779,
17:58:25.625,,,,,,,,,,,,,,,,,,,,,,,,,,,,,,,,,,,,,,,,,,,,,,,,,,,,,,,,,,,0.78125,,,,,,21.9143421,39.3121779,
17:58:25.690,,,,,,,,,,,,,,,,,,,,,,,,,,,,,,,,,,,,,,,,,,,,,,,,,,,,,,,,,,0.78125,,,,,,,21.9143421,39.3121779,
17:58:25.753,,,,,,,,,,,,,,,,,,,,,,,,,,,,,,,,,,,,,,,,,,,,,,,,,,,,,,,,,,,0.78125,,,,,,21.9143421,39.3121779,
17:58:25.806,,,,,,,,,,,,,,,,,,,,,,,,,,,,,,,,,,,,,,,,,,,,,,,,,,,,,,,,,,1.5625,,,,,,,21.9143421,39.3121779,
17:58:25.867,,,,,,,,,,,,,,,,,,,,,,,,,,,,,,,,,,,,,,,,,,,,,,,,,,,,,,,,,,,0.78125,,,,,,21.9143421,39.3121779,
17:58:25.924,,,,,,,,,,,,,,,,,,,,,,,,,,,,,,,,,,,,,,,,,,,,,,,,,,,,,,,,,,2.34375,,,,,,,21.9143421,39.3121779,
17:58:25.960,,,,,,,,,,,,,,,,,,,,,,,,,,,,,,,,,,,,,,,,,,,,,,,,,,,,,,,,,,,1.5625,,,,,,21.9143421,39.3121779,
17:58:26.017,,,,,,,,,,,,,,,,,,,,,,,,,,,,,,,,,,,,,,,,,,,,,,,,,,,,,,,,,,3.125,,,,,,,21.9143421,39.3121779,
17:58:26.074,,,,,,,,,,,,,,,,,,,,,,,,,,,,,,,,,,,,,,,,,,,,,,,,,,,,,,,,,,,1.5625,,,,,,21.9143421,39.3121779,
17:58:26.142,,,,,,,,,,,,,,,,,,,,,,,,,,,,,,,,,,,,,,,,,,,,,,,,,,,,,,,,,,3.125,,,,,,,21.9143421,39.3121779,
17:58:26.196,,,,,,,,,,,,,,,,,,,,,,,,,,,,,,,,,,,,,,,,,,,,,,,,,,,,,,,,,,,2.34375,,,,,,21.9143421,39.3121779,
17:58:26.267,,,,,,,,,,,,,,,,,,,,,,,,,,,,,,,,,,,,,,,,,,,,,,,,,,,,,,,,,,3.125,,,,,,,21.9143421,39.3121779,
17:58:26.317,,,,,,,,,,,,,,,,,,,,,,,,,,,,,,,,,,,,,,,,,,,,,,,,,,,,,,,,,,,3.125,,,,,,21.9143421,39.3121779,
17:58:26.381,,,,,,,,,,,,,,,,,,,,,,,,,,,,,,,,,,,,,,,,,,,,,,,,,,,,,,,,,,2.34375,,,,,,,21.9143421,39.3121779,
17:58:26.442,,,,,,,,,,,,,,,,,,,,,,,,,,,,,,,,,,,,,,,,,,,,,,,,,,,,,,,,,,,3.125,,,,,,21.9143421,39.3121779,
17:58:26.494,,,,,,,,,,,,,,,,,,,,,,,,,,,,,,,,,,,,,,,,,,,,,,,,,,,,,,,,,,3.125,,,,,,,21.9143421,39.3121779,
17:58:26.522,,,,,,,,,,,,,,,,,,,,,,,,,,,,,,,,,,,,,,,,,,,,,,,,,,,,,,,,,,,3.90625,,,,,,21.9143421,39.3121779,
17:58:26.549,,,,,,,,,,,,,,,,,,138.00001525878906,,,,,,,,0.2544641694233108,,,,,,,,,,,,,,,,,,,,,,,,,,,,,,,,,,0.2918691873550415,,,,,21.9143421,39.3121779,
17:58:26.549,,,,,,,,,,,,,,,,,,137.70001220703125,,,,,,,,0.25446418058162934,,,,,,,,,,,,,,,,,,,,,,,,,,,,,,,,,,0.2918691873550415,,,,,21.9143421,39.3121778,
17:58:26.563,,,,,,,,,,,,,,,,,,,,,,,,,,,,,,,,,,,,,,,,,,,,,,,,,,,,,,,,,,3.125,,,,,,,21.9143421,39.3121778,
17:58:26.622,,,,,,,,,,,,,,,,,,,,,,,,,,,,,,,,,,,,,,,,,,,,,,,,,,,,,,,,,,,3.125,,,,,,21.9143421,39.3121778,
17:58:26.686,,,,,,,,,,,,,,,,,,,,,,,,,,,,,,,,,,,,,,,,,,,,,,,,,,,,,,,,,,3.125,,,,,,,21.9143421,39.3121778,
17:58:26.742,,,,,,,,,,,,,,,,,,,,,,,,,,,,,,,,,,,,,,,,,,,,,,,,,,,,,,,,,,,3.125,,,,,,21.9143421,39.3121778,
17:58:26.802,,,,,,,,,,,,,,,,,,,,,,,,,,,,,,,,,,,,,,,,,,,,,,,,,,,,,,,,,,3.125,,,,,,,21.9143421,39.3121778,
17:58:26.861,,,,,,,,,,,,,,,,,,,,,,,,,,,,,,,,,,,,,,,,,,,,,,,,,,,,,,,,,,,3.125,,,,,,21.9143421,39.3121778,
17:58:26.924,,,,,,,,,,,,,,,,,,,,,,,,,,,,,,,,,,,,,,,,,,,,,,,,,,,,,,,,,,3.90625,,,,,,,21.9143421,39.3121778,
17:58:26.974,,,,,,,,,,,,,,,,,,,,,,,,,,,,,,,,,,,,,,,,,,,,,,,,,,,,,,,,,,,3.125,,,,,,21.9143421,39.3121778,
17:58:27.000,,,,,,,,,,,,,,,,,,,,,,,,,,,,,,,,,,,,,,,,,,,,,,,,,,,,,,,,,,3.90625,,,,,,,21.9143421,39.3121778,
17:58:27.037,,,,,,,,,,,,,,,,,,,,,,,,,,,,,,,,,,,,,,,,,,,,,,,,,,,,,,,,,,,3.125,,,,,,21.9143421,39.3121778,
17:58:27.101,,,,,,,,,,,,,,,,,,,,,,,,,,,,,,,,,,,,,,,,,,,,,,,,,,,,,,,,,,3.90625,,,,,,,21.9143421,39.3121778,
17:58:27.161,,,,,,,,,,,,,,,,,,,,,,,,,,,,,,,,,,,,,,,,,,,,,,,,,,,,,,,,,,,2.34375,,,,,,21.9143421,39.3121778,
17:58:27.220,,,,,,,,,,,,,,,,,,,,,,,,,,,,,,,,,,,,,,,,,,,,,,,,,,,,,,,,,,3.90625,,,,,,,21.9143421,39.3121778,
17:58:27.282,,,,,,,,,,,,,,,,,,,,,,,,,,,,,,,,,,,,,,,,,,,,,,,,,,,,,,,,,,,2.34375,,,,,,21.9143421,39.3121778,
17:58:27.346,,,,,,,,,,,,,,,,,,,,,,,,,,,,,,,,,,,,,,,,,,,,,,,,,,,,,,,,,,3.125,,,,,,,21.9143421,39.3121778,
17:58:27.409,,,,,,,,,,,,,,,,,,,,,,,,,,,,,,,,,,,,,,,,,,,,,,,,,,,,,,,,,,,2.34375,,,,,,21.9143421,39.3121778,
17:58:27.481,,,,,,,,,,,,,,,,,,,,,,,,,,,,,,,,,,,,,,,,,,,,,,,,,,,,,,,,,,2.34375,,,,,,,21.9143421,39.3121778,
17:58:27.518,,,,,,,,,,,,,,,,,,137.70001220703125,,,,,,,,0.25466131670709835,,,,,,,,,,,,,,,,,,,,,,,,,,,,,,,,,,0.3032944589853287,,,,,21.9143421,39.3121778,
17:58:27.518,,,,,,,,,,,,,,,,,,137.70001220703125,,,,,,,,0.2546613313387006,,,,,,,,,,,,,,,,,,,,,,,,,,,,,,,,,,0.3032944589853287,,,,,21.914341,39.3121794,
17:58:27.529,,,,,,,,,,,,,,,,,,,,,,,,,,,,,,,,,,,,,,,,,,,,,,,,,,,,,,,,,,,2.34375,,,,,,21.914341,39.3121794,
17:58:27.578,,,,,,,,,,,,,,,,,,,,,,,,,,,,,,,,,,,,,,,,,,,,,,,,,,,,,,,,,,2.34375,,,,,,,21.914341,39.3121794,
17:58:27.641,,,,,,,,,,,,,,,,,,,,,,,,,,,,,,,,,,,,,,,,,,,,,,,,,,,,,,,,,,,2.34375,,,,,,21.914341,39.3121794,
17:58:27.705,,,,,,,,,,,,,,,,,,,,,,,,,,,,,,,,,,,,,,,,,,,,,,,,,,,,,,,,,,2.34375,,,,,,,21.914341,39.3121794,
17:58:27.765,,,,,,,,,,,,,,,,,,,,,,,,,,,,,,,,,,,,,,,,,,,,,,,,,,,,,,,,,,,2.34375,,,,,,21.914341,39.3121794,
17:58:27.825,,,,,,,,,,,,,,,,,,,,,,,,,,,,,,,,,,,,,,,,,,,,,,,,,,,,,,,,,,2.34375,,,,,,,21.914341,39.3121794,
17:58:27.886,,,,,,,,,,,,,,,,,,,,,,,,,,,,,,,,,,,,,,,,,,,,,,,,,,,,,,,,,,,2.34375,,,,,,21.914341,39.3121794,
17:58:27.945,,,,,,,,,,,,,,,,,,,,,,,,,,,,,,,,,,,,,,,,,,,,,,,,,,,,,,,,,,2.34375,,,,,,,21.914341,39.3121794,
17:58:28.005,,,,,,,,,,,,,,,,,,,,,,,,,,,,,,,,,,,,,,,,,,,,,,,,,,,,,,,,,,,2.34375,,,,,,21.914341,39.3121794,
17:58:28.077,,,,,,,,,,,,,,,,,,,,,,,,,,,,,,,,,,,,,,,,,,,,,,,,,,,,,,,,,,2.34375,,,,,,,21.914341,39.3121794,
17:58:28.125,,,,,,,,,,,,,,,,,,,,,,,,,,,,,,,,,,,,,,,,,,,,,,,,,,,,,,,,,,,1.5625,,,,,,21.914341,39.3121794,
17:58:28.185,,,,,,,,,,,,,,,,,,,,,,,,,,,,,,,,,,,,,,,,,,,,,,,,,,,,,,,,,,1.5625,,,,,,,21.914341,39.3121794,
17:58:28.244,,,,,,,,,,,,,,,,,,,,,,,,,,,,,,,,,,,,,,,,,,,,,,,,,,,,,,,,,,,1.5625,,,,,,21.914341,39.3121794,
17:58:28.304,,,,,,,,,,,,,,,,,,,,,,,,,,,,,,,,,,,,,,,,,,,,,,,,,,,,,,,,,,1.5625,,,,,,,21.914341,39.3121794,
17:58:28.364,,,,,,,,,,,,,,,,,,,,,,,,,,,,,,,,,,,,,,,,,,,,,,,,,,,,,,,,,,,0.78125,,,,,,21.914341,39.3121794,
17:58:28.426,,,,,,,,,,,,,,,,,,,,,,,,,,,,,,,,,,,,,,,,,,,,,,,,,,,,,,,,,,1.5625,,,,,,,21.914341,39.3121794,
17:58:28.478,,,,,,,,,,,,,,,,,,,,,,,,,,,,,,,,,,,,,,,,,,,,,,,,,,,,,,,,,,,0.78125,,,,,,21.914341,39.3121794,
17:58:28.537,,,,,,,,,,,,,,,,,,,,,,,,,,,,,,,,,,,,,,,,,,,,,,,,,,,,,,,,,,1.5625,,,,,,,21.914341,39.3121794,
17:58:28.560,,,,,,,,,,,,,,,,,,,,,,,,,,,,,,,,,,,,,,,,,,,,,,,,,,,,,,,,,,,1.5625,,,,,,21.914341,39.3121794,
17:58:28.597,,,,,,,,,,,,,,,,,,,,,,,,,,,,,,,,,,,,,,,,,,,,,,,,,,,,,,,,,,1.5625,,,,,,,21.914341,39.3121794,
17:58:28.622,,,,,,,,,,,,,,,,,,,,,,,,,,,,,,,,,,,,,,,,,,,,,,,,,,,,,,,,,,,1.5625,,,,,,21.914341,39.3121794,
17:58:28.656,,,,,,,,,,,,,,,,,,,,,,,,,,,,,,,,,,,,,,,,,,,,,,,,,,,,,,,,,,1.5625,,,,,,,21.914341,39.3121794,
17:58:28.680,,,,,,,,,,,,,,,,,,,,,,,,,,,,,,,,,,,,,,,,,,,,,,,,,,,,,,,,,,,0.78125,,,,,,21.914341,39.3121794,
17:58:28.729,,,,,,,,,,,,,,,,,,,,,,,,,,,,,,,,,,,,,,,,,,,,,,,,,,,,,,,,,,1.5625,,,,,,,21.914341,39.3121794,
17:58:28.776,,,,,,,,,,,,,,,,,,,,,,,,,,,,,,,,,,,,,,,,,,,,,,,,,,,,,,,,,,,0.78125,,,,,,21.914341,39.3121794,
17:58:28.837,,,,,,,,,,,,,,,,,,,,,,,,,,,,,,,,,,,,,,,,,,,,,,,,,,,,,,,,,,1.5625,,,,,,,21.914341,39.3121794,
17:58:28.861,,,,,,,,,,,,,,,,,,,,,,,,,,,,,,,,,,,,,,,,,,,,,,,,,,,,,,,,,,,0.78125,,,,,,21.914341,39.3121794,
17:58:28.897,,,,,,,,,,,,,,,,,,,,,,,,,,,,,,,,,,,,,,,,,,,,,,,,,,,,,,,,,,1.5625,,,,,,,21.914341,39.3121794,
17:58:28.920,,,,,,,,,,,,,,,,,,,,,,,,,,,,,,,,,,,,,,,,,,,,,,,,,,,,,,,,,,,0.78125,,,,,,21.914341,39.3121794,
17:58:28.958,,,,,,,,,,,,,,,,,,,,,,,,,,,,,,,,,,,,,,,,,,,,,,,,,,,,,,,,,,1.5625,,,,,,,21.914341,39.3121794,
17:58:29.021,,,,,,,,,,,,,,,,,,,,,,,,,,,,,,,,,,,,,,,,,,,,,,,,,,,,,,,,,,,0.78125,,,,,,21.914341,39.3121794,
17:58:29.082,,,,,,,,,,,,,,,,,,,,,,,,,,,,,,,,,,,,,,,,,,,,,,,,,,,,,,,,,,2.34375,,,,,,,21.914341,39.3121794,
17:58:29.144,,,,,,,,,,,,,,,,,,,,,,,,,,,,,,,,,,,,,,,,,,,,,,,,,,,,,,,,,,,1.5625,,,,,,21.914341,39.3121794,
17:58:29.192,,,,,,,,,,,,,,,,,,,,,,,,,,,,,,,,,,,,,,,,,,,,,,,,,,,,,,,,,,2.34375,,,,,,,21.914341,39.3121794,
17:58:29.228,,,,,,,,,,,,,,,,,,,,,,,,,,,,,,,,,,,,,,,,,,,,,,,,,,,,,,,,,,,2.34375,,,,,,21.914341,39.3121794,
17:58:29.301,,,,,,,,,,,,,,,,,,,,,,,,,,,,,,,,,,,,,,,,,,,,,,,,,,,,,,,,,,2.34375,,,,,,,21.914341,39.3121794,
17:58:29.341,,,,,,,,,,,,,,,,,,,,,,,,,,,,,,,,,,,,,,,,,,,,,,,,,,,,,,,,,,,1.5625,,,,,,21.914341,39.3121794,
17:58:29.376,,,,,,,,,,,,,,,,,,,,,,,,,,,,,,,,,,,,,,,,,,,,,,,,,,,,,,,,,,2.34375,,,,,,,21.914341,39.3121794,
17:58:29.426,,,,,,,,,,,,,,,,,,,,,,,,,,,,,,,,,,,,,,,,,,,,,,,,,,,,,,,,,,,2.34375,,,,,,21.914341,39.3121794,
17:58:29.502,,,,,,,,,,,,,,,,,,,,,,,,,,,,,,,,,,,,,,,,,,,,,,,,,,,,,,,,,,1.5625,,,,,,,21.914341,39.3121794,
17:58:29.561,,,,,,,,,,,,,,,,,,,,,,,,,,,,,,,,,,,,,,,,,,,,,,,,,,,,,,,,,,,1.5625,,,,,,21.914341,39.3121794,
17:58:29.625,,,,,,,,,,,,,,,,,,,,,,,,,,,,,,,,,,,,,,,,,,,,,,,,,,,,,,,,,,1.5625,,,,,,,21.914341,39.3121794,
17:58:29.675,,,,,,,,,,,,,,,,,,,,,,,,,,,,,,,,,,,,,,,,,,,,,,,,,,,,,,,,,,,0.78125,,,,,,21.914341,39.3121794,
17:58:29.741,,,,,,,,,,,,,,,,,,,,,,,,,,,,,,,,,,,,,,,,,,,,,,,,,,,,,,,,,,1.5625,,,,,,,21.914341,39.3121794,
17:58:29.802,,,,,,,,,,,,,,,,,,,,,,,,,,,,,,,,,,,,,,,,,,,,,,,,,,,,,,,,,,,0.78125,,,,,,21.914341,39.3121794,
17:58:29.867,,,,,,,,,,,,,,,,,,,,,,,,,,,,,,,,,,,,,,,,,,,,,,,,,,,,,,,,,,1.5625,,,,,,,21.914341,39.3121794,
17:58:29.918,,,,,,,,,,,,,,,,,,,,,,,,,,,,,,,,,,,,,,,,,,,,,,,,,,,,,,,,,,,1.5625,,,,,,21.914341,39.3121794,
17:58:29.986,,,,,,,,,,,,,,,,,,,,,,,,,,,,,,,,,,,,,,,,,,,,,,,,,,,,,,,,,,1.5625,,,,,,,21.914341,39.3121794,
17:58:30.037,,,,,,,,,,,,,,,,,,,,,,,,,,,,,,,,,,,,,,,,,,,,,,,,,,,,,,,,,,,1.5625,,,,,,21.914341,39.3121794,
17:58:30.061,,,,,,,,,,,,,,,,,,,,,,,,,,,,,,,,,,,,,,,,,,,,,,,,,,,,,,,,,,0.78125,,,,,,,21.914341,39.3121794,
17:58:30.097,,,,,,,,,,,,,,,,,,,,,,,,,,,,,,,,,,,,,,,,,,,,,,,,,,,,,,,,,,,1.5625,,,,,,21.914341,39.3121794,
17:58:30.146,,,,,,,,,,,,,,,,,,,,,,,,,,,,,,,,,,,,,,,,,,,,,,,,,,,,,,,,,,0.78125,,,,,,,21.914341,39.3121794,
17:58:30.222,,,,,,,,,,,,,,,,,,,,,,,,,,,,,,,,,,,,,,,,,,,,,,,,,,,,,,,,,,,0,,,,,,21.914341,39.3121794,
17:58:30.289,,,,,,,,,,,,,,,,,,,,,,,,,,,,,,,,,,,,,,,,,,,,,,,,,,,,,,,,,,-0.78125,,,,,,,21.914341,39.3121794,
17:58:30.341,,,,,,,,,,,,,,,,,,,,,,,,,,,,,,,,,,,,,,,,,,,,,,,,,,,,,,,,,,,-1.5625,,,,,,21.914341,39.3121794,
17:58:30.401,,,,,,,,,,,,,,,,,,,,,,,,,,,,,,,,,,,,,,,,,,,,,,,,,,,,,,,,,,-2.34375,,,,,,,21.914341,39.3121794,
17:58:30.461,,,,,,,,,,,,,,,,,,,,,,,,,,,,,,,,,,,,,,,,,,,,,,,,,,,,,,,,,,,-3.125,,,,,,21.914341,39.3121794,
17:58:30.525,,,,,,,,,,,,,,,,,,,,,,,,,,,,,,,,,,,,,,,,,,,,,,,,,,,,,,,,,,-3.125,,,,,,,21.914341,39.3121794,
17:58:30.589,,,,,,,,,,,,,,,,,,,,,,,,,,,,,,,,,,,,,,,,,,,,,,,,,,,,,,,,,,,-3.90625,,,,,,21.914341,39.3121794,
17:58:30.636,,,,,,,,,,,,,,,,,,,,,,,,,,,,,,,,,,,,,,,,,,,,,,,,,,,,,,,,,,-3.90625,,,,,,,21.914341,39.3121794,
17:58:30.701,,,,,,,,,,,,,,,,,,,,,,,,,,,,,,,,,,,,,,,,,,,,,,,,,,,,,,,,,,,-4.6875,,,,,,21.914341,39.3121794,
17:58:30.812,,,,,,,,,,,,,,,,,,,,,,,,,,,,,,,,,,,,,,,,,,,,,,,,,,,,,,,,,,-4.6875,,,,,,,21.914341,39.3121794,
17:58:30.853,,,,,,,,,,,,,,,,,,,,,,,,,,,,,,,,,,,,,,,,,,,,,,,,,,,,,,,,,,,-5.46875,,,,,,21.914341,39.3121794,
17:58:30.928,,,,,,,,,,,,,,,,,,,,,,,,,,,,,,,,,,,,,,,,,,,,,,,,,,,,,,,,,,-5.46875,,,,,,,21.914341,39.3121794,
17:58:30.966,,,,,,,,,,,,,,,,,,,,,,,,,,,,,,,,,,,,,,,,,,,,,,,,,,,,,,,,,,,-6.25,,,,,,21.914341,39.3121794,
17:58:30.992,,,,,,,,,,,,,,,,,,,,,,,,,,,,,,,,,,,,,,,,,,,,,,,,,,,,,,,,,,-6.25,,,,,,,21.914341,39.3121794,
17:58:31.029,,,,,,,,,,,,,,,,,,,,,,,,,,,,,,,,,,,,,,,,,,,,,,,,,,,,,,,,,,,-6.25,,,,,,21.914341,39.3121794,
17:58:31.054,,,,,,,,,,,,,,,,,,,,,,,,,,,,,,,,,,,,,,,,,,,,,,,,,,,,,,,,,,-6.25,,,,,,,21.914341,39.3121794,
17:58:31.081,,,,,,,,,,,,,,,,,,,,,,,,,,,,,,,,,,,,,,,,,,,,,,,,,,,,,,,,,,,-6.25,,,,,,21.914341,39.3121794,
17:58:31.116,,,,,,,,,,,,,,,,,,,,,,,,,,,,,,,,,,,,,,,,,,,,,,,,,,,,,,,,,,-7.03125,,,,,,,21.914341,39.3121794,
17:58:31.178,,,,,,,,,,,,,,,,,,,,,,,,,,,,,,,,,,,,,,,,,,,,,,,,,,,,,,,,,,,-7.03125,,,,,,21.914341,39.3121794,
17:58:31.241,,,,,,,,,,,,,,,,,,,,,,,,,,,,,,,,,,,,,,,,,,,,,,,,,,,,,,,,,,-7.8125,,,,,,,21.914341,39.3121794,
17:58:31.306,,,,,,,,,,,,,,,,,,,,,,,,,,,,,,,,,,,,,,,,,,,,,,,,,,,,,,,,,,,-7.8125,,,,,,21.914341,39.3121794,
17:58:31.359,,,,,,,,,,,,,,,,,,,,,,,,,,,,,,,,,,,,,,,,,,,,,,,,,,,,,,,,,,-7.03125,,,,,,,21.914341,39.3121794,
17:58:31.434,,,,,,,,,,,,,,,,,,,,,,,,,,,,,,,,,,,,,,,,,,,,,,,,,,,,,,,,,,,-7.8125,,,,,,21.914341,39.3121794,
17:58:31.480,,,,,,,,,,,,,,,,,,,,,,,,,,,,,,,,,,,,,,,,,,,,,,,,,,,,,,,,,,-6.25,,,,,,,21.914341,39.3121794,
17:58:31.542,,,,,,,,,,,,,,,,,,,,,,,,,,,,,,,,,,,,,,,,,,,,,,,,,,,,,,,,,,,-7.03125,,,,,,21.914341,39.3121794,
17:58:31.604,,,,,,,,,,,,,,,,,,,,,,,,,,,,,,,,,,,,,,,,,,,,,,,,,,,,,,,,,,-4.6875,,,,,,,21.914341,39.3121794,
17:58:31.665,,,,,,,,,,,,,,,,,,,,,,,,,,,,,,,,,,,,,,,,,,,,,,,,,,,,,,,,,,,-6.25,,,,,,21.914341,39.3121794,
17:58:31.718,,,,,,,,,,,,,,,,,,,,,,,,,,,,,,,,,,,,,,,,,,,,,,,,,,,,,,,,,,-4.6875,,,,,,,21.914341,39.3121794,
17:58:31.786,,,,,,,,,,,,,,,,,,,,,,,,,,,,,,,,,,,,,,,,,,,,,,,,,,,,,,,,,,,-6.25,,,,,,21.914341,39.3121794,
17:58:31.838,,,,,,,,,,,,,,,,,,,,,,,,,,,,,,,,,,,,,,,,,,,,,,,,,,,,,,,,,,-4.6875,,,,,,,21.914341,39.3121794,
17:58:31.901,,,,,,,,,,,,,,,,,,,,,,,,,,,,,,,,,,,,,,,,,,,,,,,,,,,,,,,,,,,-6.25,,,,,,21.914341,39.3121794,
17:58:31.962,,,,,,,,,,,,,,,,,,,,,,,,,,,,,,,,,,,,,,,,,,,,,,,,,,,,,,,,,,-4.6875,,,,,,,21.914341,39.3121794,
17:58:32.026,,,,,,,,,,,,,,,,,,,,,,,,,,,,,,,,,,,,,,,,,,,,,,,,,,,,,,,,,,,-5.46875,,,,,,21.914341,39.3121794,
17:58:32.069,,,,,,,,,,,,,,,,,,,,,,,,,,,,,,,,,,,,,,,,,,,,,,,,,,,,,,,,,,-3.90625,,,,,,,21.914341,39.3121794,
17:58:32.142,,,,,,,,,,,,,,,,,,,,,,,,,,,,,,,,,,,,,,,,,,,,,,,,,,,,,,,,,,,-4.6875,,,,,,21.914341,39.3121794,
17:58:32.210,,,,,,,,,,,,,,,,,,,,,,,,,,,,,,,,,,,,,,,,,,,,,,,,,,,,,,,,,,-3.125,,,,,,,21.914341,39.3121794,
17:58:32.262,,,,,,,,,,,,,,,,,,,,,,,,,,,,,,,,,,,,,,,,,,,,,,,,,,,,,,,,,,,-4.6875,,,,,,21.914341,39.3121794,
17:58:32.313,,,,,,,,,,,,,,,,,,,,,,,,,,,,,,,,,,,,,,,,,,,,,,,,,,,,,,,,,,-2.34375,,,,,,,21.914341,39.3121794,
17:58:32.342,,,,,,,,,,,,,,,,,,,,,,,,,,,,,,,,,,,,,,,,,,,,,,,,,,,,,,,,,,,-3.90625,,,,,,21.914341,39.3121794,
17:58:32.380,,,,,,,,,,,,,,,,,,,,,,,,,,,,,,,,,,,,,,,,,,,,,,,,,,,,,,,,,,-1.5625,,,,,,,21.914341,39.3121794,
17:58:32.449,,,,,,,,,,,,,,,,,,,,,,,,,,,,,,,,,,,,,,,,,,,,,,,,,,,,,,,,,,,-3.90625,,,,,,21.914341,39.3121794,
17:58:32.497,,,,,,,,,,,,,,,,,,,,,,,,,,,,,,,,,,,,,,,,,,,,,,,,,,,,,,,,,,-2.34375,,,,,,,21.914341,39.3121794,
17:58:32.560,,,,,,,,,,,,,,,,,,,,,,,,,,,,,,,,,,,,,,,,,,,,,,,,,,,,,,,,,,,-3.90625,,,,,,21.914341,39.3121794,
17:58:32.625,,,,,,,,,,,,,,,,,,,,,,,,,,,,,,,,,,,,,,,,,,,,,,,,,,,,,,,,,,-2.34375,,,,,,,21.914341,39.3121794,
17:58:32.681,,,,,,,,,,,,,,,,,,,,,,,,,,,,,,,,,,,,,,,,,,,,,,,,,,,,,,,,,,,-3.90625,,,,,,21.914341,39.3121794,
17:58:32.738,,,,,,,,,,,,,,,,,,,,,,,,,,,,,,,,,,,,,,,,,,,,,,,,,,,,,,,,,,-2.34375,,,,,,,21.914341,39.3121794,
17:58:32.801,,,,,,,,,,,,,,,,,,,,,,,,,,,,,,,,,,,,,,,,,,,,,,,,,,,,,,,,,,,-3.90625,,,,,,21.914341,39.3121794,
17:58:32.861,,,,,,,,,,,,,,,,,,,,,,,,,,,,,,,,,,,,,,,,,,,,,,,,,,,,,,,,,,-2.34375,,,,,,,21.914341,39.3121794,
17:58:32.929,,,,,,,,,,,,,,,,,,,,,,,,,,,,,,,,,,,,,,,,,,,,,,,,,,,,,,,,,,,-3.90625,,,,,,21.914341,39.3121794,
17:58:32.982,,,,,,,,,,,,,,,,,,,,,,,,,,,,,,,,,,,,,,,,,,,,,,,,,,,,,,,,,,-2.34375,,,,,,,21.914341,39.3121794,
17:58:33.034,,,,,,,,,,,,,,,,,,,,,,,,,,,,,,,,,,,,,,,,,,,,,,,,,,,,,,,,,,,-3.125,,,,,,21.914341,39.3121794,
17:58:33.097,,,,,,,,,,,,,,,,,,,,,,,,,,,,,,,,,,,,,,,,,,,,,,,,,,,,,,,,,,-2.34375,,,,,,,21.914341,39.3121794,
17:58:33.174,,,,,,,,,,,,,,,,,,,,,,,,,,,,,,,,,,,,,,,,,,,,,,,,,,,,,,,,,,,-3.125,,,,,,21.914341,39.3121794,
17:58:33.221,,,,,,,,,,,,,,,,,,,,,,,,,,,,,,,,,,,,,,,,,,,,,,,,,,,,,,,,,,-2.34375,,,,,,,21.914341,39.3121794,
17:58:33.282,,,,,,,,,,,,,,,,,,,,,,,,,,,,,,,,,,,,,,,,,,,,,,,,,,,,,,,,,,,-3.125,,,,,,21.914341,39.3121794,
17:58:33.357,,,,,,,,,,,,,,,,,,,,,,,,,,,,,,,,,,,,,,,,,,,,,,,,,,,,,,,,,,-3.125,,,,,,,21.914341,39.3121794,
17:58:33.413,,,,,,,,,,,,,,,,,,,,,,,,,,,,,,,,,,,,,,,,,,,,,,,,,,,,,,,,,,,-3.90625,,,,,,21.914341,39.3121794,
17:58:33.453,,,,,,,,,,,,,,,,,,,,,,,,,,,,,,,,,,,,,,,,,,,,,,,,,,,,,,,,,,-3.125,,,,,,,21.914341,39.3121794,
17:58:33.516,,,,,,,,,,,,,,,,,,,,,,,,,,,,,,,,,,,,,,,,,,,,,,,,,,,,,,,,,,,-4.6875,,,,,,21.914341,39.3121794,
17:58:33.581,,,,,,,,,,,,,,,,,,,,,,,,,,,,,,,,,,,,,,,,,,,,,,,,,,,,,,,,,,-3.90625,,,,,,,21.914341,39.3121794,
17:58:33.646,,,,,,,,,,,,,,,,,,,,,,,,,,,,,,,,,,,,,,,,,,,,,,,,,,,,,,,,,,,-4.6875,,,,,,21.914341,39.3121794,
17:58:33.698,,,,,,,,,,,,,,,,,,,,,,,,,,,,,,,,,,,,,,,,,,,,,,,,,,,,,,,,,,-3.90625,,,,,,,21.914341,39.3121794,
17:58:33.761,,,,,,,,,,,,,,,,,,,,,,,,,,,,,,,,,,,,,,,,,,,,,,,,,,,,,,,,,,,-4.6875,,,,,,21.914341,39.3121794,
17:58:33.834,,,,,,,,,,,,,,,,,,,,,,,,,,,,,,,,,,,,,,,,,,,,,,,,,,,,,,,,,,-3.90625,,,,,,,21.914341,39.3121794,
17:58:33.885,,,,,,,,,,,,,,,,,,,,,,,,,,,,,,,,,,,,,,,,,,,,,,,,,,,,,,,,,,,-3.90625,,,,,,21.914341,39.3121794,
17:58:33.937,,,,,,,,,,,,,,,,,,,,,,,,,,,,,,,,,,,,,,,,,,,,,,,,,,,,,,,,,,-3.125,,,,,,,21.914341,39.3121794,
17:58:33.995,,,,,,,,,,,,,,,,,,,,,,,,,,,,,,,,,,,,,,,,,,,,,,,,,,,,,,,,,,,-3.90625,,,,,,21.914341,39.3121794,
17:58:34.061,,,,,,,,,,,,,,,,,,,,,,,,,,,,,,,,,,,,,,,,,,,,,,,,,,,,,,,,,,-3.125,,,,,,,21.914341,39.3121794,
17:58:34.129,,,,,,,,,,,,,,,,,,,,,,,,,,,,,,,,,,,,,,,,,,,,,,,,,,,,,,,,,,,-4.6875,,,,,,21.914341,39.3121794,
17:58:34.175,,,,,,,,,,,,,,,,,,,,,,,,,,,,,,,,,,,,,,,,,,,,,,,,,,,,,,,,,,-3.125,,,,,,,21.914341,39.3121794,
17:58:34.202,,,,,,,,,,,,,,,,,,,,,,,,,,,,,,,,,,,,,,,,,,,,,,,,,,,,,,,,,,,-3.90625,,,,,,21.914341,39.3121794,
17:58:34.270,,,,,,,,,,,,,,,,,,,,,,,,,,,,,,,,,,,,,,,,,,,,,,,,,,,,,,,,,,-3.90625,,,,,,,21.914341,39.3121794,
17:58:34.345,,,,,,,,,,,,,,,,,,,,,,,,,,,,,,,,,,,,,,,,,,,,,,,,,,,,,,,,,,,-3.90625,,,,,,21.914341,39.3121794,
17:58:34.382,,,,,,,,,,,,,,,,,,,,,,,,,,,,,,,,,,,,,,,,,,,,,,,,,,,,,,,,,,-3.90625,,,,,,,21.914341,39.3121794,
17:58:34.425,,,,,,,,,,,,,,,,,,,,,,,,,,,,,,,,,,,,,,,,,,,,,,,,,,,,,,,,,,,-4.6875,,,,,,21.914341,39.3121794,
17:58:34.480,,,,,,,,,,,,,,,,,,,,,,,,,,,,,,,,,,,,,,,,,,,,,,,,,,,,,,,,,,-3.90625,,,,,,,21.914341,39.3121794,
17:58:34.546,,,,,,,,,,,,,,,,,,,,,,,,,,,,,,,,,,,,,,,,,,,,,,,,,,,,,,,,,,,-4.6875,,,,,,21.914341,39.3121794,
17:58:34.605,,,,,,,,,,,,,,,,,,,,,,,,,,,,,,,,,,,,,,,,,,,,,,,,,,,,,,,,,,-3.125,,,,,,,21.914341,39.3121794,
17:58:34.670,,,,,,,,,,,,,,,,,,,,,,,,,,,,,,,,,,,,,,,,,,,,,,,,,,,,,,,,,,,-4.6875,,,,,,21.914341,39.3121794,
17:58:34.723,,,,,,,,,,,,,,,,,,,,,,,,,,,,,,,,,,,,,,,,,,,,,,,,,,,,,,,,,,-3.125,,,,,,,21.914341,39.3121794,
17:58:34.779,,,,,,,,,,,,,,,,,,,,,,,,,,,,,,,,,,,,,,,,,,,,,,,,,,,,,,,,,,,-3.90625,,,,,,21.914341,39.3121794,
17:58:34.841,,,,,,,,,,,,,,,,,,,,,,,,,,,,,,,,,,,,,,,,,,,,,,,,,,,,,,,,,,-2.34375,,,,,,,21.914341,39.3121794,
17:58:34.897,,,,,,,,,,,,,,,,,,,,,,,,,,,,,,,,,,,,,,,,,,,,,,,,,,,,,,,,,,,-3.125,,,,,,21.914341,39.3121794,
17:58:34.959,,,,,,,,,,,,,,,,,,,,,,,,,,,,,,,,,,,,,,,,,,,,,,,,,,,,,,,,,,-2.34375,,,,,,,21.914341,39.3121794,
17:58:35.025,,,,,,,,,,,,,,,,,,,,,,,,,,,,,,,,,,,,,,,,,,,,,,,,,,,,,,,,,,,-3.125,,,,,,21.914341,39.3121794,
17:58:35.076,,,,,,,,,,,,,,,,,,,,,,,,,,,,,,,,,,,,,,,,,,,,,,,,,,,,,,,,,,-1.5625,,,,,,,21.914341,39.3121794,
17:58:35.101,,,,,,,,,,,,,,,,,,,,,,,,,,,,,,,,,,,,,,,,,,,,,,,,,,,,,,,,,,,-3.125,,,,,,21.914341,39.3121794,
17:58:35.146,,,,,,,,,,,,,,,,,,,,,,,,,,,,,,,,,,,,,,,,,,,,,,,,,,,,,,,,,,-1.5625,,,,,,,21.914341,39.3121794,
17:58:35.198,,,,,,,,,,,,,,,,,,,,,,,,,,,,,,,,,,,,,,,,,,,,,,,,,,,,,,,,,,,-3.125,,,,,,21.914341,39.3121794,
17:58:35.263,,,,,,,,,,,,,,,,,,,,,,,,,,,,,,,,,,,,,,,,,,,,,,,,,,,,,,,,,,-1.5625,,,,,,,21.914341,39.3121794,
17:58:35.319,,,,,,,,,,,,,,,,,,,,,,,,,,,,,,,,,,,,,,,,,,,,,,,,,,,,,,,,,,,-2.34375,,,,,,21.914341,39.3121794,
17:58:35.379,,,,,,,,,,,,,,,,,,,,,,,,,,,,,,,,,,,,,,,,,,,,,,,,,,,,,,,,,,-0.78125,,,,,,,21.914341,39.3121794,
17:58:35.449,,,,,,,,,,,,,,,,,,,,,,,,,,,,,,,,,,,,,,,,,,,,,,,,,,,,,,,,,,,-2.34375,,,,,,21.914341,39.3121794,
17:58:35.493,,,,,,,,,,,,,,,,,,,,,,,,,,,,,,,,,,,,,,,,,,,,,,,,,,,,,,,,,,-0.78125,,,,,,,21.914341,39.3121794,
17:58:35.529,,,,,,,,,,,,,,,,,,,,,,,,,,,,,,,,,,,,,,,,,,,,,,,,,,,,,,,,,,,-1.5625,,,,,,21.914341,39.3121794,
17:58:35.553,,,,,,,,,,,,,,,,,,,,,,,,,,,,,,,,,,,,,,,,,,,,,,,,,,,,,,,,,,-0.78125,,,,,,,21.914341,39.3121794,
17:58:35.594,,,,,,,,,,,,,,,,,,,,,,,,,,,,,,,,,,,,,,,,,,,,,,,,,,,,,,,,,,,-1.5625,,,,,,21.914341,39.3121794,
17:58:35.653,,,,,,,,,,,,,,,,,,,,,,,,,,,,,,,,,,,,,,,,,,,,,,,,,,,,,,,,,,-0.78125,,,,,,,21.914341,39.3121794,
17:58:35.713,,,,,,,,,,,,,,,,,,,,,,,,,,,,,,,,,,,,,,,,,,,,,,,,,,,,,,,,,,,-1.5625,,,,,,21.914341,39.3121794,
17:58:35.773,,,,,,,,,,,,,,,,,,,,,,,,,,,,,,,,,,,,,,,,,,,,,,,,,,,,,,,,,,-0.78125,,,,,,,21.914341,39.3121794,
17:58:35.825,,,,,,,,,,,,,,,,,,,,,,,,,,,,,,,,,,,,,,,,,,,,,,,,,,,,,,,,,,,-1.5625,,,,,,21.914341,39.3121794,
17:58:35.861,,,,,,,,,,,,,,,,,,,,,,,,,,,,,,,,,,,,,,,,,,,,,,,,,,,,,,,,,,-0.78125,,,,,,,21.914341,39.3121794,
17:58:35.921,,,,,,,,,,,,,,,,,,,,,,,,,,,,,,,,,,,,,,,,,,,,,,,,,,,,,,,,,,,-1.5625,,,,,,21.914341,39.3121794,
17:58:35.982,,,,,,,,,,,,,,,,,,,,,,,,,,,,,,,,,,,,,,,,,,,,,,,,,,,,,,,,,,-1.5625,,,,,,,21.914341,39.3121794,
17:58:36.053,,,,,,,,,,,,,,,,,,,,,,,,,,,,,,,,,,,,,,,,,,,,,,,,,,,,,,,,,,,-1.5625,,,,,,21.914341,39.3121794,
17:58:36.101,,,,,,,,,,,,,,,,,,,,,,,,,,,,,,,,,,,,,,,,,,,,,,,,,,,,,,,,,,-1.5625,,,,,,,21.914341,39.3121794,
17:58:36.162,,,,,,,,,,,,,,,,,,,,,,,,,,,,,,,,,,,,,,,,,,,,,,,,,,,,,,,,,,,-1.5625,,,,,,21.914341,39.3121794,
17:58:36.226,,,,,,,,,,,,,,,,,,,,,,,,,,,,,,,,,,,,,,,,,,,,,,,,,,,,,,,,,,-0.78125,,,,,,,21.914341,39.3121794,
17:58:36.277,,,,,,,,,,,,,,,,,,,,,,,,,,,,,,,,,,,,,,,,,,,,,,,,,,,,,,,,,,,-1.5625,,,,,,21.914341,39.3121794,
17:58:36.305,,,,,,,,,,,,,,,,,,,,,,,,,,,,,,,,,,,,,,,,,,,,,,,,,,,,,,,,,,-0.78125,,,,,,,21.914341,39.3121794,
17:58:36.335,,,,,,,,,,,,,,,,,,,,,,,,,,,,,,,,,,,,,,,,,,,,,,,,,,,,,,,,,,,-0.78125,,,,,,21.914341,39.3121794,
17:58:36.380,,,,,,,,,,,,,,,,,,,,,,,,,,,,,,,,,,,,,,,,,,,,,,,,,,,,,,,,,,0,,,,,,,21.914341,39.3121794,
17:58:36.421,,,,,,,,,,,,,,,,,,,,,,,,,,,,,,,,,,,,,,,,,,,,,,,,,,,,,,,,,,,-0.78125,,,,,,21.914341,39.3121794,
17:58:36.461,,,,,,,,,,,,,,,,,,,,,,,,,,,,,,,,,,,,,,,,,,,,,,,,,,,,,,,,,,0,,,,,,,21.914341,39.3121794,
17:58:36.523,,,,,,,,,,,,,,,,,,,,,,,,,,,,,,,,,,,,,,,,,,,,,,,,,,,,,,,,,,,-0.78125,,,,,,21.914341,39.3121794,
17:58:36.581,,,,,,,,,,,,,,,,,,,,,,,,,,,,,,,,,,,,,,,,,,,,,,,,,,,,,,,,,,0,,,,,,,21.914341,39.3121794,
17:58:36.654,,,,,,,,,,,,,,,,,,,,,,,,,,,,,,,,,,,,,,,,,,,,,,,,,,,,,,,,,,,-0.78125,,,,,,21.914341,39.3121794,
17:58:36.726,,,,,,,,,,,,,,,,,,,,,,,,,,,,,,,,,,,,,,,,,,,,,,,,,,,,,,,,,,-0.78125,,,,,,,21.914341,39.3121794,
17:58:36.761,,,,,,,,,,,,,,,,,,,,,,,,,,,,,,,,,,,,,,,,,,,,,,,,,,,,,,,,,,,-0.78125,,,,,,21.914341,39.3121794,
17:58:36.822,,,,,,,,,,,,,,,,,,,,,,,,,,,,,,,,,,,,,,,,,,,,,,,,,,,,,,,,,,0,,,,,,,21.914341,39.3121794,
17:58:36.880,,,,,,,,,,,,,,,,,,,,,,,,,,,,,,,,,,,,,,,,,,,,,,,,,,,,,,,,,,,-0.78125,,,,,,21.914341,39.3121794,
17:58:36.940,,,,,,,,,,,,,,,,,,,,,,,,,,,,,,,,,,,,,,,,,,,,,,,,,,,,,,,,,,-0.78125,,,,,,,21.914341,39.3121794,
17:58:37.002,,,,,,,,,,,,,,,,,,,,,,,,,,,,,,,,,,,,,,,,,,,,,,,,,,,,,,,,,,,-0.78125,,,,,,21.914341,39.3121794,
17:58:37.065,,,,,,,,,,,,,,,,,,,,,,,,,,,,,,,,,,,,,,,,,,,,,,,,,,,,,,,,,,-0.78125,,,,,,,21.914341,39.3121794,
17:58:37.126,,,,,,,,,,,,,,,,,,,,,,,,,,,,,,,,,,,,,,,,,,,,,,,,,,,,,,,,,,,-1.5625,,,,,,21.914341,39.3121794,
17:58:37.172,,,,,,,,,,,,,,,,,,,,,,,,,,,,,,,,,,,,,,,,,,,,,,,,,,,,,,,,,,-0.78125,,,,,,,21.914341,39.3121794,
17:58:37.210,,,,,,,,,,,,,,,,,,,,,,,,,,,,,,,,,,,,,,,,,,,,,,,,,,,,,,,,,,,-1.5625,,,,,,21.914341,39.3121794,
17:58:37.234,,,,,,,,,,,,,,,,,,,,,,,,,,,,,,,,,,,,,,,,,,,,,,,,,,,,,,,,,,-0.78125,,,,,,,21.914341,39.3121794,
17:58:37.270,,,,,,,,,,,,,,,,,,,,,,,,,,,,,,,,,,,,,,,,,,,,,,,,,,,,,,,,,,,-1.5625,,,,,,21.914341,39.3121794,
17:58:37.332,,,,,,,,,,,,,,,,,,,,,,,,,,,,,,,,,,,,,,,,,,,,,,,,,,,,,,,,,,-0.78125,,,,,,,21.914341,39.3121794,
17:58:37.407,,,,,,,,,,,,,,,,,,,,,,,,,,,,,,,,,,,,,,,,,,,,,,,,,,,,,,,,,,,-1.5625,,,,,,21.914341,39.3121794,
17:58:37.473,,,,,,,,,,,,,,,,,,,,,,,,,,,,,,,,,,,,,,,,,,,,,,,,,,,,,,,,,,-0.78125,,,,,,,21.914341,39.3121794,
17:58:37.510,,,,,,,,,,,,,,,,,,,,,,,,,,,,,,,,,,,,,,,,,,,,,,,,,,,,,,,,,,,-2.34375,,,,,,21.914341,39.3121794,
17:58:37.573,,,,,,,,,,,,,,,,,,,,,,,,,,,,,,,,,,,,,,,,,,,,,,,,,,,,,,,,,,-0.78125,,,,,,,21.914341,39.3121794,
17:58:37.637,,,,,,,,,,,,,,,,,,,,,,,,,,,,,,,,,,,,,,,,,,,,,,,,,,,,,,,,,,,-2.34375,,,,,,21.914341,39.3121794,
17:58:37.702,,,,,,,,,,,,,,,,,,,,,,,,,,,,,,,,,,,,,,,,,,,,,,,,,,,,,,,,,,-0.78125,,,,,,,21.914341,39.3121794,
17:58:37.741,,,,,,,,,,,,,,,,,,,,,,,,,,,,,,,,,,,,,,,,,,,,,,,,,,,,,,,,,,,-1.5625,,,,,,21.914341,39.3121794,
17:58:37.784,,,,,,,,,,,,,,,,,,,,,,,,,,,,,,,,,,,,,,,,,,,,,,,,,,,,,,,,,,-0.78125,,,,,,,21.914341,39.3121794,
17:58:37.833,,,,,,,,,,,,,,,,,,,,,,,,,,,,,,,,,,,,,,,,,,,,,,,,,,,,,,,,,,,-2.34375,,,,,,21.914341,39.3121794,
17:58:37.867,,,,,,,,,,,,,,,,,,,,,,,,,,,,,,,,,,,,,,,,,,,,,,,,,,,,,,,,,,-0.78125,,,,,,,21.914341,39.3121794,
17:58:37.932,,,,,,,,,,,,,,,,,,,,,,,,,,,,,,,,,,,,,,,,,,,,,,,,,,,,,,,,,,,-2.34375,,,,,,21.914341,39.3121794,
17:58:37.981,,,,,,,,,,,,,,,,,,,,,,,,,,,,,,,,,,,,,,,,,,,,,,,,,,,,,,,,,,-0.78125,,,,,,,21.914341,39.3121794,
17:58:38.044,,,,,,,,,,,,,,,,,,,,,,,,,,,,,,,,,,,,,,,,,,,,,,,,,,,,,,,,,,,-1.5625,,,,,,21.914341,39.3121794,
17:58:38.070,,,,,,,,,,,,,,,,,,,,,,,,,,,,,,,,,,,,,,,,,,,,,,,,,,,,,,,,,,-0.78125,,,,,,,21.914341,39.3121794,
17:58:38.110,,,,,,,,,,,,,,,,,,,,,,,,,,,,,,,,,,,,,,,,,,,,,,,,,,,,,,,,,,,-1.5625,,,,,,21.914341,39.3121794,
17:58:38.179,,,,,,,,,,,,,,,,,,,,,,,,,,,,,,,,,,,,,,,,,,,,,,,,,,,,,,,,,,-0.78125,,,,,,,21.914341,39.3121794,
17:58:38.229,,,,,,,,,,,,,,,,,,,,,,,,,,,,,,,,,,,,,,,,,,,,,,,,,,,,,,,,,,,-0.78125,,,,,,21.914341,39.3121794,
17:58:38.299,,,,,,,,,,,,,,,,,,,,,,,,,,,,,,,,,,,,,,,,,,,,,,,,,,,,,,,,,,0.78125,,,,,,,21.914341,39.3121794,
17:58:38.351,,,,,,,,,,,,,,,,,,,,,,,,,,,,,,,,,,,,,,,,,,,,,,,,,,,,,,,,,,,0,,,,,,21.914341,39.3121794,
17:58:38.418,,,,,,,,,,,,,,,,,,,,,,,,,,,,,,,,,,,,,,,,,,,,,,,,,,,,,,,,,,2.34375,,,,,,,21.914341,39.3121794,
17:58:38.465,,,,,,,,,,,,,,,,,,,,,,,,,,,,,,,,,,,,,,,,,,,,,,,,,,,,,,,,,,,2.34375,,,,,,21.914341,39.3121794,
17:58:38.493,,,,,,,,,,,,,,,,,,,,,,,,,,,,,,,,,,,,,,,,,,,,,,,,,,,,,,,,,,3.125,,,,,,,21.914341,39.3121794,
17:58:38.522,,,,,,,,,,,,,,,,,,,,,,,,,,,,,,,,,,,,,,,,,,,,,,,,,,,,,,,,,,,3.125,,,,,,21.914341,39.3121794,
17:58:38.557,,,,,,,,,,,,,,,,,,,,,,,,,,,,,,,,,,,,,,,,,,,,,,,,,,,,,,,,,,3.125,,,,,,,21.914341,39.3121794,
17:58:38.617,,,,,,,,,,,,,,,,,,,,,,,,,,,,,,,,,,,,,,,,,,,,,,,,,,,,,,,,,,,3.90625,,,,,,21.914341,39.3121794,
17:58:38.689,,,,,,,,,,,,,,,,,,,,,,,,,,,,,,,,,,,,,,,,,,,,,,,,,,,,,,,,,,3.125,,,,,,,21.914341,39.3121794,
17:58:38.738,,,,,,,,,,,,,,,,,,,,,,,,,,,,,,,,,,,,,,,,,,,,,,,,,,,,,,,,,,,4.6875,,,,,,21.914341,39.3121794,
17:58:38.801,,,,,,,,,,,,,,,,,,,,,,,,,,,,,,,,,,,,,,,,,,,,,,,,,,,,,,,,,,2.34375,,,,,,,21.914341,39.3121794,
17:58:38.855,,,,,,,,,,,,,,,,,,,,,,,,,,,,,,,,,,,,,,,,,,,,,,,,,,,,,,,,,,,3.90625,,,,,,21.914341,39.3121794,
17:58:38.892,,,,,,,,,,,,,,,,,,,,,,,,,,,,,,,,,,,,,,,,,,,,,,,,,,,,,,,,,,2.34375,,,,,,,21.914341,39.3121794,
17:58:38.944,,,,,,,,,,,,,,,,,,,,,,,,,,,,,,,,,,,,,,,,,,,,,,,,,,,,,,,,,,,3.90625,,,,,,21.914341,39.3121794,
17:58:38.974,,,,,,,,,,,,,,,,,,,,,,,,,,,,,,,,,,,,,,,,,,,,,,,,,,,,,,,,,,0.78125,,,,,,,21.914341,39.3121794,
17:58:39.041,,,,,,,,,,,,,,,,,,,,,,,,,,,,,,,,,,,,,,,,,,,,,,,,,,,,,,,,,,,2.34375,,,,,,21.914341,39.3121794,
17:58:39.108,,,,,,,,,,,,,,,,,,,,,,,,,,,,,,,,,,,,,,,,,,,,,,,,,,,,,,,,,,0,,,,,,,21.914341,39.3121794,
17:58:39.162,,,,,,,,,,,,,,,,,,,,,,,,,,,,,,,,,,,,,,,,,,,,,,,,,,,,,,,,,,,1.5625,,,,,,21.914341,39.3121794,
17:58:39.216,,,,,,,,,,,,,,,,,,,,,,,,,,,,,,,,,,,,,,,,,,,,,,,,,,,,,,,,,,-0.78125,,,,,,,21.914341,39.3121794,
17:58:39.282,,,,,,,,,,,,,,,,,,,,,,,,,,,,,,,,,,,,,,,,,,,,,,,,,,,,,,,,,,,0,,,,,,21.914341,39.3121794,
17:58:39.336,,,,,,,,,,,,,,,,,,,,,,,,,,,,,,,,,,,,,,,,,,,,,,,,,,,,,,,,,,0,,,,,,,21.914341,39.3121794,
17:58:39.427,,,,,,,,,,,,,,,,,,,,,,,,,,,,,,,,,,,,,,,,,,,,,,,,,,,,,,,,,,,0,,,,,,21.914341,39.3121794,
17:58:39.453,,,,,,,,,,,,,,,,,,,,,,,,,,,,,,,,,,,,,,,,,,,,,,,,,,,,,,,,,,0,,,,,,,21.914341,39.3121794,
17:58:39.493,,,,,,,,,,,,,,,,,,,,,,,,,,,,,,,,,,,,,,,,,,,,,,,,,,,,,,,,,,,0,,,,,,21.914341,39.3121794,
17:58:39.546,,,,,,,,,,,,,,,,,,,,,,,,,,,,,,,,,,,,,,,,,,,,,,,,,,,,,,,,,,0.78125,,,,,,,21.914341,39.3121794,
17:58:39.613,,,,,,,,,,,,,,,,,,,,,,,,,,,,,,,,,,,,,,,,,,,,,,,,,,,,,,,,,,,-0.78125,,,,,,21.914341,39.3121794,
17:58:39.665,,,,,,,,,,,,,,,,,,,,,,,,,,,,,,,,,,,,,,,,,,,,,,,,,,,,,,,,,,0.78125,,,,,,,21.914341,39.3121794,
17:58:39.731,,,,,,,,,,,,,,,,,,,,,,,,,,,,,,,,,,,,,,,,,,,,,,,,,,,,,,,,,,,-0.78125,,,,,,21.914341,39.3121794,
17:58:39.789,,,,,,,,,,,,,,,,,,,,,,,,,,,,,,,,,,,,,,,,,,,,,,,,,,,,,,,,,,1.5625,,,,,,,21.914341,39.3121794,
17:58:39.849,,,,,,,,,,,,,,,,,,,,,,,,,,,,,,,,,,,,,,,,,,,,,,,,,,,,,,,,,,,-0.78125,,,,,,21.914341,39.3121794,
17:58:39.905,,,,,,,,,,,,,,,,,,,,,,,,,,,,,,,,,,,,,,,,,,,,,,,,,,,,,,,,,,1.5625,,,,,,,21.914341,39.3121794,
17:58:39.961,,,,,,,,,,,,,,,,,,,,,,,,,,,,,,,,,,,,,,,,,,,,,,,,,,,,,,,,,,,0,,,,,,21.914341,39.3121794,
17:58:40.030,,,,,,,,,,,,,,,,,,,,,,,,,,,,,,,,,,,,,,,,,,,,,,,,,,,,,,,,,,2.34375,,,,,,,21.914341,39.3121794,
17:58:40.105,,,,,,,,,,,,,,,,,,,,,,,,,,,,,,,,,,,,,,,,,,,,,,,,,,,,,,,,,,,0.78125,,,,,,21.914341,39.3121794,
17:58:40.145,,,,,,,,,,,,,,,,,,,,,,,,,,,,,,,,,,,,,,,,,,,,,,,,,,,,,,,,,,2.34375,,,,,,,21.914341,39.3121794,
17:58:40.171,,,,,,,,,,,,,,,,,,,,,,,,,,,,,,,,,,,,,,,,,,,,,,,,,,,,,,,,,,,1.5625,,,,,,21.914341,39.3121794,
17:58:40.203,,,,,,,,,,,,,,,,,,,,,,,,,,,,,,,,,,,,,,,,,,,,,,,,,,,,,,,,,,2.34375,,,,,,,21.914341,39.3121794,
17:58:40.230,,,,,,,,,,,,,,,,,,,,,,,,,,,,,,,,,,,,,,,,,,,,,,,,,,,,,,,,,,,2.34375,,,,,,21.914341,39.3121794,
17:58:40.271,,,,,,,,,,,,,,,,,,,,,,,,,,,,,,,,,,,,,,,,,,,,,,,,,,,,,,,,,,1.5625,,,,,,,21.914341,39.3121794,
17:58:40.334,,,,,,,,,,,,,,,,,,,,,,,,,,,,,,,,,,,,,,,,,,,,,,,,,,,,,,,,,,,3.125,,,,,,21.914341,39.3121794,
17:58:40.385,,,,,,,,,,,,,,,,,,,,,,,,,,,,,,,,,,,,,,,,,,,,,,,,,,,,,,,,,,1.5625,,,,,,,21.914341,39.3121794,
17:58:40.413,,,,,,,,,,,,,,,,,,,,,,,,,,,,,,,,,,,,,,,,,,,,,,,,,,,,,,,,,,,3.90625,,,,,,21.914341,39.3121794,
17:58:40.454,,,,,,,,,,,,,,,,,,,,,,,,,,,,,,,,,,,,,,,,,,,,,,,,,,,,,,,,,,1.5625,,,,,,,21.914341,39.3121794,
17:58:40.509,,,,,,,,,,,,,,,,,,,,,,,,,,,,,,,,,,,,,,,,,,,,,,,,,,,,,,,,,,,3.90625,,,,,,21.914341,39.3121794,
17:58:40.574,,,,,,,,,,,,,,,,,,,,,,,,,,,,,,,,,,,,,,,,,,,,,,,,,,,,,,,,,,1.5625,,,,,,,21.914341,39.3121794,
17:58:40.629,,,,,,,,,,,,,,,,,,,,,,,,,,,,,,,,,,,,,,,,,,,,,,,,,,,,,,,,,,,3.125,,,,,,21.914341,39.3121794,
17:58:40.694,,,,,,,,,,,,,,,,,,,,,,,,,,,,,,,,,,,,,,,,,,,,,,,,,,,,,,,,,,1.5625,,,,,,,21.914341,39.3121794,
17:58:40.745,,,,,,,,,,,,,,,,,,,,,,,,,,,,,,,,,,,,,,,,,,,,,,,,,,,,,,,,,,,2.34375,,,,,,21.914341,39.3121794,
17:58:40.774,,,,,,,,,,,,,,,,,,,,,,,,,,,,,,,,,,,,,,,,,,,,,,,,,,,,,,,,,,1.5625,,,,,,,21.914341,39.3121794,
17:58:40.813,,,,,,,,,,,,,,,,,,,,,,,,,,,,,,,,,,,,,,,,,,,,,,,,,,,,,,,,,,,2.34375,,,,,,21.914341,39.3121794,
17:58:40.877,,,,,,,,,,,,,,,,,,,,,,,,,,,,,,,,,,,,,,,,,,,,,,,,,,,,,,,,,,1.5625,,,,,,,21.914341,39.3121794,
17:58:40.929,,,,,,,,,,,,,,,,,,,,,,,,,,,,,,,,,,,,,,,,,,,,,,,,,,,,,,,,,,,1.5625,,,,,,21.914341,39.3121794,
17:58:40.989,,,,,,,,,,,,,,,,,,,,,,,,,,,,,,,,,,,,,,,,,,,,,,,,,,,,,,,,,,1.5625,,,,,,,21.914341,39.3121794,
17:58:41.053,,,,,,,,,,,,,,,,,,,,,,,,,,,,,,,,,,,,,,,,,,,,,,,,,,,,,,,,,,,1.5625,,,,,,21.914341,39.3121794,
17:58:41.117,,,,,,,,,,,,,,,,,,,,,,,,,,,,,,,,,,,,,,,,,,,,,,,,,,,,,,,,,,1.5625,,,,,,,21.914341,39.3121794,
17:58:41.169,,,,,,,,,,,,,,,,,,,,,,,,,,,,,,,,,,,,,,,,,,,,,,,,,,,,,,,,,,,1.5625,,,,,,21.914341,39.3121794,
17:58:41.234,,,,,,,,,,,,,,,,,,,,,,,,,,,,,,,,,,,,,,,,,,,,,,,,,,,,,,,,,,2.34375,,,,,,,21.914341,39.3121794,
17:58:41.308,,,,,,,,,,,,,,,,,,,,,,,,,,,,,,,,,,,,,,,,,,,,,,,,,,,,,,,,,,,1.5625,,,,,,21.914341,39.3121794,
17:58:41.350,,,,,,,,,,,,,,,,,,,,,,,,,,,,,,,,,,,,,,,,,,,,,,,,,,,,,,,,,,1.5625,,,,,,,21.914341,39.3121794,
17:58:41.414,,,,,,,,,,,,,,,,,,,,,,,,,,,,,,,,,,,,,,,,,,,,,,,,,,,,,,,,,,,1.5625,,,,,,21.914341,39.3121794,
17:58:41.464,,,,,,,,,,,,,,,,,,,,,,,,,,,,,,,,,,,,,,,,,,,,,,,,,,,,,,,,,,2.34375,,,,,,,21.914341,39.3121794,
17:58:41.494,,,,,,,,,,,,,,,,,,,,,,,,,,,,,,,,,,,,,,,,,,,,,,,,,,,,,,,,,,,0.78125,,,,,,21.914341,39.3121794,
17:58:41.565,,,,,,,,,,,,,,,,,,,,,,,,,,,,,,,,,,,,,,,,,,,,,,,,,,,,,,,,,,2.34375,,,,,,,21.914341,39.3121794,
17:58:41.615,,,,,,,,,,,,,,,,,,,,,,,,,,,,,,,,,,,,,,,,,,,,,,,,,,,,,,,,,,,0.78125,,,,,,21.914341,39.3121794,
17:58:41.643,,,,,,,,,,,,,,,,,,,,,,,,,,,,,,,,,,,,,,,,,,,,,,,,,,,,,,,,,,2.34375,,,,,,,21.914341,39.3121794,
17:58:41.682,,,,,,,,,,,,,,,,,,,,,,,,,,,,,,,,,,,,,,,,,,,,,,,,,,,,,,,,,,,0.78125,,,,,,21.914341,39.3121794,
17:58:41.746,,,,,,,,,,,,,,,,,,,,,,,,,,,,,,,,,,,,,,,,,,,,,,,,,,,,,,,,,,2.34375,,,,,,,21.914341,39.3121794,
17:58:41.799,,,,,,,,,,,,,,,,,,,,,,,,,,,,,,,,,,,,,,,,,,,,,,,,,,,,,,,,,,,0.78125,,,,,,21.914341,39.3121794,
17:58:41.861,,,,,,,,,,,,,,,,,,,,,,,,,,,,,,,,,,,,,,,,,,,,,,,,,,,,,,,,,,2.34375,,,,,,,21.914341,39.3121794,
17:58:41.938,,,,,,,,,,,,,,,,,,,,,,,,,,,,,,,,,,,,,,,,,,,,,,,,,,,,,,,,,,,1.5625,,,,,,21.914341,39.3121794,
17:58:41.977,,,,,,,,,,,,,,,,,,,,,,,,,,,,,,,,,,,,,,,,,,,,,,,,,,,,,,,,,,2.34375,,,,,,,21.914341,39.3121794,
17:58:42.054,,,,,,,,,,,,,,,,,,,,,,,,,,,,,,,,,,,,,,,,,,,,,,,,,,,,,,,,,,,2.34375,,,,,,21.914341,39.3121794,
17:58:42.098,,,,,,,,,,,,,,,,,,,,,,,,,,,,,,,,,,,,,,,,,,,,,,,,,,,,,,,,,,2.34375,,,,,,,21.914341,39.3121794,
17:58:42.163,,,,,,,,,,,,,,,,,,,,,,,,,,,,,,,,,,,,,,,,,,,,,,,,,,,,,,,,,,,3.125,,,,,,21.914341,39.3121794,
17:58:42.218,,,,,,,,,,,,,,,,,,,,,,,,,,,,,,,,,,,,,,,,,,,,,,,,,,,,,,,,,,2.34375,,,,,,,21.914341,39.3121794,
17:58:42.276,,,,,,,,,,,,,,,,,,,,,,,,,,,,,,,,,,,,,,,,,,,,,,,,,,,,,,,,,,,3.125,,,,,,21.914341,39.3121794,
17:58:42.342,,,,,,,,,,,,,,,,,,,,,,,,,,,,,,,,,,,,,,,,,,,,,,,,,,,,,,,,,,2.34375,,,,,,,21.914341,39.3121794,
17:58:42.394,,,,,,,,,,,,,,,,,,,,,,,,,,,,,,,,,,,,,,,,,,,,,,,,,,,,,,,,,,,2.34375,,,,,,21.914341,39.3121794,
17:58:42.446,,,,,,,,,,,,,,,,,,,,,,,,,,,,,,,,,,,,,,,,,,,,,,,,,,,,,,,,,,2.34375,,,,,,,21.914341,39.3121794,
17:58:42.485,,,,,,,,,,,,,,,,,,,,,,,,,,,,,,,,,,,,,,,,,,,,,,,,,,,,,,,,,,,2.34375,,,,,,21.914341,39.3121794,
17:58:42.524,,,,,,,,,,,,,,,,,,,,,,,,,,,,,,,,,,,,,,,,,,,,,,,,,,,,,,,,,,2.34375,,,,,,,21.914341,39.3121794,
17:58:42.577,,,,,,,,,,,,,,,,,,,,,,,,,,,,,,,,,,,,,,,,,,,,,,,,,,,,,,,,,,,2.34375,,,,,,21.914341,39.3121794,
17:58:42.626,,,,,,,,,,,,,,,,,,,,,,,,,,,,,,,,,,,,,,,,,,,,,,,,,,,,,,,,,,3.125,,,,,,,21.914341,39.3121794,
17:58:42.667,,,,,,,,,,,,,,,,,,,,,,,,,,,,,,,,,,,,,,,,,,,,,,,,,,,,,,,,,,,2.34375,,,,,,21.914341,39.3121794,
17:58:42.729,,,,,,,,,,,,,,,,,,,,,,,,,,,,,,,,,,,,,,,,,,,,,,,,,,,,,,,,,,3.90625,,,,,,,21.914341,39.3121794,
17:58:42.794,,,,,,,,,,,,,,,,,,,,,,,,,,,,,,,,,,,,,,,,,,,,,,,,,,,,,,,,,,,2.34375,,,,,,21.914341,39.3121794,
17:58:42.847,,,,,,,,,,,,,,,,,,,,,,,,,,,,,,,,,,,,,,,,,,,,,,,,,,,,,,,,,,3.90625,,,,,,,21.914341,39.3121794,
17:58:42.914,,,,,,,,,,,,,,,,,,,,,,,,,,,,,,,,,,,,,,,,,,,,,,,,,,,,,,,,,,,2.34375,,,,,,21.914341,39.3121794,
17:58:42.978,,,,,,,,,,,,,,,,,,,,,,,,,,,,,,,,,,,,,,,,,,,,,,,,,,,,,,,,,,3.90625,,,,,,,21.914341,39.3121794,
17:58:43.026,,,,,,,,,,,,,,,,,,,,,,,,,,,,,,,,,,,,,,,,,,,,,,,,,,,,,,,,,,,2.34375,,,,,,21.914341,39.3121794,
17:58:43.066,,,,,,,,,,,,,,,,,,,,,,,,,,,,,,,,,,,,,,,,,,,,,,,,,,,,,,,,,,3.90625,,,,,,,21.914341,39.3121794,
17:58:43.119,,,,,,,,,,,,,,,,,,,,,,,,,,,,,,,,,,,,,,,,,,,,,,,,,,,,,,,,,,,2.34375,,,,,,21.914341,39.3121794,
17:58:43.181,,,,,,,,,,,,,,,,,,,,,,,,,,,,,,,,,,,,,,,,,,,,,,,,,,,,,,,,,,3.125,,,,,,,21.914341,39.3121794,
17:58:43.245,,,,,,,,,,,,,,,,,,,,,,,,,,,,,,,,,,,,,,,,,,,,,,,,,,,,,,,,,,,3.125,,,,,,21.914341,39.3121794,
17:58:43.298,,,,,,,,,,,,,,,,,,,,,,,,,,,,,,,,,,,,,,,,,,,,,,,,,,,,,,,,,,1.5625,,,,,,,21.914341,39.3121794,
17:58:43.363,,,,,,,,,,,,,,,,,,,,,,,,,,,,,,,,,,,,,,,,,,,,,,,,,,,,,,,,,,,3.125,,,,,,21.914341,39.3121794,
17:58:43.430,,,,,,,,,,,,,,,,,,,,,,,,,,,,,,,,,,,,,,,,,,,,,,,,,,,,,,,,,,1.5625,,,,,,,21.914341,39.3121794,
17:58:43.478,,,,,,,,,,,,,,,,,,,,,,,,,,,,,,,,,,,,,,,,,,,,,,,,,,,,,,,,,,,3.125,,,,,,21.914341,39.3121794,
17:58:43.537,,,,,,,,,,,,,,,,,,,,,,,,,,,,,,,,,,,,,,,,,,,,,,,,,,,,,,,,,,2.34375,,,,,,,21.914341,39.3121794,
17:58:43.616,,,,,,,,,,,,,,,,,,,,,,,,,,,,,,,,,,,,,,,,,,,,,,,,,,,,,,,,,,,3.125,,,,,,21.914341,39.3121794,
17:58:43.733,,,,,,,,,,,,,,,,,,,,,,,,,,,,,,,,,,,,,,,,,,,,,,,,,,,,,,,,,,2.34375,,,,,,,21.914341,39.3121794,
17:58:43.879,,,,,,,,,,,,,,,,,,,,,,,,,,,,,,,,,,,,,,,,,,,,,,,,,,,,,,,,,,,2.34375,,,,,,21.914341,39.3121794,
17:58:43.968,,,,,,,,,,,,,,,,,,,,,,,,,,,,,,,,,,,,,,,,,,,,,,,,,,,,,,,,,,1.5625,,,,,,,21.914341,39.3121794,
17:58:44.049,,,,,,,,,,,,,,,,,,,,,,,,,,,,,,,,,,,,,,,,,,,,,,,,,,,,,,,,,,,1.5625,,,,,,21.914341,39.3121794,
17:58:44.113,,,,,,,,,,,,,,,,,,,,,,,,,,,,,,,,,,,,,,,,,,,,,,,,,,,,,,,,,,0.78125,,,,,,,21.914341,39.3121794,
17:58:44.169,,,,,,,,,,,,,,,,,,,,,,,,,,,,,,,,,,,,,,,,,,,,,,,,,,,,,,,,,,,1.5625,,,,,,21.914341,39.3121794,
17:58:44.195,,,,,,,,,,,,,,,,,,,,,,,,,,,,,,,,,,,,,,,,,,,,,,,,,,,,,,,,,,0.78125,,,,,,,21.914341,39.3121794,
17:58:44.237,,,,,,,,,,,,,,,,,,,,,,,,,,,,,,,,,,,,,,,,,,,,,,,,,,,,,,,,,,,1.5625,,,,,,21.914341,39.3121794,
17:58:44.285,,,,,,,,,,,,,,,,,,,,,,,,,,,,,,,,,,,,,,,,,,,,,,,,,,,,,,,,,,0.78125,,,,,,,21.914341,39.3121794,
17:58:44.313,,,,,,,,,,,,,,,,,,,,,,,,,,,,,,,,,,,,,,,,,,,,,,,,,,,,,,,,,,,1.5625,,,,,,21.914341,39.3121794,
17:58:44.362,,,,,,,,,,,,,,,,,,,,,,,,,,,,,,,,,,,,,,,,,,,,,,,,,,,,,,,,,,0.78125,,,,,,,21.914341,39.3121794,
17:58:44.415,,,,,,,,,,,,,,,,,,,,,,,,,,,,,,,,,,,,,,,,,,,,,,,,,,,,,,,,,,,1.5625,,,,,,21.914341,39.3121794,
17:58:44.477,,,,,,,,,,,,,,,,,,,,,,,,,,,,,,,,,,,,,,,,,,,,,,,,,,,,,,,,,,0.78125,,,,,,,21.914341,39.3121794,
17:58:44.530,,,,,,,,,,,,,,,,,,,,,,,,,,,,,,,,,,,,,,,,,,,,,,,,,,,,,,,,,,,0,,,,,,21.914341,39.3121794,
17:58:44.611,,,,,,,,,,,,,,,,,,,,,,,,,,,,,,,,,,,,,,,,,,,,,,,,,,,,,,,,,,0,,,,,,,21.914341,39.3121794,
17:58:44.648,,,,,,,,,,,,,,,,,,,,,,,,,,,,,,,,,,,,,,,,,,,,,,,,,,,,,,,,,,,-1.5625,,,,,,21.914341,39.3121794,
17:58:44.712,,,,,,,,,,,,,,,,,,,,,,,,,,,,,,,,,,,,,,,,,,,,,,,,,,,,,,,,,,-0.78125,,,,,,,21.914341,39.3121794,
17:58:44.766,,,,,,,,,,,,,,,,,,,,,,,,,,,,,,,,,,,,,,,,,,,,,,,,,,,,,,,,,,,-2.34375,,,,,,21.914341,39.3121794,
17:58:44.794,,,,,,,,,,,,,,,,,,,,,,,,,,,,,,,,,,,,,,,,,,,,,,,,,,,,,,,,,,-0.78125,,,,,,,21.914341,39.3121794,
17:58:44.861,,,,,,,,,,,,,,,,,,,,,,,,,,,,,,,,,,,,,,,,,,,,,,,,,,,,,,,,,,,-3.125,,,,,,21.914341,39.3121794,
17:58:44.930,,,,,,,,,,,,,,,,,,,,,,,,,,,,,,,,,,,,,,,,,,,,,,,,,,,,,,,,,,-0.78125,,,,,,,21.914341,39.3121794,
17:58:44.981,,,,,,,,,,,,,,,,,,,,,,,,,,,,,,,,,,,,,,,,,,,,,,,,,,,,,,,,,,,-3.125,,,,,,21.914341,39.3121794,
17:58:45.051,,,,,,,,,,,,,,,,,,,,,,,,,,,,,,,,,,,,,,,,,,,,,,,,,,,,,,,,,,-1.5625,,,,,,,21.914341,39.3121794,
17:58:45.104,,,,,,,,,,,,,,,,,,,,,,,,,,,,,,,,,,,,,,,,,,,,,,,,,,,,,,,,,,,-3.125,,,,,,21.914341,39.3121794,
17:58:45.153,,,,,,,,,,,,,,,,,,,,,,,,,,,,,,,,,,,,,,,,,,,,,,,,,,,,,,,,,,-1.5625,,,,,,,21.914341,39.3121794,
17:58:45.182,,,,,,,,,,,,,,,,,,,,,,,,,,,,,,,,,,,,,,,,,,,,,,,,,,,,,,,,,,,-3.125,,,,,,21.914341,39.3121794,
17:58:45.222,,,,,,,,,,,,,,,,,,,,,,,,,,,,,,,,,,,,,,,,,,,,,,,,,,,,,,,,,,-1.5625,,,,,,,21.914341,39.3121794,
17:58:45.273,,,,,,,,,,,,,,,,,,,,,,,,,,,,,,,,,,,,,,,,,,,,,,,,,,,,,,,,,,,-3.125,,,,,,21.914341,39.3121794,
17:58:45.325,,,,,,,,,,,,,,,,,,,,,,,,,,,,,,,,,,,,,,,,,,,,,,,,,,,,,,,,,,-1.5625,,,,,,,21.914341,39.3121794,
17:58:45.365,,,,,,,,,,,,,,,,,,,,,,,,,,,,,,,,,,,,,,,,,,,,,,,,,,,,,,,,,,,-3.125,,,,,,21.914341,39.3121794,
17:58:45.406,,,,,,,,,,,,,,,,,,,,,,,,,,,,,,,,,,,,,,,,,,,,,,,,,,,,,,,,,,-1.5625,,,,,,,21.914341,39.3121794,
17:58:45.458,,,,,,,,,,,,,,,,,,,,,,,,,,,,,,,,,,,,,,,,,,,,,,,,,,,,,,,,,,,-3.125,,,,,,21.914341,39.3121794,
17:58:45.523,,,,,,,,,,,,,,,,,,,,,,,,,,,,,,,,,,,,,,,,,,,,,,,,,,,,,,,,,,-1.5625,,,,,,,21.914341,39.3121794,
17:58:45.570,,,,,,,,,,,,,,,,,,,,,,,,,,,,,,,,,,,,,,,,,,,,,,,,,,,,,,,,,,,-3.125,,,,,,21.914341,39.3121794,
17:58:45.621,,,,,,,,,,,,,,,,,,,,,,,,,,,,,,,,,,,,,,,,,,,,,,,,,,,,,,,,,,-1.5625,,,,,,,21.914341,39.3121794,
17:58:45.666,,,,,,,,,,,,,,,,,,,,,,,,,,,,,,,,,,,,,,,,,,,,,,,,,,,,,,,,,,,-2.34375,,,,,,21.914341,39.3121794,
17:58:45.697,,,,,,,,,,,,,,,,,,,,,,,,,,,,,,,,,,,,,,,,,,,,,,,,,,,,,,,,,,-0.78125,,,,,,,21.914341,39.3121794,
17:58:45.767,,,,,,,,,,,,,,,,,,,,,,,,,,,,,,,,,,,,,,,,,,,,,,,,,,,,,,,,,,,-2.34375,,,,,,21.914341,39.3121794,
17:58:45.816,,,,,,,,,,,,,,,,,,,,,,,,,,,,,,,,,,,,,,,,,,,,,,,,,,,,,,,,,,0.78125,,,,,,,21.914341,39.3121794,
17:58:45.906,,,,,,,,,,,,,,,,,,,,,,,,,,,,,,,,,,,,,,,,,,,,,,,,,,,,,,,,,,,-1.5625,,,,,,21.914341,39.3121794,
17:58:45.969,,,,,,,,,,,,,,,,,,,,,,,,,,,,,,,,,,,,,,,,,,,,,,,,,,,,,,,,,,1.5625,,,,,,,21.914341,39.3121794,
17:58:46.034,,,,,,,,,,,,,,,,,,,,,,,,,,,,,,,,,,,,,,,,,,,,,,,,,,,,,,,,,,,-0.78125,,,,,,21.914341,39.3121794,
17:58:46.099,,,,,,,,,,,,,,,,,,,,,,,,,,,,,,,,,,,,,,,,,,,,,,,,,,,,,,,,,,1.5625,,,,,,,21.914341,39.3121794,
17:58:46.150,,,,,,,,,,,,,,,,,,,,,,,,,,,,,,,,,,,,,,,,,,,,,,,,,,,,,,,,,,,0.78125,,,,,,21.914341,39.3121794,
17:58:46.215,,,,,,,,,,,,,,,,,,,,,,,,,,,,,,,,,,,,,,,,,,,,,,,,,,,,,,,,,,1.5625,,,,,,,21.914341,39.3121794,
17:58:46.293,,,,,,,,,,,,,,,,,,,,,,,,,,,,,,,,,,,,,,,,,,,,,,,,,,,,,,,,,,,1.5625,,,,,,21.914341,39.3121794,
17:58:46.323,,,,,,,,,,,,,,,,,,,,,,,,,,,,,,,,,,,,,,,,,,,,,,,,,,,,,,,,,,1.5625,,,,,,,21.914341,39.3121794,
17:58:46.362,,,,,,,,,,,,,,,,,,,,,,,,,,,,,,,,,,,,,,,,,,,,,,,,,,,,,,,,,,,1.5625,,,,,,21.914341,39.3121794,
17:58:46.417,,,,,,,,,,,,,,,,,,,,,,,,,,,,,,,,,,,,,,,,,,,,,,,,,,,,,,,,,,0.78125,,,,,,,21.914341,39.3121794,
17:58:46.490,,,,,,,,,,,,,,,,,,,,,,,,,,,,,,,,,,,,,,,,,,,,,,,,,,,,,,,,,,,1.5625,,,,,,21.914341,39.3121794,
17:58:46.545,,,,,,,,,,,,,,,,,,,,,,,,,,,,,,,,,,,,,,,,,,,,,,,,,,,,,,,,,,0.78125,,,,,,,21.914341,39.3121794,
17:58:46.594,,,,,,,,,,,,,,,,,,,,,,,,,,,,,,,,,,,,,,,,,,,,,,,,,,,,,,,,,,,0,,,,,,21.914341,39.3121794,
17:58:46.622,,,,,,,,,,,,,,,,,,,,,,,,,,,,,,,,,,,,,,,,,,,,,,,,,,,,,,,,,,0.78125,,,,,,,21.914341,39.3121794,
17:58:46.665,,,,,,,,,,,,,,,,,,,,,,,,,,,,,,,,,,,,,,,,,,,,,,,,,,,,,,,,,,,0,,,,,,21.914341,39.3121794,
17:58:46.712,,,,,,,,,,,,,,,,,,,,,,,,,,,,,,,,,,,,,,,,,,,,,,,,,,,,,,,,,,0,,,,,,,21.914341,39.3121794,
17:58:46.742,,,,,,,,,,,,,,,,,,,,,,,,,,,,,,,,,,,,,,,,,,,,,,,,,,,,,,,,,,,-0.78125,,,,,,21.914341,39.3121794,
17:58:46.787,,,,,,,,,,,,,,,,,,,,,,,,,,,,,,,,,,,,,,,,,,,,,,,,,,,,,,,,,,0,,,,,,,21.914341,39.3121794,
17:58:46.836,,,,,,,,,,,,,,,,,,,,,,,,,,,,,,,,,,,,,,,,,,,,,,,,,,,,,,,,,,,-1.5625,,,,,,21.914341,39.3121794,
17:58:46.872,,,,,,,,,,,,,,,,,,,,,,,,,,,,,,,,,,,,,,,,,,,,,,,,,,,,,,,,,,0,,,,,,,21.914341,39.3121794,
17:58:46.938,,,,,,,,,,,,,,,,,,,,,,,,,,,,,,,,,,,,,,,,,,,,,,,,,,,,,,,,,,,-1.5625,,,,,,21.914341,39.3121794,
17:58:46.991,,,,,,,,,,,,,,,,,,,,,,,,,,,,,,,,,,,,,,,,,,,,,,,,,,,,,,,,,,-0.78125,,,,,,,21.914341,39.3121794,
17:58:47.120,,,,,,,,,,,,,,,,,,,,,,,,,,,,,,,,,,,,,,,,,,,,,,,,,,,,,,,,,,,-1.5625,,,,,,21.914341,39.3121794,
17:58:47.384,,,,,,,,,,,,,,,,,,,,,,,,,,,,,,,,,,,,,,,,,,,,,,,,,,,,,,,,,,-1.5625,,,,,,,21.914341,39.3121794,
17:58:47.448,,,,,,,,,,,,,,,,,,,,,,,,,,,,,,,,,,,,,,,,,,,,,,,,,,,,,,,,,,,-2.34375,,,,,,21.914341,39.3121794,
17:58:47.506,,,,,,,,,,,,,,,,,,,,,,,,,,,,,,,,,,,,,,,,,,,,,,,,,,,,,,,,,,-1.5625,,,,,,,21.914341,39.3121794,
17:58:47.566,,,,,,,,,,,,,,,,,,,,,,,,,,,,,,,,,,,,,,,,,,,,,,,,,,,,,,,,,,,-2.34375,,,,,,21.914341,39.3121794,
17:58:47.618,,,,,,,,,,,,,,,,,,,,,,,,,,,,,,,,,,,,,,,,,,,,,,,,,,,,,,,,,,-1.5625,,,,,,,21.914341,39.3121794,
17:58:47.695,,,,,,,,,,,,,,,,,,,,,,,,,,,,,,,,,,,,,,,,,,,,,,,,,,,,,,,,,,,-2.34375,,,,,,21.914341,39.3121794,
17:58:47.750,,,,,,,,,,,,,,,,,,,,,,,,,,,,,,,,,,,,,,,,,,,,,,,,,,,,,,,,,,-1.5625,,,,,,,21.914341,39.3121794,
17:58:47.801,,,,,,,,,,,,,,,,,,,,,,,,,,,,,,,,,,,,,,,,,,,,,,,,,,,,,,,,,,,-3.125,,,,,,21.914349,39.3121355,
17:58:47.872,,,,,,,,,,,,,,,,,,,,,,,,,,,,,,,,,,,,,,,,,,,,,,,,,,,,,,,,,,-1.5625,,,,,,,21.914349,39.3121355,
17:58:47.921,,,,,,,,,,,,,,,,,,,,,,,,,,,,,,,,,,,,,,,,,,,,,,,,,,,,,,,,,,,-3.125,,,,,,21.914349,39.3121355,
17:58:47.980,,,,,,,,,,,,,,,,,,,,,,,,,,,,,,,,,,,,,,,,,,,,,,,,,,,,,,,,,,-0.78125,,,,,,,21.914349,39.3121355,
17:58:48.041,,,,,,,,,,,,,,,,,,,,,,,,,,,,,,,,,,,,,,,,,,,,,,,,,,,,,,,,,,,-2.34375,,,,,,21.914349,39.3121355,
17:58:48.106,,,,,,,,,,,,,,,,,,,,,,,,,,,,,,,,,,,,,,,,,,,,,,,,,,,,,,,,,,-0.78125,,,,,,,21.914349,39.3121355,
17:58:48.153,,,,,,,,,,,,,,,,,,,,,,,,,,,,,,,,,,,,,,,,,,,,,,,,,,,,,,,,,,,-2.34375,,,,,,21.914349,39.3121355,
17:58:48.189,,,,,,,,,,,,,,,,,,,,,,,,,,,,,,,,,,,,,,,,,,,,,,,,,,,,,,,,,,0,,,,,,,21.914349,39.3121355,
17:58:48.250,,,,,,,,,,,,,,,,,,,,,,,,,,,,,,,,,,,,,,,,,,,,,,,,,,,,,,,,,,,-1.5625,,,,,,21.914349,39.3121355,
17:58:48.273,,,,,,,,,,,,,,,,,,,,,,,,,,,,,,,,,,,,,,,,,,,,,,,,,,,,,,,,,,0,,,,,,,21.914349,39.3121355,
17:58:48.308,,,,,,,,,,,,,,,,,,,,,,,,,,,,,,,,,,,,,,,,,,,,,,,,,,,,,,,,,,,-1.5625,,,,,,21.914349,39.3121355,
17:58:48.369,,,,,,,,,,,,,,,,,,,,,,,,,,,,,,,,,,,,,,,,,,,,,,,,,,,,,,,,,,0.78125,,,,,,,21.914349,39.3121355,
17:58:48.430,,,,,,,,,,,,,,,,,,,,,,,,,,,,,,,,,,,,,,,,,,,,,,,,,,,,,,,,,,,-0.78125,,,,,,21.914349,39.3121355,
17:58:48.488,,,,,,,,,,,,,,,,,,,,,,,,,,,,,,,,,,,,,,,,,,,,,,,,,,,,,,,,,,0.78125,,,,,,,21.914349,39.3121355,
17:58:48.525,,,,,,,,,,,,,,,,,,,,,,,,,,,,,,,,,,,,,,,,,,,,,,,,,,,,,,,,,,,-0.78125,,,,,,21.914349,39.3121355,
17:58:48.580,,,,,,,,,,,,,,,,,,,,,,,,,,,,,,,,,,,,,,,,,,,,,,,,,,,,,,,,,,0.78125,,,,,,,21.914349,39.3121355,
17:58:48.645,,,,,,,,,,,,,,,,,,,,,,,,,,,,,,,,,,,,,,,,,,,,,,,,,,,,,,,,,,,0,,,,,,21.914349,39.3121355,
17:58:48.658,,,,,,,,,,,,,,,,,,135.90000915527344,,,,,,,,0.2340441198101066,,,,,,,,,,,,,,,,,,,,,,,,,,,,,,,,,,0,,,,,21.914349,39.3121355,
17:58:48.659,,,,,,,,,,,,,,,,,,135.90000915527344,,,,,,,,0.23404403788804629,,,,,,,,,,,,,,,,,,,,,,,,,,,,,,,,,,0,,,,,21.9143443,39.3121732,
17:58:48.706,,,,,,,,,,,,,,,,,,,,,,,,,,,,,,,,,,,,,,,,,,,,,,,,,,,,,,,,,,0.78125,,,,,,,21.9143443,39.3121732,
17:58:48.769,,,,,,,,,,,,,,,,,,,,,,,,,,,,,,,,,,,,,,,,,,,,,,,,,,,,,,,,,,,-0.78125,,,,,,21.9143443,39.3121732,
17:58:48.818,,,,,,,,,,,,,,,,,,,,,,,,,,,,,,,,,,,,,,,,,,,,,,,,,,,,,,,,,,0.78125,,,,,,,21.9143443,39.3121732,
17:58:49.522,,,,,,,,,,,,,,,,,,135.90000915527344,,,,,,,,0.23327245477870717,,,,,,,,,,,,,,,,,,,,,,,,,,,,,,,,,,0,,,,,21.9143443,39.3121732,
17:58:49.522,,,,,,,,,,,,,,,,,,135.90000915527344,,,,,,,,0.23327239610121037,,,,,,,,,,,,,,,,,,,,,,,,,,,,,,,,,,0,,,,,21.9143457,39.3121715,
17:58:50.567,,,,,,,,,,,,,,,,,,135.90000915527344,,,,,,,,0.23234610665811656,,,,,,,,,,,,,,,,,,,,,,,,,,,,,,,,,,0,,,,,21.9143457,39.3121715,
17:58:50.567,,,,,,,,,,,,,,,,,,135.90000915527344,,,,,,,,0.23234604597235914,,,,,,,,,,,,,,,,,,,,,,,,,,,,,,,,,,0,,,,,21.9143457,39.3121716,
17:58:51.536,,,,,,,,,,,,,,,,,,135.90000915527344,,,,,,,,0.23149283567795698,,,,,,,,,,,,,,,,,,,,,,,,,,,,,,,,,,0,,,,,21.9143457,39.3121716,
17:58:51.536,,,,,,,,,,,,,,,,,,135.90000915527344,,,,,,,,0.23149277473561303,,,,,,,,,,,,,,,,,,,,,,,,,,,,,,,,,,0,,,,,21.9143454,39.312171,
17:58:52.045,,,,,,,,,,,,,,,,,,,,,,,,,,,,,,,,,,,,,,,,,,,,,,,,,,,,,,,,,,1.5625,,,,,,,21.9143454,39.312171,
17:58:52.189,,,,,,,,,,,,,,,,,,,,,,,,,,,,,,,,,,,,,,,,,,,,,,,,,,,,,,,,,,,0,,,,,,21.9143454,39.312171,
17:58:52.237,,,,,,,,,,,,,,,,,,,,,,,,,,,,,,,,,,,,,,,,,,,,,,,,,,,,,,,,,,2.34375,,,,,,,21.9143454,39.312171,
17:58:52.298,,,,,,,,,,,,,,,,,,,,,,,,,,,,,,,,,,,,,,,,,,,,,,,,,,,,,,,,,,,0.78125,,,,,,21.9143454,39.312171,
17:58:52.358,,,,,,,,,,,,,,,,,,,,,,,,,,,,,,,,,,,,,,,,,,,,,,,,,,,,,,,,,,2.34375,,,,,,,21.9143454,39.312171,
17:58:52.422,,,,,,,,,,,,,,,,,,,,,,,,,,,,,,,,,,,,,,,,,,,,,,,,,,,,,,,,,,,0.78125,,,,,,21.9143454,39.312171,
17:58:52.485,,,,,,,,,,,,,,,,,,,,,,,,,,,,,,,,,,,,,,,,,,,,,,,,,,,,,,,,,,1.5625,,,,,,,21.9143454,39.312171,
17:58:52.538,,,,,,,,,,,,,,,,,,135.90000915527344,,,,,,,,0.23061812129954254,,,,,,,,,,,,,,,,,,,,,,,,,,,,,,,,,,0,,,,,21.9143454,39.312171,
17:58:52.538,,,,,,,,,,,,,,,,,,135.90000915527344,,,,,,,,0.23061806151308267,,,,,,,,,,,,,,,,,,,,,,,,,,,,,,,,,,0,,,,,21.9143462,39.3121705,
17:58:52.560,,,,,,,,,,,,,,,,,,,,,,,,,,,,,,,,,,,,,,,,,,,,,,,,,,,,,,,,,,,0.78125,,,,,,21.9143462,39.3121705,
17:58:52.610,,,,,,,,,,,,,,,,,,,,,,,,,,,,,,,,,,,,,,,,,,,,,,,,,,,,,,,,,,0.78125,,,,,,,21.9143462,39.3121705,
17:58:52.798,,,,,,,,,,,,,,,,,,,,,,,,,,,,,,,,,,,,,,,,,,,,,,,,,,,,,,,,,,1.5625,,,,,,,21.9143462,39.3121705,
17:58:52.961,,,,,,,,,,,,,,,,,,,,,,,,,,,,,,,,,,,,,,,,,,,,,,,,,,,,,,,,,,3.125,,,,,,,21.9143462,39.3121705,
17:58:53.037,,,,,,,,,,,,,,,,,,,,,,,,,,,,,,,,,,,,,,,,,,,,,,,,,,,,,,,,,,4.6875,,,,,,,21.9143462,39.3121705,
17:58:53.125,,,,,,,,,,,,,,,,,,,,,,,,,,,,,,,,,,,,,,,,,,,,,,,,,,,,,,,,,,4.6875,,,,,,,21.9143462,39.3121705,
17:58:53.233,,,,,,,,,,,,,,,,,,,,,,,,,,,,,,,,,,,,,,,,,,,,,,,,,,,,,,,,,,3.90625,,,,,,,21.9143462,39.3121705,
17:58:53.288,,,,,,,,,,,,,,,,,,,,,,,,,,,,,,,,,,,,,,,,,,,,,,,,,,,,,,,,,,3.125,,,,,,,21.9143462,39.3121705,
17:58:53.325,,,,,,,,,,,,,,,,,,,,,,,,,,,,,,,,,,,,,,,,,,,,,,,,,,,,,,,,,,3.125,,,,,,,21.9143462,39.3121705,
17:58:53.376,,,,,,,,,,,,,,,,,,,,,,,,,,,,,,,,,,,,,,,,,,,,,,,,,,,,,,,,,,2.34375,,,,,,,21.9143462,39.3121705,
17:58:53.415,,,,,,,,,,,,,,,,,,,,,,,,,,,,,,,,,,,,,,,,,,,,,,,,,,,,,,,,,,2.34375,,,,,,,21.9143462,39.3121705,
17:58:53.472,,,,,,,,,,,,,,,,,,,,,,,,,,,,,,,,,,,,,,,,,,,,,,,,,,,,,,,,,,1.5625,,,,,,,21.9143462,39.3121705,
17:58:53.525,,,,,,,,,,,,,,,,,,135.90000915527344,,,,,,,,0.22976198950213397,,,,,,,,,,,,,,,,,,,,,,,,,,,,,,,,,,0,,,,,21.9143462,39.3121705,
17:58:53.525,,,,,,,,,,,,,,,,,,135.90000915527344,,,,,,,,0.22976193171359308,,,,,,,,,,,,,,,,,,,,,,,,,,,,,,,,,,0,,,,,21.9143474,39.3121697,
17:58:53.533,,,,,,,,,,,,,,,,,,,,,,,,,,,,,,,,,,,,,,,,,,,,,,,,,,,,,,,,,,0.78125,,,,,,,21.9143474,39.3121697,
17:58:53.594,,,,,,,,,,,,,,,,,,,,,,,,,,,,,,,,,,,,,,,,,,,,,,,,,,,,,,,,,,0.78125,,,,,,,21.9143474,39.3121697,
17:58:53.646,,,,,,,,,,,,,,,,,,,,,,,,,,,,,,,,,,,,,,,,,,,,,,,,,,,,,,,,,,0,,,,,,,21.9143474,39.3121697,
17:58:53.705,,,,,,,,,,,,,,,,,,,,,,,,,,,,,,,,,,,,,,,,,,,,,,,,,,,,,,,,,,0,,,,,,,21.9143474,39.3121697,
17:58:53.734,,,,,,,,,,,,,,,,,,,,,,,,,,,,,,,,,,,,,,,,,,,,,,,,,,,,,,,,,,0,,,,,,,21.9143474,39.3121697,
17:58:53.774,,,,,,,,,,,,,,,,,,,,,,,,,,,,,,,,,,,,,,,,,,,,,,,,,,,,,,,,,,0,,,,,,,21.9143474,39.3121697,
17:58:53.829,,,,,,,,,,,,,,,,,,,,,,,,,,,,,,,,,,,,,,,,,,,,,,,,,,,,,,,,,,0,,,,,,,21.9143474,39.3121697,
17:58:53.894,,,,,,,,,,,,,,,,,,,,,,,,,,,,,,,,,,,,,,,,,,,,,,,,,,,,,,,,,,0,,,,,,,21.9143474,39.3121697,
17:58:53.973,,,,,,,,,,,,,,,,,,,,,,,,,,,,,,,,,,,,,,,,,,,,,,,,,,,,,,,,,,0.78125,,,,,,,21.9143474,39.3121697,
17:58:54.002,,,,,,,,,,,,,,,,,,,,,,,,,,,,,,,,,,,,,,,,,,,,,,,,,,,,,,,,,,0.78125,,,,,,,21.9143474,39.3121697,
17:58:54.038,,,,,,,,,,,,,,,,,,,,,,,,,,,,,,,,,,,,,,,,,,,,,,,,,,,,,,,,,,0.78125,,,,,,,21.9143474,39.3121697,
17:58:54.102,,,,,,,,,,,,,,,,,,,,,,,,,,,,,,,,,,,,,,,,,,,,,,,,,,,,,,,,,,0.78125,,,,,,,21.9143474,39.3121697,
17:58:54.221,,,,,,,,,,,,,,,,,,,,,,,,,,,,,,,,,,,,,,,,,,,,,,,,,,,,,,,,,,0.78125,,,,,,,21.9143474,39.3121697,
17:58:54.300,,,,,,,,,,,,,,,,,,,,,,,,,,,,,,,,,,,,,,,,,,,,,,,,,,,,,,,,,,0.78125,,,,,,,21.9143474,39.3121697,
17:58:54.332,,,,,,,,,,,,,,,,,,,,,,,,,,,,,,,,,,,,,,,,,,,,,,,,,,,,,,,,,,0.78125,,,,,,,21.9143474,39.3121697,
17:58:54.402,,,,,,,,,,,,,,,,,,,,,,,,,,,,,,,,,,,,,,,,,,,,,,,,,,,,,,,,,,1.5625,,,,,,,21.9143474,39.3121697,
17:58:54.547,,,,,,,,,,,,,,,,,,135.90000915527344,,,,,,,,0.2293050309511977,,,,,,,,,,,,,,,,,,,,,,,,,,,,,,,,,,0.11032133549451828,,,,,21.9143474,39.3121697,
17:58:54.547,,,,,,,,,,,,,,,,,,135.90000915527344,,,,,,,,0.2293049545727354,,,,,,,,,,,,,,,,,,,,,,,,,,,,,,,,,,0.11032133549451828,,,,,21.9143489,39.3121701,
17:58:54.601,,,,,,,,,,,,,,,,,,,,,,,,,,,,,,,,,,,,,,,,,,,,,,,,,,,,,,,,,,2.34375,,,,,,,21.9143489,39.3121701,
17:58:54.630,,,,,,,,,,,,,,,,,,,,,,,,,,,,,,,,,,,,,,,,,,,,,,,,,,,,,,,,,,2.34375,,,,,,,21.9143489,39.3121701,
17:58:54.668,,,,,,,,,,,,,,,,,,,,,,,,,,,,,,,,,,,,,,,,,,,,,,,,,,,,,,,,,,2.34375,,,,,,,21.9143489,39.3121701,
17:58:54.730,,,,,,,,,,,,,,,,,,,,,,,,,,,,,,,,,,,,,,,,,,,,,,,,,,,,,,,,,,3.125,,,,,,,21.9143489,39.3121701,
17:58:54.794,,,,,,,,,,,,,,,,,,,,,,,,,,,,,,,,,,,,,,,,,,,,,,,,,,,,,,,,,,3.125,,,,,,,21.9143489,39.3121701,
17:58:54.842,,,,,,,,,,,,,,,,,,,,,,,,,,,,,,,,,,,,,,,,,,,,,,,,,,,,,,,,,,3.90625,,,,,,,21.9143489,39.3121701,
17:58:54.870,,,,,,,,,,,,,,,,,,,,,,,,,,,,,,,,,,,,,,,,,,,,,,,,,,,,,,,,,,3.90625,,,,,,,21.9143489,39.3121701,
17:58:54.902,,,,,,,,,,,,,,,,,,,,,,,,,,,,,,,,,,,,,,,,,,,,,,,,,,,,,,,,,,3.90625,,,,,,,21.9143489,39.3121701,
17:58:54.942,,,,,,,,,,,,,,,,,,,,,,,,,,,,,,,,,,,,,,,,,,,,,,,,,,,,,,,,,,3.90625,,,,,,,21.9143489,39.3121701,
17:58:55.005,,,,,,,,,,,,,,,,,,,,,,,,,,,,,,,,,,,,,,,,,,,,,,,,,,,,,,,,,,3.125,,,,,,,21.9143489,39.3121701,
17:58:55.061,,,,,,,,,,,,,,,,,,,,,,,,,,,,,,,,,,,,,,,,,,,,,,,,,,,,,,,,,,3.125,,,,,,,21.9143489,39.3121701,
17:58:55.127,,,,,,,,,,,,,,,,,,,,,,,,,,,,,,,,,,,,,,,,,,,,,,,,,,,,,,,,,,3.125,,,,,,,21.9143489,39.3121701,
17:58:55.184,,,,,,,,,,,,,,,,,,,,,,,,,,,,,,,,,,,,,,,,,,,,,,,,,,,,,,,,,,3.125,,,,,,,21.9143489,39.3121701,
17:58:55.245,,,,,,,,,,,,,,,,,,,,,,,,,,,,,,,,,,,,,,,,,,,,,,,,,,,,,,,,,,3.125,,,,,,,21.9143489,39.3121701,
17:58:55.297,,,,,,,,,,,,,,,,,,,,,,,,,,,,,,,,,,,,,,,,,,,,,,,,,,,,,,,,,,3.125,,,,,,,21.9143489,39.3121701,
17:58:55.458,,,,,,,,,,,,,,,,,,,,,,,,,,,,,,,,,,,,,,,,,,,,,,,,,,,,,,,,,,3.125,,,,,,,21.9143489,39.3121701,
17:58:55.538,,,,,,,,,,,,,,,,,,135.90000915527344,,,,,,,,0.22886426484665434,,,,,,,,,,,,,,,,,,,,,,,,,,,,,,,,,,0.11014984846115113,,,,,21.9143489,39.3121701,
17:58:55.538,,,,,,,,,,,,,,,,,,135.90000915527344,,,,,,,,0.22886419481433343,,,,,,,,,,,,,,,,,,,,,,,,,,,,,,,,,,0.11014984846115113,,,,,21.9143489,39.3121697,
17:58:55.629,,,,,,,,,,,,,,,,,,,,,,,,,,,,,,,,,,,,,,,,,,,,,,,,,0,,,,,,,,,,,,,,,,21.9143489,39.3121697,
17:58:55.787,,,,,,,,,,,,,,,,,,,,,,,,,,,,,,,,,,,,,,,,,,,,,,,,,,,,,,,,,,,3.125,,,,,,21.9143489,39.3121697,
17:58:55.937,,,,,,,,,,,,,,,,,,,,,,,,,,,,,,,,,,,,,,,,,,,,,,,,,,0,,,,,,,,,,,,,,,21.9143489,39.3121697,
17:58:56.092,,,,,,,,,,,,,,,,,,,,,,,,,,,,,,,,,,657,0.7,,,,,,,,,,,,,,,,,,,,,,,,,,,,,,21.9143489,39.3121697,
17:58:56.242,,,,,,,,,,,,,,,,,,,,,,,,,,,,,,,,,,,,,,,,,,,,,,,,,,,,,,,,,,,,,,,0.0001819966209661257,0,21.9143489,39.3121697,
17:58:56.394,,,,,,,,,,,,,,,,,,,,,,,,,,,,,,,,,,,,,,,,,,,,,,,,,,,,,,,,,,,,,,11,,,21.9143489,39.3121697,
17:58:56.526,,,,,,,,,,,,,,,,,,135.90000915527344,,,,,,,,0.2285146003123936,,,,,,,,,,,,,,,,,,,,,,,,,,,,,,,,,,0.13367388099431993,,,,,21.9143489,39.3121697,
17:58:56.526,,,,,,,,,,,,,,,,,,135.90000915527344,,,,,,,,0.228514464533269,,,,,,,,,,,,,,,,,,,,,,,,,,,,,,,,,,0.13367388099431993,,,,,21.9143486,39.3121695,
17:58:56.545,,,,,,,,,,,,,,,,,,,,,,,,,,,,,,,,,,,,,,,,,,,,,,,,57,,,,,,,,,,,,,,,,,21.9143486,39.3121695,
17:58:56.690,,,,,,,,,,,,,,,,,,,,,,,,,,,,1.543020593569006,,,,,,,,,,,,,,,,,,,6.036601928888868,,,,4.44,,,,,5.328,,,,,,,,,21.9143486,39.3121695,
17:58:56.854,,,,,,,,,,,,,,,,,,,,,,,,,,,,,,,,,,,,,,,,,,,,,,,,,,,,,,,,,,,,,13.333333333333334,,,,21.9143486,39.3121695,
17:58:56.992,,,,,,,,,,,,,,,,,,,,,,,,,,,,,,,,,,,,,,,,,,,,,,,,,,,,,,0.75,,,,,,,,,,,21.9143486,39.3121695,
17:58:57.182,,,,,,,,,,,,,,,,,,,,,,,,,,,,,,,,,,,,,,,,,,,,,,,,,,,,,,,0.76,,,,,,,,,,21.9143486,39.3121695,
17:58:57.254,,,,,,,,,,,,,,,,,,,,,,,,,,,,,,,,,,,,,,,,,,,,,,,,,,,,,,,,,,0.78125,,,,,,,21.9143486,39.3121695,
17:58:57.416,,,,,,,,,,,,,,,,,,,,,,,,,,,,,,,,,,,,,,,,,,,,,,,,,0,,,,,,,,,,,,,,,,21.9143486,39.3121695,
17:58:57.454,,,,,,,,,,,,,,,,,,,,,,,,,,,,,,,,,,,,,,,,,,,,,,,,,,,,,,,,,,,0,,,,,,21.9143486,39.3121695,
17:58:57.534,,,,,,,,,,,,,,,,,,135.90000915527344,,,,,,,,0.22825497163306604,,,,,,,,,,,,,,,,,,,,,,,,,,,,,,,,,,0.15899605304002762,,,,,21.9143486,39.3121695,
17:58:57.534,,,,,,,,,,,,,,,,,,135.90000915527344,,,,,,,,0.22825493089818413,,,,,,,,,,,,,,,,,,,,,,,,,,,,,,,,,,0.15899605304002762,,,,,21.9143486,39.3121695,
17:58:57.616,,,,,,,,,,,,,,,,,,,,,,,,,,,,,,,,,,,,,,,,,,,,,,,,,,0,,,,,,,,,,,,,,,21.9143486,39.3121695,
17:58:57.764,,,,,,,,,,,,,,,,,,,,,,,,,,,,,,,,,,653,0.7,,,,,,,,,,,,,,,,,,,,,,,,,,,,,,21.9143486,39.3121695,
17:58:57.837,,,,,,,,,,,,,,,,,,,,,,,,,0,,,,,0,11.912474,14.498596,12.889426,,,,,,,,,,,,,,,,,,,,,,,,,,,,,,0.0001866478071929622,0,21.9143486,39.3121695,
17:58:57.990,,,,,,,,,,,,,,,,,,,,,,,,,,,,,,,,,,,,,,,,,,,,,,,,,,,,,,,,,,,,,,12,,,21.9143486,39.3121695,
17:58:58.130,,,,,,,,,,,,,,,,,,,,,,,,,,,,,,,,,,,,,,,,,,,,,,,,57,,,,,,,,,,,,,,,,,21.9143486,39.3121695,
17:58:58.175,,,,,,,,,,,,,,,,,,,,,0.010912930429061168,6.847428537218363,0.8891163966494706,,,,,1.5325947787475935,,,,,,,,,,0.001299987599217285,0.0013,0.992781,0.114602,0.0013129874752094578,0.001313,1.0027088100000001,0.11574802,,5.995814078017996,,,,4.41,,,,,5.292,,,,,,,,,21.9143486,39.3121695,
17:58:58.387,,,,,,,,,,,,,,,,,,,,,,,,,,,,,,,,,,,,,,,,,,,,,,,,,,,,,,,,,,,,,12.156862745098039,,,,21.9143486,39.3121695,
17:58:58.514,,,,,,,,,,,,,,,,,,,,,,,,,,,,,,,,,,,,,,,,,,,,,,,,,,,,,,0.75,,,,,,,,,,,21.9143486,39.3121695,
17:58:58.541,,,,,,,,,,,,,,,,,,135.90000915527344,,,,,,,,0.23295946504566836,,,,,,,,,,,,,,,,,,,,,,,,,,,,,,,,,,1.494663119316101,,,,,21.9143486,39.3121695,
17:58:58.543,,,,,,,,,,,,,,,,,,135.90000915527344,,,,,,,,0.23296649598442615,,,,,,,,,,,,,,,,,,,,,,,,,,,,,,,,,,1.494663119316101,,,,,21.9143484,39.3121697,
17:58:58.563,,,,,,,,,,,,,,,,,,,,,,,,,,,,,,,,,,,,,,,,,,,,,,,,,,,,,,,0.77,,,,,,,,,,21.9143484,39.3121697,
17:58:58.638,,,,,,,,,,,,,,,,,,,,,,,,,,,,,,,,,,,,,,,,,,,,,,,,,,,,,,,,,,0.78125,,,,,,,21.9143484,39.3121697,
17:58:58.694,,,,,,,,,,,,,,,,,,,,,,,,,,,,,,,,,,,,,,,,,,,,,,,,,0,,,,,,,,,,,,,,,,21.9143484,39.3121697,
17:58:58.758,,,,,,,,,,,,,,,,,,,,,,,,,,,,,,,,,,,,,,,,,,,,,,,,,,,,,,,,,,,-0.78125,,,,,,21.9143484,39.3121697,
17:58:58.824,,,,,,,,,,,,,,,,,,,,,,,,,,,,,,,,,,,,,,,,,,,,,,,,,,0,,,,,,,,,,,,,,,21.9143484,39.3121697,
17:58:58.866,,,,,,,,,,,,,,,,,,,,,,,,,,,,,,,,,,679,0.7,,,,,,,,,,,,,,,,,,,,,,,,,,,,,,21.9143484,39.3121697,
17:58:58.933,,,,,,,,,,,,,,,,,,,,,,,,,0,,,,,0,11.912474,14.498596,12.889426,,,,,,,,,,,,,,,,,,,,,,,,,,,,,,0,0,21.9143484,39.3121697,
17:58:59.019,,,,,,,,,,,,,,,,,,,,,,,,,,,,,,,,,,,,,,,,,,,,,,,,,,,,,,,,,,,,,,9,,,21.9143484,39.3121697,
17:58:59.046,,,,,,,,,,,,,,,,,,,,,,,,,,,,,,,,,,,,,,,,,,,,,,,,57,,,,,,,,,,,,,,,,,21.9143484,39.3121697,
17:58:59.126,,,,,,,,,,,,,,,,,,,,,0.013431298989613745,6.849497703087941,0.8914438858642735,,,,,1.1086116426768307,,,,,,,,,,0.0016001975688047247,0.0016,0.9930810000000001,0.114902,0.001616199544492772,0.001616,1.0030118100000003,0.11605102,,4.3371081426025855,,,,3.19,,,,,3.828,,,,,,,,,21.9143484,39.3121697,
17:58:59.266,,,,,,,,,,,,,,,,,,,,,,,,,,,,,,,,,,,,,,,,,,,,,,,,,,,,,,,,,,,,,12.941176470588236,,,,21.9143484,39.3121697,
17:58:59.318,,,,,,,,,,,,,,,,,,,,,,,,,,,,,,,,,,,,,,,,,,,,,,,,,,,,,,0.77,,,,,,,,,,,21.9143484,39.3121697,
17:58:59.411,,,,,,,,,,,,,,,,,,,,,,,,,,,,,,,,,,,,,,,,,,,,,,,,,,,,,,,0.795,,,,,,,,,,21.9143484,39.3121697,
17:58:59.473,,,,,,,,,,,,,,,,,,,,,,,,,,,,,,,,,,,,,,,,,,,,,,,,,,,,,,,,,,-5.46875,,,,,,,21.9143484,39.3121697,
17:58:59.525,,,,,,,,,,,,,,,,,,,,,,,,,,,,,,,,,,,,,,,,,,,,,,,,,0,,,,,,,,,,,,,,,,21.9143484,39.3121697,
17:58:59.537,,,,,,,,,,,,,,,,,,135.90000915527344,,,,,,,,0.2333705044253585,,,,,,,,,,,,,,,,,,,,,,,,,,,,,,,,,,0.34348014593124393,,,,,21.9143484,39.3121697,
17:58:59.537,,,,,,,,,,,,,,,,,,135.90000915527344,,,,,,,,0.23337062441230158,,,,,,,,,,,,,,,,,,,,,,,,,,,,,,,,,,0.34348014593124393,,,,,21.9143484,39.3121697,
17:58:59.554,,,,,,,,,,,,,,,,,,,,,,,,,,,,,,,,,,,,,,,,,,,,,,,,,,,,,,,,,,,-5.46875,,,,,,21.9143484,39.3121697,
17:58:59.581,,,,,,,,,,,,,,,,,,,,,,,,,,,,,,,,,,,,,,,,,,,,,,,,,,0,,,,,,,,,,,,,,,21.9143484,39.3121697,
17:58:59.617,,,,,,,,,,,,,,,,,,,,,,,,,,,,,,,,,,665,0.7,,,,,,,,,,,,,,,,,,,,,,,,,,,,,,21.9143484,39.3121697,
17:58:59.684,,,,,,,,,,,,,,,,,,,,,,,,,0,,,,,0,11.912474,14.498596,12.889426,,,,,,,,,,,,,,,,,,,,,,,,,,,,,,0,0,21.9143484,39.3121697,
17:58:59.762,,,,,,,,,,,,,,,,,,,,,,,,,,,,,,,,,,,,,,,,,,,,,,,,,,,,,,,,,,,,,,11.5,,,21.9143484,39.3121697,
17:58:59.921,,,,,,,,,,,,,,,,,,,,,,,,,,,,,,,,,,,,,,,,,,,,,,,,57,,,,,,,,,,,,,,,,,21.9143484,39.3121697,
17:59:00.005,,,,,,,,,,,,,,,,,,,,,0.015773381750927642,6.851422027346648,0.8936084508340403,,,,,1.1746418032124413,,,,,,,,,,0.0018787679184249883,0.001879,0.99336,0.115181,0.0018975555976092383,0.0018977900000000001,1.0032936000000001,0.11633281,,4.595431198118101,,,,3.38,,,,,4.056,,,,,,,,,21.9143484,39.3121697,
17:59:00.077,,,,,,,,,,,,,,,,,,,,,,,,,,,,,,,,,,,,,,,,,,,,,,,,,,,,,,,,,,,,,12.941176470588236,,,,21.9143484,39.3121697,
17:59:00.125,,,,,,,,,,,,,,,,,,,,,,,,,,,,,,,,,,,,,,,,,,,,,,,,,,,,,,0.8,,,,,,,,,,,21.9143484,39.3121697,
17:59:00.196,,,,,,,,,,,,,,,,,,,,,,,,,,,,,,,,,,,,,,,,,,,,,,,,,,,,,,,0.805,,,,,,,,,,21.9143484,39.3121697,
17:59:00.250,,,,,,,,,,,,,,,,,,,,,,,,,,,,,,,,,,,,,,,,,,,,,,,,,,,,,,,,,,-5.46875,,,,,,,21.9143484,39.3121697,
17:59:00.313,,,,,,,,,,,,,,,,,,,,,,,,,,,,,,,,,,,,,,,,,,,,,,,,,0,,,,,,,,,,,,,,,,21.9143484,39.3121697,
17:59:00.364,,,,,,,,,,,,,,,,,,,,,,,,,,,,,,,,,,,,,,,,,,,,,,,,,,,,,,,,,,,-5.46875,,,,,,21.9143484,39.3121697,
17:59:00.453,,,,,,,,,,,,,,,,,,,,,,,,,,,,,,,,,,,,,,,,,,,,,,,,,,0,,,,,,,,,,,,,,,21.9143484,39.3121697,
17:59:00.534,,,,,,,,,,,,,,,,,,135.90000915527344,,,,,,,,0.23362906186830387,,,,,,,,,,,,,,,,,,,,,,,,,,,,,,,,,,0.30417154133319857,,,,,21.9143484,39.3121697,
17:59:00.534,,,,,,,,,,,,,,,,,,135.90000915527344,,,,,,,,0.2336291327474327,,,,,,,,,,,,,,,,,,,,,,,,,,,,,,,,,,0.30417154133319857,,,,,21.9143488,39.312169,
17:59:00.542,,,,,,,,,,,,,,,,,,,,,,,,,,,,,,,,,,642,0.6,,,,,,,,,,,,,,,,,,,,,,,,,,,,,,21.9143488,39.312169,
17:59:00.696,,,,,,,,,,,,,,,,,,,,,,,,,0,,,,,0,11.912474,14.498596,12.889426,,,,,,,,,,,,,,,,,,,,,,,,,,,,,,0,0,21.9143488,39.312169,
17:59:00.777,,,,,,,,,,,,,,,,,,,,,,,,,,,,,,,,,,,,,,,,,,,,,,,,,,,,,,,,,,,,,,13.5,,,21.9143488,39.312169,
17:59:00.864,,,,,,,,,,,,,,,,,,,,,,,,,,,,,,,,,,,,,,,,,,,,,,,,57,,,,,,,,,,,,,,,,,21.9143488,39.312169,
17:59:00.901,,,,,,,,,,,,,,,,,,,,,0.01822459381653215,6.853436015459705,0.8958738736697817,,,,,1.171166531605304,,,,,,,,,,0.0021707594819232096,0.002171,0.9936520000000001,0.115473,0.002192467076742442,0.00219271,1.0035885200000003,0.11662773,,4.581835247827811,,,,3.37,,,,,4.044,,,,,,,,,21.9143488,39.312169,
17:59:00.978,,,,,,,,,,,,,,,,,,,,,,,,,,,,,,,,,,,,,,,,,,,,,,,,,,,,,,,,,,,,,12.941176470588236,,,,21.9143488,39.312169,
17:59:01.029,,,,,,,,,,,,,,,,,,,,,,,,,,,,,,,,,,,,,,,,,,,,,,,,,,,,,,0.78,,,,,,,,,,,21.9143488,39.312169,
17:59:01.093,,,,,,,,,,,,,,,,,,,,,,,,,,,,,,,,,,,,,,,,,,,,,,,,,,,,,,,0.79,,,,,,,,,,21.9143488,39.312169,
17:59:01.157,,,,,,,,,,,,,,,,,,,,,,,,,,,,,,,,,,,,,,,,,,,,,,,,,,,,,,,,,,-2.34375,,,,,,,21.9143488,39.312169,
17:59:01.209,,,,,,,,,,,,,,,,,,,,,,,,,,,,,,,,,,,,,,,,,,,,,,,,,0,,,,,,,,,,,,,,,,21.9143488,39.312169,
17:59:01.237,,,,,,,,,,,,,,,,,,,,,,,,,,,,,,,,,,,,,,,,,,,,,,,,,,,,,,,,,,,-4.6875,,,,,,21.9143488,39.312169,
17:59:01.302,,,,,,,,,,,,,,,,,,,,,,,,,,,,,,,,,,,,,,,,,,,,,,,,,,0,,,,,,,,,,,,,,,21.9143488,39.312169,
17:59:01.371,,,,,,,,,,,,,,,,,,,,,,,,,,,,,,,,,,650,0.6,,,,,,,,,,,,,,,,,,,,,,,,,,,,,,21.9143488,39.312169,
17:59:01.452,,,,,,,,,,,,,,,,,,,,,,,,,0,,,,,0,11.912474,14.498596,12.889426,,,,,,,,,,,,,,,,,,,,,,,,,,,,,,0,0,21.9143488,39.312169,
17:59:01.534,,,,,,,,,,,,,,,,,,,,,,,,,,,,,,,,,,,,,,,,,,,,,,,,,,,,,,,,,,,,,,12.5,,,21.9143488,39.312169,
17:59:01.547,,,,,,,,,,,,,,,,,,135.90000915527344,,,,,,,,0.23377760065910994,,,,,,,,,,,,,,,,,,,,,,,,,,,,,,,,,,0.2737914741039276,,,,,21.9143488,39.312169,
17:59:01.547,,,,,,,,,,,,,,,,,,135.90000915527344,,,,,,,,0.23377762400939667,,,,,,,,,,,,,,,,,,,,,,,,,,,,,,,,,,0.2737914741039276,,,,,21.914349,39.3121683,
17:59:01.561,,,,,,,,,,,,,,,,,,,,,,,,,,,,,,,,,,,,,,,,,,,,,,,,57,,,,,,,,,,,,,,,,,21.914349,39.3121683,
17:59:01.597,,,,,,,,,,,,,,,,,,,,,0.020121764798815087,6.854994787081453,0.8976272488782666,,,,,1.1676912599981666,,,,,,,,,,0.0023968332675433045,0.002397,0.993878,0.115699,0.0024208016002187373,0.0024209699999999997,1.0038167800000002,0.11685598999999999,,4.568239297537521,,,,3.36,,,,,4.032,,,,,,,,,21.914349,39.3121683,
17:59:01.754,,,,,,,,,,,,,,,,,,,,,,,,,,,,,,,,,,,,,,,,,,,,,,,,,,,,,,,,,,,,,12.941176470588236,,,,21.914349,39.3121683,
17:59:01.821,,,,,,,,,,,,,,,,,,,,,,,,,,,,,,,,,,,,,,,,,,,,,,,,,,,,,,0.765,,,,,,,,,,,21.914349,39.3121683,
17:59:01.874,,,,,,,,,,,,,,,,,,,,,,,,,,,,,,,,,,,,,,,,,,,,,,,,,,,,,,,0.78,,,,,,,,,,21.914349,39.3121683,
17:59:01.955,,,,,,,,,,,,,,,,,,,,,,,,,,,,,,,,,,,,,,,,,,,,,,,,,,,,,,,,,,-3.125,,,,,,,21.914349,39.3121683,
17:59:02.039,,,,,,,,,,,,,,,,,,,,,,,,,,,,,,,,,,,,,,,,,,,,,,,,,0,,,,,,,,,,,,,,,,21.914349,39.3121683,
17:59:02.094,,,,,,,,,,,,,,,,,,,,,,,,,,,,,,,,,,,,,,,,,,,,,,,,,,,,,,,,,,,-3.125,,,,,,21.914349,39.3121683,
17:59:02.156,,,,,,,,,,,,,,,,,,,,,,,,,,,,,,,,,,,,,,,,,,,,,,,,,,0,,,,,,,,,,,,,,,21.914349,39.3121683,
17:59:02.208,,,,,,,,,,,,,,,,,,,,,,,,,,,,,,,,,,643,0.6,,,,,,,,,,,,,,,,,,,,,,,,,,,,,,21.914349,39.3121683,
17:59:02.320,,,,,,,,,,,,,,,,,,,,,,,,,0,,,,,0,11.912474,14.498596,12.889426,,,,,,,,,,,,,,,,,,,,,,,,,,,,,,0,0,21.914349,39.3121683,
17:59:02.437,,,,,,,,,,,,,,,,,,,,,,,,,,,,,,,,,,,,,,,,,,,,,,,,,,,,,,,,,,,,,,12,,,21.914349,39.3121683,
17:59:02.553,,,,,,,,,,,,,,,,,,,,,,,,,,,,,,,,,,,,,,,,,,,,,,,,57,,,,,,,,,,,,,,,,,21.914349,39.3121683,
17:59:02.613,,,,,,,,,,,,,,,,,,135.90000915527344,,,,,,,,0.2345418608112728,,,,,,,,,,,,,,,,,,,,,,,,,,,,,,,,,,0.4310792416334152,,,,,21.914349,39.3121683,
17:59:02.613,,,,,,,,,,,,,,,,,,135.90000915527344,,,,,,,,0.2345419775579791,,,,,,,,,,,,,,,,,,,,,,,,,,,,,,,,,,0.4310792416334152,,,,,21.9143489,39.3121677,
17:59:02.681,,,,,,,,,,,,,,,,,,,,,0.023068256014661608,6.857415711148859,0.9003504112595859,,,,,1.164215988391029,,,,,,,,,,0.002747478080418186,0.002748,0.994229,0.11605,0.0027749528612223675,0.00277548,1.0041712900000002,0.1172105,,4.55464334724723,,,,3.35,,,,,4.02,,,,,,,,,21.9143489,39.3121677,
17:59:02.854,,,,,,,,,,,,,,,,,,,,,,,,,,,,,,,,,,,,,,,,,,,,,,,,,,,,,,,,,,,,,12.941176470588236,,,,21.9143489,39.3121677,
17:59:02.966,,,,,,,,,,,,,,,,,,,,,,,,,,,,,,,,,,,,,,,,,,,,,,,,,,,,,,0.76,,,,,,,,,,,21.9143489,39.3121677,
17:59:03.096,,,,,,,,,,,,,,,,,,,,,,,,,,,,,,,,,,,,,,,,,,,,,,,,,,,,,,,0.775,,,,,,,,,,21.9143489,39.3121677,
17:59:03.222,,,,,,,,,,,,,,,,,,,,,,,,,,,,,,,,,,,,,,,,,,,,,,,,,,,,,,,,,,-3.125,,,,,,,21.9143489,39.3121677,
17:59:03.318,,,,,,,,,,,,,,,,,,,,,,,,,,,,,,,,,,,,,,,,,,,,,,,,,0,,,,,,,,,,,,,,,,21.9143489,39.3121677,
17:59:03.346,,,,,,,,,,,,,,,,,,135.90000915527344,,,,,,,,0.23506877244011515,,,,,,,,,,,,,,,,,,,,,,,,,,,,,,,,,,0.4323167592287064,,,,,21.9143489,39.3121677,
17:59:03.348,,,,,,,,,,,,,,,,,,135.8000030517578,,,,,,,,0.23506900343570014,,,,,,,,,,,,,,,,,,,,,,,,,,,,,,,,,,0.4323167592287064,,,,,21.9143489,39.3121678,
17:59:03.450,,,,,,,,,,,,,,,,,,,,,,,,,,,,,,,,,,,,,,,,,,,,,,,,,,,,,,,,,,,-3.125,,,,,,21.9143489,39.3121678,
17:59:03.534,,,,,,,,,,,,,,,,,,,,,,,,,,,,,,,,,,,,,,,,,,,,,,,,,,0,,,,,,,,,,,,,,,21.9143489,39.3121678,
17:59:03.650,,,,,,,,,,,,,,,,,,,,,,,,,,,,,,,,,,643,0.6,,,,,,,,,,,,,,,,,,,,,,,,,,,,,,21.9143489,39.3121678,
17:59:03.781,,,,,,,,,,,,,,,,,,,,,,,,,0,,,,,0,11.912474,14.498596,12.889426,,,,,,,,,,,,,,,,,,,,,,,,,,,,,,0,0,21.9143489,39.3121678,
17:59:03.898,,,,,,,,,,,,,,,,,,,,,,,,,,,,,,,,,,,,,,,,,,,,,,,,,,,,,,,,,,,,,,14,,,21.9143489,39.3121678,
17:59:04.010,,,,,,,,,,,,,,,,,,,,,,,,,,,,,,,,,,,,,,,,,,,,,,,,57,,,,,,,,,,,,,,,,,21.9143489,39.3121678,
17:59:04.121,,,,,,,,,,,,,,,,,,,,,0.026946543597912577,6.86060222658801,0.9039347446503825,,,,,1.1572654451767543,,,,,,,,,,0.0032095248603107944,0.00321,0.9946910000000001,0.116512,0.0032416201089139024,0.0032421000000000004,1.0046379100000002,0.11767712,,4.527451446666651,,,,3.33,,,,,3.996,,,,,,,,,21.9143489,39.3121678,
17:59:04.258,,,,,,,,,,,,,,,,,,,,,,,,,,,,,,,,,,,,,,,,,,,,,,,,,,,,,,,,,,,,,12.941176470588236,,,,21.9143489,39.3121678,
17:59:04.374,,,,,,,,,,,,,,,,,,,,,,,,,,,,,,,,,,,,,,,,,,,,,,,,,,,,,,0.76,,,,,,,,,,,21.9143489,39.3121678,
17:59:04.482,,,,,,,,,,,,,,,,,,,,,,,,,,,,,,,,,,,,,,,,,,,,,,,,,,,,,,,0.78,,,,,,,,,,21.9143489,39.3121678,
17:59:04.850,,,,,,,,,,,,,,,,,,,,,,,,,,,,,,,,,,,,,,,,,,,,,,,,,,,,,,,,,,0,,,,,,,21.9143489,39.3121678,
17:59:05.022,,,,,,,,,,,,,,,,,,,,,,,,,,,,,,,,,,,,,,,,,,,,,,,,,0,,,,,,,,,,,,,,,,21.9143489,39.3121678,
17:59:05.109,,,,,,,,,,,,,,,,,,,,,,,,,,,,,,,,,,,,,,,,,,,,,,,,,,,,,,,,,,,0,,,,,,21.9143489,39.3121678,
17:59:05.213,,,,,,,,,,,,,,,,,,,,,,,,,,,,,,,,,,,,,,,,,,,,,,,,,,0,,,,,,,,,,,,,,,21.9143489,39.3121678,
17:59:05.313,,,,,,,,,,,,,,,,,,,,,,,,,,,,,,,,,,654,0.7,,,,,,,,,,,,,,,,,,,,,,,,,,,,,,21.9143489,39.3121678,
17:59:05.420,,,,,,,,,,,,,,,,,,,,,,,,,0,,,,,0,11.912474,14.498596,12.889426,,,,,,,,,,,,,,,,,,,,,,,,,,,,,,0,0,21.9143489,39.3121678,
17:59:05.509,,,,,,,,,,,,,,,,,,,,,,,,,,,,,,,,,,,,,,,,,,,,,,,,,,,,,,,,,,,,,,11.5,,,21.9143489,39.3121678,
17:59:05.606,,,,,,,,,,,,,,,,,,,,,,,,,,,,,,,,,,,,,,,,,,,,,,,,57,,,,,,,,,,,,,,,,,21.9143489,39.3121678,
17:59:05.701,,,,,,,,,,,,,,,,,,,,,0.03121098102711494,6.864106014127162,0.9078759597207819,,,,,1.1572654451767543,,,,,,,,,,0.0037175302835590193,0.003718,0.9951990000000001,0.11702,0.0037547055863946096,0.00375518,1.0051509900000002,0.1181902,,4.527451446666651,,,,3.33,,,,,3.996,,,,,,,,,21.9143489,39.3121678,
17:59:05.818,,,,,,,,,,,,,,,,,,,,,,,,,,,,,,,,,,,,,,,,,,,,,,,,,,,,,,,,,,,,,12.941176470588236,,,,21.9143489,39.3121678,
17:59:05.925,,,,,,,,,,,,,,,,,,,,,,,,,,,,,,,,,,,,,,,,,,,,,,,,,,,,,,0.755,,,,,,,,,,,21.9143489,39.3121678,
17:59:06.034,,,,,,,,,,,,,,,,,,,,,,,,,,,,,,,,,,,,,,,,,,,,,,,,,,,,,,,0.77,,,,,,,,,,21.9143489,39.3121678,
17:59:06.161,,,,,,,,,,,,,,,,,,,,,,,,,,,,,,,,,,,,,,,,,,,,,,,,,,,,,,,,,,0,,,,,,,21.9143489,39.3121678,
17:59:06.274,,,,,,,,,,,,,,,,,,,,,,,,,,,,,,,,,,,,,,,,,,,,,,,,,0,,,,,,,,,,,,,,,,21.9143489,39.3121678,
17:59:06.386,,,,,,,,,,,,,,,,,,,,,,,,,,,,,,,,,,,,,,,,,,,,,,,,,,,,,,,,,,,-0.78125,,,,,,21.9143489,39.3121678,
17:59:06.505,,,,,,,,,,,,,,,,,,,,,,,,,,,,,,,,,,,,,,,,,,,,,,,,,,0,,,,,,,,,,,,,,,21.9143489,39.3121678,
17:59:06.614,,,,,,,,,,,,,,,,,,,,,,,,,,,,,,,,,,656,0.7,,,,,,,,,,,,,,,,,,,,,,,,,,,,,,21.9143489,39.3121678,
17:59:06.713,,,,,,,,,,,,,,,,,,,,,,,,,0,,,,,0,11.912474,14.498596,12.889426,,,,,,,,,,,,,,,,,,,,,,,,,,,,,,0,0,21.9143489,39.3121678,
17:59:06.833,,,,,,,,,,,,,,,,,,,,,,,,,,,,,,,,,,,,,,,,,,,,,,,,,,,,,,,,,,,,,,11.5,,,21.9143489,39.3121678,
17:59:06.945,,,,,,,,,,,,,,,,,,,,,,,,,,,,,,,,,,,,,,,,,,,,,,,,57,,,,,,,,,,,,,,,,,21.9143489,39.3121678,
17:59:07.054,,,,,,,,,,,,,,,,,,,,,0.03673460273659359,6.868644384601104,0.9129809193985831,,,,,1.7480616183901125,,,,,,,,,,0.00437594415024219,0.004376,0.9958570000000001,0.117678,0.004419703591744612,0.00441976,1.0058155700000002,0.11885478,,6.838762996015992,,,,5.03,,,,,6.0360000000000005,,,,,,,,,21.9143489,39.3121678,
17:59:07.165,,,,,,,,,,,,,,,,,,,,,,,,,,,,,,,,,,,,,,,,,,,,,,,,,,,,,,,,,,,,,13.72549019607843,,,,21.9143489,39.3121678,
17:59:07.265,,,,,,,,,,,,,,,,,,,,,,,,,,,,,,,,,,,,,,,,,,,,,,,,,,,,,,0.755,,,,,,,,,,,21.9143489,39.3121678,
17:59:07.377,,,,,,,,,,,,,,,,,,,,,,,,,,,,,,,,,,,,,,,,,,,,,,,,,,,,,,,0.77,,,,,,,,,,21.9143489,39.3121678,
17:59:07.493,,,,,,,,,,,,,,,,,,,,,,,,,,,,,,,,,,,,,,,,,,,,,,,,,,,,,,,,,,4.6875,,,,,,,21.9143489,39.3121678,
17:59:07.598,,,,,,,,,,,,,,,,,,,,,,,,,,,,,,,,,,,,,,,,,,,,,,,,,0,,,,,,,,,,,,,,,,21.9143489,39.3121678,
17:59:07.697,,,,,,,,,,,,,,,,,,,,,,,,,,,,,,,,,,,,,,,,,,,,,,,,,,,,,,,,,,,2.34375,,,,,,21.9143489,39.3121678,
17:59:07.814,,,,,,,,,,,,,,,,,,,,,,,,,,,,,,,,,,,,,,,,,,,,,,,,,,0,,,,,,,,,,,,,,,21.9143489,39.3121678,
17:59:07.890,,,,,,,,,,,,,,,,,,,,,,,,,,,,,,,,,,682,0.7,,,,,,,,,,,,,,,,,,,,,,,,,,,,,,21.9143489,39.3121678,
17:59:07.969,,,,,,,,,,,,,,,,,,,,,,,,,0,,,,,0,11.912474,14.498596,12.889426,,,,,,,,,,,,,,,,,,,,,,,,,,,,,,0,0,21.9143489,39.3121678,
17:59:08.045,,,,,,,,,,,,,,,,,,,,,,,,,,,,,,,,,,,,,,,,,,,,,,,,,,,,,,,,,,,,,,9.5,,,21.9143489,39.3121678,
17:59:08.109,,,,,,,,,,,,,,,,,,,,,,,,,,,,,,,,,,,,,,,,,,,,,,,,57,,,,,,,,,,,,,,,,,21.9143489,39.3121678,
17:59:08.170,,,,,,,,,,,,,,,,,,,,,0.0406464685673186,6.871858488918513,0.9165962859789101,,,,,1.5047926058904944,,,,,,,,,,0.004841444804108509,0.004842,0.9963230000000001,0.118144,0.0048898592521495945,0.00489042,1.0062862300000002,0.11932544,,5.887046475695674,,,,4.33,,,,,5.196,,,,,,,,,21.9143489,39.3121678,
17:59:08.226,,,,,,,,,,,,,,,,,,,,,,,,,,,,,,,,,,,,,,,,,,,,,,,,,,,,,,,,,,,,,13.333333333333334,,,,21.9143489,39.3121678,
17:59:08.254,,,,,,,,,,,,,,,,,,,,,,,,,,,,,,,,,,,,,,,,,,,,,,,,,,,,,,0.75,,,,,,,,,,,21.9143489,39.3121678,
17:59:08.319,,,,,,,,,,,,,,,,,,,,,,,,,,,,,,,,,,,,,,,,,,,,,,,,,,,,,,,0.755,,,,,,,,,,21.9143489,39.3121678,
17:59:08.394,,,,,,,,,,,,,,,,,,,,,,,,,,,,,,,,,,,,,,,,,,,,,,,,,,,,,,,,,,0,,,,,,,21.9143489,39.3121678,
17:59:08.438,,,,,,,,,,,,,,,,,,,,,,,,,,,,,,,,,,,,,,,,,,,,,,,,,0,,,,,,,,,,,,,,,,21.9143489,39.3121678,
17:59:08.501,,,,,,,,,,,,,,,,,,,,,,,,,,,,,,,,,,,,,,,,,,,,,,,,,,,,,,,,,,,0.78125,,,,,,21.9143489,39.3121678,
17:59:08.586,,,,,,,,,,,,,,,,,,,,,,,,,,,,,,,,,,,,,,,,,,,,,,,,,,0,,,,,,,,,,,,,,,21.9143489,39.3121678,
17:59:08.681,,,,,,,,,,,,,,,,,,,,,,,,,,,,,,,,,,639,0.6,,,,,,,,,,,,,,,,,,,,,,,,,,,,,,21.9143489,39.3121678,
17:59:08.740,,,,,,,,,,,,,,,,,,,,,,,,,0,,,,,0,11.912474,14.498596,12.889426,,,,,,,,,,,,,,,,,,,,,,,,,,,,,,0,0,21.9143489,39.3121678,
17:59:08.801,,,,,,,,,,,,,,,,,,,,,,,,,,,,,,,,,,,,,,,,,,,,,,,,,,,,,,,,,,,,,,14,,,21.9143489,39.3121678,
17:59:08.864,,,,,,,,,,,,,,,,,,,,,,,,,,,,,,,,,,,,,,,,,,,,,,,,57,,,,,,,,,,,,,,,,,21.9143489,39.3121678,
17:59:08.934,,,,,,,,,,,,,,,,,,,,,0.04331593924150433,6.874051804740267,0.9190634245466012,,,,,1.4978420626762197,,,,,,,,,,0.005159461346801981,0.00516,0.9966410000000001,0.118462,0.005211055960270001,0.005211599999999999,1.0066074100000002,0.11964662,,5.859854575115094,,,,4.3100000000000005,,,,,5.172000000000001,,,,,,,,,21.9143489,39.3121678,
17:59:09.010,,,,,,,,,,,,,,,,,,,,,,,,,,,,,,,,,,,,,,,,,,,,,,,,,,,,,,,,,,,,,13.333333333333334,,,,21.9143489,39.3121678,
17:59:09.063,,,,,,,,,,,,,,,,,,,,,,,,,,,,,,,,,,,,,,,,,,,,,,,,,,,,,,0.745,,,,,,,,,,,21.9143489,39.3121678,
17:59:09.095,,,,,,,,,,,,,,,,,,,,,,,,,,,,,,,,,,,,,,,,,,,,,,,,,,,,,,,0.76,,,,,,,,,,21.9143489,39.3121678,
17:59:09.161,,,,,,,,,,,,,,,,,,,,,,,,,,,,,,,,,,,,,,,,,,,,,,,,,,,,,,,,,,2.34375,,,,,,,21.9143489,39.3121678,
17:59:09.214,,,,,,,,,,,,,,,,,,,,,,,,,,,,,,,,,,,,,,,,,,,,,,,,,0,,,,,,,,,,,,,,,,21.9143489,39.3121678,
17:59:09.267,,,,,,,,,,,,,,,,,,,,,,,,,,,,,,,,,,,,,,,,,,,,,,,,,,,,,,,,,,,2.34375,,,,,,21.9143489,39.3121678,
17:59:09.326,,,,,,,,,,,,,,,,,,,,,,,,,,,,,,,,,,,,,,,,,,,,,,,,,,0,,,,,,,,,,,,,,,21.9143489,39.3121678,
17:59:09.376,,,,,,,,,,,,,,,,,,,,,,,,,,,,,,,,,,645,0.6,,,,,,,,,,,,,,,,,,,,,,,,,,,,,,21.9143489,39.3121678,
17:59:09.434,,,,,,,,,,,,,,,,,,,,,,,,,0,,,,,0,11.912474,14.498596,12.889426,,,,,,,,,,,,,,,,,,,,,,,,,,,,,,0,0,21.9143489,39.3121678,
17:59:09.485,,,,,,,,,,,,,,,,,,,,,,,,,,,,,,,,,,,,,,,,,,,,,,,,,,,,,,,,,,,,,,13,,,21.9143489,39.3121678,
17:59:09.541,,,,,,,,,,,,,,,,,,,,,,,,,,,,,,,,,,,,,,,,,,,,,,,,57,,,,,,,,,,,,,,,,,21.9143489,39.3121678,
17:59:09.577,,,,,,,,,,,,,,,,,,,,,0.04556568182226463,6.875900259583756,0.9211426482451586,,,,,1.5047926058904944,,,,,,,,,,0.005427666552120267,0.005428,0.996909,0.11873,0.00548194321764147,0.00548228,1.0068780900000003,0.1199173,,5.887046475695674,,,,4.33,,,,,5.196,,,,,,,,,21.9143489,39.3121678,
17:59:09.651,,,,,,,,,,,,,,,,,,,,,,,,,,,,,,,,,,,,,,,,,,,,,,,,,,,,,,,,,,,,,13.333333333333334,,,,21.9143489,39.3121678,
17:59:09.702,,,,,,,,,,,,,,,,,,,,,,,,,,,,,,,,,,,,,,,,,,,,,,,,,,,,,,0.74,,,,,,,,,,,21.9143489,39.3121678,
17:59:09.766,,,,,,,,,,,,,,,,,,,,,,,,,,,,,,,,,,,,,,,,,,,,,,,,,,,,,,,0.76,,,,,,,,,,21.9143489,39.3121678,
17:59:09.818,,,,,,,,,,,,,,,,,,,,,,,,,,,,,,,,,,,,,,,,,,,,,,,,,,,,,,,,,,2.34375,,,,,,,21.9143489,39.3121678,
17:59:09.881,,,,,,,,,,,,,,,,,,,,,,,,,,,,,,,,,,,,,,,,,,,,,,,,,0,,,,,,,,,,,,,,,,21.9143489,39.3121678,
17:59:09.954,,,,,,,,,,,,,,,,,,,,,,,,,,,,,,,,,,,,,,,,,,,,,,,,,,,,,,,,,,,0.78125,,,,,,21.9143489,39.3121678,
17:59:09.998,,,,,,,,,,,,,,,,,,,,,,,,,,,,,,,,,,,,,,,,,,,,,,,,,,0,,,,,,,,,,,,,,,21.9143489,39.3121678,
17:59:10.061,,,,,,,,,,,,,,,,,,,,,,,,,,,,,,,,,,646,0.6,,,,,,,,,,,,,,,,,,,,,,,,,,,,,,21.9143489,39.3121678,
17:59:10.126,,,,,,,,,,,,,,,,,,,,,,,,,0,,,,,0,11.912474,14.498596,12.889426,,,,,,,,,,,,,,,,,,,,,,,,,,,,,,0,0,21.9143489,39.3121678,
17:59:10.181,,,,,,,,,,,,,,,,,,,,,,,,,,,,,,,,,,,,,,,,,,,,,,,,,,,,,,,,,,,,,,13.5,,,21.9143489,39.3121678,
17:59:10.242,,,,,,,,,,,,,,,,,,,,,,,,,,,,,,,,,,,,,,,,,,,,,,,,57,,,,,,,,,,,,,,,,,21.9143489,39.3121678,
17:59:10.293,,,,,,,,,,,,,,,,,,,,,0.048084050382817205,6.877969425453334,0.9234701374599614,,,,,1.5047926058904944,,,,,,,,,,0.00572726227459476,0.005728,0.997209,0.11903,0.005784534897340707,0.005785279999999999,1.0071810900000002,0.1202203,,5.887046475695674,,,,4.33,,,,,5.196,,,,,,,,,21.9143489,39.3121678,
17:59:10.378,,,,,,,,,,,,,,,,,,,,,,,,,,,,,,,,,,,,,,,,,,,,,,,,,,,,,,,,,,,,,13.333333333333334,,,,21.9143489,39.3121678,
17:59:10.418,,,,,,,,,,,,,,,,,,,,,,,,,,,,,,,,,,,,,,,,,,,,,,,,,,,,,,0.745,,,,,,,,,,,21.9143489,39.3121678,
17:59:10.488,,,,,,,,,,,,,,,,,,,,,,,,,,,,,,,,,,,,,,,,,,,,,,,,,,,,,,,0.76,,,,,,,,,,21.9143489,39.3121678,
17:59:10.541,,,,,,,,,,,,,,,,,,,,,,,,,,,,,,,,,,,,,,,,,,,,,,,,,,,,,,,,,,3.125,,,,,,,21.9143489,39.3121678,
17:59:10.605,,,,,,,,,,,,,,,,,,,,,,,,,,,,,,,,,,,,,,,,,,,,,,,,,0,,,,,,,,,,,,,,,,21.9143489,39.3121678,
17:59:10.664,,,,,,,,,,,,,,,,,,,,,,,,,,,,,,,,,,,,,,,,,,,,,,,,,,,,,,,,,,,1.5625,,,,,,21.9143489,39.3121678,
17:59:10.742,,,,,,,,,,,,,,,,,,,,,,,,,,,,,,,,,,,,,,,,,,,,,,,,,,0,,,,,,,,,,,,,,,21.9143489,39.3121678,
17:59:10.792,,,,,,,,,,,,,,,,,,,,,,,,,,,,,,,,,,647,0.6,,,,,,,,,,,,,,,,,,,,,,,,,,,,,,21.9143489,39.3121678,
17:59:10.840,,,,,,,,,,,,,,,,,,,,,,,,,0,,,,,0,11.912474,14.498596,12.889426,,,,,,,,,,,,,,,,,,,,,,,,,,,,,,0,0,21.9143489,39.3121678,
17:59:10.917,,,,,,,,,,,,,,,,,,,,,,,,,,,,,,,,,,,,,,,,,,,,,,,,,,,,,,,,,,,,,,13.5,,,21.9143489,39.3121678,
17:59:10.954,,,,,,,,,,,,,,,,,,,,,,,,,,,,,,,,,,,,,,,,,,,,,,,,57,,,,,,,,,,,,,,,,,21.9143489,39.3121678,
17:59:10.988,,,,,,,,,,,,,,,,,,,,,0.05055205157215873,6.879997208005521,0.9257510768904681,,,,,1.5221689639261815,,,,,,,,,,0.006021059573484792,0.006022,0.997503,0.119324,0.006081270169219641,0.006082219999999999,1.0074780300000001,0.12051724,,5.955026227147126,,,,4.38,,,,,5.255999999999999,,,,,,,,,21.9143489,39.3121678,
17:59:11.057,,,,,,,,,,,,,,,,,,,,,,,,,,,,,,,,,,,,,,,,,,,,,,,,,,,,,,,,,,,,,13.72549019607843,,,,21.9143489,39.3121678,
17:59:11.105,,,,,,,,,,,,,,,,,,,,,,,,,,,,,,,,,,,,,,,,,,,,,,,,,,,,,,0.745,,,,,,,,,,,21.9143489,39.3121678,
17:59:11.132,,,,,,,,,,,,,,,,,,,,,,,,,,,,,,,,,,,,,,,,,,,,,,,,,,,,,,,0.76,,,,,,,,,,21.9143489,39.3121678,
17:59:11.161,,,,,,,,,,,,,,,,,,,,,,,,,,,,,,,,,,,,,,,,,,,,,,,,,,,,,,,,,,3.125,,,,,,,21.9143489,39.3121678,
17:59:11.189,,,,,,,,,,,,,,,,,,,,,,,,,,,,,,,,,,,,,,,,,,,,,,,,,0,,,,,,,,,,,,,,,,21.9143489,39.3121678,
17:59:11.231,,,,,,,,,,,,,,,,,,,,,,,,,,,,,,,,,,,,,,,,,,,,,,,,,,,,,,,,,,,3.125,,,,,,21.9143489,39.3121678,
17:59:11.299,,,,,,,,,,,,,,,,,,,,,,,,,,,,,,,,,,,,,,,,,,,,,,,,,,0,,,,,,,,,,,,,,,21.9143489,39.3121678,
17:59:11.350,,,,,,,,,,,,,,,,,,,,,,,,,,,,,,,,,,649,0.6,,,,,,,,,,,,,,,,,,,,,,,,,,,,,,21.9143489,39.3121678,
17:59:11.405,,,,,,,,,,,,,,,,,,,,,,,,,0,,,,,0,11.912474,14.498596,12.889426,,,,,,,,,,,,,,,,,,,,,,,,,,,,,,0,0,21.9143489,39.3121678,
17:59:11.496,,,,,,,,,,,,,,,,,,,,,,,,,,,,,,,,,,,,,,,,,,,,,,,,,,,,,,,,,,,,,,13.5,,,21.9143489,39.3121678,
17:59:11.579,,,,,,,,,,,,,,,,,,,,,,,,,,,,,,,,,,,,,,,,,,,,,,,,57,,,,,,,,,,,,,,,,,21.9143489,39.3121678,
17:59:11.616,,,,,,,,,,,,,,,,,,,,,0.05280179415291904,6.881845662849011,0.9278303005890255,,,,,1.5360700503547309,,,,,,,,,,0.006288996741722905,0.00629,0.9977710000000001,0.119592,0.006351886709140134,0.0063529,1.0077487100000002,0.12078792,,6.009410028308285,,,,4.42,,,,,5.303999999999999,,,,,,,,,21.9143489,39.3121678,
17:59:11.698,,,,,,,,,,,,,,,,,,,,,,,,,,,,,,,,,,,,,,,,,,,,,,,,,,,,,,,,,,,,,13.72549019607843,,,,21.9143489,39.3121678,
17:59:11.738,,,,,,,,,,,,,,,,,,,,,,,,,,,,,,,,,,,,,,,,,,,,,,,,,,,,,,0.735,,,,,,,,,,,21.9143489,39.3121678,
17:59:11.806,,,,,,,,,,,,,,,,,,,,,,,,,,,,,,,,,,,,,,,,,,,,,,,,,,,,,,,0.76,,,,,,,,,,21.9143489,39.3121678,
17:59:11.862,,,,,,,,,,,,,,,,,,,,,,,,,,,,,,,,,,,,,,,,,,,,,,,,,,,,,,,,,,2.34375,,,,,,,21.9143489,39.3121678,
17:59:11.919,,,,,,,,,,,,,,,,,,,,,,,,,,,,,,,,,,,,,,,,,,,,,,,,,0,,,,,,,,,,,,,,,,21.9143489,39.3121678,
17:59:11.986,,,,,,,,,,,,,,,,,,,,,,,,,,,,,,,,,,,,,,,,,,,,,,,,,,,,,,,,,,,2.34375,,,,,,21.9143489,39.3121678,
17:59:12.053,,,,,,,,,,,,,,,,,,,,,,,,,,,,,,,,,,,,,,,,,,,,,,,,,,0,,,,,,,,,,,,,,,21.9143489,39.3121678,
17:59:12.093,,,,,,,,,,,,,,,,,,,,,,,,,,,,,,,,,,663,0.7,,,,,,,,,,,,,,,,,,,,,,,,,,,,,,21.9143489,39.3121678,
17:59:12.175,,,,,,,,,,,,,,,,,,,,,,,,,0,,,,,0,11.912474,14.498596,12.889426,,,,,,,,,,,,,,,,,,,,,,,,,,,,,,0,0,21.9143489,39.3121678,
17:59:12.271,,,,,,,,,,,,,,,,,,,,,,,,,,,,,,,,,,,,,,,,,,,,,,,,,,,,,,,,,,,,,,10.5,,,21.9143489,39.3121678,
17:59:12.346,,,,,,,,,,,,,,,,,,,,,,,,,,,,,,,,,,,,,,,,,,,,,,,,57,,,,,,,,,,,,,,,,,21.9143489,39.3121678,
17:59:12.399,,,,,,,,,,,,,,,,,,,,,0.05561397237886941,6.884156231403373,0.9304293302122221,,,,,1.5360700503547309,,,,,,,,,,0.00662418156336411,0.006625,0.998106,0.119927,0.006690423378997752,0.00669125,1.0080870600000003,0.12112627,,6.009410028308285,,,,4.42,,,,,5.303999999999999,,,,,,,,,21.9143489,39.3121678,
17:59:12.454,,,,,,,,,,,,,,,,,,,,,,,,,,,,,,,,,,,,,,,,,,,,,,,,,,,,,,,,,,,,,13.72549019607843,,,,21.9143489,39.3121678,
17:59:12.482,,,,,,,,,,,,,,,,,,,,,,,,,,,,,,,,,,,,,,,,,,,,,,,,,,,,,,0.74,,,,,,,,,,,21.9143489,39.3121678,
17:59:12.521,,,,,,,,,,,,,,,,,,,,,,,,,,,,,,,,,,,,,,,,,,,,,,,,,,,,,,,0.76,,,,,,,,,,21.9143489,39.3121678,
17:59:12.585,,,,,,,,,,,,,,,,,,,,,,,,,,,,,,,,,,,,,,,,,,,,,,,,,,,,,,,,,,0.78125,,,,,,,21.9143489,39.3121678,
17:59:12.637,,,,,,,,,,,,,,,,,,,,,,,,,,,,,,,,,,,,,,,,,,,,,,,,,0,,,,,,,,,,,,,,,,21.9143489,39.3121678,
17:59:12.702,,,,,,,,,,,,,,,,,,,,,,,,,,,,,,,,,,,,,,,,,,,,,,,,,,,,,,,,,,,0.78125,,,,,,21.9143489,39.3121678,
17:59:12.769,,,,,,,,,,,,,,,,,,,,,,,,,,,,,,,,,,,,,,,,,,,,,,,,,,0,,,,,,,,,,,,,,,21.9143489,39.3121678,
17:59:12.822,,,,,,,,,,,,,,,,,,,,,,,,,,,,,,,,,,649,0.6,,,,,,,,,,,,,,,,,,,,,,,,,,,,,,21.9143489,39.3121678,
17:59:12.877,,,,,,,,,,,,,,,,,,,,,,,,,0,,,,,0,11.912474,14.498596,12.889426,,,,,,,,,,,,,,,,,,,,,,,,,,,,,,0,0,21.9143489,39.3121678,
17:59:12.938,,,,,,,,,,,,,,,,,,,,,,,,,,,,,,,,,,,,,,,,,,,,,,,,,,,,,,,,,,,,,,14.5,,,21.9143489,39.3121678,
17:59:13.013,,,,,,,,,,,,,,,,,,,,,,,,,,,,,,,,,,,,,,,,,,,,,,,,57,,,,,,,,,,,,,,,,,21.9143489,39.3121678,
17:59:13.090,,,,,,,,,,,,,,,,,,,,,0.0573600412475192,6.885590853072946,0.9320430560678187,,,,,1.0877600130340064,,,,,,,,,,0.006832562540438798,0.006833,0.998314,0.120135,0.006900888165843186,0.00690133,1.0082971400000003,0.12133635,,4.255532440860846,,,,3.13,,,,,3.756,,,,,,,,,21.9143489,39.3121678,
17:59:13.173,,,,,,,,,,,,,,,,,,,,,,,,,,,,,,,,,,,,,,,,,,,,,,,,,,,,,,,,,,,,,12.941176470588236,,,,21.9143489,39.3121678,
17:59:13.204,,,,,,,,,,,,,,,,,,,,,,,,,,,,,,,,,,,,,,,,,,,,,,,,,,,,,,0.745,,,,,,,,,,,21.9143489,39.3121678,
17:59:13.273,,,,,,,,,,,,,,,,,,,,,,,,,,,,,,,,,,,,,,,,,,,,,,,,,,,,,,,0.775,,,,,,,,,,21.9143489,39.3121678,
17:59:13.337,,,,,,,,,,,,,,,,,,,,,,,,,,,,,,,,,,,,,,,,,,,,,,,,,,,,,,,,,,-3.125,,,,,,,21.9143489,39.3121678,
17:59:13.395,,,,,,,,,,,,,,,,,,,,,,,,,,,,,,,,,,,,,,,,,,,,,,,,,0,,,,,,,,,,,,,,,,21.9143489,39.3121678,
17:59:13.451,,,,,,,,,,,,,,,,,,,,,,,,,,,,,,,,,,,,,,,,,,,,,,,,,,,,,,,,,,,-5.46875,,,,,,21.9143489,39.3121678,
17:59:13.503,,,,,,,,,,,,,,,,,,,,,,,,,,,,,,,,,,,,,,,,,,,,,,,,,,0,,,,,,,,,,,,,,,21.9143489,39.3121678,
17:59:13.533,,,,,,,,,,,,,,,,,,,,,,,,,,,,,,,,,,675,0.7,,,,,,,,,,,,,,,,,,,,,,,,,,,,,,21.9143489,39.3121678,
17:59:13.617,,,,,,,,,,,,,,,,,,,,,,,,,0,,,,,0,11.912474,14.498596,12.889426,,,,,,,,,,,,,,,,,,,,,,,,,,,,,,0,0,21.9143489,39.3121678,
17:59:13.710,,,,,,,,,,,,,,,,,,,,,,,,,,,,,,,,,,,,,,,,,,,,,,,,,,,,,,,,,,,,,,11,,,21.9143489,39.3121678,
17:59:13.749,,,,,,,,,,,,,,,,,,,,,,,,,,,,,,,,,,,,,,,,,,,,,,,,57,,,,,,,,,,,,,,,,,21.9143489,39.3121678,
17:59:13.801,,,,,,,,,,,,,,,,,,,,,0.05925721222980214,6.887149624694696,0.9337964312763035,,,,,1.1433643587482047,,,,,,,,,,0.007058126763297608,0.007059,0.9985400000000001,0.120361,0.007128708030930584,0.00712959,1.0085254000000001,0.12156461,,4.4730676455054885,,,,3.29,,,,,3.948,,,,,,,,,21.9143489,39.3121678,
17:59:13.873,,,,,,,,,,,,,,,,,,,,,,,,,,,,,,,,,,,,,,,,,,,,,,,,,,,,,,,,,,,,,12.941176470588236,,,,21.9143489,39.3121678,
17:59:13.934,,,,,,,,,,,,,,,,,,,,,,,,,,,,,,,,,,,,,,,,,,,,,,,,,,,,,,0.785,,,,,,,,,,,21.9143489,39.3121678,
17:59:13.985,,,,,,,,,,,,,,,,,,,,,,,,,,,,,,,,,,,,,,,,,,,,,,,,,,,,,,,0.805,,,,,,,,,,21.9143489,39.3121678,
17:59:14.017,,,,,,,,,,,,,,,,,,,,,,,,,,,,,,,,,,,,,,,,,,,,,,,,,,,,,,,,,,-4.6875,,,,,,,21.9143489,39.3121678,
17:59:14.077,,,,,,,,,,,,,,,,,,,,,,,,,,,,,,,,,,,,,,,,,,,,,,,,,0,,,,,,,,,,,,,,,,21.9143489,39.3121678,
17:59:14.141,,,,,,,,,,,,,,,,,,,,,,,,,,,,,,,,,,,,,,,,,,,,,,,,,,,,,,,,,,,-6.25,,,,,,21.9143489,39.3121678,
17:59:14.197,,,,,,,,,,,,,,,,,,,,,,,,,,,,,,,,,,,,,,,,,,,,,,,,,,0,,,,,,,,,,,,,,,21.9143489,39.3121678,
17:59:14.261,,,,,,,,,,,,,,,,,,,,,,,,,,,,,,,,,,641,0.6,,,,,,,,,,,,,,,,,,,,,,,,,,,,,,21.9143489,39.3121678,
17:59:14.317,,,,,,,,,,,,,,,,,,,,,,,,,0,,,,,0,11.912474,14.498596,12.889426,,,,,,,,,,,,,,,,,,,,,,,,,,,,,,0,0,21.9143489,39.3121678,
17:59:14.401,,,,,,,,,,,,,,,,,,,,,,,,,,,,,,,,,,,,,,,,,,,,,,,,,,,,,,,,,,,,,,12.5,,,21.9143489,39.3121678,
17:59:14.453,,,,,,,,,,,,,,,,,,,,,,,,,,,,,,,,,,,,,,,,,,,,,,,,57,,,,,,,,,,,,,,,,,21.9143489,39.3121678,
17:59:14.493,,,,,,,,,,,,,,,,,,,,,0.06115438321208508,6.888708396316445,0.9355498064847884,,,,,1.1746418032124413,,,,,,,,,,0.007283865183276908,0.007285,0.998766,0.120587,0.007356703835109677,0.00735785,1.0087536600000002,0.12179287,,4.595431198118101,,,,3.38,,,,,4.056,,,,,,,,,21.9143489,39.3121678,
17:59:14.561,,,,,,,,,,,,,,,,,,,,,,,,,,,,,,,,,,,,,,,,,,,,,,,,,,,,,,,,,,,,,12.941176470588236,,,,21.9143489,39.3121678,
17:59:14.613,,,,,,,,,,,,,,,,,,,,,,,,,,,,,,,,,,,,,,,,,,,,,,,,,,,,,,0.775,,,,,,,,,,,21.9143489,39.3121678,
17:59:14.654,,,,,,,,,,,,,,,,,,,,,,,,,,,,,,,,,,,,,,,,,,,,,,,,,,,,,,,0.795,,,,,,,,,,21.9143489,39.3121678,
17:59:14.710,,,,,,,,,,,,,,,,,,,,,,,,,,,,,,,,,,,,,,,,,,,,,,,,,,,,,,,,,,-3.90625,,,,,,,21.9143489,39.3121678,
17:59:14.777,,,,,,,,,,,,,,,,,,,,,,,,,,,,,,,,,,,,,,,,,,,,,,,,,0,,,,,,,,,,,,,,,,21.9143489,39.3121678,
17:59:14.822,,,,,,,,,,,,,,,,,,,,,,,,,,,,,,,,,,,,,,,,,,,,,,,,,,,,,,,,,,,-4.6875,,,,,,21.9143489,39.3121678,
17:59:14.861,,,,,,,,,,,,,,,,,,,,,,,,,,,,,,,,,,,,,,,,,,,,,,,,,,0,,,,,,,,,,,,,,,21.9143489,39.3121678,
17:59:14.925,,,,,,,,,,,,,,,,,,,,,,,,,,,,,,,,,,647,0.6,,,,,,,,,,,,,,,,,,,,,,,,,,,,,,21.9143489,39.3121678,
17:59:14.978,,,,,,,,,,,,,,,,,,,,,,,,,0,,,,,0,11.912474,14.498596,12.889426,,,,,,,,,,,,,,,,,,,,,,,,,,,,,,0,0,21.9143489,39.3121678,
17:59:15.041,,,,,,,,,,,,,,,,,,,,,,,,,,,,,,,,,,,,,,,,,,,,,,,,,,,,,,,,,,,,,,13,,,21.9143489,39.3121678,
17:59:15.118,,,,,,,,,,,,,,,,,,,,,,,,,,,,,,,,,,,,,,,,,,,,,,,,57,,,,,,,,,,,,,,,,,21.9143489,39.3121678,
17:59:15.170,,,,,,,,,,,,,,,,,,,,,0.06300118682315697,6.890225784620801,0.9372566319089771,,,,,1.1676912599981666,,,,,,,,,,0.00750337096504646,0.007505,0.998986,0.120807,0.007578404674696925,0.0075800500000000005,1.0089758600000003,0.12201507,,4.568239297537521,,,,3.36,,,,,4.032,,,,,,,,,21.9143489,39.3121678,
17:59:15.258,,,,,,,,,,,,,,,,,,,,,,,,,,,,,,,,,,,,,,,,,,,,,,,,,,,,,,,,,,,,,12.941176470588236,,,,21.9143489,39.3121678,
17:59:15.305,,,,,,,,,,,,,,,,,,,,,,,,,,,,,,,,,,,,,,,,,,,,,,,,,,,,,,0.76,,,,,,,,,,,21.9143489,39.3121678,
17:59:15.338,,,,,,,,,,,,,,,,,,,,,,,,,,,,,,,,,,,,,,,,,,,,,,,,,,,,,,,0.78,,,,,,,,,,21.9143489,39.3121678,
17:59:15.398,,,,,,,,,,,,,,,,,,,,,,,,,,,,,,,,,,,,,,,,,,,,,,,,,,,,,,,,,,-2.34375,,,,,,,21.9143489,39.3121678,
17:59:15.465,,,,,,,,,,,,,,,,,,,,,,,,,,,,,,,,,,,,,,,,,,,,,,,,,0,,,,,,,,,,,,,,,,21.9143489,39.3121678,
17:59:15.517,,,,,,,,,,,,,,,,,,,,,,,,,,,,,,,,,,,,,,,,,,,,,,,,,,,,,,,,,,,-3.90625,,,,,,21.9143489,39.3121678,
17:59:15.586,,,,,,,,,,,,,,,,,,,,,,,,,,,,,,,,,,,,,,,,,,,,,,,,,,0,,,,,,,,,,,,,,,21.9143489,39.3121678,
17:59:15.637,,,,,,,,,,,,,,,,,,,,,,,,,,,,,,,,,,662,0.7,,,,,,,,,,,,,,,,,,,,,,,,,,,,,,21.9143489,39.3121678,
17:59:15.702,,,,,,,,,,,,,,,,,,,,,,,,,0,,,,,0,11.912474,14.498596,12.889426,,,,,,,,,,,,,,,,,,,,,,,,,,,,,,0,0,21.9143489,39.3121678,
17:59:15.749,,,,,,,,,,,,,,,,,,,,,,,,,,,,,,,,,,,,,,,,,,,,,,,,,,,,,,,,,,,,,,12,,,21.9143489,39.3121678,
17:59:15.790,,,,,,,,,,,,,,,,,,,,,,,,,,,,,,,,,,,,,,,,,,,,,,,,57,,,,,,,,,,,,,,,,,21.9143489,39.3121678,
17:59:15.853,,,,,,,,,,,,,,,,,,,,,0.06484799043422886,6.891743172925159,0.9389634573331659,,,,,1.1572654451767543,,,,,,,,,,0.0077230770704492325,0.007725,0.999206,0.121027,0.007800307841153725,0.00780225,1.0091980600000001,0.12223727,,4.527451446666651,,,,3.33,,,,,3.996,,,,,,,,,21.9143489,39.3121678,
17:59:15.917,,,,,,,,,,,,,,,,,,,,,,,,,,,,,,,,,,,,,,,,,,,,,,,,,,,,,,,,,,,,,12.941176470588236,,,,21.9143489,39.3121678,
17:59:15.970,,,,,,,,,,,,,,,,,,,,,,,,,,,,,,,,,,,,,,,,,,,,,,,,,,,,,,0.755,,,,,,,,,,,21.9143489,39.3121678,
17:59:16.045,,,,,,,,,,,,,,,,,,,,,,,,,,,,,,,,,,,,,,,,,,,,,,,,,,,,,,,0.78,,,,,,,,,,21.9143489,39.3121678,
17:59:16.085,,,,,,,,,,,,,,,,,,,,,,,,,,,,,,,,,,,,,,,,,,,,,,,,,,,,,,,,,,-4.6875,,,,,,,21.9143489,39.3121678,
17:59:16.114,,,,,,,,,,,,,,,,,,,,,,,,,,,,,,,,,,,,,,,,,,,,,,,,,0,,,,,,,,,,,,,,,,21.9143489,39.3121678,
17:59:16.154,,,,,,,,,,,,,,,,,,,,,,,,,,,,,,,,,,,,,,,,,,,,,,,,,,,,,,,,,,,-4.6875,,,,,,21.9143489,39.3121678,
17:59:16.209,,,,,,,,,,,,,,,,,,,,,,,,,,,,,,,,,,,,,,,,,,,,,,,,,,0,,,,,,,,,,,,,,,21.9143489,39.3121678,
17:59:16.274,,,,,,,,,,,,,,,,,,,,,,,,,,,,,,,,,,654,0.7,,,,,,,,,,,,,,,,,,,,,,,,,,,,,,21.9143489,39.3121678,
17:59:16.326,,,,,,,,,,,,,,,,,,,,,,,,,0,,,,,0,11.912474,14.498596,12.889426,,,,,,,,,,,,,,,,,,,,,,,,,,,,,,0,0,21.9143489,39.3121678,
17:59:16.393,,,,,,,,,,,,,,,,,,,,,,,,,,,,,,,,,,,,,,,,,,,,,,,,,,,,,,,,,,,,,,12.5,,,21.9143489,39.3121678,
17:59:16.457,,,,,,,,,,,,,,,,,,,,,,,,,,,,,,,,,,,,,,,,,,,,,,,,57,,,,,,,,,,,,,,,,,21.9143489,39.3121678,
17:59:16.509,,,,,,,,,,,,,,,,,,,,,0.06661924298848418,6.893198486253429,0.9406004580809106,,,,,1.1572654451767543,,,,,,,,,,0.00793394636120516,0.007936,0.9994170000000001,0.121238,0.008013285824817211,0.008015360000000001,1.0094111700000001,0.12245038,,4.527451446666651,,,,3.33,,,,,3.996,,,,,,,,,21.9143489,39.3121678,
17:59:16.572,,,,,,,,,,,,,,,,,,,,,,,,,,,,,,,,,,,,,,,,,,,,,,,,,,,,,,,,,,,,,12.941176470588236,,,,21.9143489,39.3121678,
17:59:16.623,,,,,,,,,,,,,,,,,,,,,,,,,,,,,,,,,,,,,,,,,,,,,,,,,,,,,,0.78,,,,,,,,,,,21.9143489,39.3121678,
17:59:16.714,,,,,,,,,,,,,,,,,,,,,,,,,,,,,,,,,,,,,,,,,,,,,,,,,,,,,,,0.79,,,,,,,,,,21.9143489,39.3121678,
17:59:16.777,,,,,,,,,,,,,,,,,,,,,,,,,,,,,,,,,,,,,,,,,,,,,,,,,,,,,,,,,,-3.125,,,,,,,21.9143489,39.3121678,
17:59:16.805,,,,,,,,,,,,,,,,,,,,,,,,,,,,,,,,,,,,,,,,,,,,,,,,,0,,,,,,,,,,,,,,,,21.9143489,39.3121678,
17:59:16.833,,,,,,,,,,,,,,,,,,,,,,,,,,,,,,,,,,,,,,,,,,,,,,,,,,,,,,,,,,,-4.6875,,,,,,21.9143489,39.3121678,
17:59:16.861,,,,,,,,,,,,,,,,,,,,,,,,,,,,,,,,,,,,,,,,,,,,,,,,,,0,,,,,,,,,,,,,,,21.9143489,39.3121678,
17:59:16.901,,,,,,,,,,,,,,,,,,,,,,,,,,,,,,,,,,629,0.6,,,,,,,,,,,,,,,,,,,,,,,,,,,,,,21.9143489,39.3121678,
17:59:16.957,,,,,,,,,,,,,,,,,,,,,,,,,0,,,,,0,11.912474,14.498596,12.889426,,,,,,,,,,,,,,,,,,,,,,,,,,,,,,0,0,21.9143489,39.3121678,
17:59:17.014,,,,,,,,,,,,,,,,,,,,,,,,,,,,,,,,,,,,,,,,,,,,,,,,,,,,,,,,,,,,,,14.5,,,21.9143489,39.3121678,
17:59:17.042,,,,,,,,,,,,,,,,,,,,,,,,,,,,,,,,,,,,,,,,,,,,,,,,57,,,,,,,,,,,,,,,,,21.9143489,39.3121678,
17:59:17.081,,,,,,,,,,,,,,,,,,,,,0.06816384237228976,6.8944675746534365,0.9420279847993231,,,,,1.1572654451767543,,,,,,,,,,0.008117642127066728,0.00812,0.9996010000000001,0.121422,0.008198818548337396,0.0082012,1.0095970100000002,0.12263622,,4.527451446666651,,,,3.33,,,,,3.996,,,,,,,,,21.9143489,39.3121678,
17:59:17.138,,,,,,,,,,,,,,,,,,,,,,,,,,,,,,,,,,,,,,,,,,,,,,,,,,,,,,,,,,,,,12.941176470588236,,,,21.9143489,39.3121678,
17:59:17.202,,,,,,,,,,,,,,,,,,,,,,,,,,,,,,,,,,,,,,,,,,,,,,,,,,,,,,0.765,,,,,,,,,,,21.9143489,39.3121678,
17:59:17.265,,,,,,,,,,,,,,,,,,,,,,,,,,,,,,,,,,,,,,,,,,,,,,,,,,,,,,,0.785,,,,,,,,,,21.9143489,39.3121678,
17:59:17.317,,,,,,,,,,,,,,,,,,,,,,,,,,,,,,,,,,,,,,,,,,,,,,,,,,,,,,,,,,-1.5625,,,,,,,21.9143489,39.3121678,
17:59:17.381,,,,,,,,,,,,,,,,,,,,,,,,,,,,,,,,,,,,,,,,,,,,,,,,,0,,,,,,,,,,,,,,,,21.9143489,39.3121678,
17:59:17.433,,,,,,,,,,,,,,,,,,,,,,,,,,,,,,,,,,,,,,,,,,,,,,,,,,,,,,,,,,,-2.34375,,,,,,21.9143489,39.3121678,
17:59:17.497,,,,,,,,,,,,,,,,,,,,,,,,,,,,,,,,,,,,,,,,,,,,,,,,,,0,,,,,,,,,,,,,,,21.9143489,39.3121678,
17:59:17.562,,,,,,,,,,,,,,,,,,,,,,,,,,,,,,,,,,652,0.7,,,,,,,,,,,,,,,,,,,,,,,,,,,,,,21.9143489,39.3121678,
17:59:17.629,,,,,,,,,,,,,,,,,,,,,,,,,0,,,,,0,11.912474,14.498596,12.889426,,,,,,,,,,,,,,,,,,,,,,,,,,,,,,0,0,21.9143489,39.3121678,
17:59:17.681,,,,,,,,,,,,,,,,,,,,,,,,,,,,,,,,,,,,,,,,,,,,,,,,,,,,,,,,,,,,,,12.5,,,21.9143489,39.3121678,
17:59:17.738,,,,,,,,,,,,,,,,,,,,,,,,,,,,,,,,,,,,,,,,,,,,,,,,57,,,,,,,,,,,,,,,,,21.9143489,39.3121678,
17:59:17.765,,,,,,,,,,,,,,,,,,,,,0.07001064598336165,6.895984962957793,0.9437348102235118,,,,,1.1572654451767543,,,,,,,,,,0.00833774099550309,0.00834,0.9998210000000001,0.121642,0.00842111840545812,0.008423400000000001,1.0098192100000003,0.12285842,,4.527451446666651,,,,3.33,,,,,3.996,,,,,,,,,21.9143489,39.3121678,
17:59:17.833,,,,,,,,,,,,,,,,,,,,,,,,,,,,,,,,,,,,,,,,,,,,,,,,,,,,,,,,,,,,,12.941176470588236,,,,21.9143489,39.3121678,
17:59:17.884,,,,,,,,,,,,,,,,,,,,,,,,,,,,,,,,,,,,,,,,,,,,,,,,,,,,,,0.76,,,,,,,,,,,21.9143489,39.3121678,
17:59:17.962,,,,,,,,,,,,,,,,,,,,,,,,,,,,,,,,,,,,,,,,,,,,,,,,,,,,,,,0.775,,,,,,,,,,21.9143489,39.3121678,
17:59:18.005,,,,,,,,,,,,,,,,,,,,,,,,,,,,,,,,,,,,,,,,,,,,,,,,,,,,,,,,,,-0.78125,,,,,,,21.9143489,39.3121678,
17:59:18.082,,,,,,,,,,,,,,,,,,,,,,,,,,,,,,,,,,,,,,,,,,,,,,,,,0,,,,,,,,,,,,,,,,21.9143489,39.3121678,
17:59:18.158,,,,,,,,,,,,,,,,,,,,,,,,,,,,,,,,,,,,,,,,,,,,,,,,,,,,,,,,,,,-2.34375,,,,,,21.9143489,39.3121678,
17:59:18.234,,,,,,,,,,,,,,,,,,,,,,,,,,,,,,,,,,,,,,,,,,,,,,,,,,0,,,,,,,,,,,,,,,21.9143489,39.3121678,
17:59:18.286,,,,,,,,,,,,,,,,,,,,,,,,,,,,,,,,,,653,0.7,,,,,,,,,,,,,,,,,,,,,,,,,,,,,,21.9143489,39.3121678,
17:59:18.338,,,,,,,,,,,,,,,,,,,,,,,,,0,,,,,0,11.912474,14.498596,12.889426,,,,,,,,,,,,,,,,,,,,,,,,,,,,,,0,0,21.9143489,39.3121678,
17:59:18.400,,,,,,,,,,,,,,,,,,,,,,,,,,,,,,,,,,,,,,,,,,,,,,,,,,,,,,,,,,,,,,12.5,,,21.9143489,39.3121678,
17:59:18.465,,,,,,,,,,,,,,,,,,,,,,,,,,,,,,,,,,,,,,,,,,,,,,,,57,,,,,,,,,,,,,,,,,21.9143489,39.3121678,
17:59:18.521,,,,,,,,,,,,,,,,,,,,,0.07204212995554073,6.897654090092587,0.9456123181901195,,,,,1.153790173569617,,,,,,,,,,0.008580099108423174,0.008582,1.0000630000000001,0.12188399999999999,0.008665900099507406,0.00866782,1.0100636300000003,0.12310283999999999,,4.513855496376361,,,,3.3200000000000003,,,,,3.984,,,,,,,,,21.9143489,39.3121678,
17:59:18.602,,,,,,,,,,,,,,,,,,,,,,,,,,,,,,,,,,,,,,,,,,,,,,,,,,,,,,,,,,,,,12.941176470588236,,,,21.9143489,39.3121678,
17:59:18.643,,,,,,,,,,,,,,,,,,,,,,,,,,,,,,,,,,,,,,,,,,,,,,,,,,,,,,0.755,,,,,,,,,,,21.9143489,39.3121678,
17:59:18.710,,,,,,,,,,,,,,,,,,,,,,,,,,,,,,,,,,,,,,,,,,,,,,,,,,,,,,,0.775,,,,,,,,,,21.9143489,39.3121678,
17:59:18.761,,,,,,,,,,,,,,,,,,,,,,,,,,,,,,,,,,,,,,,,,,,,,,,,,,,,,,,,,,-1.5625,,,,,,,21.9143489,39.3121678,
17:59:18.813,,,,,,,,,,,,,,,,,,,,,,,,,,,,,,,,,,,,,,,,,,,,,,,,,0,,,,,,,,,,,,,,,,21.9143489,39.3121678,
17:59:18.900,,,,,,,,,,,,,,,,,,,,,,,,,,,,,,,,,,,,,,,,,,,,,,,,,,,,,,,,,,,-1.5625,,,,,,21.9143489,39.3121678,
17:59:18.941,,,,,,,,,,,,,,,,,,,,,,,,,,,,,,,,,,,,,,,,,,,,,,,,,,0,,,,,,,,,,,,,,,21.9143489,39.3121678,
17:59:19.006,,,,,,,,,,,,,,,,,,,,,,,,,,,,,,,,,,650,0.6,,,,,,,,,,,,,,,,,,,,,,,,,,,,,,21.9143489,39.3121678,
17:59:19.062,,,,,,,,,,,,,,,,,,,,,,,,,0,,,,,0,11.912474,14.498596,12.889426,,,,,,,,,,,,,,,,,,,,,,,,,,,,,,0,0,21.9143489,39.3121678,
17:59:19.121,,,,,,,,,,,,,,,,,,,,,,,,,,,,,,,,,,,,,,,,,,,,,,,,,,,,,,,,,,,,,,12.5,,,21.9143489,39.3121678,
17:59:19.187,,,,,,,,,,,,,,,,,,,,,,,,,,,,,,,,,,,,,,,,,,,,,,,,57,,,,,,,,,,,,,,,,,21.9143489,39.3121678,
17:59:19.238,,,,,,,,,,,,,,,,,,,,,0.0739728791852977,6.899240450592596,0.947396726588135,,,,,1.1572654451767543,,,,,,,,,,0.008810411165875843,0.008812,1.000293,0.122114,0.008898515277534602,0.008900120000000001,1.0102959300000003,0.12333514,,4.527451446666651,,,,3.33,,,,,3.996,,,,,,,,,21.9143489,39.3121678,
17:59:19.301,,,,,,,,,,,,,,,,,,,,,,,,,,,,,,,,,,,,,,,,,,,,,,,,,,,,,,,,,,,,,12.941176470588236,,,,21.9143489,39.3121678,
17:59:19.365,,,,,,,,,,,,,,,,,,,,,,,,,,,,,,,,,,,,,,,,,,,,,,,,,,,,,,0.755,,,,,,,,,,,21.9143489,39.3121678,
17:59:19.417,,,,,,,,,,,,,,,,,,,,,,,,,,,,,,,,,,,,,,,,,,,,,,,,,,,,,,,0.77,,,,,,,,,,21.9143489,39.3121678,
17:59:19.494,,,,,,,,,,,,,,,,,,,,,,,,,,,,,,,,,,,,,,,,,,,,,,,,,,,,,,,,,,-1.5625,,,,,,,21.9143489,39.3121678,
17:59:19.545,,,,,,,,,,,,,,,,,,,,,,,,,,,,,,,,,,,,,,,,,,,,,,,,,0,,,,,,,,,,,,,,,,21.9143489,39.3121678,
17:59:19.596,,,,,,,,,,,,,,,,,,,,,,,,,,,,,,,,,,,,,,,,,,,,,,,,,,,,,,,,,,,-3.125,,,,,,21.9143489,39.3121678,
17:59:19.673,,,,,,,,,,,,,,,,,,,,,,,,,,,,,,,,,,,,,,,,,,,,,,,,,,0,,,,,,,,,,,,,,,21.9143489,39.3121678,
17:59:19.726,,,,,,,,,,,,,,,,,,,,,,,,,,,,,,,,,,637,0.6,,,,,,,,,,,,,,,,,,,,,,,,,,,,,,21.9143489,39.3121678,
17:59:19.782,,,,,,,,,,,,,,,,,,,,,,,,,0,,,,,0,11.912474,14.498596,12.889426,,,,,,,,,,,,,,,,,,,,,,,,,,,,,,0,0,21.9143489,39.3121678,
17:59:19.836,,,,,,,,,,,,,,,,,,,,,,,,,,,,,,,,,,,,,,,,,,,,,,,,,,,,,,,,,,,,,,14,,,21.9143489,39.3121678,
17:59:19.902,,,,,,,,,,,,,,,,,,,,,,,,,,,,,,,,,,,,,,,,,,,,,,,,57,,,,,,,,,,,,,,,,,21.9143489,39.3121678,
17:59:19.965,,,,,,,,,,,,,,,,,,,,,0.07593720666252872,6.900854399970868,0.9492121681756813,,,,,1.1607407167838917,,,,,,,,,,0.009044689945546672,0.009046,1.0005270000000002,0.122348,0.009135136845002138,0.00913646,1.0105322700000001,0.12357148,,4.54104739695694,,,,3.34,,,,,4.008,,,,,,,,,21.9143489,39.3121678,
17:59:20.016,,,,,,,,,,,,,,,,,,,,,,,,,,,,,,,,,,,,,,,,,,,,,,,,,,,,,,,,,,,,,12.941176470588236,,,,21.9143489,39.3121678,
17:59:20.077,,,,,,,,,,,,,,,,,,,,,,,,,,,,,,,,,,,,,,,,,,,,,,,,,,,,,,0.755,,,,,,,,,,,21.9143489,39.3121678,
17:59:20.140,,,,,,,,,,,,,,,,,,,,,,,,,,,,,,,,,,,,,,,,,,,,,,,,,,,,,,,0.77,,,,,,,,,,21.9143489,39.3121678,
17:59:20.222,,,,,,,,,,,,,,,,,,,,,,,,,,,,,,,,,,,,,,,,,,,,,,,,,,,,,,,,,,0.78125,,,,,,,21.9143489,39.3121678,
17:59:20.314,,,,,,,,,,,,,,,,,,,,,,,,,,,,,,,,,,,,,,,,,,,,,,,,,0,,,,,,,,,,,,,,,,21.9143489,39.3121678,
17:59:20.390,,,,,,,,,,,,,,,,,,,,,,,,,,,,,,,,,,,,,,,,,,,,,,,,,,,,,,,,,,,-0.78125,,,,,,21.9143489,39.3121678,
17:59:20.441,,,,,,,,,,,,,,,,,,,,,,,,,,,,,,,,,,,,,,,,,,,,,,,,,,0,,,,,,,,,,,,,,,21.9143489,39.3121678,
17:59:20.506,,,,,,,,,,,,,,,,,,,,,,,,,,,,,,,,,,647,0.6,,,,,,,,,,,,,,,,,,,,,,,,,,,,,,21.9143489,39.3121678,
17:59:20.557,,,,,,,,,,,,,,,,,,,,,,,,,0,,,,,0,11.912474,14.498596,12.889426,,,,,,,,,,,,,,,,,,,,,,,,,,,,,,0,0,21.9143489,39.3121678,
17:59:20.614,,,,,,,,,,,,,,,,,,,,,,,,,,,,,,,,,,,,,,,,,,,,,,,,,,,,,,,,,,,,,,11.5,,,21.9143489,39.3121678,
17:59:20.641,,,,,,,,,,,,,,,,,,,,,,,,,,,,,,,,,,,,,,,,,,,,,,,,57,,,,,,,,,,,,,,,,,21.9143489,39.3121678,
17:59:20.681,,,,,,,,,,,,,,,,,,,,,0.07948810633290784,6.903771923846971,0.9524939279685535,,,,,2.1233909519609515,,,,,,,,,,0.009467449121366028,0.009469,1.00095,0.122771,0.009562123612579689,0.00956369,1.0109595000000002,0.12399871,,8.307125627367336,,,,6.11,,,,,7.332,,,,,,,,,21.9143489,39.3121678,
17:59:20.746,,,,,,,,,,,,,,,,,,,,,,,,,,,,,,,,,,,,,,,,,,,,,,,,,,,,,,,,,,,,,13.72549019607843,,,,21.9143489,39.3121678,
17:59:20.798,,,,,,,,,,,,,,,,,,,,,,,,,,,,,,,,,,,,,,,,,,,,,,,,,,,,,,0.755,,,,,,,,,,,21.9143489,39.3121678,
17:59:20.874,,,,,,,,,,,,,,,,,,,,,,,,,,,,,,,,,,,,,,,,,,,,,,,,,,,,,,,0.77,,,,,,,,,,21.9143489,39.3121678,
17:59:20.924,,,,,,,,,,,,,,,,,,,,,,,,,,,,,,,,,,,,,,,,,,,,,,,,,,,,,,,,,,3.125,,,,,,,21.9143489,39.3121678,
17:59:20.978,,,,,,,,,,,,,,,,,,,,,,,,,,,,,,,,,,,,,,,,,,,,,,,,,0,,,,,,,,,,,,,,,,21.9143489,39.3121678,
17:59:21.068,,,,,,,,,,,,,,,,,,,,,,,,,,,,,,,,,,,,,,,,,,,,,,,,,,,,,,,,,,,3.125,,,,,,21.9143489,39.3121678,
17:59:21.122,,,,,,,,,,,,,,,,,,,,,,,,,,,,,,,,,,,,,,,,,,,,,,,,,,0,,,,,,,,,,,,,,,21.9143489,39.3121678,
17:59:21.160,,,,,,,,,,,,,,,,,,,,,,,,,,,,,,,,,,690,0.7,,,,,,,,,,,,,,,,,,,,,,,,,,,,,,21.9143489,39.3121678,
17:59:21.226,,,,,,,,,,,,,,,,,,,,,,,,,0,,,,,0,11.912474,14.498596,12.889426,,,,,,,,,,,,,,,,,,,,,,,,,,,,,,0,0,21.9143489,39.3121678,
17:59:21.281,,,,,,,,,,,,,,,,,,,,,,,,,,,,,,,,,,,,,,,,,,,,,,,,,,,,,,,,,,,,,,7.5,,,21.9143489,39.3121678,
17:59:21.349,,,,,,,,,,,,,,,,,,,,,,,,,,,,,,,,,,,,,,,,,,,,,,,,57,,,,,,,,,,,,,,,,,21.9143489,39.3121678,
17:59:21.400,,,,,,,,,,,,,,,,,,,,,0.08206523682653999,6.905889370253507,0.954875725265035,,,,,1.5360700503547309,,,,,,,,,,0.009774370211412094,0.009776,1.001257,0.12307799999999999,0.009872113913526215,0.00987376,1.0112695700000003,0.12430878,,6.009410028308285,,,,4.42,,,,,5.303999999999999,,,,,,,,,21.9143489,39.3121678,
17:59:21.467,,,,,,,,,,,,,,,,,,,,,,,,,,,,,,,,,,,,,,,,,,,,,,,,,,,,,,,,,,,,,13.72549019607843,,,,21.9143489,39.3121678,
17:59:21.518,,,,,,,,,,,,,,,,,,,,,,,,,,,,,,,,,,,,,,,,,,,,,,,,,,,,,,0.735,,,,,,,,,,,21.9143489,39.3121678,
17:59:21.580,,,,,,,,,,,,,,,,,,,,,,,,,,,,,,,,,,,,,,,,,,,,,,,,,,,,,,,0.655,,,,,,,,,,21.9143489,39.3121678,
17:59:21.657,,,,,,,,,,,,,,,,,,,,,,,,,,,,,,,,,,,,,,,,,,,,,,,,,,,,,,,,,,0,,,,,,,21.9143489,39.3121678,
17:59:21.721,,,,,,,,,,,,,,,,,,,,,,,,,,,,,,,,,,,,,,,,,,,,,,,,,0,,,,,,,,,,,,,,,,21.9143489,39.3121678,
17:59:21.810,,,,,,,,,,,,,,,,,,,,,,,,,,,,,,,,,,,,,,,,,,,,,,,,,,,,,,,,,,,0.78125,,,,,,21.9143489,39.3121678,
17:59:21.879,,,,,,,,,,,,,,,,,,,,,,,,,,,,,,,,,,,,,,,,,,,,,,,,,,0,,,,,,,,,,,,,,,21.9143489,39.3121678,
17:59:21.933,,,,,,,,,,,,,,,,,,,,,,,,,,,,,,,,,,666,0.7,,,,,,,,,,,,,,,,,,,,,,,,,,,,,,21.9143489,39.3121678,
17:59:22.003,,,,,,,,,,,,,,,,,,,,,,,,,0,,,,,0,11.912474,14.498596,12.889426,,,,,,,,,,,,,,,,,,,,,,,,,,,,,,0,0,21.9143489,39.3121678,
17:59:22.061,,,,,,,,,,,,,,,,,,,,,,,,,,,,,,,,,,,,,,,,,,,,,,,,,,,,,,,,,,,,,,9.5,,,21.9143489,39.3121678,
17:59:22.127,,,,,,,,,,,,,,,,,,,,,,,,,,,,,,,,,,,,,,,,,,,,,,,,57,,,,,,,,,,,,,,,,,21.9143489,39.3121678,
17:59:22.171,,,,,,,,,,,,,,,,,,,,,0.08477668031006826,6.908117172173086,0.9573816553196395,,,,,1.5047926058904944,,,,,,,,,,0.010097125486287339,0.010099,1.0015800000000001,0.123401,0.010198096741150213,0.01019999,1.0115958000000003,0.12463501,,5.887046475695674,,,,4.33,,,,,5.196,,,,,,,,,21.9143489,39.3121678,
17:59:22.269,,,,,,,,,,,,,,,,,,,,,,,,,,,,,,,,,,,,,,,,,,,,,,,,,,,,,,,,,,,,,13.333333333333334,,,,21.9143489,39.3121678,
17:59:22.336,,,,,,,,,,,,,,,,,,,,,,,,,,,,,,,,,,,,,,,,,,,,,,,,,,,,,,0.745,,,,,,,,,,,21.9143489,39.3121678,
17:59:22.413,,,,,,,,,,,,,,,,,,,,,,,,,,,,,,,,,,,,,,,,,,,,,,,,,,,,,,,0.74,,,,,,,,,,21.9143489,39.3121678,
17:59:22.494,,,,,,,,,,,,,,,,,,,,,,,,,,,,,,,,,,,,,,,,,,,,,,,,,,,,,,,,,,0.78125,,,,,,,21.9143489,39.3121678,
17:59:22.552,,,,,,,,,,,,,,,,,,,,,,,,,,,,,,,,,,,,,,,,,,,,,,,,,0,,,,,,,,,,,,,,,,21.9143489,39.3121678,
17:59:22.601,,,,,,,,,,,,,,,,,,,,,,,,,,,,,,,,,,,,,,,,,,,,,,,,,,,,,,,,,,,0.78125,,,,,,21.9143489,39.3121678,
17:59:22.663,,,,,,,,,,,,,,,,,,,,,,,,,,,,,,,,,,,,,,,,,,,,,,,,,,0,,,,,,,,,,,,,,,21.9143489,39.3121678,
17:59:22.724,,,,,,,,,,,,,,,,,,,,,,,,,,,,,,,,,,636,0.6,,,,,,,,,,,,,,,,,,,,,,,,,,,,,,21.9143489,39.3121678,
17:59:22.781,,,,,,,,,,,,,,,,,,,,,,,,,0,,,,,0,11.912474,14.498596,12.889426,,,,,,,,,,,,,,,,,,,,,,,,,,,,,,0,0,21.9143489,39.3121678,
17:59:22.843,,,,,,,,,,,,,,,,,,,,,,,,,,,,,,,,,,,,,,,,,,,,,,,,,,,,,,,,,,,,,,14,,,21.9143489,39.3121678,
17:59:22.903,,,,,,,,,,,,,,,,,,,,,,,,,,,,,,,,,,,,,,,,,,,,,,,,57,,,,,,,,,,,,,,,,,21.9143489,39.3121678,
17:59:22.965,,,,,,,,,,,,,,,,,,,,,0.08755528028854459,6.910400151849187,0.9599496517533053,,,,,1.5047926058904944,,,,,,,,,,0.010428190643930257,0.01043,1.001911,0.123732,0.01053247255036956,0.0105343,1.0119301100000002,0.12496932,,5.887046475695674,,,,4.33,,,,,5.196,,,,,,,,,21.9143489,39.3121678,
17:59:23.046,,,,,,,,,,,,,,,,,,,,,,,,,,,,,,,,,,,,,,,,,,,,,,,,,,,,,,,,,,,,,13.333333333333334,,,,21.9143489,39.3121678,
17:59:23.076,,,,,,,,,,,,,,,,,,,,,,,,,,,,,,,,,,,,,,,,,,,,,,,,,,,,,,0.745,,,,,,,,,,,21.9143489,39.3121678,
17:59:23.142,,,,,,,,,,,,,,,,,,,,,,,,,,,,,,,,,,,,,,,,,,,,,,,,,,,,,,,0.755,,,,,,,,,,21.9143489,39.3121678,
17:59:23.210,,,,,,,,,,,,,,,,,,,,,,,,,,,,,,,,,,,,,,,,,,,,,,,,,,,,,,,,,,2.34375,,,,,,,21.9143489,39.3121678,
17:59:23.265,,,,,,,,,,,,,,,,,,,,,,,,,,,,,,,,,,,,,,,,,,,,,,,,,0,,,,,,,,,,,,,,,,21.9143489,39.3121678,
17:59:23.319,,,,,,,,,,,,,,,,,,,,,,,,,,,,,,,,,,,,,,,,,,,,,,,,,,,,,,,,,,,2.34375,,,,,,21.9143489,39.3121678,
17:59:23.411,,,,,,,,,,,,,,,,,,,,,,,,,,,,,,,,,,,,,,,,,,,,,,,,,,0,,,,,,,,,,,,,,,21.9143489,39.3121678,
17:59:23.474,,,,,,,,,,,,,,,,,,,,,,,,,,,,,,,,,,641,0.6,,,,,,,,,,,,,,,,,,,,,,,,,,,,,,21.9143489,39.3121678,
17:59:23.536,,,,,,,,,,,,,,,,,,,,,,,,,0,,,,,0,11.912474,14.498596,12.889426,,,,,,,,,,,,,,,,,,,,,,,,,,,,,,0,0,21.9143489,39.3121678,
17:59:23.582,,,,,,,,,,,,,,,,,,,,,,,,,,,,,,,,,,,,,,,,,,,,,,,,,,,,,,,,,,,,,,14,,,21.9143489,39.3121678,
17:59:23.622,,,,,,,,,,,,,,,,,,,,,,,,,,,,,,,,,,,,,,,,,,,,,,,,57,,,,,,,,,,,,,,,,,21.9143489,39.3121678,
17:59:23.686,,,,,,,,,,,,,,,,,,,,,0.09008204341096568,6.91247621493833,0.9622848992654909,,,,,1.5047926058904944,,,,,,,,,,0.010729504087164372,0.010731,1.002212,0.124033,0.010836799128036015,0.010838309999999999,1.0122341200000002,0.12527333,,5.887046475695674,,,,4.33,,,,,5.196,,,,,,,,,21.9143489,39.3121678,
17:59:23.736,,,,,,,,,,,,,,,,,,,,,,,,,,,,,,,,,,,,,,,,,,,,,,,,,,,,,,,,,,,,,13.333333333333334,,,,21.9143489,39.3121678,
17:59:23.766,,,,,,,,,,,,,,,,,,,,,,,,,,,,,,,,,,,,,,,,,,,,,,,,,,,,,,0.745,,,,,,,,,,,21.9143489,39.3121678,
17:59:23.817,,,,,,,,,,,,,,,,,,,,,,,,,,,,,,,,,,,,,,,,,,,,,,,,,,,,,,,0.755,,,,,,,,,,21.9143489,39.3121678,
17:59:23.870,,,,,,,,,,,,,,,,,,,,,,,,,,,,,,,,,,,,,,,,,,,,,,,,,,,,,,,,,,2.34375,,,,,,,21.9143489,39.3121678,
17:59:23.934,,,,,,,,,,,,,,,,,,,,,,,,,,,,,,,,,,,,,,,,,,,,,,,,,0,,,,,,,,,,,,,,,,21.9143489,39.3121678,
17:59:23.991,,,,,,,,,,,,,,,,,,,,,,,,,,,,,,,,,,,,,,,,,,,,,,,,,,,,,,,,,,,2.34375,,,,,,21.9143489,39.3121678,
17:59:24.046,,,,,,,,,,,,,,,,,,,,,,,,,,,,,,,,,,,,,,,,,,,,,,,,,,0,,,,,,,,,,,,,,,21.9143489,39.3121678,
17:59:24.099,,,,,,,,,,,,,,,,,,,,,,,,,,,,,,,,,,645,0.6,,,,,,,,,,,,,,,,,,,,,,,,,,,,,,21.9143489,39.3121678,
17:59:24.161,,,,,,,,,,,,,,,,,,,,,,,,,0,,,,,0,11.912474,14.498596,12.889426,,,,,,,,,,,,,,,,,,,,,,,,,,,,,,0,0,21.9143489,39.3121678,
17:59:24.218,,,,,,,,,,,,,,,,,,,,,,,,,,,,,,,,,,,,,,,,,,,,,,,,,,,,,,,,,,,,,,13.5,,,21.9143489,39.3121678,
17:59:24.244,,,,,,,,,,,,,,,,,,,,,,,,,,,,,,,,,,,,,,,,,,,,,,,,57,,,,,,,,,,,,,,,,,21.9143489,39.3121678,
17:59:24.282,,,,,,,,,,,,,,,,,,,,,0.09220586756369836,6.914221211488341,0.9642477485033082,,,,,1.5256442355333186,,,,,,,,,,0.010982305032152504,0.010984,1.0024650000000002,0.12428600000000001,0.011092128082474029,0.01109384,1.0124896500000002,0.12552886,,5.968622177437414,,,,4.39,,,,,5.268,,,,,,,,,21.9143489,39.3121678,
17:59:24.332,,,,,,,,,,,,,,,,,,,,,,,,,,,,,,,,,,,,,,,,,,,,,,,,,,,,,,,,,,,,,13.72549019607843,,,,21.9143489,39.3121678,
17:59:24.362,,,,,,,,,,,,,,,,,,,,,,,,,,,,,,,,,,,,,,,,,,,,,,,,,,,,,,0.745,,,,,,,,,,,21.9143489,39.3121678,
17:59:24.401,,,,,,,,,,,,,,,,,,,,,,,,,,,,,,,,,,,,,,,,,,,,,,,,,,,,,,,0.76,,,,,,,,,,21.9143489,39.3121678,
17:59:24.465,,,,,,,,,,,,,,,,,,,,,,,,,,,,,,,,,,,,,,,,,,,,,,,,,,,,,,,,,,3.90625,,,,,,,21.9143489,39.3121678,
17:59:24.589,,,,,,,,,,,,,,,,,,,,,,,,,,,,,,,,,,,,,,,,,,,,,,,,,0,,,,,,,,,,,,,,,,21.9143489,39.3121678,
17:59:24.761,,,,,,,,,,,,,,,,,,,,,,,,,,,,,,,,,,,,,,,,,,,,,,,,,,,,,,,,,,,3.125,,,,,,21.9143489,39.3121678,
17:59:24.924,,,,,,,,,,,,,,,,,,,,,,,,,,,,,,,,,,,,,,,,,,,,,,,,,,0,,,,,,,,,,,,,,,21.9143489,39.3121678,
17:59:25.009,,,,,,,,,,,,,,,,,,,,,,,,,,,,,,,,,,654,0.7,,,,,,,,,,,,,,,,,,,,,,,,,,,,,,21.9143489,39.3121678,
17:59:25.062,,,,,,,,,,,,,,,,,,,,,,,,,0,,,,,0,11.912474,14.498596,12.889426,,,,,,,,,,,,,,,,,,,,,,,,,,,,,,0,0,21.9143489,39.3121678,
17:59:25.116,,,,,,,,,,,,,,,,,,,,,,,,,,,,,,,,,,,,,,,,,,,,,,,,,,,,,,,,,,,,,,11.5,,,21.9143489,39.3121678,
17:59:25.181,,,,,,,,,,,,,,,,,,,,,,,,,,,,,,,,,,,,,,,,,,,,,,,,57,,,,,,,,,,,,,,,,,21.9143489,39.3121678,
17:59:25.244,,,,,,,,,,,,,,,,,,,,,0.09568121617726091,6.917076660388359,0.9674596836197361,,,,,1.5464958651761431,,,,,,,,,,0.011396002083936969,0.011398,1.002879,0.1247,0.011509962104776339,0.01151198,1.0129077900000003,0.125947,,6.050197879179155,,,,4.45,,,,,5.34,,,,,,,,,21.9143489,39.3121678,
17:59:25.309,,,,,,,,,,,,,,,,,,,,,,,,,,,,,,,,,,,,,,,,,,,,,,,,,,,,,,,,,,,,,13.72549019607843,,,,21.9143489,39.3121678,
17:59:25.385,,,,,,,,,,,,,,,,,,,,,,,,,,,,,,,,,,,,,,,,,,,,,,,,,,,,,,0.745,,,,,,,,,,,21.9143489,39.3121678,
17:59:25.426,,,,,,,,,,,,,,,,,,,,,,,,,,,,,,,,,,,,,,,,,,,,,,,,,,,,,,,0.755,,,,,,,,,,21.9143489,39.3121678,
17:59:25.490,,,,,,,,,,,,,,,,,,,,,,,,,,,,,,,,,,,,,,,,,,,,,,,,,,,,,,,,,,0.78125,,,,,,,21.9143489,39.3121678,
17:59:25.541,,,,,,,,,,,,,,,,,,,,,,,,,,,,,,,,,,,,,,,,,,,,,,,,,0,,,,,,,,,,,,,,,,21.9143489,39.3121678,
17:59:25.606,,,,,,,,,,,,,,,,,,,,,,,,,,,,,,,,,,,,,,,,,,,,,,,,,,,,,,,,,,,1.5625,,,,,,21.9143489,39.3121678,
17:59:25.662,,,,,,,,,,,,,,,,,,,,,,,,,,,,,,,,,,,,,,,,,,,,,,,,,,0,,,,,,,,,,,,,,,21.9143489,39.3121678,
17:59:25.726,,,,,,,,,,,,,,,,,,,,,,,,,,,,,,,,,,659,0.7,,,,,,,,,,,,,,,,,,,,,,,,,,,,,,21.9143489,39.3121678,
17:59:25.785,,,,,,,,,,,,,,,,,,,,,,,,,0,,,,,0,11.912474,14.498596,12.889426,,,,,,,,,,,,,,,,,,,,,,,,,,,,,,0,0,21.9143489,39.3121678,
17:59:25.841,,,,,,,,,,,,,,,,,,,,,,,,,,,,,,,,,,,,,,,,,,,,,,,,,,,,,,,,,,,,,,12,,,21.9143489,39.3121678,
17:59:25.906,,,,,,,,,,,,,,,,,,,,,,,,,,,,,,,,,,,,,,,,,,,,,,,,57,,,,,,,,,,,,,,,,,21.9143489,39.3121678,
17:59:25.968,,,,,,,,,,,,,,,,,,,,,0.0982919249183671,6.919221695673154,0.9698725141057485,,,,,1.5499711367832807,,,,,,,,,,0.01170744432877341,0.011709,1.00319,0.125011,0.011824518772061145,0.011826090000000001,1.0132219000000002,0.12626111,,6.063793829469447,,,,4.46,,,,,5.351999999999999,,,,,,,,,21.9143489,39.3121678,
17:59:26.023,,,,,,,,,,,,,,,,,,,,,,,,,,,,,,,,,,,,,,,,,,,,,,,,,,,,,,,,,,,,,13.72549019607843,,,,21.9143489,39.3121678,
17:59:26.078,,,,,,,,,,,,,,,,,,,,,,,,,,,,,,,,,,,,,,,,,,,,,,,,,,,,,,0.745,,,,,,,,,,,21.9143489,39.3121678,
17:59:26.140,,,,,,,,,,,,,,,,,,,,,,,,,,,,,,,,,,,,,,,,,,,,,,,,,,,,,,,0.785,,,,,,,,,,21.9143489,39.3121678,
17:59:26.205,,,,,,,,,,,,,,,,,,,,,,,,,,,,,,,,,,,,,,,,,,,,,,,,,,,,,,,,,,0,,,,,,,21.9143489,39.3121678,
17:59:26.256,,,,,,,,,,,,,,,,,,,,,,,,,,,,,,,,,,,,,,,,,,,,,,,,,0,,,,,,,,,,,,,,,,21.9143489,39.3121678,
17:59:26.317,,,,,,,,,,,,,,,,,,,,,,,,,,,,,,,,,,,,,,,,,,,,,,,,,,,,,,,,,,,0,,,,,,21.9143489,39.3121678,
17:59:26.382,,,,,,,,,,,,,,,,,,,,,,,,,,,,,,,,,,,,,,,,,,,,,,,,,,0,,,,,,,,,,,,,,,21.9143489,39.3121678,
17:59:26.446,,,,,,,,,,,,,,,,,,,,,,,,,,,,,,,,,,655,0.7,,,,,,,,,,,,,,,,,,,,,,,,,,,,,,21.9143489,39.3121678,
17:59:26.494,,,,,,,,,,,,,,,,,,,,,,,,,0,,,,,0,11.912474,14.498596,12.889426,,,,,,,,,,,,,,,,,,,,,,,,,,,,,,0,0,21.9143489,39.3121678,
17:59:26.556,,,,,,,,,,,,,,,,,,,,,,,,,,,,,,,,,,,,,,,,,,,,,,,,,,,,,,,,,,,,,,12,,,21.9143489,39.3121678,
17:59:26.630,,,,,,,,,,,,,,,,,,,,,,,,,,,,,,,,,,,,,,,,,,,,,,,,57,,,,,,,,,,,,,,,,,21.9143489,39.3121678,
17:59:26.706,,,,,,,,,,,,,,,,,,,,,0.1009446064688158,6.921401217055776,0.9723241360786741,,,,,1.543020593569006,,,,,,,,,,0.012023486663981878,0.012025,1.003506,0.125327,0.012143721530621697,0.01214525,1.0135410600000003,0.12658027,,6.036601928888868,,,,4.44,,,,,5.328,,,,,,,,,21.9143489,39.3121678,
17:59:26.785,,,,,,,,,,,,,,,,,,,,,,,,,,,,,,,,,,,,,,,,,,,,,,,,,,,,,,,,,,,,,12.549019607843137,,,,21.9143489,39.3121678,
17:59:26.862,,,,,,,,,,,,,,,,,,,,,,,,,,,,,,,,,,,,,,,,,,,,,,,,,,,,,,0.75,,,,,,,,,,,21.9143489,39.3121678,
17:59:26.926,,,,,,,,,,,,,,,,,,,,,,,,,,,,,,,,,,,,,,,,,,,,,,,,,,,,,,,0.775,,,,,,,,,,21.9143489,39.3121678,
17:59:26.988,,,,,,,,,,,,,,,,,,,,,,,,,,,,,,,,,,,,,,,,,,,,,,,,,,,,,,,,,,0.78125,,,,,,,21.9143489,39.3121678,
17:59:27.040,,,,,,,,,,,,,,,,,,,,,,,,,,,,,,,,,,,,,,,,,,,,,,,,,0,,,,,,,,,,,,,,,,21.9143489,39.3121678,
17:59:27.106,,,,,,,,,,,,,,,,,,,,,,,,,,,,,,,,,,,,,,,,,,,,,,,,,,,,,,,,,,,0,,,,,,21.9143489,39.3121678,
17:59:27.157,,,,,,,,,,,,,,,,,,,,,,,,,,,,,,,,,,,,,,,,,,,,,,,,,,0,,,,,,,,,,,,,,,21.9143489,39.3121678,
17:59:27.217,,,,,,,,,,,,,,,,,,,,,,,,,,,,,,,,,,675,0.7,,,,,,,,,,,,,,,,,,,,,,,,,,,,,,21.9143489,39.3121678,
17:59:27.281,,,,,,,,,,,,,,,,,,,,,,,,,0,,,,,0,11.912474,14.498596,12.889426,,,,,,,,,,,,,,,,,,,,,,,,,,,,,,0,0,21.9143489,39.3121678,
17:59:27.337,,,,,,,,,,,,,,,,,,,,,,,,,,,,,,,,,,,,,,,,,,,,,,,,,,,,,,,,,,,,,,10.5,,,21.9143489,39.3121678,
17:59:27.366,,,,,,,,,,,,,,,,,,,,,,,,,,,,,,,,,,,,,,,,,,,,,,,,57,,,,,,,,,,,,,,,,,21.9143489,39.3121678,
17:59:27.395,,,,,,,,,,,,,,,,,,,,,0.10273264814680813,6.922870324823176,0.9739766534211843,,,,,1.1120869142839682,,,,,,,,,,0.012236936147070582,0.012238,1.003719,0.12554,0.012359305508541288,0.01236038,1.0137561900000003,0.1267954,,4.350704092892877,,,,3.2,,,,,3.84,,,,,,,,,21.9143489,39.3121678,
17:59:27.453,,,,,,,,,,,,,,,,,,,,,,,,,,,,,,,,,,,,,,,,,,,,,,,,,,,,,,,,,,,,,12.941176470588236,,,,21.9143489,39.3121678,
17:59:27.497,,,,,,,,,,,,,,,,,,,,,,,,,,,,,,,,,,,,,,,,,,,,,,,,,,,,,,0.745,,,,,,,,,,,21.9143489,39.3121678,
17:59:27.574,,,,,,,,,,,,,,,,,,,,,,,,,,,,,,,,,,,,,,,,,,,,,,,,,,,,,,,0.77,,,,,,,,,,21.9143489,39.3121678,
17:59:27.649,,,,,,,,,,,,,,,,,,,,,,,,,,,,,,,,,,,,,,,,,,,,,,,,,,,,,,,,,,-4.6875,,,,,,,21.9143489,39.3121678,
17:59:27.701,,,,,,,,,,,,,,,,,,,,,,,,,,,,,,,,,,,,,,,,,,,,,,,,,0,,,,,,,,,,,,,,,,21.9143489,39.3121678,
17:59:27.765,,,,,,,,,,,,,,,,,,,,,,,,,,,,,,,,,,,,,,,,,,,,,,,,,,,,,,,,,,,-6.25,,,,,,21.9143489,39.3121678,
17:59:27.818,,,,,,,,,,,,,,,,,,,,,,,,,,,,,,,,,,,,,,,,,,,,,,,,,,0,,,,,,,,,,,,,,,21.9143489,39.3121678,
17:59:27.845,,,,,,,,,,,,,,,,,,,,,,,,,,,,,,,,,,677,0.7,,,,,,,,,,,,,,,,,,,,,,,,,,,,,,21.9143489,39.3121678,
17:59:27.874,,,,,,,,,,,,,,,,,,,,,,,,,0,,,,,0,11.912474,14.498596,12.889426,,,,,,,,,,,,,,,,,,,,,,,,,,,,,,0,0,21.9143489,39.3121678,
17:59:27.905,,,,,,,,,,,,,,,,,,,,,,,,,,,,,,,,,,,,,,,,,,,,,,,,,,,,,,,,,,,,,,10,,,21.9143489,39.3121678,
17:59:27.934,,,,,,,,,,,,,,,,,,,,,,,,,,,,,,,,,,,,,,,,,,,,,,,,57,,,,,,,,,,,,,,,,,21.9143489,39.3121678,
17:59:27.974,,,,,,,,,,,,,,,,,,,,,0.10428564209248221,6.92414631044275,0.9754119384369793,,,,,1.153790173569617,,,,,,,,,,0.012421819676781739,0.012423,1.0039040000000001,0.125725,0.012546037873549557,0.01254723,1.0139430400000002,0.12698225,,4.513855496376361,,,,3.3200000000000003,,,,,3.984,,,,,,,,,21.9143489,39.3121678,
17:59:28.022,,,,,,,,,,,,,,,,,,,,,,,,,,,,,,,,,,,,,,,,,,,,,,,,,,,,,,,,,,,,,12.941176470588236,,,,21.9143489,39.3121678,
17:59:28.054,,,,,,,,,,,,,,,,,,,,,,,,,,,,,,,,,,,,,,,,,,,,,,,,,,,,,,0.775,,,,,,,,,,,21.9143489,39.3121678,
17:59:28.093,,,,,,,,,,,,,,,,,,,,,,,,,,,,,,,,,,,,,,,,,,,,,,,,,,,,,,,0.795,,,,,,,,,,21.9143489,39.3121678,
17:59:28.156,,,,,,,,,,,,,,,,,,,,,,,,,,,,,,,,,,,,,,,,,,,,,,,,,,,,,,,,,,-5.46875,,,,,,,21.9143489,39.3121678,
17:59:28.217,,,,,,,,,,,,,,,,,,,,,,,,,,,,,,,,,,,,,,,,,,,,,,,,,0,,,,,,,,,,,,,,,,21.9143489,39.3121678,
17:59:28.269,,,,,,,,,,,,,,,,,,,,,,,,,,,,,,,,,,,,,,,,,,,,,,,,,,,,,,,,,,,-6.25,,,,,,21.9143489,39.3121678,
17:59:28.333,,,,,,,,,,,,,,,,,,,,,,,,,,,,,,,,,,,,,,,,,,,,,,,,,,0,,,,,,,,,,,,,,,21.9143489,39.3121678,
17:59:28.386,,,,,,,,,,,,,,,,,,,,,,,,,,,,,,,,,,656,0.7,,,,,,,,,,,,,,,,,,,,,,,,,,,,,,21.9143489,39.3121678,
17:59:28.453,,,,,,,,,,,,,,,,,,,,,,,,,0,,,,,0,11.912474,14.498596,12.889426,,,,,,,,,,,,,,,,,,,,,,,,,,,,,,0,0,21.9143489,39.3121678,
17:59:28.530,,,,,,,,,,,,,,,,,,,,,,,,,,,,,,,,,,,,,,,,,,,,,,,,,,,,,,,,,,,,,,13.5,,,21.9143489,39.3121678,
17:59:28.572,,,,,,,,,,,,,,,,,,,,,,,,,,,,,,,,,,,,,,,,,,,,,,,,57,,,,,,,,,,,,,,,,,21.9143489,39.3121678,
17:59:28.626,,,,,,,,,,,,,,,,,,,,,0.10607368377047456,6.925615418210151,0.9770644557794893,,,,,1.171166531605304,,,,,,,,,,0.012634336334898875,0.012636,1.0041170000000001,0.125938,0.012760679698247865,0.01276236,1.0141581700000002,0.12719738,,4.581835247827811,,,,3.37,,,,,4.044,,,,,,,,,21.9143489,39.3121678,
17:59:28.685,,,,,,,,,,,,,,,,,,,,,,,,,,,,,,,,,,,,,,,,,,,,,,,,,,,,,,,,,,,,,12.941176470588236,,,,21.9143489,39.3121678,
17:59:28.713,,,,,,,,,,,,,,,,,,,,,,,,,,,,,,,,,,,,,,,,,,,,,,,,,,,,,,0.78,,,,,,,,,,,21.9143489,39.3121678,
17:59:28.782,,,,,,,,,,,,,,,,,,,,,,,,,,,,,,,,,,,,,,,,,,,,,,,,,,,,,,,0.79,,,,,,,,,,21.9143489,39.3121678,
17:59:28.852,,,,,,,,,,,,,,,,,,,,,,,,,,,,,,,,,,,,,,,,,,,,,,,,,,,,,,,,,,-5.46875,,,,,,,21.9143489,39.3121678,
17:59:28.893,,,,,,,,,,,,,,,,,,,,,,,,,,,,,,,,,,,,,,,,,,,,,,,,,0,,,,,,,,,,,,,,,,21.9143489,39.3121678,
17:59:28.920,,,,,,,,,,,,,,,,,,,,,,,,,,,,,,,,,,,,,,,,,,,,,,,,,,,,,,,,,,,-5.46875,,,,,,21.9143489,39.3121678,
17:59:28.962,,,,,,,,,,,,,,,,,,,,,,,,,,,,,,,,,,,,,,,,,,,,,,,,,,0,,,,,,,,,,,,,,,21.9143489,39.3121678,
17:59:29.027,,,,,,,,,,,,,,,,,,,,,,,,,,,,,,,,,,640,0.6,,,,,,,,,,,,,,,,,,,,,,,,,,,,,,21.9143489,39.3121678,
17:59:29.105,,,,,,,,,,,,,,,,,,,,,,,,,0,,,,,0,11.912474,14.498596,12.889426,,,,,,,,,,,,,,,,,,,,,,,,,,,,,,0,0,21.9143489,39.3121678,
17:59:29.190,,,,,,,,,,,,,,,,,,,,,,,,,,,,,,,,,,,,,,,,,,,,,,,,,,,,,,,,,,,,,,14,,,21.9143489,39.3121678,
17:59:29.230,,,,,,,,,,,,,,,,,,,,,,,,,,,,,,,,,,,,,,,,,,,,,,,,57,,,,,,,,,,,,,,,,,21.9143489,39.3121678,
17:59:29.283,,,,,,,,,,,,,,,,,,,,,0.1078701200103354,6.927091423197116,0.9787247314193819,,,,,1.171166531605304,,,,,,,,,,0.012848035903745336,0.01285,1.004331,0.126152,0.012976516262782789,0.0129785,1.0143743100000002,0.12741352,,4.581835247827811,,,,3.37,,,,,4.044,,,,,,,,,21.9143489,39.3121678,
17:59:29.348,,,,,,,,,,,,,,,,,,,,,,,,,,,,,,,,,,,,,,,,,,,,,,,,,,,,,,,,,,,,,12.941176470588236,,,,21.9143489,39.3121678,
17:59:29.387,,,,,,,,,,,,,,,,,,,,,,,,,,,,,,,,,,,,,,,,,,,,,,,,,,,,,,0.765,,,,,,,,,,,21.9143489,39.3121678,
17:59:29.493,,,,,,,,,,,,,,,,,,,,,,,,,,,,,,,,,,,,,,,,,,,,,,,,,,,,,,,0.78,,,,,,,,,,21.9143489,39.3121678,
17:59:29.569,,,,,,,,,,,,,,,,,,,,,,,,,,,,,,,,,,,,,,,,,,,,,,,,,,,,,,,,,,-2.34375,,,,,,,21.9143489,39.3121678,
17:59:29.661,,,,,,,,,,,,,,,,,,,,,,,,,,,,,,,,,,,,,,,,,,,,,,,,,0,,,,,,,,,,,,,,,,21.9143489,39.3121678,
17:59:29.749,,,,,,,,,,,,,,,,,,,,,,,,,,,,,,,,,,,,,,,,,,,,,,,,,,,,,,,,,,,-3.90625,,,,,,21.9143489,39.3121678,
17:59:29.825,,,,,,,,,,,,,,,,,,,,,,,,,,,,,,,,,,,,,,,,,,,,,,,,,,0,,,,,,,,,,,,,,,21.9143489,39.3121678,
17:59:29.858,,,,,,,,,,,,,,,,,,,,,,,,,,,,,,,,,,667,0.7,,,,,,,,,,,,,,,,,,,,,,,,,,,,,,21.9143489,39.3121678,
17:59:29.929,,,,,,,,,,,,,,,,,,,,,,,,,0,,,,,0,11.912474,14.498596,12.889426,,,,,,,,,,,,,,,,,,,,,,,,,,,,,,0,0,21.9143489,39.3121678,
17:59:29.987,,,,,,,,,,,,,,,,,,,,,,,,,,,,,,,,,,,,,,,,,,,,,,,,,,,,,,,,,,,,,,11,,,21.9143489,39.3121678,
17:59:30.046,,,,,,,,,,,,,,,,,,,,,,,,,,,,,,,,,,,,,,,,,,,,,,,,57,,,,,,,,,,,,,,,,,21.9143489,39.3121678,
17:59:30.097,,,,,,,,,,,,,,,,,,,,,0.11008628434362167,6.928912289162345,0.9807729219284086,,,,,1.164215988391029,,,,,,,,,,0.01311171242403542,0.013114,1.0045950000000001,0.126416,0.013242829548275775,0.01324514,1.0146409500000002,0.12768016,,4.55464334724723,,,,3.35,,,,,4.02,,,,,,,,,21.9143489,39.3121678,
17:59:30.165,,,,,,,,,,,,,,,,,,,,,,,,,,,,,,,,,,,,,,,,,,,,,,,,,,,,,,,,,,,,,12.941176470588236,,,,21.9143489,39.3121678,
17:59:30.219,,,,,,,,,,,,,,,,,,,,,,,,,,,,,,,,,,,,,,,,,,,,,,,,,,,,,,0.755,,,,,,,,,,,21.9143489,39.3121678,
17:59:30.290,,,,,,,,,,,,,,,,,,,,,,,,,,,,,,,,,,,,,,,,,,,,,,,,,,,,,,,0.775,,,,,,,,,,21.9143489,39.3121678,
17:59:30.341,,,,,,,,,,,,,,,,,,,,,,,,,,,,,,,,,,,,,,,,,,,,,,,,,,,,,,,,,,-3.90625,,,,,,,21.9143489,39.3121678,
17:59:30.393,,,,,,,,,,,,,,,,,,,,,,,,,,,,,,,,,,,,,,,,,,,,,,,,,0,,,,,,,,,,,,,,,,21.9143489,39.3121678,
17:59:30.429,,,,,,,,,,,,,,,,,,,,,,,,,,,,,,,,,,,,,,,,,,,,,,,,,,,,,,,,,,,-5.46875,,,,,,21.9143489,39.3121678,
17:59:30.493,,,,,,,,,,,,,,,,,,,,,,,,,,,,,,,,,,,,,,,,,,,,,,,,,,0,,,,,,,,,,,,,,,21.9143489,39.3121678,
17:59:30.552,,,,,,,,,,,,,,,,,,,,,,,,,,,,,,,,,,647,0.6,,,,,,,,,,,,,,,,,,,,,,,,,,,,,,21.9143489,39.3121678,
17:59:30.616,,,,,,,,,,,,,,,,,,,,,,,,,0,,,,,0,11.912474,14.498596,12.889426,,,,,,,,,,,,,,,,,,,,,,,,,,,,,,0,0,21.9143489,39.3121678,
17:59:30.662,,,,,,,,,,,,,,,,,,,,,,,,,,,,,,,,,,,,,,,,,,,,,,,,,,,,,,,,,,,,,,13,,,21.9143489,39.3121678,
17:59:30.701,,,,,,,,,,,,,,,,,,,,,,,,,,,,,,,,,,,,,,,,,,,,,,,,57,,,,,,,,,,,,,,,,,21.9143489,39.3121678,
17:59:30.765,,,,,,,,,,,,,,,,,,,,,0.111891115145351,6.930395191368874,0.982440955865684,,,,,1.164215988391029,,,,,,,,,,0.013326959434889754,0.013329,1.00481,0.126631,0.013460229029238652,0.01346229,1.0148581000000003,0.12789731,,4.55464334724723,,,,3.35,,,,,4.02,,,,,,,,,21.9143489,39.3121678,
17:59:30.812,,,,,,,,,,,,,,,,,,,,,,,,,,,,,,,,,,,,,,,,,,,,,,,,,,,,,,,,,,,,,12.941176470588236,,,,21.9143489,39.3121678,
17:59:30.850,,,,,,,,,,,,,,,,,,,,,,,,,,,,,,,,,,,,,,,,,,,,,,,,,,,,,,0.77,,,,,,,,,,,21.9143489,39.3121678,
17:59:30.913,,,,,,,,,,,,,,,,,,,,,,,,,,,,,,,,,,,,,,,,,,,,,,,,,,,,,,,0.79,,,,,,,,,,21.9143489,39.3121678,
17:59:30.977,,,,,,,,,,,,,,,,,,,,,,,,,,,,,,,,,,,,,,,,,,,,,,,,,,,,,,,,,,-3.90625,,,,,,,21.9143489,39.3121678,
17:59:31.029,,,,,,,,,,,,,,,,,,,,,,,,,,,,,,,,,,,,,,,,,,,,,,,,,0,,,,,,,,,,,,,,,,21.9143489,39.3121678,
17:59:31.053,,,,,,,,,,,,,,,,,,,,,,,,,,,,,,,,,,,,,,,,,,,,,,,,,,,,,,,,,,,-4.6875,,,,,,21.9143489,39.3121678,
17:59:31.118,,,,,,,,,,,,,,,,,,,,,,,,,,,,,,,,,,,,,,,,,,,,,,,,,,0,,,,,,,,,,,,,,,21.9143489,39.3121678,
17:59:31.181,,,,,,,,,,,,,,,,,,,,,,,,,,,,,,,,,,629,0.6,,,,,,,,,,,,,,,,,,,,,,,,,,,,,,21.9143489,39.3121678,
17:59:31.246,,,,,,,,,,,,,,,,,,,,,,,,,0,,,,,0,11.912474,14.498596,12.889426,,,,,,,,,,,,,,,,,,,,,,,,,,,,,,0,0,21.9143489,39.3121678,
17:59:31.301,,,,,,,,,,,,,,,,,,,,,,,,,,,,,,,,,,,,,,,,,,,,,,,,,,,,,,,,,,,,,,14.5,,,21.9143489,39.3121678,
17:59:31.365,,,,,,,,,,,,,,,,,,,,,,,,,,,,,,,,,,,,,,,,,,,,,,,,57,,,,,,,,,,,,,,,,,21.9143489,39.3121678,
17:59:31.437,,,,,,,,,,,,,,,,,,,,,0.11371273507081738,6.931891888014537,0.9841245063977246,,,,,1.1607407167838917,,,,,,,,,,0.013543760683645585,0.013546,1.0050270000000001,0.126848,0.013679198290482041,0.013681460000000001,1.0150772700000001,0.12811648,,4.54104739695694,,,,3.34,,,,,4.008,,,,,,,,,21.9143489,39.3121678,
17:59:31.485,,,,,,,,,,,,,,,,,,,,,,,,,,,,,,,,,,,,,,,,,,,,,,,,,,,,,,,,,,,,,12.941176470588236,,,,21.9143489,39.3121678,
17:59:31.549,,,,,,,,,,,,,,,,,,,,,,,,,,,,,,,,,,,,,,,,,,,,,,,,,,,,,,0.765,,,,,,,,,,,21.9143489,39.3121678,
17:59:31.601,,,,,,,,,,,,,,,,,,,,,,,,,,,,,,,,,,,,,,,,,,,,,,,,,,,,,,,0.78,,,,,,,,,,21.9143489,39.3121678,
17:59:31.666,,,,,,,,,,,,,,,,,,,,,,,,,,,,,,,,,,,,,,,,,,,,,,,,,,,,,,,,,,-1.5625,,,,,,,21.9143489,39.3121678,
17:59:31.721,,,,,,,,,,,,,,,,,,,,,,,,,,,,,,,,,,,,,,,,,,,,,,,,,0,,,,,,,,,,,,,,,,21.9143489,39.3121678,
17:59:31.786,,,,,,,,,,,,,,,,,,,,,,,,,,,,,,,,,,,,,,,,,,,,,,,,,,,,,,,,,,,-2.34375,,,,,,21.9143489,39.3121678,
17:59:31.838,,,,,,,,,,,,,,,,,,,,,,,,,,,,,,,,,,,,,,,,,,,,,,,,,,0,,,,,,,,,,,,,,,21.9143489,39.3121678,
17:59:31.900,,,,,,,,,,,,,,,,,,,,,,,,,,,,,,,,,,641,0.6,,,,,,,,,,,,,,,,,,,,,,,,,,,,,,21.9143489,39.3121678,
17:59:31.969,,,,,,,,,,,,,,,,,,,,,,,,,0,,,,,0,11.912474,14.498596,12.889426,,,,,,,,,,,,,,,,,,,,,,,,,,,,,,0,0,21.9143489,39.3121678,
17:59:32.013,,,,,,,,,,,,,,,,,,,,,,,,,,,,,,,,,,,,,,,,,,,,,,,,,,,,,,,,,,,,,,13,,,21.9143489,39.3121678,
17:59:32.041,,,,,,,,,,,,,,,,,,,,,,,,,,,,,,,,,,,,,,,,,,,,,,,,57,,,,,,,,,,,,,,,,,21.9143489,39.3121678,
17:59:32.081,,,,,,,,,,,,,,,,,,,,,0.11538325288265058,6.933264434708023,0.9856684075768772,,,,,1.1155621858911056,,,,,,,,,,0.013743216168243576,0.013745,1.005226,0.127047,0.013880648329926012,0.013882450000000001,1.0152782600000003,0.12831747,,4.3643000431831664,,,,3.21,,,,,3.852,,,,,,,,,21.9143489,39.3121678,
17:59:32.133,,,,,,,,,,,,,,,,,,,,,,,,,,,,,,,,,,,,,,,,,,,,,,,,,,,,,,,,,,,,,12.941176470588236,,,,21.9143489,39.3121678,
17:59:32.172,,,,,,,,,,,,,,,,,,,,,,,,,,,,,,,,,,,,,,,,,,,,,,,,,,,,,,0.755,,,,,,,,,,,21.9143489,39.3121678,
17:59:32.226,,,,,,,,,,,,,,,,,,,,,,,,,,,,,,,,,,,,,,,,,,,,,,,,,,,,,,,0.775,,,,,,,,,,21.9143489,39.3121678,
17:59:32.252,,,,,,,,,,,,,,,,,,,,,,,,,,,,,,,,,,,,,,,,,,,,,,,,,,,,,,,,,,-2.34375,,,,,,,21.9143489,39.3121678,
17:59:32.281,,,,,,,,,,,,,,,,,,,,,,,,,,,,,,,,,,,,,,,,,,,,,,,,,0,,,,,,,,,,,,,,,,21.9143489,39.3121678,
17:59:32.322,,,,,,,,,,,,,,,,,,,,,,,,,,,,,,,,,,,,,,,,,,,,,,,,,,,,,,,,,,,-5.46875,,,,,,21.9143489,39.3121678,
17:59:32.374,,,,,,,,,,,,,,,,,,,,,,,,,,,,,,,,,,,,,,,,,,,,,,,,,,0,,,,,,,,,,,,,,,21.9143489,39.3121678,
17:59:32.414,,,,,,,,,,,,,,,,,,,,,,,,,,,,,,,,,,648,0.6,,,,,,,,,,,,,,,,,,,,,,,,,,,,,,21.9143489,39.3121678,
17:59:32.465,,,,,,,,,,,,,,,,,,,,,,,,,0,,,,,0,11.912474,14.498596,12.889426,,,,,,,,,,,,,,,,,,,,,,,,,,,,,,0,0,21.9143489,39.3121678,
17:59:32.497,,,,,,,,,,,,,,,,,,,,,,,,,,,,,,,,,,,,,,,,,,,,,,,,,,,,,,,,,,,,,,13.5,,,21.9143489,39.3121678,
17:59:32.525,,,,,,,,,,,,,,,,,,,,,,,,,,,,,,,,,,,,,,,,,,,,,,,,57,,,,,,,,,,,,,,,,,21.9143489,39.3121678,
17:59:32.559,,,,,,,,,,,,,,,,,,,,,0.1166844099722694,6.934333503740639,0.9868709436711922,,,,,1.164215988391029,,,,,,,,,,0.013897892352173223,0.0139,1.005381,0.127202,0.014036871275694956,0.014039,1.0154348100000001,0.12847402,,4.55464334724723,,,,3.35,,,,,4.02,,,,,,,,,21.9143489,39.3121678,
17:59:32.613,,,,,,,,,,,,,,,,,,,,,,,,,,,,,,,,,,,,,,,,,,,,,,,,,,,,,,,,,,,,,12.941176470588236,,,,21.9143489,39.3121678,
17:59:32.653,,,,,,,,,,,,,,,,,,,,,,,,,,,,,,,,,,,,,,,,,,,,,,,,,,,,,,0.755,,,,,,,,,,,21.9143489,39.3121678,
17:59:32.717,,,,,,,,,,,,,,,,,,,,,,,,,,,,,,,,,,,,,,,,,,,,,,,,,,,,,,,0.77,,,,,,,,,,21.9143489,39.3121678,
17:59:32.770,,,,,,,,,,,,,,,,,,,,,,,,,,,,,,,,,,,,,,,,,,,,,,,,,,,,,,,,,,-5.46875,,,,,,,21.9143489,39.3121678,
17:59:32.869,,,,,,,,,,,,,,,,,,,,,,,,,,,,,,,,,,,,,,,,,,,,,,,,,0,,,,,,,,,,,,,,,,21.9143489,39.3121678,
17:59:32.922,,,,,,,,,,,,,,,,,,,,,,,,,,,,,,,,,,,,,,,,,,,,,,,,,,,,,,,,,,,-6.25,,,,,,21.9143489,39.3121678,
17:59:32.985,,,,,,,,,,,,,,,,,,,,,,,,,,,,,,,,,,,,,,,,,,,,,,,,,,0,,,,,,,,,,,,,,,21.9143489,39.3121678,
17:59:33.049,,,,,,,,,,,,,,,,,,,,,,,,,,,,,,,,,,637,0.6,,,,,,,,,,,,,,,,,,,,,,,,,,,,,,21.9143489,39.3121678,
17:59:33.102,,,,,,,,,,,,,,,,,,,,,,,,,0,,,,,0,11.912474,14.498596,12.889426,,,,,,,,,,,,,,,,,,,,,,,,,,,,,,0,0,21.9143489,39.3121678,
17:59:33.168,,,,,,,,,,,,,,,,,,,,,,,,,,,,,,,,,,,,,,,,,,,,,,,,,,,,,,,,,,,,,,13.5,,,21.9143489,39.3121678,
17:59:33.223,,,,,,,,,,,,,,,,,,,,,,,,,,,,,,,,,,,,,,,,,,,,,,,,57,,,,,,,,,,,,,,,,,21.9143489,39.3121678,
17:59:33.285,,,,,,,,,,,,,,,,,,,,,0.11869071025884298,6.9359819392167354,0.9887251767456517,,,,,1.1850676180338535,,,,,,,,,,0.014136672284901763,0.014139,1.00562,0.127441,0.01427803900775078,0.01428039,1.0156762000000001,0.12871541,,4.636219048988972,,,,3.41,,,,,4.092,,,,,,,,,21.9143489,39.3121678,
17:59:33.333,,,,,,,,,,,,,,,,,,,,,,,,,,,,,,,,,,,,,,,,,,,,,,,,,,,,,,,,,,,,,13.333333333333334,,,,21.9143489,39.3121678,
17:59:33.373,,,,,,,,,,,,,,,,,,,,,,,,,,,,,,,,,,,,,,,,,,,,,,,,,,,,,,0.765,,,,,,,,,,,21.9143489,39.3121678,
17:59:33.425,,,,,,,,,,,,,,,,,,,,,,,,,,,,,,,,,,,,,,,,,,,,,,,,,,,,,,,0.775,,,,,,,,,,21.9143489,39.3121678,
17:59:33.455,,,,,,,,,,,,,,,,,,,,,,,,,,,,,,,,,,,,,,,,,,,,,,,,,,,,,,,,,,-2.34375,,,,,,,21.9143489,39.3121678,
17:59:33.486,,,,,,,,,,,,,,,,,,,,,,,,,,,,,,,,,,,,,,,,,,,,,,,,,0,,,,,,,,,,,,,,,,21.9143489,39.3121678,
17:59:33.526,,,,,,,,,,,,,,,,,,,,,,,,,,,,,,,,,,,,,,,,,,,,,,,,,,,,,,,,,,,-2.34375,,,,,,21.9143489,39.3121678,
17:59:33.581,,,,,,,,,,,,,,,,,,,,,,,,,,,,,,,,,,,,,,,,,,,,,,,,,,0,,,,,,,,,,,,,,,21.9143489,39.3121678,
17:59:33.646,,,,,,,,,,,,,,,,,,,,,,,,,,,,,,,,,,622,0.6,,,,,,,,,,,,,,,,,,,,,,,,,,,,,,21.9143489,39.3121678,
17:59:33.698,,,,,,,,,,,,,,,,,,,,,,,,,0,,,,,0,11.912474,14.498596,12.889426,,,,,,,,,,,,,,,,,,,,,,,,,,,,,,0,0,21.9143489,39.3121678,
17:59:33.764,,,,,,,,,,,,,,,,,,,,,,,,,,,,,,,,,,,,,,,,,,,,,,,,,,,,,,,,,,,,,,18.5,,,21.9143489,39.3121678,
17:59:33.826,,,,,,,,,,,,,,,,,,,,,,,,,,,,,,,,,,,,,,,,,,,,,,,,57,,,,,,,,,,,,,,,,,21.9143489,39.3121678,
17:59:33.890,,,,,,,,,,,,,,,,,,,,,0.12113352776257896,6.937989030110226,0.9909828412840107,,,,,1.7306852603544254,,,,,,,,,,0.014427517933095341,0.01443,1.005911,0.127732,0.014571793112426295,0.0145743,1.0159701100000003,0.12900932,,6.770783244564539,,,,4.98,,,,,5.976,,,,,,,,,21.9143489,39.3121678,
17:59:33.938,,,,,,,,,,,,,,,,,,,,,,,,,,,,,,,,,,,,,,,,,,,,,,,,,,,,,,,,,,,,,13.72549019607843,,,,21.9143489,39.3121678,
17:59:33.965,,,,,,,,,,,,,,,,,,,,,,,,,,,,,,,,,,,,,,,,,,,,,,,,,,,,,,0.76,,,,,,,,,,,21.9143489,39.3121678,
17:59:34.004,,,,,,,,,,,,,,,,,,,,,,,,,,,,,,,,,,,,,,,,,,,,,,,,,,,,,,,0.775,,,,,,,,,,21.9143489,39.3121678,
17:59:34.057,,,,,,,,,,,,,,,,,,,,,,,,,,,,,,,,,,,,,,,,,,,,,,,,,,,,,,,,,,2.34375,,,,,,,21.9143489,39.3121678,
17:59:34.084,,,,,,,,,,,,,,,,,,,,,,,,,,,,,,,,,,,,,,,,,,,,,,,,,0,,,,,,,,,,,,,,,,21.9143489,39.3121678,
17:59:34.121,,,,,,,,,,,,,,,,,,,,,,,,,,,,,,,,,,,,,,,,,,,,,,,,,,,,,,,,,,,3.125,,,,,,21.9143489,39.3121678,
17:59:34.174,,,,,,,,,,,,,,,,,,,,,,,,,,,,,,,,,,,,,,,,,,,,,,,,,,0,,,,,,,,,,,,,,,21.9143489,39.3121678,
17:59:34.202,,,,,,,,,,,,,,,,,,,,,,,,,,,,,,,,,,672,0.7,,,,,,,,,,,,,,,,,,,,,,,,,,,,,,21.9143489,39.3121678,
17:59:34.233,,,,,,,,,,,,,,,,,,,,,,,,,0,,,,,0,11.912474,14.498596,12.889426,,,,,,,,,,,,,,,,,,,,,,,,,,,,,,0,0,21.9143489,39.3121678,
17:59:34.302,,,,,,,,,,,,,,,,,,,,,,,,,,,,,,,,,,,,,,,,,,,,,,,,,,,,,,,,,,,,,,10,,,21.9143489,39.3121678,
17:59:34.365,,,,,,,,,,,,,,,,,,,,,,,,,,,,,,,,,,,,,,,,,,,,,,,,57,,,,,,,,,,,,,,,,,21.9143489,39.3121678,
17:59:34.425,,,,,,,,,,,,,,,,,,,,,0.12326574647718014,6.9397409238798025,0.9929534488192103,,,,,1.7063583591044635,,,,,,,,,,0.014681411401438922,0.014684,1.006165,0.127986,0.01482822551545331,0.01483084,1.0162266500000001,0.12926586,,6.67561159253251,,,,4.91,,,,,5.892,,,,,,,,,21.9143489,39.3121678,
17:59:34.474,,,,,,,,,,,,,,,,,,,,,,,,,,,,,,,,,,,,,,,,,,,,,,,,,,,,,,,,,,,,,13.72549019607843,,,,21.9143489,39.3121678,
17:59:34.502,,,,,,,,,,,,,,,,,,,,,,,,,,,,,,,,,,,,,,,,,,,,,,,,,,,,,,0.755,,,,,,,,,,,21.9143489,39.3121678,
17:59:34.576,,,,,,,,,,,,,,,,,,,,,,,,,,,,,,,,,,,,,,,,,,,,,,,,,,,,,,,0.75,,,,,,,,,,21.9143489,39.3121678,
17:59:34.629,,,,,,,,,,,,,,,,,,,,,,,,,,,,,,,,,,,,,,,,,,,,,,,,,,,,,,,,,,0.78125,,,,,,,21.9143489,39.3121678,
17:59:34.693,,,,,,,,,,,,,,,,,,,,,,,,,,,,,,,,,,,,,,,,,,,,,,,,,0,,,,,,,,,,,,,,,,21.9143489,39.3121678,
17:59:34.758,,,,,,,,,,,,,,,,,,,,,,,,,,,,,,,,,,,,,,,,,,,,,,,,,,,,,,,,,,,0.78125,,,,,,21.9143489,39.3121678,
17:59:34.809,,,,,,,,,,,,,,,,,,,,,,,,,,,,,,,,,,,,,,,,,,,,,,,,,,0,,,,,,,,,,,,,,,21.9143489,39.3121678,
17:59:34.837,,,,,,,,,,,,,,,,,,,,,,,,,,,,,,,,,,644,0.6,,,,,,,,,,,,,,,,,,,,,,,,,,,,,,21.9143489,39.3121678,
17:59:34.902,,,,,,,,,,,,,,,,,,,,,,,,,0,,,,,0,11.912474,14.498596,12.889426,,,,,,,,,,,,,,,,,,,,,,,,,,,,,,0,0,21.9143489,39.3121678,
17:59:34.957,,,,,,,,,,,,,,,,,,,,,,,,,,,,,,,,,,,,,,,,,,,,,,,,,,,,,,,,,,,,,,15,,,21.9143489,39.3121678,
17:59:35.022,,,,,,,,,,,,,,,,,,,,,,,,,,,,,,,,,,,,,,,,,,,,,,,,57,,,,,,,,,,,,,,,,,21.9143489,39.3121678,
17:59:35.085,,,,,,,,,,,,,,,,,,,,,0.12688380264250734,6.94271362551243,0.9962972749911438,,,,,2.3527588780320206,,,,,,,,,,0.015112747392066288,0.015115,1.006596,0.128417,0.01526387486598695,0.015266150000000001,1.0166619600000002,0.12970117,,9.204458346526494,,,,6.7700000000000005,,,,,8.124,,,,,,,,,21.9143489,39.3121678,
17:59:35.145,,,,,,,,,,,,,,,,,,,,,,,,,,,,,,,,,,,,,,,,,,,,,,,,,,,,,,,,,,,,,14.509803921568627,,,,21.9143489,39.3121678,
17:59:35.210,,,,,,,,,,,,,,,,,,,,,,,,,,,,,,,,,,,,,,,,,,,,,,,,,,,,,,0.75,,,,,,,,,,,21.9143489,39.3121678,
17:59:35.263,,,,,,,,,,,,,,,,,,,,,,,,,,,,,,,,,,,,,,,,,,,,,,,,,,,,,,,0.765,,,,,,,,,,21.9143489,39.3121678,
17:59:35.327,,,,,,,,,,,,,,,,,,,,,,,,,,,,,,,,,,,,,,,,,,,,,,,,,,,,,,,,,,3.90625,,,,,,,21.9143489,39.3121678,
17:59:35.377,,,,,,,,,,,,,,,,,,,,,,,,,,,,,,,,,,,,,,,,,,,,,,,,,0,,,,,,,,,,,,,,,,21.9143489,39.3121678,
17:59:35.438,,,,,,,,,,,,,,,,,,,,,,,,,,,,,,,,,,,,,,,,,,,,,,,,,,,,,,,,,,,4.6875,,,,,,21.9143489,39.3121678,
17:59:35.514,,,,,,,,,,,,,,,,,,,,,,,,,,,,,,,,,,,,,,,,,,,,,,,,,,0,,,,,,,,,,,,,,,21.9143489,39.3121678,
17:59:35.568,,,,,,,,,,,,,,,,,,,,,,,,,,,,,,,,,,636,0.6,,,,,,,,,,,,,,,,,,,,,,,,,,,,,,21.9143489,39.3121678,
17:59:35.625,,,,,,,,,,,,,,,,,,,,,,,,,0,,,,,0,11.912474,14.498596,12.889426,,,,,,,,,,,,,,,,,,,,,,,,,,,,,,0,0,21.9143489,39.3121678,
17:59:35.681,,,,,,,,,,,,,,,,,,,,,,,,,,,,,,,,,,,,,,,,,,,,,,,,,,,,,,,,,,,,,,16,,,21.9143489,39.3121678,
17:59:35.746,,,,,,,,,,,,,,,,,,,,,,,,,,,,,,,,,,,,,,,,,,,,,,,,57,,,,,,,,,,,,,,,,,21.9143489,39.3121678,
17:59:35.796,,,,,,,,,,,,,,,,,,,,,0.13049346424596603,6.945679429925492,0.9996333428656946,,,,,2.1789952976751503,,,,,,,,,,0.015543186546862568,0.015545,1.007026,0.128847,0.015698618412331194,0.01570045,1.0170962600000002,0.13013547,,8.524660832011982,,,,6.2700000000000005,,,,,7.524,,,,,,,,,21.9143489,39.3121678,
17:59:35.857,,,,,,,,,,,,,,,,,,,,,,,,,,,,,,,,,,,,,,,,,,,,,,,,,,,,,,,,,,,,,14.509803921568627,,,,21.9143489,39.3121678,
17:59:35.885,,,,,,,,,,,,,,,,,,,,,,,,,,,,,,,,,,,,,,,,,,,,,,,,,,,,,,0.5700000000000001,,,,,,,,,,,21.9143489,39.3121678,
17:59:35.925,,,,,,,,,,,,,,,,,,,,,,,,,,,,,,,,,,,,,,,,,,,,,,,,,,,,,,,0.6,,,,,,,,,,21.9143489,39.3121678,
17:59:35.978,,,,,,,,,,,,,,,,,,,,,,,,,,,,,,,,,,,,,,,,,,,,,,,,,,,,,,,,,,4.6875,,,,,,,21.9143489,39.3121678,
17:59:36.004,,,,,,,,,,,,,,,,,,,,,,,,,,,,,,,,,,,,,,,,,,,,,,,,,0,,,,,,,,,,,,,,,,21.9143489,39.3121678,
17:59:36.041,,,,,,,,,,,,,,,,,,,,,,,,,,,,,,,,,,,,,,,,,,,,,,,,,,,,,,,,,,,5.46875,,,,,,21.9143489,39.3121678,
17:59:36.105,,,,,,,,,,,,,,,,,,,,,,,,,,,,,,,,,,,,,,,,,,,,,,,,,,0,,,,,,,,,,,,,,,21.9143489,39.3121678,
17:59:36.170,,,,,,,,,,,,,,,,,,,,,,,,,,,,,,,,,,668,0.7,,,,,,,,,,,,,,,,,,,,,,,,,,,,,,21.9143489,39.3121678,
17:59:36.245,,,,,,,,,,,,,,,,,,,,,,,,,0,,,,,0,11.912474,14.498596,12.889426,,,,,,,,,,,,,,,,,,,,,,,,,,,,,,0,0,21.9143489,39.3121678,
17:59:36.288,,,,,,,,,,,,,,,,,,,,,,,,,,,,,,,,,,,,,,,,,,,,,,,,,,,,,,,,,,,,,,9.5,,,21.9143489,39.3121678,
17:59:36.341,,,,,,,,,,,,,,,,,,,,,,,,,,,,,,,,,,,,,,,,,,,,,,,,57,,,,,,,,,,,,,,,,,21.9143489,39.3121678,
17:59:36.406,,,,,,,,,,,,,,,,,,,,,0.13363303038478824,6.948258990042899,1.0025349460868156,,,,,2.2067974705322495,,,,,,,,,,0.015916862275249268,0.015919,1.0074,0.129221,0.01607603089800176,0.01607819,1.0174740000000002,0.13051321,,8.633428434334302,,,,6.3500000000000005,,,,,7.62,,,,,,,,,21.9143489,39.3121678,
17:59:36.457,,,,,,,,,,,,,,,,,,,,,,,,,,,,,,,,,,,,,,,,,,,,,,,,,,,,,,,,,,,,,14.509803921568627,,,,21.9143489,39.3121678,
17:59:36.485,,,,,,,,,,,,,,,,,,,,,,,,,,,,,,,,,,,,,,,,,,,,,,,,,,,,,,0.645,,,,,,,,,,,21.9143489,39.3121678,
17:59:36.513,,,,,,,,,,,,,,,,,,,,,,,,,,,,,,,,,,,,,,,,,,,,,,,,,,,,,,,0.535,,,,,,,,,,21.9143489,39.3121678,
17:59:36.542,,,,,,,,,,,,,,,,,,,,,,,,,,,,,,,,,,,,,,,,,,,,,,,,,,,,,,,,,,3.90625,,,,,,,21.9143489,39.3121678,
17:59:36.574,,,,,,,,,,,,,,,,,,,,,,,,,,,,,,,,,,,,,,,,,,,,,,,,,0,,,,,,,,,,,,,,,,21.9143489,39.3121678,
17:59:36.613,,,,,,,,,,,,,,,,,,,,,,,,,,,,,,,,,,,,,,,,,,,,,,,,,,,,,,,,,,,4.6875,,,,,,21.9143489,39.3121678,
17:59:36.666,,,,,,,,,,,,,,,,,,,,,,,,,,,,,,,,,,,,,,,,,,,,,,,,,,0,,,,,,,,,,,,,,,21.9143489,39.3121678,
17:59:36.693,,,,,,,,,,,,,,,,,,,,,,,,,,,,,,,,,,645,0.6,,,,,,,,,,,,,,,,,,,,,,,,,,,,,,21.9143489,39.3121678,
17:59:36.745,,,,,,,,,,,,,,,,,,,,,,,,,0.011711728611631857,,220.67974705322496,,,0.00013898252777777779,11.912613,14.498735,12.889565000000001,,,,,,,,,,,,,,,,,,,,,,,,,,,,,,0.011276368860940045,1,21.9143489,39.3121678,
17:59:36.789,,,,,,,,,,,,,,,,,,,,,,,,,,,,,,,,,,,,,,,,,,,,,,,,,,,,,,,,,,,,,,13,,,21.9143489,39.3121678,
17:59:36.817,,,,,,,,,,,,,,,,,,,,,,,,,,,,,,,,,,,,,,,,,,,,,,,,57,,,,,,,,,,,,,,,,,21.9143489,39.3121678,
17:59:36.857,,,,,,,,,,,,,,,,,,,,11650.895728338877,0.13594834315527585,6.950095991133019,1.0046654018192234,,,,,2.1998469273179744,,,,,,,,,,0.016192709391998506,0.016195,1.007676,0.129497,0.01635463648591849,0.016356950000000002,1.0177527600000003,0.13079197,,8.606236533753725,,,,6.33,,,,,7.596,,,,,,,,,21.9143489,39.3121678,
17:59:36.911,,,,,,,,,,,,,,,,,,,,,,,,,,,,,,,,,,,,,,,,,,,,,,,,,,,,,,,,,,,,,14.509803921568627,,,,21.9143489,39.3121678,
17:59:36.973,,,,,,,,,,,,,,,,,,,,,,,,,,,,,,,,,,,,,,,,,,,,,,,,,,,,,,0.715,,,,,,,,,,,21.9143489,39.3121678,
17:59:37.038,,,,,,,,,,,,,,,,,,,,,,,,,,,,,,,,,,,,,,,,,,,,,,,,,,,,,,,0.555,,,,,,,,,,21.9143489,39.3121678,
17:59:37.088,,,,,,,,,,,,,,,,,,,,,,,,,,,,,,,,,,,,,,,,,,,,,,,,,,,,,,,,,,2.34375,,,,,,,21.9143489,39.3121678,
17:59:37.154,,,,,,,,,,,,,,,,,,,,,,,,,,,,,,,,,,,,,,,,,,,,,,,,,0,,,,,,,,,,,,,,,,21.9143489,39.3121678,
17:59:37.216,,,,,,,,,,,,,,,,,,,,,,,,,,,,,,,,,,,,,,,,,,,,,,,,,,,,,,,,,,,5.46875,,,,,,21.9143489,39.3121678,
17:59:37.269,,,,,,,,,,,,,,,,,,,,,,,,,,,,,,,,,,,,,,,,,,,,,,,,,,0,,,,,,,,,,,,,,,21.9143489,39.3121678,
17:59:37.298,,,,,,,,,,,,,,,,,,,,,,,,,,,,,,,,,,667,0.7,,,,,,,,,,,,,,,,,,,,,,,,,,,,,,21.9143489,39.3121678,
17:59:37.360,,,,,,,,,,,,,,,,,,,,,,,,,0.025739346086922344,,219.98469273179745,,,0.0003098455,11.912784,14.498906,12.889736000000001,,,,,,,,,,,,,,,,,,,,,,,,,,,,,,0.011522234125267252,1,21.9143489,39.3121678,
17:59:37.428,,,,,,,,,,,,,,,,,,,,,,,,,,,,,,,,,,,,,,,,,,,,,,,,,,,,,,,,,,,,,,9.5,,,21.9143489,39.3121678,
17:59:37.489,,,,,,,,,,,,,,,,,,,,,,,,,,,,,,,,,,,,,,,,,,,,,,,,57,,,,,,,,,,,,,,,,,21.9143489,39.3121678,
17:59:37.537,,,,,,,,,,,,,,,,,,,,5354.021887172316,0.13927055170311156,6.9527452622977215,1.007724285431447,,,,,2.0990640507109894,,,,,,,,,,0.0165891958864185,0.016591,1.008072,0.129893,0.016755087845282682,0.016756910000000003,1.0181527200000002,0.13119193,,8.211953975335303,,,,6.04,,,,,7.247999999999999,,,,,,,,,21.9143489,39.3121678,
17:59:37.598,,,,,,,,,,,,,,,,,,,,,,,,,,,,,,,,,,,,,,,,,,,,,,,,,,,,,,,,,,,,,14.117647058823529,,,,21.9143489,39.3121678,
17:59:37.661,,,,,,,,,,,,,,,,,,,,,,,,,,,,,,,,,,,,,,,,,,,,,,,,,,,,,,0.75,,,,,,,,,,,21.9143489,39.3121678,
17:59:37.724,,,,,,,,,,,,,,,,,,,,,,,,,,,,,,,,,,,,,,,,,,,,,,,,,,,,,,,0.745,,,,,,,,,,21.9143489,39.3121678,
17:59:37.776,,,,,,,,,,,,,,,,,,,,,,,,,,,,,,,,,,,,,,,,,,,,,,,,,,,,,,,,,,3.125,,,,,,,21.9143489,39.3121678,
17:59:37.805,,,,,,,,,,,,,,,,,,,,,,,,,,,,,,,,,,,,,,,,,,,,,,,,,0,,,,,,,,,,,,,,,,21.9143489,39.3121678,
17:59:37.832,,,,,,,,,,,,,,,,,,,,,,,,,,,,,,,,,,,,,,,,,,,,,,,,,,,,,,,,,,,4.6875,,,,,,21.9143489,39.3121678,
17:59:37.861,,,,,,,,,,,,,,,,,,,,,,,,,,,,,,,,,,,,,,,,,,,,,,,,,,0,,,,,,,,,,,,,,,21.9143489,39.3121678,
17:59:37.902,,,,,,,,,,,,,,,,,,,,,,,,,,,,,,,,,,672,0.7,,,,,,,,,,,,,,,,,,,,,,,,,,,,,,21.9143489,39.3121678,
17:59:37.965,,,,,,,,,,,,,,,,,,,,,,,,,0.052942426324629976,,104.95320253554948,,,0.0006462152777777778,11.91312,14.499241999999999,12.890072,,,,,,,,,,,,,,,,,,,,,,,,,,,,,,0.02420944107934358,2,21.9143489,39.3121678,
17:59:38.022,,,,,,,,,,,,,,,,,,,,,,,,,,,,,,,,,,,,,,,,,,,,,,,,,,,,,,,,,,,,,,9.5,,,21.9143489,39.3121678,
17:59:38.086,,,,,,,,,,,,,,,,,,,,,,,,,,,,,,,,,,,,,,,,,,,,,,,,57,,,,,,,,,,,,,,,,,21.9143489,39.3121678,
17:59:38.137,,,,,,,,,,,,,,,,,,,,2615.248104117689,0.14187719086183972,6.954729081699582,1.0101107270773972,,,,,1.866220853032784,,,,,,,,,,0.01690013280060219,0.016902,1.008383,0.130204,0.017069134128608214,0.01707102,1.0184668300000002,0.13150604,,7.301025305885859,,,,5.37,,,,,6.444,,,,,,,,,21.9143489,39.3121678,
17:59:38.198,,,,,,,,,,,,,,,,,,,,,,,,,,,,,,,,,,,,,,,,,,,,,,,,,,,,,,,,,,,,,14.117647058823529,,,,21.9143489,39.3121678,
17:59:38.225,,,,,,,,,,,,,,,,,,,,,,,,,,,,,,,,,,,,,,,,,,,,,,,,,,,,,,0.745,,,,,,,,,,,21.9143489,39.3121678,
17:59:38.254,,,,,,,,,,,,,,,,,,,,,,,,,,,,,,,,,,,,,,,,,,,,,,,,,,,,,,,0.785,,,,,,,,,,21.9143489,39.3121678,
17:59:38.281,,,,,,,,,,,,,,,,,,,,,,,,,,,,,,,,,,,,,,,,,,,,,,,,,,,,,,,,,,2.34375,,,,,,,21.9143489,39.3121678,
17:59:38.321,,,,,,,,,,,,,,,,,,,,,,,,,,,,,,,,,,,,,,,,,,,,,,,,,0,,,,,,,,,,,,,,,,21.9143489,39.3121678,
17:59:38.386,,,,,,,,,,,,,,,,,,,,,,,,,,,,,,,,,,,,,,,,,,,,,,,,,,,,,,,,,,,1.5625,,,,,,21.9143489,39.3121678,
17:59:38.437,,,,,,,,,,,,,,,,,,,,,,,,,,,,,,,,,,,,,,,,,,,,,,,,,,0,,,,,,,,,,,,,,,21.9143489,39.3121678,
17:59:38.465,,,,,,,,,,,,,,,,,,,,,,,,,,,,,,,,,,643,0.6,,,,,,,,,,,,,,,,,,,,,,,,,,,,,,21.9143489,39.3121678,
17:59:38.510,,,,,,,,,,,,,,,,,,,,,,,,,0.07682262198645887,,93.3110426516392,,,0.0009493403888888889,11.913423,14.499545,12.890375,,,,,,,,,,,,,,,,,,,,,,,,,,,,,,0.02500331932919435,2,21.9143489,39.3121678,
17:59:38.556,,,,,,,,,,,,,,,,,,,,,,,,,,,,,,,,,,,,,,,,,,,,,,,,,,,,,,,,,,,,,,14.5,,,21.9143489,39.3121678,
17:59:38.621,,,,,,,,,,,,,,,,,,,,,,,,,,,,,,,,,,,,,,,,,,,,,,,,57,,,,,,,,,,,,,,,,,21.9143489,39.3121678,
17:59:38.689,,,,,,,,,,,,,,,,,,,,1810.7353770551065,0.14430781144932064,6.956583810043695,1.0123367241061645,,,,,1.883597211068471,,,,,,,,,,0.017190042270283635,0.017192,1.0086730000000002,0.130494,0.017361942692986472,0.017363919999999998,1.0187597300000002,0.13179894,,7.36900505733731,,,,5.42,,,,,6.504,,,,,,,,,21.9143489,39.3121678,
17:59:38.770,,,,,,,,,,,,,,,,,,,,,,,,,,,,,,,,,,,,,,,,,,,,,,,,,,,,,,,,,,,,,14.117647058823529,,,,21.9143489,39.3121678,
17:59:38.834,,,,,,,,,,,,,,,,,,,,,,,,,,,,,,,,,,,,,,,,,,,,,,,,,,,,,,0.745,,,,,,,,,,,21.9143489,39.3121678,
17:59:38.886,,,,,,,,,,,,,,,,,,,,,,,,,,,,,,,,,,,,,,,,,,,,,,,,,,,,,,,0.805,,,,,,,,,,21.9143489,39.3121678,
17:59:38.917,,,,,,,,,,,,,,,,,,,,,,,,,,,,,,,,,,,,,,,,,,,,,,,,,,,,,,,,,,-0.78125,,,,,,,21.9143489,39.3121678,
17:59:38.986,,,,,,,,,,,,,,,,,,,,,,,,,,,,,,,,,,,,,,,,,,,,,,,,,0,,,,,,,,,,,,,,,,21.9143489,39.3121678,
17:59:39.040,,,,,,,,,,,,,,,,,,,,,,,,,,,,,,,,,,,,,,,,,,,,,,,,,,,,,,,,,,,0,,,,,,21.9143489,39.3121678,
17:59:39.107,,,,,,,,,,,,,,,,,,,,,,,,,,,,,,,,,,,,,,,,,,,,,,,,,,0,,,,,,,,,,,,,,,21.9143489,39.3121678,
17:59:39.156,,,,,,,,,,,,,,,,,,,,,,,,,,,,,,,,,,640,0.6,,,,,,,,,,,,,,,,,,,,,,,,,,,,,,21.9143489,39.3121678,
17:59:39.221,,,,,,,,,,,,,,,,,,,,,,,,,0.122740021640418,,62.78657370228237,,,0.0015409732222222221,11.914015,14.500136999999999,12.890967,,,,,,,,,,,,,,,,,,,,,,,,,,,,,,0.02287790260379346,3,21.9143489,39.3121678,
17:59:39.302,,,,,,,,,,,,,,,,,,,,,,,,,,,,,,,,,,,,,,,,,,,,,,,,,,,,,,,,,,,,,,13.5,,,21.9143489,39.3121678,
17:59:39.341,,,,,,,,,,,,,,,,,,,,,,,,,,,,,,,,,,,,,,,,,,,,,,,,57,,,,,,,,,,,,,,,,,21.9143489,39.3121678,
17:59:39.401,,,,,,,,,,,,,,,,,,,,1141.7289483794589,0.14769160522292443,6.959085972773914,1.0154242113877106,,,,,2.046934976603929,,,,,,,,,,0.017593737364886838,0.017596,1.009077,0.13089800000000001,0.017769674738535707,0.01777196,1.0191677700000001,0.13220698,,8.008014720980952,,,,5.89,,,,,7.068,,,,,,,,,21.9143489,39.3121678,
17:59:39.453,,,,,,,,,,,,,,,,,,,,,,,,,,,,,,,,,,,,,,,,,,,,,,,,,,,,,,,,,,,,,14.117647058823529,,,,21.9143489,39.3121678,
17:59:39.490,,,,,,,,,,,,,,,,,,,,,,,,,,,,,,,,,,,,,,,,,,,,,,,,,,,,,,0.79,,,,,,,,,,,21.9143489,39.3121678,
17:59:39.553,,,,,,,,,,,,,,,,,,,,,,,,,,,,,,,,,,,,,,,,,,,,,,,,,,,,,,,0.77,,,,,,,,,,21.9143489,39.3121678,
17:59:39.605,,,,,,,,,,,,,,,,,,,,,,,,,,,,,,,,,,,,,,,,,,,,,,,,,,,,,,,,,,0,,,,,,,21.9143489,39.3121678,
17:59:39.634,,,,,,,,,,,,,,,,,,,,,,,,,,,,,,,,,,,,,,,,,,,,,,,,,0,,,,,,,,,,,,,,,,21.9143489,39.3121678,
17:59:39.662,,,,,,,,,,,,,,,,,,,,,,,,,,,,,,,,,,,,,,,,,,,,,,,,,,,,,,,,,,,2.34375,,,,,,21.9143489,39.3121678,
17:59:39.701,,,,,,,,,,,,,,,,,,,,,,,,,,,,,,,,,,,,,,,,,,,,,,,,,,0,,,,,,,,,,,,,,,21.9143489,39.3121678,
17:59:39.858,,,,,,,,,,,,,,,,,,,,,,,,,,,,,,,,,,666,0.7,,,,,,,,,,,,,,,,,,,,,,,,,,,,,,21.9143489,39.3121678,
17:59:39.909,,,,,,,,,,,,,,,,,,,,,,,,,0.18099992617247807,,51.17337441509823,,,0.0023070794444444444,11.914781,14.500903,12.891733,,,,,,,,,,,,,,,,,,,,,,,,,,,,,,0.033341755220788166,4,21.9143489,39.3121678,
17:59:39.969,,,,,,,,,,,,,,,,,,,,,,,,,,,,,,,,,,,,,,,,,,,,,,,,,,,,,,,,,,,,,,6.5,,,21.9143489,39.3121678,
17:59:40.058,,,,,,,,,,,,,,,,,,,,,,,,,,,,,,,,,,,,,,,,,,,,,,,,57,,,,,,,,,,,,,,,,,21.9143489,39.3121678,
17:59:40.085,,,,,,,,,,,,,,,,,,,,779.0248639658462,0.15086303306791793,6.961331994290288,1.0183037455088466,,,,,1.9948059024968678,,,,,,,,,,0.017972722503667334,0.017975,1.0094560000000001,0.131277,0.018152449728704008,0.01815475,1.0195505600000003,0.13258977,,7.804075466626598,,,,5.74,,,,,6.888,,,,,,,,,21.9143489,39.3121678,
17:59:40.149,,,,,,,,,,,,,,,,,,,,,,,,,,,,,,,,,,,,,,,,,,,,,,,,,,,,,,,,,,,,,14.117647058823529,,,,21.9143489,39.3121678,
17:59:40.177,,,,,,,,,,,,,,,,,,,,,,,,,,,,,,,,,,,,,,,,,,,,,,,,,,,,,,0.78,,,,,,,,,,,21.9143489,39.3121678,
17:59:40.204,,,,,,,,,,,,,,,,,,,,,,,,,,,,,,,,,,,,,,,,,,,,,,,,,,,,,,,0.76,,,,,,,,,,21.9143489,39.3121678,
17:59:40.233,,,,,,,,,,,,,,,,,,,,,,,,,,,,,,,,,,,,,,,,,,,,,,,,,,,,,,,,,,-0.78125,,,,,,,21.9143489,39.3121678,
17:59:40.262,,,,,,,,,,,,,,,,,,,,,,,,,,,,,,,,,,,,,,,,,,,,,,,,,0,,,,,,,,,,,,,,,,21.9143489,39.3121678,
17:59:40.302,,,,,,,,,,,,,,,,,,,,,,,,,,,,,,,,,,,,,,,,,,,,,,,,,,,,,,,,,,,2.34375,,,,,,21.9143489,39.3121678,
17:59:40.366,,,,,,,,,,,,,,,,,,,,,,,,,,,,,,,,,,,,,,,,,,,,,,,,,,0,,,,,,,,,,,,,,,21.9143489,39.3121678,
17:59:40.417,,,,,,,,,,,,,,,,,,,,,,,,,,,,,,,,,,646,0.6,,,,,,,,,,,,,,,,,,,,,,,,,,,,,,21.9143489,39.3121678,
17:59:40.445,,,,,,,,,,,,,,,,,,,,,,,,,0.22491969135761672,,49.87014756242169,,,0.002900247777777778,11.915374,14.501496,12.892326,,,,,,,,,,,,,,,,,,,,,,,,,,,,,,0.022847095079788337,4,21.9143489,39.3121678,
17:59:40.490,,,,,,,,,,,,,,,,,,,,,,,,,,,,,,,,,,,,,,,,,,,,,,,,,,,,,,,,,,,,,,6.5,,,21.9143489,39.3121678,
17:59:40.540,,,,,,,,,,,,,,,,,,,,,,,,,,,,,,,,,,,,,,,,,,,,,,,,57,,,,,,,,,,,,,,,,,21.9143489,39.3121678,
17:59:40.566,,,,,,,,,,,,,,,,,,,,628.9240686491763,0.15310472000291386,6.9628954143765585,1.0203356632464924,,,,,2.00523171731828,,,,,,,,,,0.018240356324907323,0.018243,1.009724,0.131545,0.018422759888156396,0.01842543,1.0198212400000002,0.13286045,,7.8448633174974685,,,,5.7700000000000005,,,,,6.924,,,,,,,,,21.9143489,39.3121678,
17:59:40.662,,,,,,,,,,,,,,,,,,,,,,,,,,,,,,,,,,,,,,,,,,,,,,,,,,,,,,,,,,,,,14.117647058823529,,,,21.9143489,39.3121678,
17:59:40.712,,,,,,,,,,,,,,,,,,,,,,,,,,,,,,,,,,,,,,,,,,,,,,,,,,,,,,0.765,,,,,,,,,,,21.9143489,39.3121678,
17:59:40.753,,,,,,,,,,,,,,,,,,,,,,,,,,,,,,,,,,,,,,,,,,,,,,,,,,,,,,,0.765,,,,,,,,,,21.9143489,39.3121678,
17:59:40.817,,,,,,,,,,,,,,,,,,,,,,,,,,,,,,,,,,,,,,,,,,,,,,,,,,,,,,,,,,-1.5625,,,,,,,21.9143489,39.3121678,
17:59:40.870,,,,,,,,,,,,,,,,,,,,,,,,,,,,,,,,,,,,,,,,,,,,,,,,,0,,,,,,,,,,,,,,,,21.9143489,39.3121678,
17:59:40.898,,,,,,,,,,,,,,,,,,,,,,,,,,,,,,,,,,,,,,,,,,,,,,,,,,,,,,,,,,,0,,,,,,21.9143489,39.3121678,
17:59:40.960,,,,,,,,,,,,,,,,,,,,,,,,,,,,,,,,,,,,,,,,,,,,,,,,,,0,,,,,,,,,,,,,,,21.9143489,39.3121678,
17:59:41.022,,,,,,,,,,,,,,,,,,,,,,,,,,,,,,,,,,648,0.6,,,,,,,,,,,,,,,,,,,,,,,,,,,,,,21.9143489,39.3121678,
17:59:41.085,,,,,,,,,,,,,,,,,,,,,,,,,0.28985989557507896,,40.1046343463656,,,0.0037891570833333333,11.916263,14.502385,12.893215000000001,,,,,,,,,,,,,,,,,,,,,,,,,,,,,,0.03300400837707608,5,21.9143489,39.3121678,
17:59:41.141,,,,,,,,,,,,,,,,,,,,,,,,,,,,,,,,,,,,,,,,,,,,,,,,,,,,,,,,,,,,,,2,,,21.9143489,39.3121678,
17:59:41.207,,,,,,,,,,,,,,,,,,,,,,,,,,,,,,,,,,,,,,,,,,,,,,,,57,,,,,,,,,,,,,,,,,21.9143489,39.3121678,
17:59:41.257,,,,,,,,,,,,,,,,,,,,491.96987081521956,0.156458446746266,6.965233649499721,1.023375473068587,,,,,2.0886382358895776,,,,,,,,,,0.018641511207860742,0.018644,1.0101250000000002,0.131946,0.01882792631993935,0.01883044,1.0202262500000001,0.13326546,,8.171166124464433,,,,6.01,,,,,7.212,,,,,,,,,21.9143489,39.3121678,
17:59:41.333,,,,,,,,,,,,,,,,,,,,,,,,,,,,,,,,,,,,,,,,,,,,,,,,,,,,,,,,,,,,,14.117647058823529,,,,21.9143489,39.3121678,
17:59:41.380,,,,,,,,,,,,,,,,,,,,,,,,,,,,,,,,,,,,,,,,,,,,,,,,,,,,,,0.755,,,,,,,,,,,21.9143489,39.3121678,
17:59:41.446,,,,,,,,,,,,,,,,,,,,,,,,,,,,,,,,,,,,,,,,,,,,,,,,,,,,,,,0.795,,,,,,,,,,21.9143489,39.3121678,
17:59:41.498,,,,,,,,,,,,,,,,,,,,,,,,,,,,,,,,,,,,,,,,,,,,,,,,,,,,,,,,,,-3.125,,,,,,,21.9143489,39.3121678,
17:59:41.525,,,,,,,,,,,,,,,,,,,,,,,,,,,,,,,,,,,,,,,,,,,,,,,,,0,,,,,,,,,,,,,,,,21.9143489,39.3121678,
17:59:41.563,,,,,,,,,,,,,,,,,,,,,,,,,,,,,,,,,,,,,,,,,,,,,,,,,,,,,,,,,,,-1.5625,,,,,,21.9143489,39.3121678,
17:59:41.630,,,,,,,,,,,,,,,,,,,,,,,,,,,,,,,,,,,,,,,,,,,,,,,,,,0,,,,,,,,,,,,,,,21.9143489,39.3121678,
17:59:41.682,,,,,,,,,,,,,,,,,,,,,,,,,,,,,,,,,,639,0.6,,,,,,,,,,,,,,,,,,,,,,,,,,,,,,21.9143489,39.3121678,
17:59:41.745,,,,,,,,,,,,,,,,,,,,,,,,,0.3550319569609247,,41.77276471779155,,,0.004706228611111111,11.91718,14.503302,12.894132,,,,,,,,,,,,,,,,,,,,,,,,,,,,,,0.02244654349369487,5,21.9143489,39.3121678,
17:59:41.803,,,,,,,,,,,,,,,,,,,,,,,,,,,,,,,,,,,,,,,,,,,,,,,,,,,,,,,,,,,,,,-2,,,21.9143489,39.3121678,
17:59:41.865,,,,,,,,,,,,,,,,,,,,,,,,,,,,,,,,,,,,,,,,,,,,,,,,57,,,,,,,,,,,,,,,,,21.9143489,39.3121678,
17:59:41.929,,,,,,,,,,,,,,,,,,,,404.54616750193975,0.15977773265151654,6.96753056648755,1.0263816129693724,,,,,2.126866223568089,,,,,,,,,,0.019038867480129767,0.019041,1.0105220000000001,0.132343,0.019229256154931065,0.019231409999999997,1.0206272200000002,0.13366643,,8.320721577657627,,,,6.12,,,,,7.343999999999999,,,,,,,,,21.9143489,39.3121678,
17:59:41.982,,,,,,,,,,,,,,,,,,,,,,,,,,,,,,,,,,,,,,,,,,,,,,,,,,,,,,,,,,,,,14.509803921568627,,,,21.9143489,39.3121678,
17:59:42.046,,,,,,,,,,,,,,,,,,,,,,,,,,,,,,,,,,,,,,,,,,,,,,,,,,,,,,0.755,,,,,,,,,,,21.9143489,39.3121678,
17:59:42.098,,,,,,,,,,,,,,,,,,,,,,,,,,,,,,,,,,,,,,,,,,,,,,,,,,,,,,,0.775,,,,,,,,,,21.9143489,39.3121678,
17:59:42.125,,,,,,,,,,,,,,,,,,,,,,,,,,,,,,,,,,,,,,,,,,,,,,,,,,,,,,,,,,-1.5625,,,,,,,21.9143489,39.3121678,
17:59:42.154,,,,,,,,,,,,,,,,,,,,,,,,,,,,,,,,,,,,,,,,,,,,,,,,,0,,,,,,,,,,,,,,,,21.9143489,39.3121678,
17:59:42.193,,,,,,,,,,,,,,,,,,,,,,,,,,,,,,,,,,,,,,,,,,,,,,,,,,,,,,,,,,,-1.5625,,,,,,21.9143489,39.3121678,
17:59:42.256,,,,,,,,,,,,,,,,,,,,,,,,,,,,,,,,,,,,,,,,,,,,,,,,,,0,,,,,,,,,,,,,,,21.9143489,39.3121678,
17:59:42.305,,,,,,,,,,,,,,,,,,,,,,,,,,,,,,,,,,657,0.7,,,,,,,,,,,,,,,,,,,,,,,,,,,,,,21.9143489,39.3121678,
17:59:42.333,,,,,,,,,,,,,,,,,,,,,,,,,0.41151055697274697,,42.537324471361785,,,0.00552204,11.917996,14.504118,12.894948000000001,,,,,,,,,,,,,,,,,,,,,,,,,,,,,,0.01168766032543211,5,21.9143489,39.3121678,
17:59:42.361,,,,,,,,,,,,,,,,,,,,,,,,,,,,,,,,,,,,,,,,,,,,,,,,,,,,,,,,,,,,,,0.5,,,21.9143489,39.3121678,
17:59:42.400,,,,,,,,,,,,,,,,,,,,,,,,,,,,,,,,,,,,,,,,,,,,,,,,57,,,,,,,,,,,,,,,,,21.9143489,39.3121678,
17:59:42.474,,,,,,,,,,,,,,,,,,,,350.7175267349021,0.16251893355225158,6.969400000744617,1.0288602947448877,,,,,2.168569482853738,,,,,,,,,,0.019366762113311987,0.019369,1.01085,0.132671,0.019560429734445106,0.01956269,1.0209585000000003,0.13399771,,8.483872981141111,,,,6.24,,,,,7.4879999999999995,,,,,,,,,21.9143489,39.3121678,
17:59:42.525,,,,,,,,,,,,,,,,,,,,,,,,,,,,,,,,,,,,,,,,,,,,,,,,,,,,,,,,,,,,,14.509803921568627,,,,21.9143489,39.3121678,
17:59:42.614,,,,,,,,,,,,,,,,,,,,,,,,,,,,,,,,,,,,,,,,,,,,,,,,,,,,,,0.75,,,,,,,,,,,21.9143489,39.3121678,
17:59:42.664,,,,,,,,,,,,,,,,,,,,,,,,,,,,,,,,,,,,,,,,,,,,,,,,,,,,,,,0.765,,,,,,,,,,21.9143489,39.3121678,
17:59:42.694,,,,,,,,,,,,,,,,,,,,,,,,,,,,,,,,,,,,,,,,,,,,,,,,,,,,,,,,,,-1.5625,,,,,,,21.9143489,39.3121678,
17:59:42.722,,,,,,,,,,,,,,,,,,,,,,,,,,,,,,,,,,,,,,,,,,,,,,,,,0,,,,,,,,,,,,,,,,21.9143489,39.3121678,
17:59:42.762,,,,,,,,,,,,,,,,,,,,,,,,,,,,,,,,,,,,,,,,,,,,,,,,,,,,,,,,,,,0.78125,,,,,,21.9143489,39.3121678,
17:59:42.826,,,,,,,,,,,,,,,,,,,,,,,,,,,,,,,,,,,,,,,,,,,,,,,,,,0,,,,,,,,,,,,,,,21.9143489,39.3121678,
17:59:42.878,,,,,,,,,,,,,,,,,,,,,,,,,,,,,,,,,,665,0.7,,,,,,,,,,,,,,,,,,,,,,,,,,,,,,21.9143489,39.3121678,
17:59:42.941,,,,,,,,,,,,,,,,,,,,,,,,,0.46858613690175666,,43.37138965707476,,,0.006367134305555555,11.918841,14.504963,12.895793000000001,,,,,,,,,,,,,,,,,,,,,,,,,,,,,,0.011349222323382268,5,21.9143489,39.3121678,
17:59:43.011,,,,,,,,,,,,,,,,,,,,,,,,,,,,,,,,,,,,,,,,,,,,,,,,,,,,,,,,,,,,,,1.5,,,21.9143489,39.3121678,
17:59:43.088,,,,,,,,,,,,,,,,,,,,,,,,,,,,,,,,,,,,,,,,,,,,,,,,57,,,,,,,,,,,,,,,,,21.9143489,39.3121678,
17:59:43.113,,,,,,,,,,,,,,,,,,,,310.0180136814344,0.16563691050161672,6.971565525537707,1.0316852945763009,,,,,2.0990640507109894,,,,,,,,,,0.019739263302512525,0.019742,1.011223,0.133044,0.019936655935537652,0.01993942,1.0213352300000003,0.13437443999999998,,8.211953975335303,,,,6.04,,,,,7.247999999999999,,,,,,,,,21.9143489,39.3121678,
17:59:43.177,,,,,,,,,,,,,,,,,,,,,,,,,,,,,,,,,,,,,,,,,,,,,,,,,,,,,,,,,,,,,14.117647058823529,,,,21.9143489,39.3121678,
17:59:43.222,,,,,,,,,,,,,,,,,,,,,,,,,,,,,,,,,,,,,,,,,,,,,,,,,,,,,,0.79,,,,,,,,,,,21.9143489,39.3121678,
17:59:43.272,,,,,,,,,,,,,,,,,,,,,,,,,,,,,,,,,,,,,,,,,,,,,,,,,,,,,,,0.76,,,,,,,,,,21.9143489,39.3121678,
17:59:43.325,,,,,,,,,,,,,,,,,,,,,,,,,,,,,,,,,,,,,,,,,,,,,,,,,,,,,,,,,,-4.6875,,,,,,,21.9143489,39.3121678,
17:59:43.365,,,,,,,,,,,,,,,,,,,,,,,,,,,,,,,,,,,,,,,,,,,,,,,,,0,,,,,,,,,,,,,,,,21.9143489,39.3121678,
17:59:43.430,,,,,,,,,,,,,,,,,,,,,,,,,,,,,,,,,,,,,,,,,,,,,,,,,,,,,,,,,,,-2.34375,,,,,,21.9143489,39.3121678,
17:59:43.481,,,,,,,,,,,,,,,,,,,,,,,,,,,,,,,,,,,,,,,,,,,,,,,,,,0,,,,,,,,,,,,,,,21.9143489,39.3121678,
17:59:43.545,,,,,,,,,,,,,,,,,,,,,,,,,,,,,,,,,,645,0.6,,,,,,,,,,,,,,,,,,,,,,,,,,,,,,21.9143489,39.3121678,
17:59:43.597,,,,,,,,,,,,,,,,,,,,,,,,,0.5153416747461433,,52.47660126777474,,,0.0070964027499999995,11.91957,14.505692,12.896522000000001,,,,,,,,,,,,,,,,,,,,,,,,,,,,,,-0.011274589203687931,4,21.9143489,39.3121678,
17:59:43.665,,,,,,,,,,,,,,,,,,,,,,,,,,,,,,,,,,,,,,,,,,,,,,,,,,,,,,,,,,,,,,0,,,21.9143489,39.3121678,
17:59:43.730,,,,,,,,,,,,,,,,,,,,,,,,,,,,,,,,,,,,,,,,,,,,,,,,57,,,,,,,,,,,,,,,,,21.9143489,39.3121678,
17:59:43.782,,,,,,,,,,,,,,,,,,,,282.4462266799188,0.16817720773484277,6.973310890648996,1.0339842013218756,,,,,1.6368529269617156,,,,,,,,,,0.02004352179738499,0.020046,1.011527,0.133348,0.02024395701535884,0.02024646,1.0216422700000003,0.13468148,,6.403692586726703,,,,4.71,,,,,5.652,,,,,,,,,21.9143489,39.3121678,
17:59:43.834,,,,,,,,,,,,,,,,,,,,,,,,,,,,,,,,,,,,,,,,,,,,,,,,,,,,,,,,,,,,,13.72549019607843,,,,21.9143489,39.3121678,
17:59:43.885,,,,,,,,,,,,,,,,,,,,,,,,,,,,,,,,,,,,,,,,,,,,,,,,,,,,,,0.775,,,,,,,,,,,21.9143489,39.3121678,
17:59:43.925,,,,,,,,,,,,,,,,,,,,,,,,,,,,,,,,,,,,,,,,,,,,,,,,,,,,,,,0.795,,,,,,,,,,21.9143489,39.3121678,
17:59:43.965,,,,,,,,,,,,,,,,,,,,,,,,,,,,,,,,,,,,,,,,,,,,,,,,,,,,,,,,,,-4.6875,,,,,,,21.9143489,39.3121678,
17:59:44.017,,,,,,,,,,,,,,,,,,,,,,,,,,,,,,,,,,,,,,,,,,,,,,,,,0,,,,,,,,,,,,,,,,21.9143489,39.3121678,
17:59:44.044,,,,,,,,,,,,,,,,,,,,,,,,,,,,,,,,,,,,,,,,,,,,,,,,,,,,,,,,,,,-4.6875,,,,,,21.9143489,39.3121678,
17:59:44.073,,,,,,,,,,,,,,,,,,,,,,,,,,,,,,,,,,,,,,,,,,,,,,,,,,0,,,,,,,,,,,,,,,21.9143489,39.3121678,
17:59:44.113,,,,,,,,,,,,,,,,,,,,,,,,,,,,,,,,,,643,0.6,,,,,,,,,,,,,,,,,,,,,,,,,,,,,,21.9143489,39.3121678,
17:59:44.166,,,,,,,,,,,,,,,,,,,,,,,,,0.5548924187817845,,40.92132317404289,,,0.007728748861111111,11.920202,14.506324,12.897154,,,,,,,,,,,,,,,,,,,,,,,,,,,,,,-0.011700716080906122,4,21.9143489,39.3121678,
17:59:44.198,,,,,,,,,,,,,,,,,,,,,,,,,,,,,,,,,,,,,,,,,,,,,,,,,,,,,,,,,,,,,,-1.5,,,21.9143489,39.3121678,
17:59:44.225,,,,,,,,,,,,,,,,,,,,,,,,,,,,,,,,,,,,,,,,,,,,,,,,57,,,,,,,,,,,,,,,,,21.9143489,39.3121678,
17:59:44.262,,,,,,,,,,,,,,,,,,,,262.03403019321763,0.16991322798053257,6.974440940378831,1.03554629184082,,,,,1.56387222321183,,,,,,,,,,0.020251952124281852,0.020254,1.011735,0.133556,0.02045447164552467,0.020456540000000002,1.0218523500000003,0.13489156,,6.1181776306306075,,,,4.5,,,,,5.3999999999999995,,,,,,,,,21.9143489,39.3121678,
17:59:44.312,,,,,,,,,,,,,,,,,,,,,,,,,,,,,,,,,,,,,,,,,,,,,,,,,,,,,,,,,,,,,13.72549019607843,,,,21.9143489,39.3121678,
17:59:44.373,,,,,,,,,,,,,,,,,,,,,,,,,,,,,,,,,,,,,,,,,,,,,,,,,,,,,,0.76,,,,,,,,,,,21.9143489,39.3121678,
17:59:44.414,,,,,,,,,,,,,,,,,,,,,,,,,,,,,,,,,,,,,,,,,,,,,,,,,,,,,,,0.795,,,,,,,,,,21.9143489,39.3121678,
17:59:44.477,,,,,,,,,,,,,,,,,,,,,,,,,,,,,,,,,,,,,,,,,,,,,,,,,,,,,,,,,,-5.46875,,,,,,,21.9143489,39.3121678,
17:59:44.530,,,,,,,,,,,,,,,,,,,,,,,,,,,,,,,,,,,,,,,,,,,,,,,,,0,,,,,,,,,,,,,,,,21.9143489,39.3121678,
17:59:44.595,,,,,,,,,,,,,,,,,,,,,,,,,,,,,,,,,,,,,,,,,,,,,,,,,,,,,,,,,,,-3.90625,,,,,,21.9143489,39.3121678,
17:59:44.649,,,,,,,,,,,,,,,,,,,,,,,,,,,,,,,,,,,,,,,,,,,,,,,,,,0,,,,,,,,,,,,,,,21.9143489,39.3121678,
17:59:44.677,,,,,,,,,,,,,,,,,,,,,,,,,,,,,,,,,,648,0.6,,,,,,,,,,,,,,,,,,,,,,,,,,,,,,21.9143489,39.3121678,
17:59:44.741,,,,,,,,,,,,,,,,,,,,,,,,,0.5939219783786738,,39.09680558029575,,,0.008367158527777778,11.92084,14.506962,12.897792,,,,,,,,,,,,,,,,,,,,,,,,,,,,,,-0.011762333450601003,4,21.9143489,39.3121678,
17:59:44.798,,,,,,,,,,,,,,,,,,,,,,,,,,,,,,,,,,,,,,,,,,,,,,,,,,,,,,,,,,,,,,3.5,,,21.9143489,39.3121678,
17:59:44.826,,,,,,,,,,,,,,,,,,,,,,,,,,,,,,,,,,,,,,,,,,,,,,,,57,,,,,,,,,,,,,,,,,21.9143489,39.3121678,
17:59:44.867,,,,,,,,,,,,,,,,,,,,245.19172388124565,0.1721187433100352,6.9759540281418,1.0375419296574173,,,,,1.5673474948189674,,,,,,,,,,0.020515580234134984,0.020518,1.011999,0.13382,0.020720736036476336,0.02072318,1.0221189900000003,0.1351582,,6.1317735809209,,,,4.51,,,,,5.412,,,,,,,,,21.9143489,39.3121678,
17:59:44.917,,,,,,,,,,,,,,,,,,,,,,,,,,,,,,,,,,,,,,,,,,,,,,,,,,,,,,,,,,,,,13.72549019607843,,,,21.9143489,39.3121678,
17:59:44.946,,,,,,,,,,,,,,,,,,,,,,,,,,,,,,,,,,,,,,,,,,,,,,,,,,,,,,0.755,,,,,,,,,,,21.9143489,39.3121678,
17:59:44.973,,,,,,,,,,,,,,,,,,,,,,,,,,,,,,,,,,,,,,,,,,,,,,,,,,,,,,,0.775,,,,,,,,,,21.9143489,39.3121678,
17:59:45.001,,,,,,,,,,,,,,,,,,,,,,,,,,,,,,,,,,,,,,,,,,,,,,,,,,,,,,,,,,-4.6875,,,,,,,21.9143489,39.3121678,
17:59:45.034,,,,,,,,,,,,,,,,,,,,,,,,,,,,,,,,,,,,,,,,,,,,,,,,,0,,,,,,,,,,,,,,,,21.9143489,39.3121678,
17:59:45.062,,,,,,,,,,,,,,,,,,,,,,,,,,,,,,,,,,,,,,,,,,,,,,,,,,,,,,,,,,,-5.46875,,,,,,21.9143489,39.3121678,
17:59:45.101,,,,,,,,,,,,,,,,,,,,,,,,,,,,,,,,,,,,,,,,,,,,,,,,,,0,,,,,,,,,,,,,,,21.9143489,39.3121678,
17:59:45.177,,,,,,,,,,,,,,,,,,,,,,,,,,,,,,,,,,652,0.7,,,,,,,,,,,,,,,,,,,,,,,,,,,,,,21.9143489,39.3121678,
17:59:45.217,,,,,,,,,,,,,,,,,,,,,,,,,0.6256188651992429,,39.18368737047418,,,0.008896494083333333,11.921369,14.507491,12.898321000000001,,,,,,,,,,,,,,,,,,,,,,,,,,,,,,-0.012442025414666682,4,21.9143489,39.3121678,
17:59:45.286,,,,,,,,,,,,,,,,,,,,,,,,,,,,,,,,,,,,,,,,,,,,,,,,,,,,,,,,,,,,,,4.5,,,21.9143489,39.3121678,
17:59:45.338,,,,,,,,,,,,,,,,,,,,,,,,,,,,,,,,,,,,,,,,,,,,,,,,57,,,,,,,,,,,,,,,,,21.9143489,39.3121678,
17:59:45.365,,,,,,,,,,,,,,,,,,,,233.03345955002547,0.17392297814118496,6.977188543491084,1.0391740134239176,,,,,1.56387222321183,,,,,,,,,,0.020731807941054992,0.020734,1.012215,0.134036,0.02093912602046554,0.02094134,1.0223371500000002,0.13537636,,6.1181776306306075,,,,4.5,,,,,5.3999999999999995,,,,,,,,,21.9143489,39.3121678,
17:59:45.426,,,,,,,,,,,,,,,,,,,,,,,,,,,,,,,,,,,,,,,,,,,,,,,,,,,,,,,,,,,,,13.72549019607843,,,,21.9143489,39.3121678,
17:59:45.453,,,,,,,,,,,,,,,,,,,,,,,,,,,,,,,,,,,,,,,,,,,,,,,,,,,,,,0.75,,,,,,,,,,,21.9143489,39.3121678,
17:59:45.482,,,,,,,,,,,,,,,,,,,,,,,,,,,,,,,,,,,,,,,,,,,,,,,,,,,,,,,0.77,,,,,,,,,,21.9143489,39.3121678,
17:59:45.521,,,,,,,,,,,,,,,,,,,,,,,,,,,,,,,,,,,,,,,,,,,,,,,,,,,,,,,,,,-7.03125,,,,,,,21.9143489,39.3121678,
17:59:45.596,,,,,,,,,,,,,,,,,,,,,,,,,,,,,,,,,,,,,,,,,,,,,,,,,0,,,,,,,,,,,,,,,,21.9143489,39.3121678,
17:59:45.644,,,,,,,,,,,,,,,,,,,,,,,,,,,,,,,,,,,,,,,,,,,,,,,,,,,,,,,,,,,-6.25,,,,,,21.9143489,39.3121678,
17:59:45.698,,,,,,,,,,,,,,,,,,,,,,,,,,,,,,,,,,,,,,,,,,,,,,,,,,0,,,,,,,,,,,,,,,21.9143489,39.3121678,
17:59:45.726,,,,,,,,,,,,,,,,,,,,,,,,,,,,,,,,,,654,0.7,,,,,,,,,,,,,,,,,,,,,,,,,,,,,,21.9143489,39.3121678,
17:59:45.752,,,,,,,,,,,,,,,,,,,,,,,,,0.6605900853679348,,39.09680558029575,,,0.009492170083333333,11.921965,14.508087,12.898917,,,,,,,,,,,,,,,,,,,,,,,,,,,,,,0,4,21.9143489,39.3121678,
17:59:45.821,,,,,,,,,,,,,,,,,,,,,,,,,,,,,,,,,,,,,,,,,,,,,,,,,,,,,,,,,,,,,,5,,,21.9143489,39.3121678,
17:59:45.884,,,,,,,,,,,,,,,,,,,,,,,,,,,,,,,,,,,,,,,,,,,,,,,,57,,,,,,,,,,,,,,,,,21.9143489,39.3121678,
17:59:45.937,,,,,,,,,,,,,,,,,,,,221.00386446074842,0.17597770166243568,6.978597522884996,1.0410331347972857,,,,,1.5499711367832807,,,,,,,,,,0.020978062705353708,0.02098,1.012461,0.134282,0.021187843332407245,0.021189799999999998,1.0225856100000001,0.13562482,,6.063793829469447,,,,4.46,,,,,5.351999999999999,,,,,,,,,21.9143489,39.3121678,
17:59:45.996,,,,,,,,,,,,,,,,,,,,,,,,,,,,,,,,,,,,,,,,,,,,,,,,,,,,,,,,,,,,,13.72549019607843,,,,21.9143489,39.3121678,
17:59:46.034,,,,,,,,,,,,,,,,,,,,,,,,,,,,,,,,,,,,,,,,,,,,,,,,,,,,,,0.795,,,,,,,,,,,21.9143489,39.3121678,
17:59:46.089,,,,,,,,,,,,,,,,,,,,,,,,,,,,,,,,,,,,,,,,,,,,,,,,,,,,,,,0.765,,,,,,,,,,21.9143489,39.3121678,
17:59:46.118,,,,,,,,,,,,,,,,,,,,,,,,,,,,,,,,,,,,,,,,,,,,,,,,,,,,,,,,,,-8.59375,,,,,,,21.9143489,39.3121678,
17:59:46.181,,,,,,,,,,,,,,,,,,,,,,,,,,,,,,,,,,,,,,,,,,,,,,,,,0,,,,,,,,,,,,,,,,21.9143489,39.3121678,
17:59:46.246,,,,,,,,,,,,,,,,,,,,,,,,,,,,,,,,,,,,,,,,,,,,,,,,,,,,,,,,,,,-7.03125,,,,,,21.9143489,39.3121678,
17:59:46.297,,,,,,,,,,,,,,,,,,,,,,,,,,,,,,,,,,,,,,,,,,,,,,,,,,0,,,,,,,,,,,,,,,21.9143489,39.3121678,
17:59:46.324,,,,,,,,,,,,,,,,,,,,,,,,,,,,,,,,,,656,0.7,,,,,,,,,,,,,,,,,,,,,,,,,,,,,,21.9143489,39.3121678,
17:59:46.366,,,,,,,,,,,,,,,,,,,,,,,,,0.699736934894842,,38.74927841958202,,,0.010173946083333333,11.922647,14.508769,12.899599,,,,,,,,,,,,,,,,,,,,,,,,,,,,,,0,4,21.9143489,39.3121678,
17:59:46.421,,,,,,,,,,,,,,,,,,,,,,,,,,,,,,,,,,,,,,,,,,,,,,,,,,,,,,,,,,,,,,9,,,21.9143489,39.3121678,
17:59:46.474,,,,,,,,,,,,,,,,,,,,,,,,,,,,,,,,,,,,,,,,,,,,,,,,57,,,,,,,,,,,,,,,,,21.9143489,39.3121678,
17:59:46.501,,,,,,,,,,,,,,,,,,,,208.57036773439748,0.177997385983163,6.979937443348917,1.0428541228297097,,,,,1.543020593569006,,,,,,,,,,0.02121983675910766,0.021222,1.0127030000000001,0.134524,0.021432035126698737,0.02143422,1.0228300300000002,0.13586924,,6.036601928888868,,,,4.44,,,,,5.328,,,,,,,,,21.9143489,39.3121678,
17:59:46.573,,,,,,,,,,,,,,,,,,,,,,,,,,,,,,,,,,,,,,,,,,,,,,,,,,,,,,,,,,,,,13.72549019607843,,,,21.9143489,39.3121678,
17:59:46.638,,,,,,,,,,,,,,,,,,,,,,,,,,,,,,,,,,,,,,,,,,,,,,,,,,,,,,0.785,,,,,,,,,,,21.9143489,39.3121678,
17:59:46.688,,,,,,,,,,,,,,,,,,,,,,,,,,,,,,,,,,,,,,,,,,,,,,,,,,,,,,,0.785,,,,,,,,,,21.9143489,39.3121678,
17:59:46.717,,,,,,,,,,,,,,,,,,,,,,,,,,,,,,,,,,,,,,,,,,,,,,,,,,,,,,,,,,-9.375,,,,,,,21.9143489,39.3121678,
17:59:46.745,,,,,,,,,,,,,,,,,,,,,,,,,,,,,,,,,,,,,,,,,,,,,,,,,0,,,,,,,,,,,,,,,,21.9143489,39.3121678,
17:59:46.774,,,,,,,,,,,,,,,,,,,,,,,,,,,,,,,,,,,,,,,,,,,,,,,,,,,,,,,,,,,-7.8125,,,,,,21.9143489,39.3121678,
17:59:46.805,,,,,,,,,,,,,,,,,,,,,,,,,,,,,,,,,,,,,,,,,,,,,,,,,,0,,,,,,,,,,,,,,,21.9143489,39.3121678,
17:59:46.865,,,,,,,,,,,,,,,,,,,,,,,,,,,,,,,,,,659,0.7,,,,,,,,,,,,,,,,,,,,,,,,,,,,,,21.9143489,39.3121678,
17:59:46.905,,,,,,,,,,,,,,,,,,,,,,,,,0.7231827945439862,,51.43401978563354,,,0.010623119333333333,11.923096,14.509217999999999,12.900048,,,,,,,,,,,,,,,,,,,,,,,,,,,,,,-0.013084859245645956,3,21.9143489,39.3121678,
17:59:46.953,,,,,,,,,,,,,,,,,,,,,,,,,,,,,,,,,,,,,,,,,,,,,,,,,,,,,,,,,,,,,,11.5,,,21.9143489,39.3121678,
17:59:46.994,,,,,,,,,,,,,,,,,,,,,,,,,,,,,,,,,,,,,,,,,,,,,,,,57,,,,,,,,,,,,,,,,,21.9143489,39.3121678,
17:59:47.057,,,,,,,,,,,,,,,,,,,,202.0279668470089,0.18002035712871892,6.981389348481772,1.044693787185908,,,,,1.56387222321183,,,,,,,,,,0.02146167200486486,0.021464,1.012945,0.134766,0.02167628872491351,0.02167864,1.0230744500000002,0.13611366,,6.1181776306306075,,,,4.5,,,,,5.3999999999999995,,,,,,,,,21.9143489,39.3121678,
17:59:47.110,,,,,,,,,,,,,,,,,,,,,,,,,,,,,,,,,,,,,,,,,,,,,,,,,,,,,,,,,,,,,13.72549019607843,,,,21.9143489,39.3121678,
17:59:47.137,,,,,,,,,,,,,,,,,,,,,,,,,,,,,,,,,,,,,,,,,,,,,,,,,,,,,,0.77,,,,,,,,,,,21.9143489,39.3121678,
17:59:47.165,,,,,,,,,,,,,,,,,,,,,,,,,,,,,,,,,,,,,,,,,,,,,,,,,,,,,,,0.795,,,,,,,,,,21.9143489,39.3121678,
17:59:47.194,,,,,,,,,,,,,,,,,,,,,,,,,,,,,,,,,,,,,,,,,,,,,,,,,,,,,,,,,,-8.59375,,,,,,,21.9143489,39.3121678,
17:59:47.225,,,,,,,,,,,,,,,,,,,,,,,,,,,,,,,,,,,,,,,,,,,,,,,,,0,,,,,,,,,,,,,,,,21.9143489,39.3121678,
17:59:47.266,,,,,,,,,,,,,,,,,,,,,,,,,,,,,,,,,,,,,,,,,,,,,,,,,,,,,,,,,,,-9.375,,,,,,21.9143489,39.3121678,
17:59:47.329,,,,,,,,,,,,,,,,,,,,,,,,,,,,,,,,,,,,,,,,,,,,,,,,,,0,,,,,,,,,,,,,,,21.9143489,39.3121678,
17:59:47.381,,,,,,,,,,,,,,,,,,,,,,,,,,,,,,,,,,654,0.7,,,,,,,,,,,,,,,,,,,,,,,,,,,,,,21.9143489,39.3121678,
17:59:47.446,,,,,,,,,,,,,,,,,,,,,,,,,0.7259847270810222,,156.387222321183,,,0.010773325194444445,11.923246,14.509368,12.900198000000001,,,,,,,,,,,,,,,,,,,,,,,,,,,,,,-0.03812620588904861,1,21.9143489,39.3121678,
17:59:47.505,,,,,,,,,,,,,,,,,,,,,,,,,,,,,,,,,,,,,,,,,,,,,,,,,,,,,,,,,,,,,,12,,,21.9143489,39.3121678,
17:59:47.570,,,,,,,,,,,,,,,,,,,,,,,,,,,,,,,,,,,,,,,,,,,,,,,,57,,,,,,,,,,,,,,,,,21.9143489,39.3121678,
17:59:47.621,,,,,,,,,,,,,,,,,,,,201.508748317793,0.18209806289327585,6.9830264143827625,1.0466040908829461,,,,,1.581248581247517,,,,,,,,,,0.02170919275153044,0.021712,1.013193,0.135014,0.021926284679045744,0.02192912,1.0233249300000002,0.13636414,,6.186157382082059,,,,4.55,,,,,5.46,,,,,,,,,21.9143489,39.3121678,
17:59:47.673,,,,,,,,,,,,,,,,,,,,,,,,,,,,,,,,,,,,,,,,,,,,,,,,,,,,,,,,,,,,,13.72549019607843,,,,21.9143489,39.3121678,
17:59:47.737,,,,,,,,,,,,,,,,,,,,,,,,,,,,,,,,,,,,,,,,,,,,,,,,,,,,,,0.76,,,,,,,,,,,21.9143489,39.3121678,
17:59:47.777,,,,,,,,,,,,,,,,,,,,,,,,,,,,,,,,,,,,,,,,,,,,,,,,,,,,,,,0.785,,,,,,,,,,21.9143489,39.3121678,
17:59:47.828,,,,,,,,,,,,,,,,,,,,,,,,,,,,,,,,,,,,,,,,,,,,,,,,,,,,,,,,,,-7.8125,,,,,,,21.9143489,39.3121678,
17:59:47.858,,,,,,,,,,,,,,,,,,,,,,,,,,,,,,,,,,,,,,,,,,,,,,,,,0,,,,,,,,,,,,,,,,21.9143489,39.3121678,
17:59:47.886,,,,,,,,,,,,,,,,,,,,,,,,,,,,,,,,,,,,,,,,,,,,,,,,,,,,,,,,,,,-10.15625,,,,,,21.9143489,39.3121678,
17:59:47.913,,,,,,,,,,,,,,,,,,,,,,,,,,,,,,,,,,,,,,,,,,,,,,,,,,0,,,,,,,,,,,,,,,21.9143489,39.3121678,
17:59:47.950,,,,,,,,,,,,,,,,,,,,,,,,,,,,,,,,,,640,0.6,,,,,,,,,,,,,,,,,,,,,,,,,,,,,,21.9143489,39.3121678,
17:59:48.013,,,,,,,,,,,,,,,,,,,,,,,,,0.7183656414344799,,,,,0.010773325194444445,11.923246,14.509368,12.900198000000001,,,,,,,,,,,,,,,,,,,,,,,,,,,,,,-0.05010865464071827,0,21.9143489,39.3121678,
17:59:48.069,,,,,,,,,,,,,,,,,,,,,,,,,,,,,,,,,,,,,,,,,,,,,,,,,,,,,,,,,,,,,,11,,,21.9143489,39.3121678,
17:59:48.098,,,,,,,,,,,,,,,,,,,,,,,,,,,,,,,,,,,,,,,,,,,,,,,,57,,,,,,,,,,,,,,,,,21.9143489,39.3121678,
17:59:48.125,,,,,,,,,,,,,,,,,,,,203.51068775991834,0.18390965010702623,6.984515107756589,1.0482784837876131,,,,,1.543020593569006,,,,,,,,,,0.02192486819782645,0.021928,1.013409,0.13523,0.022144116879804714,0.02214728,1.0235430900000002,0.1365823,,6.036601928888868,,,,4.44,,,,,5.328,,,,,,,,,21.9143489,39.3121678,
17:59:48.190,,,,,,,,,,,,,,,,,,,,,,,,,,,,,,,,,,,,,,,,,,,,,,,,,,,,,,,,,,,,,13.72549019607843,,,,21.9143489,39.3121678,
17:59:48.253,,,,,,,,,,,,,,,,,,,,,,,,,,,,,,,,,,,,,,,,,,,,,,,,,,,,,,0.755,,,,,,,,,,,21.9143489,39.3121678,
17:59:48.306,,,,,,,,,,,,,,,,,,,,,,,,,,,,,,,,,,,,,,,,,,,,,,,,,,,,,,,0.775,,,,,,,,,,21.9143489,39.3121678,
17:59:48.334,,,,,,,,,,,,,,,,,,,,,,,,,,,,,,,,,,,,,,,,,,,,,,,,,,,,,,,,,,-7.8125,,,,,,,21.9143489,39.3121678,
17:59:48.373,,,,,,,,,,,,,,,,,,,,,,,,,,,,,,,,,,,,,,,,,,,,,,,,,0,,,,,,,,,,,,,,,,21.9143489,39.3121678,
17:59:48.425,,,,,,,,,,,,,,,,,,,,,,,,,,,,,,,,,,,,,,,,,,,,,,,,,,,,,,,,,,,-7.8125,,,,,,21.9143489,39.3121678,
17:59:48.455,,,,,,,,,,,,,,,,,,,,,,,,,,,,,,,,,,,,,,,,,,,,,,,,,,0,,,,,,,,,,,,,,,21.9143489,39.3121678,
17:59:48.493,,,,,,,,,,,,,,,,,,,,,,,,,,,,,,,,,,641,0.6,,,,,,,,,,,,,,,,,,,,,,,,,,,,,,21.9143489,39.3121678,
17:59:48.557,,,,,,,,,,,,,,,,,,,,,,,,,0.7112100741882853,,,,,0.010773325194444445,11.923246,14.509368,12.900198000000001,,,,,,,,,,,,,,,,,,,,,,,,,,,,,,-0.05171579906325693,0,21.9143489,39.3121678,
17:59:48.603,,,,,,,,,,,,,,,,,,,,,,,,,,,,,,,,,,,,,,,,,,,,,,,,,,,,,,,,,,,,,,11.5,,,21.9143489,39.3121678,
17:59:48.633,,,,,,,,,,,,,,,,,,,,,,,,,,,,,,,,,,,,,,,,,,,,,,,,57,,,,,,,,,,,,,,,,,21.9143489,39.3121678,
17:59:48.674,,,,,,,,,,,,,,,,,,,,205.68935364320023,0.18588058989976386,6.986134751010519,1.0501001612533387,,,,,1.5395453219618682,,,,,,,,,,0.022159582958332827,0.022163,1.013644,0.135465,0.022381178787916154,0.02238463,1.0237804400000001,0.13681965,,6.023005978598576,,,,4.43,,,,,5.316,,,,,,,,,21.9143489,39.3121678,
17:59:48.722,,,,,,,,,,,,,,,,,,,,,,,,,,,,,,,,,,,,,,,,,,,,,,,,,,,,,,,,,,,,,13.72549019607843,,,,21.9143489,39.3121678,
17:59:48.762,,,,,,,,,,,,,,,,,,,,,,,,,,,,,,,,,,,,,,,,,,,,,,,,,,,,,,0.755,,,,,,,,,,,21.9143489,39.3121678,
17:59:48.826,,,,,,,,,,,,,,,,,,,,,,,,,,,,,,,,,,,,,,,,,,,,,,,,,,,,,,,0.765,,,,,,,,,,21.9143489,39.3121678,
17:59:48.880,,,,,,,,,,,,,,,,,,,,,,,,,,,,,,,,,,,,,,,,,,,,,,,,,,,,,,,,,,-7.8125,,,,,,,21.9143489,39.3121678,
17:59:48.944,,,,,,,,,,,,,,,,,,,,,,,,,,,,,,,,,,,,,,,,,,,,,,,,,0,,,,,,,,,,,,,,,,21.9143489,39.3121678,
17:59:49.005,,,,,,,,,,,,,,,,,,,,,,,,,,,,,,,,,,,,,,,,,,,,,,,,,,,,,,,,,,,-5.46875,,,,,,21.9143489,39.3121678,
17:59:49.069,,,,,,,,,,,,,,,,,,,,,,,,,,,,,,,,,,,,,,,,,,,,,,,,,,0,,,,,,,,,,,,,,,21.9143489,39.3121678,
17:59:49.122,,,,,,,,,,,,,,,,,,,,,,,,,,,,,,,,,,787,0.8,,,,,,,,,,,,,,,,,,,,,,,,,,,,,,21.9143489,39.3121678,
17:59:49.185,,,,,,,,,,,,,,,,,,,,,,,,,0.7030938906460771,,,,,0.010773325194444445,11.923246,14.509368,12.900198000000001,,,,,,,,,,,,,,,,,,,,,,,,,,,,,,-0.0372832788201718,0,21.9143489,39.3121678,
17:59:49.242,,,,,,,,,,,,,,,,,,,,,,,,,,,,,,,,,,,,,,,,,,,,,,,,,,,,,,,,,,,,,,8.5,,,21.9143489,39.3121678,
17:59:49.304,,,,,,,,,,,,,,,,,,,,,,,,,,,,,,,,,,,,,,,,,,,,,,,,57,,,,,,,,,,,,,,,,,21.9143489,39.3121678,
17:59:49.364,,,,,,,,,,,,,,,,,,,,208.96866014210542,0.18884119307779107,6.988567661940893,1.0528365533614288,,,,,1.8418939517828221,,,,,,,,,,0.022512873311582433,0.022516,1.013997,0.135818,0.022738002044698256,0.02274116,1.0241369700000003,0.13717618,,7.205853653853827,,,,5.3,,,,,6.359999999999999,,,,,,,,,21.9143489,39.3121678,
17:59:49.424,,,,,,,,,,,,,,,,,,,,,,,,,,,,,,,,,,,,,,,,,,,,,,,,,,,,,,,,,,,,,13.333333333333334,,,,21.9143489,39.3121678,
17:59:49.498,,,,,,,,,,,,,,,,,,,,,,,,,,,,,,,,,,,,,,,,,,,,,,,,,,,,,,0.76,,,,,,,,,,,21.9143489,39.3121678,
17:59:49.538,,,,,,,,,,,,,,,,,,,,,,,,,,,,,,,,,,,,,,,,,,,,,,,,,,,,,,,0.755,,,,,,,,,,21.9143489,39.3121678,
17:59:49.605,,,,,,,,,,,,,,,,,,,,,,,,,,,,,,,,,,,,,,,,,,,,,,,,,,,,,,,,,,-8.59375,,,,,,,21.9143489,39.3121678,
17:59:49.661,,,,,,,,,,,,,,,,,,,,,,,,,,,,,,,,,,,,,,,,,,,,,,,,,0,,,,,,,,,,,,,,,,21.9143489,39.3121678,
17:59:49.724,,,,,,,,,,,,,,,,,,,,,,,,,,,,,,,,,,,,,,,,,,,,,,,,,,,,,,,,,,,-7.8125,,,,,,21.9143489,39.3121678,
17:59:49.777,,,,,,,,,,,,,,,,,,,,,,,,,,,,,,,,,,,,,,,,,,,,,,,,,,0,,,,,,,,,,,,,,,21.9143489,39.3121678,
17:59:49.805,,,,,,,,,,,,,,,,,,,,,,,,,,,,,,,,,,671,0.7,,,,,,,,,,,,,,,,,,,,,,,,,,,,,,21.9143489,39.3121678,
17:59:49.833,,,,,,,,,,,,,,,,,,,,,,,,,0.6949532323393363,,,,,0.010773325194444445,11.923246,14.509368,12.900198000000001,,,,,,,,,,,,,,,,,,,,,,,,,,,,,,-0.011869234235790609,0,21.9143489,39.3121678,
17:59:49.878,,,,,,,,,,,,,,,,,,,,,,,,,,,,,,,,,,,,,,,,,,,,,,,,,,,,,,,,,,,,,,15,,,21.9143489,39.3121678,
17:59:49.929,,,,,,,,,,,,,,,,,,,,,,,,,,,,,,,,,,,,,,,,,,,,,,,,57,,,,,,,,,,,,,,,,,21.9143489,39.3121678,
17:59:49.957,,,,,,,,,,,,,,,,,,,,211.5001634560246,0.1911308380285033,6.990449204955033,1.054952799949272,,,,,1.6542292849974023,,,,,,,,,,0.022785600395899084,0.022789,1.01427,0.136091,0.023013456399858075,0.02301689,1.0244127000000003,0.13745191,,6.471672338178153,,,,4.76,,,,,5.712,,,,,,,,,21.9143489,39.3121678,
17:59:50.018,,,,,,,,,,,,,,,,,,,,,,,,,,,,,,,,,,,,,,,,,,,,,,,,,,,,,,,,,,,,,13.72549019607843,,,,21.9143489,39.3121678,
17:59:50.045,,,,,,,,,,,,,,,,,,,,,,,,,,,,,,,,,,,,,,,,,,,,,,,,,,,,,,0.755,,,,,,,,,,,21.9143489,39.3121678,
17:59:50.074,,,,,,,,,,,,,,,,,,,,,,,,,,,,,,,,,,,,,,,,,,,,,,,,,,,,,,,0.77,,,,,,,,,,21.9143489,39.3121678,
17:59:50.118,,,,,,,,,,,,,,,,,,,,,,,,,,,,,,,,,,,,,,,,,,,,,,,,,,,,,,,,,,-10.15625,,,,,,,21.9143489,39.3121678,
17:59:50.174,,,,,,,,,,,,,,,,,,,,,,,,,,,,,,,,,,,,,,,,,,,,,,,,,0,,,,,,,,,,,,,,,,21.9143489,39.3121678,
17:59:50.249,,,,,,,,,,,,,,,,,,,,,,,,,,,,,,,,,,,,,,,,,,,,,,,,,,,,,,,,,,,-10.9375,,,,,,21.9143489,39.3121678,
17:59:50.325,,,,,,,,,,,,,,,,,,,,,,,,,,,,,,,,,,,,,,,,,,,,,,,,,,0,,,,,,,,,,,,,,,21.9143489,39.3121678,
17:59:50.389,,,,,,,,,,,,,,,,,,,,,,,,,,,,,,,,,,599,0.6,,,,,,,,,,,,,,,,,,,,,,,,,,,,,,21.9143489,39.3121678,
17:59:50.446,,,,,,,,,,,,,,,,,,,,,,,,,0.6873990584586036,,,,,0.010773325194444445,11.923246,14.509368,12.900198000000001,,,,,,,,,,,,,,,,,,,,,,,,,,,,,,0,0,21.9143489,39.3121678,
17:59:50.501,,,,,,,,,,,,,,,,,,,,,,,,,,,,,,,,,,,,,,,,,,,,,,,,,,,,,,,,,,,,,,18.5,,,21.9143489,39.3121678,
17:59:50.566,,,,,,,,,,,,,,,,,,,,,,,,,,,,,,,,,,,,,,,,,,,,,,,,57,,,,,,,,,,,,,,,,,21.9143489,39.3121678,
17:59:50.616,,,,,,,,,,,,,,,,,,,,214.24603523481025,0.1936133834695686,6.992489266245091,1.057247338374186,,,,,1.6160012973188913,,,,,,,,,,0.023081422092050136,0.023085,1.014566,0.136387,0.023312236312970636,0.023315850000000003,1.0247116600000001,0.13775087,,6.322116884984962,,,,4.65,,,,,5.58,,,,,,,,,21.9143489,39.3121678,
17:59:50.691,,,,,,,,,,,,,,,,,,,,,,,,,,,,,,,,,,,,,,,,,,,,,,,,,,,,,,,,,,,,,13.72549019607843,,,,21.9143489,39.3121678,
17:59:50.742,,,,,,,,,,,,,,,,,,,,,,,,,,,,,,,,,,,,,,,,,,,,,,,,,,,,,,0.76,,,,,,,,,,,21.9143489,39.3121678,
17:59:50.810,,,,,,,,,,,,,,,,,,,,,,,,,,,,,,,,,,,,,,,,,,,,,,,,,,,,,,,0.78,,,,,,,,,,21.9143489,39.3121678,
17:59:50.864,,,,,,,,,,,,,,,,,,,,,,,,,,,,,,,,,,,,,,,,,,,,,,,,,,,,,,,,,,-5.46875,,,,,,,21.9143489,39.3121678,
17:59:50.928,,,,,,,,,,,,,,,,,,,,,,,,,,,,,,,,,,,,,,,,,,,,,,,,,0,,,,,,,,,,,,,,,,21.9143489,39.3121678,
17:59:50.978,,,,,,,,,,,,,,,,,,,,,,,,,,,,,,,,,,,,,,,,,,,,,,,,,,,,,,,,,,,-6.25,,,,,,21.9143489,39.3121678,
17:59:51.045,,,,,,,,,,,,,,,,,,,,,,,,,,,,,,,,,,,,,,,,,,,,,,,,,,0,,,,,,,,,,,,,,,21.9143489,39.3121678,
17:59:51.109,,,,,,,,,,,,,,,,,,,,,,,,,,,,,,,,,,663,0.7,,,,,,,,,,,,,,,,,,,,,,,,,,,,,,21.9143489,39.3121678,
17:59:51.161,,,,,,,,,,,,,,,,,,,,,,,,,0.6787956827441838,,,,,0.010773325194444445,11.923246,14.509368,12.900198000000001,,,,,,,,,,,,,,,,,,,,,,,,,,,,,,0,0,21.9143489,39.3121678,
17:59:51.229,,,,,,,,,,,,,,,,,,,,,,,,,,,,,,,,,,,,,,,,,,,,,,,,,,,,,,,,,,,,,,11,,,21.9143489,39.3121678,
17:59:51.282,,,,,,,,,,,,,,,,,,,,,,,,,,,,,,,,,,,,,,,,,,,,,,,,57,,,,,,,,,,,,,,,,,21.9143489,39.3121678,
17:59:51.345,,,,,,,,,,,,,,,,,,,,218.4069571119828,0.19737074954253228,6.995576926575989,1.0607201532875694,,,,,2.213748013746524,,,,,,,,,,0.023529691736964717,0.023533,1.015014,0.13683499999999998,0.023764988654334365,0.023768329999999997,1.0251641400000002,0.13820335,,8.660620334914885,,,,6.37,,,,,7.644,,,,,,,,,21.9143489,39.3121678,
17:59:51.405,,,,,,,,,,,,,,,,,,,,,,,,,,,,,,,,,,,,,,,,,,,,,,,,,,,,,,,,,,,,,14.509803921568627,,,,21.9143489,39.3121678,
17:59:51.461,,,,,,,,,,,,,,,,,,,,,,,,,,,,,,,,,,,,,,,,,,,,,,,,,,,,,,0.76,,,,,,,,,,,21.9143489,39.3121678,
17:59:51.526,,,,,,,,,,,,,,,,,,,,,,,,,,,,,,,,,,,,,,,,,,,,,,,,,,,,,,,0.77,,,,,,,,,,21.9143489,39.3121678,
17:59:51.578,,,,,,,,,,,,,,,,,,,,,,,,,,,,,,,,,,,,,,,,,,,,,,,,,,,,,,,,,,-9.375,,,,,,,21.9143489,39.3121678,
17:59:51.618,,,,,,,,,,,,,,,,,,,,,,,,,,,,,,,,,,,,,,,,,,,,,,,,,0,,,,,,,,,,,,,,,,21.9143489,39.3121678,
17:59:51.669,,,,,,,,,,,,,,,,,,,,,,,,,,,,,,,,,,,,,,,,,,,,,,,,,,,,,,,,,,,-8.59375,,,,,,21.9143489,39.3121678,
17:59:51.698,,,,,,,,,,,,,,,,,,,,,,,,,,,,,,,,,,,,,,,,,,,,,,,,,,0,,,,,,,,,,,,,,,21.9143489,39.3121678,
17:59:51.725,,,,,,,,,,,,,,,,,,,,,,,,,,,,,,,,,,662,0.7,,,,,,,,,,,,,,,,,,,,,,,,,,,,,,21.9143489,39.3121678,
17:59:51.754,,,,,,,,,,,,,,,,,,,,,,,,,0.6820974041107657,,221.3748013746524,,,0.010938163083333334,11.923411,14.509533,12.900363,,,,,,,,,,,,,,,,,,,,,,,,,,,,,,0.011025034959605424,1,21.9143489,39.3121678,
17:59:51.825,,,,,,,,,,,,,,,,,,,,,,,,,,,,,,,,,,,,,,,,,,,,,,,,,,,,,,,,,,,,,,10,,,21.9143489,39.3121678,
17:59:51.891,,,,,,,,,,,,,,,,,,,,,,,,,,,,,,,,,,,,,,,,,,,,,,,,57,,,,,,,,,,,,,,,,,21.9143489,39.3121678,
17:59:51.941,,,,,,,,,,,,,,,,,,,,218.0900296777458,0.20009374834097393,6.997737280724335,1.0632258952713192,,,,,1.9670037296397689,,,,,,,,,,0.023855043114641903,0.023858,1.015339,0.13716,0.02409359354578832,0.02409658,1.0254923900000001,0.1385316,,7.695307864304278,,,,5.66,,,,,6.792,,,,,,,,,21.9143489,39.3121678,
17:59:51.993,,,,,,,,,,,,,,,,,,,,,,,,,,,,,,,,,,,,,,,,,,,,,,,,,,,,,,,,,,,,,14.117647058823529,,,,21.9143489,39.3121678,
17:59:52.032,,,,,,,,,,,,,,,,,,,,,,,,,,,,,,,,,,,,,,,,,,,,,,,,,,,,,,0.8,,,,,,,,,,,21.9143489,39.3121678,
17:59:52.096,,,,,,,,,,,,,,,,,,,,,,,,,,,,,,,,,,,,,,,,,,,,,,,,,,,,,,,0.77,,,,,,,,,,21.9143489,39.3121678,
17:59:52.175,,,,,,,,,,,,,,,,,,,,,,,,,,,,,,,,,,,,,,,,,,,,,,,,,,,,,,,,,,-12.5,,,,,,,21.9143489,39.3121678,
17:59:52.246,,,,,,,,,,,,,,,,,,,,,,,,,,,,,,,,,,,,,,,,,,,,,,,,,0,,,,,,,,,,,,,,,,21.9143489,39.3121678,
17:59:52.310,,,,,,,,,,,,,,,,,,,,,,,,,,,,,,,,,,,,,,,,,,,,,,,,,,,,,,,,,,,-10.9375,,,,,,21.9143489,39.3121678,
17:59:52.363,,,,,,,,,,,,,,,,,,,,,,,,,,,,,,,,,,,,,,,,,,,,,,,,,,0,,,,,,,,,,,,,,,21.9143489,39.3121678,
17:59:52.426,,,,,,,,,,,,,,,,,,,,,,,,,,,,,,,,,,638,0.6,,,,,,,,,,,,,,,,,,,,,,,,,,,,,,21.9143489,39.3121678,
17:59:52.478,,,,,,,,,,,,,,,,,,,,,,,,,0.6860332289283815,,196.7003729639769,,,0.011139188083333335,11.923612,14.509734,12.900564000000001,,,,,,,,,,,,,,,,,,,,,,,,,,,,,,0.010708795435429339,1,21.9143489,39.3121678,
17:59:52.545,,,,,,,,,,,,,,,,,,,,,,,,,,,,,,,,,,,,,,,,,,,,,,,,,,,,,,,,,,,,,,16,,,21.9143489,39.3121678,
17:59:52.610,,,,,,,,,,,,,,,,,,,,,,,,,,,,,,,,,,,,,,,,,,,,,,,,57,,,,,,,,,,,,,,,,,21.9143489,39.3121678,
17:59:52.661,,,,,,,,,,,,,,,,,,,,217.65304472426226,0.2033611962549603,7.00032819347343,1.0662324530927485,,,,,1.9461520999969446,,,,,,,,,,0.024244782020937196,0.024248,1.015729,0.13755,0.02448722984114657,0.02449048,1.0258862900000003,0.1389255,,7.6137321625625365,,,,5.6000000000000005,,,,,6.720000000000001,,,,,,,,,21.9143489,39.3121678,
17:59:52.726,,,,,,,,,,,,,,,,,,,,,,,,,,,,,,,,,,,,,,,,,,,,,,,,,,,,,,,,,,,,,14.117647058823529,,,,21.9143489,39.3121678,
17:59:52.789,,,,,,,,,,,,,,,,,,,,,,,,,,,,,,,,,,,,,,,,,,,,,,,,,,,,,,0.79,,,,,,,,,,,21.9143489,39.3121678,
17:59:52.853,,,,,,,,,,,,,,,,,,,,,,,,,,,,,,,,,,,,,,,,,,,,,,,,,,,,,,,0.77,,,,,,,,,,21.9143489,39.3121678,
17:59:52.906,,,,,,,,,,,,,,,,,,,,,,,,,,,,,,,,,,,,,,,,,,,,,,,,,,,,,,,,,,-13.28125,,,,,,,21.9143489,39.3121678,
17:59:52.961,,,,,,,,,,,,,,,,,,,,,,,,,,,,,,,,,,,,,,,,,,,,,,,,,0,,,,,,,,,,,,,,,,21.9143489,39.3121678,
17:59:53.025,,,,,,,,,,,,,,,,,,,,,,,,,,,,,,,,,,,,,,,,,,,,,,,,,,,,,,,,,,,-10.9375,,,,,,21.9143489,39.3121678,
17:59:53.081,,,,,,,,,,,,,,,,,,,,,,,,,,,,,,,,,,,,,,,,,,,,,,,,,,0,,,,,,,,,,,,,,,21.9143489,39.3121678,
17:59:53.145,,,,,,,,,,,,,,,,,,,,,,,,,,,,,,,,,,640,0.6,,,,,,,,,,,,,,,,,,,,,,,,,,,,,,21.9143489,39.3121678,
17:59:53.198,,,,,,,,,,,,,,,,,,,,,,,,,0.6776893277632058,,,,,0.011139188083333335,11.923612,14.509734,12.900564000000001,,,,,,,,,,,,,,,,,,,,,,,,,,,,,,,0,21.9143489,39.3121678,
17:59:53.265,,,,,,,,,,,,,,,,,,,,,,,,,,,,,,,,,,,,,,,,,,,,,,,,,,,,,,,,,,,,,,15.5,,,21.9143489,39.3121678,
17:59:53.330,,,,,,,,,,,,,,,,,,,,,,,,,,,,,,,,,,,,,,,,,,,,,,,,57,,,,,,,,,,,,,,,,,21.9143489,39.3121678,
17:59:53.405,,,,,,,,,,,,,,,,,,,,221.3210622250207,0.20679136489848882,7.0031469908407695,1.0694028571153942,,,,,1.977429544461181,,,,,,,,,,0.02465336938927626,0.024657,1.016138,0.137959,0.02489990308316902,0.02490357,1.0262993800000002,0.13933858999999998,,7.736095715175148,,,,5.69,,,,,6.828,,,,,,,,,21.9143489,39.3121678,
17:59:53.468,,,,,,,,,,,,,,,,,,,,,,,,,,,,,,,,,,,,,,,,,,,,,,,,,,,,,,,,,,,,,14.117647058823529,,,,21.9143489,39.3121678,
17:59:53.493,,,,,,,,,,,,,,,,,,,,,,,,,,,,,,,,,,,,,,,,,,,,,,,,,,,,,,0.77,,,,,,,,,,,21.9143489,39.3121678,
17:59:53.533,,,,,,,,,,,,,,,,,,,,,,,,,,,,,,,,,,,,,,,,,,,,,,,,,,,,,,,0.785,,,,,,,,,,21.9143489,39.3121678,
17:59:53.596,,,,,,,,,,,,,,,,,,,,,,,,,,,,,,,,,,,,,,,,,,,,,,,,,,,,,,,,,,-14.0625,,,,,,,21.9143489,39.3121678,
17:59:53.661,,,,,,,,,,,,,,,,,,,,,,,,,,,,,,,,,,,,,,,,,,,,,,,,,0,,,,,,,,,,,,,,,,21.9143489,39.3121678,
17:59:53.708,,,,,,,,,,,,,,,,,,,,,,,,,,,,,,,,,,,,,,,,,,,,,,,,,,,,,,,,,,,-12.5,,,,,,21.9143489,39.3121678,
17:59:53.736,,,,,,,,,,,,,,,,,,,,,,,,,,,,,,,,,,,,,,,,,,,,,,,,,,0,,,,,,,,,,,,,,,21.9143489,39.3121678,
17:59:53.773,,,,,,,,,,,,,,,,,,,,,,,,,,,,,,,,,,637,0.6,,,,,,,,,,,,,,,,,,,,,,,,,,,,,,21.9143489,39.3121678,
17:59:53.836,,,,,,,,,,,,,,,,,,,,,,,,,0.6704511872849971,,,,,0.011139188083333335,11.923612,14.509734,12.900564000000001,,,,,,,,,,,,,,,,,,,,,,,,,,,,,,0,0,21.9143489,39.3121678,
17:59:53.893,,,,,,,,,,,,,,,,,,,,,,,,,,,,,,,,,,,,,,,,,,,,,,,,,,,,,,,,,,,,,,16.5,,,21.9143489,39.3121678,
17:59:53.957,,,,,,,,,,,,,,,,,,,,,,,,,,,,,,,,,,,,,,,,,,,,,,,,57,,,,,,,,,,,,,,,,,21.9143489,39.3121678,
17:59:54.009,,,,,,,,,,,,,,,,,,,,224.36775096974202,0.20963446311402953,7.005483353450864,1.072030649202624,,,,,2.026083346961104,,,,,,,,,,0.024992745778864515,0.024996,1.016477,0.138298,0.02524267323665316,0.02524596,1.0266417700000001,0.13968098,,7.926439019239208,,,,5.83,,,,,6.9959999999999996,,,,,,,,,21.9143489,39.3121678,
17:59:54.072,,,,,,,,,,,,,,,,,,,,,,,,,,,,,,,,,,,,,,,,,,,,,,,,,,,,,,,,,,,,,14.117647058823529,,,,21.9143489,39.3121678,
17:59:54.125,,,,,,,,,,,,,,,,,,,,,,,,,,,,,,,,,,,,,,,,,,,,,,,,,,,,,,0.765,,,,,,,,,,,21.9143489,39.3121678,
17:59:54.153,,,,,,,,,,,,,,,,,,,,,,,,,,,,,,,,,,,,,,,,,,,,,,,,,,,,,,,0.795,,,,,,,,,,21.9143489,39.3121678,
17:59:54.194,,,,,,,,,,,,,,,,,,,,,,,,,,,,,,,,,,,,,,,,,,,,,,,,,,,,,,,,,,-14.84375,,,,,,,21.9143489,39.3121678,
17:59:54.257,,,,,,,,,,,,,,,,,,,,,,,,,,,,,,,,,,,,,,,,,,,,,,,,,0,,,,,,,,,,,,,,,,21.9143489,39.3121678,
17:59:54.308,,,,,,,,,,,,,,,,,,,,,,,,,,,,,,,,,,,,,,,,,,,,,,,,,,,,,,,,,,,-14.84375,,,,,,21.9143489,39.3121678,
17:59:54.337,,,,,,,,,,,,,,,,,,,,,,,,,,,,,,,,,,,,,,,,,,,,,,,,,,0,,,,,,,,,,,,,,,21.9143489,39.3121678,
17:59:54.367,,,,,,,,,,,,,,,,,,,,,,,,,,,,,,,,,,646,0.6,,,,,,,,,,,,,,,,,,,,,,,,,,,,,,21.9143489,39.3121678,
17:59:54.397,,,,,,,,,,,,,,,,,,,,,,,,,0.664227334388531,,,,,0.011139188083333335,11.923612,14.509734,12.900564000000001,,,,,,,,,,,,,,,,,,,,,,,,,,,,,,-0.010716885373599633,0,21.9143489,39.3121678,
17:59:54.466,,,,,,,,,,,,,,,,,,,,,,,,,,,,,,,,,,,,,,,,,,,,,,,,,,,,,,,,,,,,,,13,,,21.9143489,39.3121678,
17:59:54.530,,,,,,,,,,,,,,,,,,,,,,,,,,,,,,,,,,,,,,,,,,,,,,,,57,,,,,,,,,,,,,,,,,21.9143489,39.3121678,
17:59:54.581,,,,,,,,,,,,,,,,,,,,227.29876304763064,0.21236853396437252,7.007730121034611,1.0745576705018476,,,,,2.0538855198182038,,,,,,,,,,0.025319236726965743,0.025322,1.0168030000000001,0.138624,0.0255724290942354,0.025575220000000003,1.0269710300000001,0.14001024,,8.035206621561532,,,,5.91,,,,,7.092,,,,,,,,,21.9143489,39.3121678,
17:59:54.632,,,,,,,,,,,,,,,,,,,,,,,,,,,,,,,,,,,,,,,,,,,,,,,,,,,,,,,,,,,,,14.117647058823529,,,,21.9143489,39.3121678,
17:59:54.668,,,,,,,,,,,,,,,,,,,,,,,,,,,,,,,,,,,,,,,,,,,,,,,,,,,,,,0.785,,,,,,,,,,,21.9143489,39.3121678,
17:59:54.735,,,,,,,,,,,,,,,,,,,,,,,,,,,,,,,,,,,,,,,,,,,,,,,,,,,,,,,0.785,,,,,,,,,,21.9143489,39.3121678,
17:59:54.789,,,,,,,,,,,,,,,,,,,,,,,,,,,,,,,,,,,,,,,,,,,,,,,,,,,,,,,,,,-14.84375,,,,,,,21.9143489,39.3121678,
17:59:54.854,,,,,,,,,,,,,,,,,,,,,,,,,,,,,,,,,,,,,,,,,,,,,,,,,0,,,,,,,,,,,,,,,,21.9143489,39.3121678,
17:59:54.914,,,,,,,,,,,,,,,,,,,,,,,,,,,,,,,,,,,,,,,,,,,,,,,,,,,,,,,,,,,-13.28125,,,,,,21.9143489,39.3121678,
17:59:54.977,,,,,,,,,,,,,,,,,,,,,,,,,,,,,,,,,,,,,,,,,,,,,,,,,,0,,,,,,,,,,,,,,,21.9143489,39.3121678,
17:59:55.030,,,,,,,,,,,,,,,,,,,,,,,,,,,,,,,,,,659,0.7,,,,,,,,,,,,,,,,,,,,,,,,,,,,,,21.9143489,39.3121678,
17:59:55.094,,,,,,,,,,,,,,,,,,,,,,,,,0.6566388646307009,,,,,0.011139188083333335,11.923612,14.509734,12.900564000000001,,,,,,,,,,,,,,,,,,,,,,,,,,,,,,-0.010825611801872559,0,21.9143489,39.3121678,
17:59:55.154,,,,,,,,,,,,,,,,,,,,,,,,,,,,,,,,,,,,,,,,,,,,,,,,,,,,,,,,,,,,,,11,,,21.9143489,39.3121678,
17:59:55.217,,,,,,,,,,,,,,,,,,,,,,,,,,,,,,,,,,,,,,,,,,,,,,,,57,,,,,,,,,,,,,,,,,21.9143489,39.3121678,
17:59:55.266,,,,,,,,,,,,,,,,,,,,230.7248639398153,0.21557226115710576,7.0103628364241555,1.0775187813494045,,,,,2.00523171731828,,,,,,,,,,0.025700876549270956,0.025704,1.017185,0.139006,0.025957885314763667,0.02596104,1.0273568500000003,0.14039606,,7.8448633174974685,,,,5.7700000000000005,,,,,6.924,,,,,,,,,21.9143489,39.3121678,
17:59:55.329,,,,,,,,,,,,,,,,,,,,,,,,,,,,,,,,,,,,,,,,,,,,,,,,,,,,,,,,,,,,,14.117647058823529,,,,21.9143489,39.3121678,
17:59:55.358,,,,,,,,,,,,,,,,,,,,,,,,,,,,,,,,,,,,,,,,,,,,,,,,,,,,,,0.785,,,,,,,,,,,21.9143489,39.3121678,
17:59:55.433,,,,,,,,,,,,,,,,,,,,,,,,,,,,,,,,,,,,,,,,,,,,,,,,,,,,,,,0.77,,,,,,,,,,21.9143489,39.3121678,
17:59:55.486,,,,,,,,,,,,,,,,,,,,,,,,,,,,,,,,,,,,,,,,,,,,,,,,,,,,,,,,,,-14.0625,,,,,,,21.9143489,39.3121678,
17:59:55.537,,,,,,,,,,,,,,,,,,,,,,,,,,,,,,,,,,,,,,,,,,,,,,,,,0,,,,,,,,,,,,,,,,21.9143489,39.3121678,
17:59:55.566,,,,,,,,,,,,,,,,,,,,,,,,,,,,,,,,,,,,,,,,,,,,,,,,,,,,,,,,,,,-12.5,,,,,,21.9143489,39.3121678,
17:59:55.598,,,,,,,,,,,,,,,,,,,,,,,,,,,,,,,,,,,,,,,,,,,,,,,,,,0,,,,,,,,,,,,,,,21.9143489,39.3121678,
17:59:55.661,,,,,,,,,,,,,,,,,,,,,,,,,,,,,,,,,,638,0.6,,,,,,,,,,,,,,,,,,,,,,,,,,,,,,21.9143489,39.3121678,
17:59:55.725,,,,,,,,,,,,,,,,,,,,,,,,,0.6499201169957038,,,,,0.011139188083333335,11.923612,14.509734,12.900564000000001,,,,,,,,,,,,,,,,,,,,,,,,,,,,,,0,0,21.9143489,39.3121678,
17:59:55.782,,,,,,,,,,,,,,,,,,,,,,,,,,,,,,,,,,,,,,,,,,,,,,,,,,,,,,,,,,,,,,16,,,21.9143489,39.3121678,
17:59:55.846,,,,,,,,,,,,,,,,,,,,,,,,,,,,,,,,,,,,,,,,,,,,,,,,57,,,,,,,,,,,,,,,,,21.9143489,39.3121678,
17:59:55.897,,,,,,,,,,,,,,,,,,,,233.86057977007027,0.21849922657664472,7.012768118285284,1.080224089427408,,,,,1.9948059024968678,,,,,,,,,,0.026050169833361912,0.026053,1.0175340000000002,0.139355,0.026310671531695532,0.02631353,1.0277093400000001,0.14074855,,7.804075466626598,,,,5.74,,,,,6.888,,,,,,,,,21.9143489,39.3121678,
17:59:55.969,,,,,,,,,,,,,,,,,,,,,,,,,,,,,,,,,,,,,,,,,,,,,,,,,,,,,,,,,,,,,14.117647058823529,,,,21.9143489,39.3121678,
17:59:56.022,,,,,,,,,,,,,,,,,,,,,,,,,,,,,,,,,,,,,,,,,,,,,,,,,,,,,,0.77,,,,,,,,,,,21.9143489,39.3121678,
17:59:56.085,,,,,,,,,,,,,,,,,,,,,,,,,,,,,,,,,,,,,,,,,,,,,,,,,,,,,,,0.74,,,,,,,,,,21.9143489,39.3121678,
17:59:56.138,,,,,,,,,,,,,,,,,,,,,,,,,,,,,,,,,,,,,,,,,,,,,,,,,,,,,,,,,,-12.5,,,,,,,21.9143489,39.3121678,
17:59:56.169,,,,,,,,,,,,,,,,,,,,,,,,,,,,,,,,,,,,,,,,,,,,,,,,,0,,,,,,,,,,,,,,,,21.9143489,39.3121678,
17:59:56.197,,,,,,,,,,,,,,,,,,,,,,,,,,,,,,,,,,,,,,,,,,,,,,,,,,,,,,,,,,,-8.59375,,,,,,21.9143489,39.3121678,
17:59:56.237,,,,,,,,,,,,,,,,,,,,,,,,,,,,,,,,,,,,,,,,,,,,,,,,,,0,,,,,,,,,,,,,,,21.9143489,39.3121678,
17:59:56.301,,,,,,,,,,,,,,,,,,,,,,,,,,,,,,,,,,651,0.7,,,,,,,,,,,,,,,,,,,,,,,,,,,,,,21.9143489,39.3121678,
17:59:56.354,,,,,,,,,,,,,,,,,,,,,,,,,0.6534509309570781,,199.48059024968677,,,0.011313811972222223,11.923787,14.509909,12.900739000000002,,,,,,,,,,,,,,,,,,,,,,,,,,,,,,0.01125130579029584,1,21.9143489,39.3121678,
17:59:56.409,,,,,,,,,,,,,,,,,,,,,,,,,,,,,,,,,,,,,,,,,,,,,,,,,,,,,,,,,,,,,,12.5,,,21.9143489,39.3121678,
17:59:56.438,,,,,,,,,,,,,,,,,,,,,,,,,,,,,,,,,,,,,,,,,,,,,,,,57,,,,,,,,,,,,,,,,,21.9143489,39.3121678,
17:59:56.464,,,,,,,,,,,,,,,,,,,,233.02293981799767,0.22112941131873626,7.014847577610583,1.0826434051568672,,,,,1.987855359282593,,,,,,,,,,0.026363777263152803,0.026367,1.017848,0.139669,0.026627415035784332,0.026630670000000002,1.0280264800000003,0.14106569,,7.776883566046017,,,,5.72,,,,,6.864,,,,,,,,,21.9143489,39.3121678,
17:59:56.524,,,,,,,,,,,,,,,,,,,,,,,,,,,,,,,,,,,,,,,,,,,,,,,,,,,,,,,,,,,,,14.117647058823529,,,,21.9143489,39.3121678,
17:59:56.561,,,,,,,,,,,,,,,,,,,,,,,,,,,,,,,,,,,,,,,,,,,,,,,,,,,,,,0.76,,,,,,,,,,,21.9143489,39.3121678,
17:59:56.627,,,,,,,,,,,,,,,,,,,,,,,,,,,,,,,,,,,,,,,,,,,,,,,,,,,,,,,0.7000000000000001,,,,,,,,,,21.9143489,39.3121678,
17:59:56.692,,,,,,,,,,,,,,,,,,,,,,,,,,,,,,,,,,,,,,,,,,,,,,,,,,,,,,,,,,-10.15625,,,,,,,21.9143489,39.3121678,
17:59:56.781,,,,,,,,,,,,,,,,,,,,,,,,,,,,,,,,,,,,,,,,,,,,,,,,,0,,,,,,,,,,,,,,,,21.9143489,39.3121678,
17:59:56.867,,,,,,,,,,,,,,,,,,,,,,,,,,,,,,,,,,,,,,,,,,,,,,,,,,,,,,,,,,,-9.375,,,,,,21.9143489,39.3121678,
17:59:56.921,,,,,,,,,,,,,,,,,,,,,,,,,,,,,,,,,,,,,,,,,,,,,,,,,,0,,,,,,,,,,,,,,,21.9143489,39.3121678,
17:59:56.985,,,,,,,,,,,,,,,,,,,,,,,,,,,,,,,,,,659,0.7,,,,,,,,,,,,,,,,,,,,,,,,,,,,,,21.9143489,39.3121678,
17:59:57.037,,,,,,,,,,,,,,,,,,,,,,,,,0.6572062688834266,,198.7855359282593,,,0.011503487861111111,11.923977,14.510099,12.900929000000001,,,,,,,,,,,,,,,,,,,,,,,,,,,,,,0.010728455817587567,1,21.9143489,39.3121678,
17:59:57.105,,,,,,,,,,,,,,,,,,,,,,,,,,,,,,,,,,,,,,,,,,,,,,,,,,,,,,,,,,,,,,12,,,21.9143489,39.3121678,
17:59:57.171,,,,,,,,,,,,,,,,,,,,,,,,,,,,,,,,,,,,,,,,,,,,,,,,57,,,,,,,,,,,,,,,,,21.9143489,39.3121678,
17:59:57.221,,,,,,,,,,,,,,,,,,,,232.8769876060044,0.2246901348434335,7.017684717382011,1.0859217967946337,,,,,2.022608075353967,,,,,,,,,,0.02678897600057794,0.026792,1.018273,0.140094,0.02705686576058372,0.02705992,1.0284557300000001,0.14149494,,7.91284306894892,,,,5.82,,,,,6.984,,,,,,,,,21.9143489,39.3121678,
17:59:57.282,,,,,,,,,,,,,,,,,,,,,,,,,,,,,,,,,,,,,,,,,,,,,,,,,,,,,,,,,,,,,14.117647058823529,,,,21.9143489,39.3121678,
17:59:57.352,,,,,,,,,,,,,,,,,,,,,,,,,,,,,,,,,,,,,,,,,,,,,,,,,,,,,,0.725,,,,,,,,,,,21.9143489,39.3121678,
17:59:57.405,,,,,,,,,,,,,,,,,,,,,,,,,,,,,,,,,,,,,,,,,,,,,,,,,,,,,,,0.76,,,,,,,,,,21.9143489,39.3121678,
17:59:57.469,,,,,,,,,,,,,,,,,,,,,,,,,,,,,,,,,,,,,,,,,,,,,,,,,,,,,,,,,,-11.71875,,,,,,,21.9143489,39.3121678,
17:59:57.521,,,,,,,,,,,,,,,,,,,,,,,,,,,,,,,,,,,,,,,,,,,,,,,,,0,,,,,,,,,,,,,,,,21.9143489,39.3121678,
17:59:57.585,,,,,,,,,,,,,,,,,,,,,,,,,,,,,,,,,,,,,,,,,,,,,,,,,,,,,,,,,,,-11.71875,,,,,,21.9143489,39.3121678,
17:59:57.649,,,,,,,,,,,,,,,,,,,,,,,,,,,,,,,,,,,,,,,,,,,,,,,,,,0,,,,,,,,,,,,,,,21.9143489,39.3121678,
17:59:57.701,,,,,,,,,,,,,,,,,,,,,,,,,,,,,,,,,,644,0.6,,,,,,,,,,,,,,,,,,,,,,,,,,,,,,21.9143489,39.3121678,
17:59:57.766,,,,,,,,,,,,,,,,,,,,,,,,,0.6496912864953887,,,,,0.011503487861111111,11.923977,14.510099,12.900929000000001,,,,,,,,,,,,,,,,,,,,,,,,,,,,,,,0,21.9143489,39.3121678,
17:59:57.821,,,,,,,,,,,,,,,,,,,,,,,,,,,,,,,,,,,,,,,,,,,,,,,,,,,,,,,,,,,,,,13.5,,,21.9143489,39.3121678,
17:59:57.885,,,,,,,,,,,,,,,,,,,,,,,,,,,,,,,,,,,,,,,,,,,,,,,,57,,,,,,,,,,,,,,,,,21.9143489,39.3121678,
17:59:57.973,,,,,,,,,,,,,,,,,,,,236.5054057761796,0.22818729019688647,7.020558577856706,1.089154122156629,,,,,1.998281174104005,,,,,,,,,,0.0272063706443344,0.027209,1.01869,0.140511,0.027478434350777743,0.02748109,1.0288769000000002,0.14191610999999998,,7.817671416916887,,,,5.75,,,,,6.8999999999999995,,,,,,,,,21.9143489,39.3121678,
17:59:58.034,,,,,,,,,,,,,,,,,,,,,,,,,,,,,,,,,,,,,,,,,,,,,,,,,,,,,,,,,,,,,14.117647058823529,,,,21.9143489,39.3121678,
17:59:58.096,,,,,,,,,,,,,,,,,,,,,,,,,,,,,,,,,,,,,,,,,,,,,,,,,,,,,,0.745,,,,,,,,,,,21.9143489,39.3121678,
17:59:58.162,,,,,,,,,,,,,,,,,,,,,,,,,,,,,,,,,,,,,,,,,,,,,,,,,,,,,,,0.76,,,,,,,,,,21.9143489,39.3121678,
17:59:58.213,,,,,,,,,,,,,,,,,,,,,,,,,,,,,,,,,,,,,,,,,,,,,,,,,,,,,,,,,,-10.9375,,,,,,,21.9143489,39.3121678,
17:59:58.277,,,,,,,,,,,,,,,,,,,,,,,,,,,,,,,,,,,,,,,,,,,,,,,,,0,,,,,,,,,,,,,,,,21.9143489,39.3121678,
17:59:58.329,,,,,,,,,,,,,,,,,,,,,,,,,,,,,,,,,,,,,,,,,,,,,,,,,,,,,,,,,,,-7.8125,,,,,,21.9143489,39.3121678,
17:59:58.356,,,,,,,,,,,,,,,,,,,,,,,,,,,,,,,,,,,,,,,,,,,,,,,,,,0,,,,,,,,,,,,,,,21.9143489,39.3121678,
17:59:58.394,,,,,,,,,,,,,,,,,,,,,,,,,,,,,,,,,,641,0.6,,,,,,,,,,,,,,,,,,,,,,,,,,,,,,21.9143489,39.3121678,
17:59:58.446,,,,,,,,,,,,,,,,,,,,,,,,,0.6428401798382871,,,,,0.011503487861111111,11.923977,14.510099,12.900929000000001,,,,,,,,,,,,,,,,,,,,,,,,,,,,,,0,0,21.9143489,39.3121678,
17:59:58.513,,,,,,,,,,,,,,,,,,,,,,,,,,,,,,,,,,,,,,,,,,,,,,,,,,,,,,,,,,,,,,13.5,,,21.9143489,39.3121678,
17:59:58.578,,,,,,,,,,,,,,,,,,,,,,,,,,,,,,,,,,,,,,,,,,,,,,,,57,,,,,,,,,,,,,,,,,21.9143489,39.3121678,
17:59:58.630,,,,,,,,,,,,,,,,,,,,239.67147936630678,0.23123996297544014,7.023067175489293,1.0919756243910805,,,,,1.9948059024968678,,,,,,,,,,0.027570579535448524,0.027573,1.0190540000000001,0.140875,0.02784628533080301,0.027848730000000002,1.0292445400000003,0.14228375,,7.804075466626598,,,,5.74,,,,,6.888,,,,,,,,,21.9143489,39.3121678,
17:59:58.685,,,,,,,,,,,,,,,,,,,,,,,,,,,,,,,,,,,,,,,,,,,,,,,,,,,,,,,,,,,,,14.117647058823529,,,,21.9143489,39.3121678,
17:59:58.713,,,,,,,,,,,,,,,,,,,,,,,,,,,,,,,,,,,,,,,,,,,,,,,,,,,,,,0.75,,,,,,,,,,,21.9143489,39.3121678,
17:59:58.752,,,,,,,,,,,,,,,,,,,,,,,,,,,,,,,,,,,,,,,,,,,,,,,,,,,,,,,0.64,,,,,,,,,,21.9143489,39.3121678,
17:59:58.818,,,,,,,,,,,,,,,,,,,,,,,,,,,,,,,,,,,,,,,,,,,,,,,,,,,,,,,,,,-8.59375,,,,,,,21.9143489,39.3121678,
17:59:58.873,,,,,,,,,,,,,,,,,,,,,,,,,,,,,,,,,,,,,,,,,,,,,,,,,0,,,,,,,,,,,,,,,,21.9143489,39.3121678,
17:59:58.938,,,,,,,,,,,,,,,,,,,,,,,,,,,,,,,,,,,,,,,,,,,,,,,,,,,,,,,,,,,-6.25,,,,,,21.9143489,39.3121678,
17:59:58.989,,,,,,,,,,,,,,,,,,,,,,,,,,,,,,,,,,,,,,,,,,,,,,,,,,0,,,,,,,,,,,,,,,21.9143489,39.3121678,
17:59:59.017,,,,,,,,,,,,,,,,,,,,,,,,,,,,,,,,,,656,0.7,,,,,,,,,,,,,,,,,,,,,,,,,,,,,,21.9143489,39.3121678,
17:59:59.061,,,,,,,,,,,,,,,,,,,,,,,,,0.64622910891856,,199.48059024968677,,,0.01167491,11.924148,14.51027,12.901100000000001,,,,,,,,,,,,,,,,,,,,,,,,,,,,,,,1,21.9143489,39.3121678,
17:59:59.110,,,,,,,,,,,,,,,,,,,,,,,,,,,,,,,,,,,,,,,,,,,,,,,,,,,,,,,,,,,,,,12,,,21.9143489,39.3121678,
17:59:59.137,,,,,,,,,,,,,,,,,,,,,,,,,,,,,,,,,,,,,,,,,,,,,,,,57,,,,,,,,,,,,,,,,,21.9143489,39.3121678,
17:59:59.165,,,,,,,,,,,,,,,,,,,,238.70265109443073,0.23373577718089375,7.025038128167154,1.0942710311523822,,,,,2.00523171731828,,,,,,,,,,0.027868319682888804,0.027871,1.019352,0.141173,0.028147002879717692,0.02814971,1.0295455200000003,0.14258473,,7.8448633174974685,,,,5.7700000000000005,,,,,6.924,,,,,,,,,21.9143489,39.3121678,
17:59:59.253,,,,,,,,,,,,,,,,,,,,,,,,,,,,,,,,,,,,,,,,,,,,,,,,,,,,,,,,,,,,,14.117647058823529,,,,21.9143489,39.3121678,
17:59:59.294,,,,,,,,,,,,,,,,,,,,,,,,,,,,,,,,,,,,,,,,,,,,,,,,,,,,,,0.74,,,,,,,,,,,21.9143489,39.3121678,
17:59:59.350,,,,,,,,,,,,,,,,,,,,,,,,,,,,,,,,,,,,,,,,,,,,,,,,,,,,,,,0.535,,,,,,,,,,21.9143489,39.3121678,
17:59:59.414,,,,,,,,,,,,,,,,,,,,,,,,,,,,,,,,,,,,,,,,,,,,,,,,,,,,,,,,,,-8.59375,,,,,,,21.9143489,39.3121678,
17:59:59.477,,,,,,,,,,,,,,,,,,,,,,,,,,,,,,,,,,,,,,,,,,,,,,,,,0,,,,,,,,,,,,,,,,21.9143489,39.3121678,
17:59:59.540,,,,,,,,,,,,,,,,,,,,,,,,,,,,,,,,,,,,,,,,,,,,,,,,,,,,,,,,,,,-7.03125,,,,,,21.9143489,39.3121678,
17:59:59.593,,,,,,,,,,,,,,,,,,,,,,,,,,,,,,,,,,,,,,,,,,,,,,,,,,0,,,,,,,,,,,,,,,21.9143489,39.3121678,
17:59:59.657,,,,,,,,,,,,,,,,,,,,,,,,,,,,,,,,,,654,0.7,,,,,,,,,,,,,,,,,,,,,,,,,,,,,,21.9143489,39.3121678,
17:59:59.711,,,,,,,,,,,,,,,,,,,,,,,,,0.6497226714860701,,200.523171731828,,,0.011855097027777779,11.924328,14.510449999999999,12.90128,,,,,,,,,,,,,,,,,,,,,,,,,,,,,,,1,21.9143489,39.3121678,
17:59:59.781,,,,,,,,,,,,,,,,,,,,,,,,,,,,,,,,,,,,,,,,,,,,,,,,,,,,,,,,,,,,,,11.5,,,21.9143489,39.3121678,
17:59:59.833,,,,,,,,,,,,,,,,,,,,,,,,,,,,,,,,,,,,,,,,,,,,,,,,57,,,,,,,,,,,,,,,,,21.9143489,39.3121678,
17:59:59.892,,,,,,,,,,,,,,,,,,,,237.27852927825467,0.23592105148399142,7.0267496872943305,1.0962788188458819,,,,,1.2928010378551131,,,,,,,,,,0.028129599872021193,0.028132,1.019613,0.141434,0.028410895870741405,0.028413320000000002,1.0298091300000003,0.14284834,,5.057693507987971,,,,3.72,,,,,4.464,,,,,,,,,21.9143489,39.3121678,
17:59:59.954,,,,,,,,,,,,,,,,,,,,,,,,,,,,,,,,,,,,,,,,,,,,,,,,,,,,,,,,,,,,,13.72549019607843,,,,21.9143489,39.3121678,
18:00:00.017,,,,,,,,,,,,,,,,,,,,,,,,,,,,,,,,,,,,,,,,,,,,,,,,,,,,,,0.605,,,,,,,,,,,21.9143489,39.3121678,
18:00:00.071,,,,,,,,,,,,,,,,,,,,,,,,,,,,,,,,,,,,,,,,,,,,,,,,,,,,,,,0.765,,,,,,,,,,21.9143489,39.3121678,
18:00:00.133,,,,,,,,,,,,,,,,,,,,,,,,,,,,,,,,,,,,,,,,,,,,,,,,,,,,,,,,,,-7.8125,,,,,,,21.9143489,39.3121678,
18:00:00.184,,,,,,,,,,,,,,,,,,,,,,,,,,,,,,,,,,,,,,,,,,,,,,,,,0,,,,,,,,,,,,,,,,21.9143489,39.3121678,
18:00:00.220,,,,,,,,,,,,,,,,,,,,,,,,,,,,,,,,,,,,,,,,,,,,,,,,,,,,,,,,,,,-7.8125,,,,,,21.9143489,39.3121678,
18:00:00.286,,,,,,,,,,,,,,,,,,,,,,,,,,,,,,,,,,,,,,,,,,,,,,,,,,0,,,,,,,,,,,,,,,21.9143489,39.3121678,
18:00:00.349,,,,,,,,,,,,,,,,,,,,,,,,,,,,,,,,,,681,0.7,,,,,,,,,,,,,,,,,,,,,,,,,,,,,,21.9143489,39.3121678,
18:00:00.402,,,,,,,,,,,,,,,,,,,,,,,,,0.6533653466426366,,129.2801037855113,,,0.012046842694444445,11.92452,14.510641999999999,12.901472,,,,,,,,,,,,,,,,,,,,,,,,,,,,,,0.010747390023316821,1,21.9143489,39.3121678,
18:00:00.470,,,,,,,,,,,,,,,,,,,,,,,,,,,,,,,,,,,,,,,,,,,,,,,,,,,,,,,,,,,,,,8.5,,,21.9143489,39.3121678,
18:00:00.534,,,,,,,,,,,,,,,,,,,,,,,,,,,,,,,,,,,,,,,,,,,,,,,,57,,,,,,,,,,,,,,,,,21.9143489,39.3121678,
18:00:00.585,,,,,,,,,,,,,,,,,,,,236.03759706362348,0.2384750077990561,7.02875861729619,1.098626575324118,,,,,1.5881991244617923,,,,,,,,,,0.028435078018001343,0.028437,1.019918,0.141739,0.028719428798181356,0.02872137,1.0301171800000002,0.14315639,,6.21334928266264,,,,4.57,,,,,5.484,,,,,,,,,21.9143489,39.3121678,
18:00:00.634,,,,,,,,,,,,,,,,,,,,,,,,,,,,,,,,,,,,,,,,,,,,,,,,,,,,,,,,,,,,,13.72549019607843,,,,21.9143489,39.3121678,
18:00:00.673,,,,,,,,,,,,,,,,,,,,,,,,,,,,,,,,,,,,,,,,,,,,,,,,,,,,,,0.685,,,,,,,,,,,21.9143489,39.3121678,
18:00:00.736,,,,,,,,,,,,,,,,,,,,,,,,,,,,,,,,,,,,,,,,,,,,,,,,,,,,,,,0.785,,,,,,,,,,21.9143489,39.3121678,
18:00:00.791,,,,,,,,,,,,,,,,,,,,,,,,,,,,,,,,,,,,,,,,,,,,,,,,,,,,,,,,,,-9.375,,,,,,,21.9143489,39.3121678,
18:00:00.853,,,,,,,,,,,,,,,,,,,,,,,,,,,,,,,,,,,,,,,,,,,,,,,,,0,,,,,,,,,,,,,,,,21.9143489,39.3121678,
18:00:00.916,,,,,,,,,,,,,,,,,,,,,,,,,,,,,,,,,,,,,,,,,,,,,,,,,,,,,,,,,,,-8.59375,,,,,,21.9143489,39.3121678,
18:00:00.970,,,,,,,,,,,,,,,,,,,,,,,,,,,,,,,,,,,,,,,,,,,,,,,,,,0,,,,,,,,,,,,,,,21.9143489,39.3121678,
18:00:00.997,,,,,,,,,,,,,,,,,,,,,,,,,,,,,,,,,,665,0.7,,,,,,,,,,,,,,,,,,,,,,,,,,,,,,21.9143489,39.3121678,
18:00:01.038,,,,,,,,,,,,,,,,,,,,,,,,,0.6661504351923325,,79.40995622308962,,,0.01240030575,11.924873,14.510995,12.901825,,,,,,,,,,,,,,,,,,,,,,,,,,,,,,0.02185638623459073,2,21.9143489,39.3121678,
18:00:01.093,,,,,,,,,,,,,,,,,,,,,,,,,,,,,,,,,,,,,,,,,,,,,,,,,,,,,,,,,,,,,,9.5,,,21.9143489,39.3121678,
18:00:01.158,,,,,,,,,,,,,,,,,,,,,,,,,,,,,,,,,,,,,,,,,,,,,,,,57,,,,,,,,,,,,,,,,,21.9143489,39.3121678,
18:00:01.210,,,,,,,,,,,,,,,,,,,,231.48778223909693,0.24073212352030918,7.0304482911061585,1.1006892435760056,,,,,1.5569216799975558,,,,,,,,,,0.028705192771542213,0.028707,1.020188,0.142009,0.028992244699257635,0.02899407,1.0303898800000002,0.14342909,,6.090985730050028,,,,4.48,,,,,5.376,,,,,,,,,21.9143489,39.3121678,
18:00:01.274,,,,,,,,,,,,,,,,,,,,,,,,,,,,,,,,,,,,,,,,,,,,,,,,,,,,,,,,,,,,,13.72549019607843,,,,21.9143489,39.3121678,
18:00:01.338,,,,,,,,,,,,,,,,,,,,,,,,,,,,,,,,,,,,,,,,,,,,,,,,,,,,,,0.74,,,,,,,,,,,21.9143489,39.3121678,
18:00:01.390,,,,,,,,,,,,,,,,,,,,,,,,,,,,,,,,,,,,,,,,,,,,,,,,,,,,,,,0.795,,,,,,,,,,21.9143489,39.3121678,
18:00:01.454,,,,,,,,,,,,,,,,,,,,,,,,,,,,,,,,,,,,,,,,,,,,,,,,,,,,,,,,,,-10.15625,,,,,,,21.9143489,39.3121678,
18:00:01.516,,,,,,,,,,,,,,,,,,,,,,,,,,,,,,,,,,,,,,,,,,,,,,,,,0,,,,,,,,,,,,,,,,21.9143489,39.3121678,
18:00:01.582,,,,,,,,,,,,,,,,,,,,,,,,,,,,,,,,,,,,,,,,,,,,,,,,,,,,,,,,,,,-9.375,,,,,,21.9143489,39.3121678,
18:00:01.634,,,,,,,,,,,,,,,,,,,,,,,,,,,,,,,,,,,,,,,,,,,,,,,,,,0,,,,,,,,,,,,,,,21.9143489,39.3121678,
18:00:01.702,,,,,,,,,,,,,,,,,,,,,,,,,,,,,,,,,,647,0.6,,,,,,,,,,,,,,,,,,,,,,,,,,,,,,21.9143489,39.3121678,
18:00:01.749,,,,,,,,,,,,,,,,,,,,,,,,,0.6801631492620809,,77.84608399987779,,,0.012795574138888889,11.925268,14.51139,12.902220000000002,,,,,,,,,,,,,,,,,,,,,,,,,,,,,,0.010535464752781488,2,21.9143489,39.3121678,
18:00:01.805,,,,,,,,,,,,,,,,,,,,,,,,,,,,,,,,,,,,,,,,,,,,,,,,,,,,,,,,,,,,,,12.5,,,21.9143489,39.3121678,
18:00:01.833,,,,,,,,,,,,,,,,,,,,,,,,,,,,,,,,,,,,,,,,,,,,,,,,57,,,,,,,,,,,,,,,,,21.9143489,39.3121678,
18:00:01.862,,,,,,,,,,,,,,,,,,,,226.53315351992393,0.24308049093739442,7.032193332272098,1.1028334658686643,,,,,1.5499711367832807,,,,,,,,,,0.028986217607804853,0.028988,1.020469,0.14229,0.029276079783882903,0.02927788,1.0306736900000002,0.1437129,,6.063793829469447,,,,4.46,,,,,5.351999999999999,,,,,,,,,21.9143489,39.3121678,
18:00:01.937,,,,,,,,,,,,,,,,,,,,,,,,,,,,,,,,,,,,,,,,,,,,,,,,,,,,,,,,,,,,,13.72549019607843,,,,21.9143489,39.3121678,
18:00:02.000,,,,,,,,,,,,,,,,,,,,,,,,,,,,,,,,,,,,,,,,,,,,,,,,,,,,,,0.74,,,,,,,,,,,21.9143489,39.3121678,
18:00:02.042,,,,,,,,,,,,,,,,,,,,,,,,,,,,,,,,,,,,,,,,,,,,,,,,,,,,,,,0.785,,,,,,,,,,21.9143489,39.3121678,
18:00:02.074,,,,,,,,,,,,,,,,,,,,,,,,,,,,,,,,,,,,,,,,,,,,,,,,,,,,,,,,,,-7.8125,,,,,,,21.9143489,39.3121678,
18:00:02.102,,,,,,,,,,,,,,,,,,,,,,,,,,,,,,,,,,,,,,,,,,,,,,,,,0,,,,,,,,,,,,,,,,21.9143489,39.3121678,
18:00:02.142,,,,,,,,,,,,,,,,,,,,,,,,,,,,,,,,,,,,,,,,,,,,,,,,,,,,,,,,,,,-7.8125,,,,,,21.9143489,39.3121678,
18:00:02.206,,,,,,,,,,,,,,,,,,,,,,,,,,,,,,,,,,,,,,,,,,,,,,,,,,0,,,,,,,,,,,,,,,21.9143489,39.3121678,
18:00:02.295,,,,,,,,,,,,,,,,,,,,,,,,,,,,,,,,,,651,0.7,,,,,,,,,,,,,,,,,,,,,,,,,,,,,,21.9143489,39.3121678,
18:00:02.349,,,,,,,,,,,,,,,,,,,,,,,,,0.6917576529424051,,77.49855683916404,,,0.01312903175,11.925601,14.511723,12.902553000000001,,,,,,,,,,,,,,,,,,,,,,,,,,,,,,0.010734611448866792,2,21.9143489,39.3121678,
18:00:02.417,,,,,,,,,,,,,,,,,,,,,,,,,,,,,,,,,,,,,,,,,,,,,,,,,,,,,,,,,,,,,,12,,,21.9143489,39.3121678,
18:00:02.469,,,,,,,,,,,,,,,,,,,,,,,,,,,,,,,,,,,,,,,,,,,,,,,,57,,,,,,,,,,,,,,,,,21.9143489,39.3121678,
18:00:02.498,,,,,,,,,,,,,,,,,,,,222.87315978621098,0.24537966681930745,7.033926984411156,1.1049363641443672,,,,,1.5534464083904178,,,,,,,,,,0.029261087910559872,0.029263,1.020744,0.142565,0.02955369878966547,0.02955563,1.0309514400000002,0.14399065,,6.077389779759738,,,,4.47,,,,,5.364,,,,,,,,,21.9143489,39.3121678,
18:00:02.564,,,,,,,,,,,,,,,,,,,,,,,,,,,,,,,,,,,,,,,,,,,,,,,,,,,,,,,,,,,,,13.72549019607843,,,,21.9143489,39.3121678,
18:00:02.637,,,,,,,,,,,,,,,,,,,,,,,,,,,,,,,,,,,,,,,,,,,,,,,,,,,,,,0.74,,,,,,,,,,,21.9143489,39.3121678,
18:00:02.678,,,,,,,,,,,,,,,,,,,,,,,,,,,,,,,,,,,,,,,,,,,,,,,,,,,,,,,0.785,,,,,,,,,,21.9143489,39.3121678,
18:00:02.742,,,,,,,,,,,,,,,,,,,,,,,,,,,,,,,,,,,,,,,,,,,,,,,,,,,,,,,,,,-7.03125,,,,,,,21.9143489,39.3121678,
18:00:02.810,,,,,,,,,,,,,,,,,,,,,,,,,,,,,,,,,,,,,,,,,,,,,,,,,0,,,,,,,,,,,,,,,,21.9143489,39.3121678,
18:00:02.861,,,,,,,,,,,,,,,,,,,,,,,,,,,,,,,,,,,,,,,,,,,,,,,,,,,,,,,,,,,-6.25,,,,,,21.9143489,39.3121678,
18:00:02.926,,,,,,,,,,,,,,,,,,,,,,,,,,,,,,,,,,,,,,,,,,,,,,,,,,0,,,,,,,,,,,,,,,21.9143489,39.3121678,
18:00:02.978,,,,,,,,,,,,,,,,,,,,,,,,,,,,,,,,,,650,0.6,,,,,,,,,,,,,,,,,,,,,,,,,,,,,,21.9143489,39.3121678,
18:00:03.005,,,,,,,,,,,,,,,,,,,,,,,,,0.7041879564770546,,77.67232041952089,,,0.013493155027777778,11.925965,14.512087,12.902917,,,,,,,,,,,,,,,,,,,,,,,,,,,,,,0.010880473630721563,2,21.9143489,39.3121678,
18:00:03.049,,,,,,,,,,,,,,,,,,,,,,,,,,,,,,,,,,,,,,,,,,,,,,,,,,,,,,,,,,,,,,11,,,21.9143489,39.3121678,
18:00:03.101,,,,,,,,,,,,,,,,,,,,,,,,,,,,,,,,,,,,,,,,,,,,,,,,57,,,,,,,,,,,,,,,,,21.9143489,39.3121678,
18:00:03.138,,,,,,,,,,,,,,,,,,,,218.88658194990987,0.24766968543006793,7.035638636951391,1.107028743965415,,,,,1.543020593569006,,,,,,,,,,0.029534705837505188,0.029537,1.021018,0.142839,0.02983005289588024,0.02983237,1.0312281800000003,0.14426739,,6.036601928888868,,,,4.44,,,,,5.328,,,,,,,,,21.9143489,39.3121678,
18:00:03.186,,,,,,,,,,,,,,,,,,,,,,,,,,,,,,,,,,,,,,,,,,,,,,,,,,,,,,,,,,,,,13.72549019607843,,,,21.9143489,39.3121678,
18:00:03.224,,,,,,,,,,,,,,,,,,,,,,,,,,,,,,,,,,,,,,,,,,,,,,,,,,,,,,0.74,,,,,,,,,,,21.9143489,39.3121678,
18:00:03.278,,,,,,,,,,,,,,,,,,,,,,,,,,,,,,,,,,,,,,,,,,,,,,,,,,,,,,,0.79,,,,,,,,,,21.9143489,39.3121678,
18:00:03.305,,,,,,,,,,,,,,,,,,,,,,,,,,,,,,,,,,,,,,,,,,,,,,,,,,,,,,,,,,-5.46875,,,,,,,21.9143489,39.3121678,
18:00:03.333,,,,,,,,,,,,,,,,,,,,,,,,,,,,,,,,,,,,,,,,,,,,,,,,,0,,,,,,,,,,,,,,,,21.9143489,39.3121678,
18:00:03.374,,,,,,,,,,,,,,,,,,,,,,,,,,,,,,,,,,,,,,,,,,,,,,,,,,,,,,,,,,,-6.25,,,,,,21.9143489,39.3121678,
18:00:03.425,,,,,,,,,,,,,,,,,,,,,,,,,,,,,,,,,,,,,,,,,,,,,,,,,,0,,,,,,,,,,,,,,,21.9143489,39.3121678,
18:00:03.484,,,,,,,,,,,,,,,,,,,,,,,,,,,,,,,,,,646,0.6,,,,,,,,,,,,,,,,,,,,,,,,,,,,,,21.9143489,39.3121678,
18:00:03.513,,,,,,,,,,,,,,,,,,,,,,,,,0.7136573267935146,,77.1510296784503,,,0.013775265583333333,11.926247,14.512369,12.903199,,,,,,,,,,,,,,,,,,,,,,,,,,,,,,0,2,21.9143489,39.3121678,
18:00:03.546,,,,,,,,,,,,,,,,,,,,,,,,,,,,,,,,,,,,,,,,,,,,,,,,,,,,,,,,,,,,,,13,,,21.9143489,39.3121678,
18:00:03.586,,,,,,,,,,,,,,,,,,,,,,,,,,,,,,,,,,,,,,,,,,,,,,,,57,,,,,,,,,,,,,,,,,21.9143489,39.3121678,
18:00:03.650,,,,,,,,,,,,,,,,,,,,215.9969063176379,0.2495001151661541,7.037010980081887,1.1087018033279963,,,,,1.543020593569006,,,,,,,,,,0.02975414749703832,0.029756,1.021237,0.143058,0.030051688972008703,0.03005356,1.0314493700000003,0.14448858,,6.036601928888868,,,,4.44,,,,,5.328,,,,,,,,,21.9143489,39.3121678,
18:00:03.697,,,,,,,,,,,,,,,,,,,,,,,,,,,,,,,,,,,,,,,,,,,,,,,,,,,,,,,,,,,,,13.72549019607843,,,,21.9143489,39.3121678,
18:00:03.726,,,,,,,,,,,,,,,,,,,,,,,,,,,,,,,,,,,,,,,,,,,,,,,,,,,,,,0.74,,,,,,,,,,,21.9143489,39.3121678,
18:00:03.753,,,,,,,,,,,,,,,,,,,,,,,,,,,,,,,,,,,,,,,,,,,,,,,,,,,,,,,0.785,,,,,,,,,,21.9143489,39.3121678,
18:00:03.783,,,,,,,,,,,,,,,,,,,,,,,,,,,,,,,,,,,,,,,,,,,,,,,,,,,,,,,,,,-3.125,,,,,,,21.9143489,39.3121678,
18:00:03.826,,,,,,,,,,,,,,,,,,,,,,,,,,,,,,,,,,,,,,,,,,,,,,,,,0,,,,,,,,,,,,,,,,21.9143489,39.3121678,
18:00:03.890,,,,,,,,,,,,,,,,,,,,,,,,,,,,,,,,,,,,,,,,,,,,,,,,,,,,,,,,,,,-3.125,,,,,,21.9143489,39.3121678,
18:00:03.942,,,,,,,,,,,,,,,,,,,,,,,,,,,,,,,,,,,,,,,,,,,,,,,,,,0,,,,,,,,,,,,,,,21.9143489,39.3121678,
18:00:04.007,,,,,,,,,,,,,,,,,,,,,,,,,,,,,,,,,,654,0.7,,,,,,,,,,,,,,,,,,,,,,,,,,,,,,21.9143489,39.3121678,
18:00:04.054,,,,,,,,,,,,,,,,,,,,,,,,,0.7236337874335872,,77.1510296784503,,,0.014077011527777777,11.926549,14.512671,12.903501,,,,,,,,,,,,,,,,,,,,,,,,,,,,,,0,2,21.9143489,39.3121678,
18:00:04.124,,,,,,,,,,,,,,,,,,,,,,,,,,,,,,,,,,,,,,,,,,,,,,,,,,,,,,,,,,,,,,12,,,21.9143489,39.3121678,
18:00:04.190,,,,,,,,,,,,,,,,,,,,,,,,,,,,,,,,,,,,,,,,,,,,,,,,57,,,,,,,,,,,,,,,,,21.9143489,39.3121678,
18:00:04.240,,,,,,,,,,,,,,,,,,,,213.17324570272436,0.25162349980702714,7.038614738803079,1.11064431273342,,,,,1.5499711367832807,,,,,,,,,,0.03000842237171055,0.03001,1.0214910000000001,0.143312,0.030308506595427658,0.0303101,1.0317059100000001,0.14474512,,6.063793829469447,,,,4.46,,,,,5.351999999999999,,,,,,,,,21.9143489,39.3121678,
18:00:04.302,,,,,,,,,,,,,,,,,,,,,,,,,,,,,,,,,,,,,,,,,,,,,,,,,,,,,,,,,,,,,13.72549019607843,,,,21.9143489,39.3121678,
18:00:04.331,,,,,,,,,,,,,,,,,,,,,,,,,,,,,,,,,,,,,,,,,,,,,,,,,,,,,,0.74,,,,,,,,,,,21.9143489,39.3121678,
18:00:04.382,,,,,,,,,,,,,,,,,,,,,,,,,,,,,,,,,,,,,,,,,,,,,,,,,,,,,,,0.78,,,,,,,,,,21.9143489,39.3121678,
18:00:04.422,,,,,,,,,,,,,,,,,,,,,,,,,,,,,,,,,,,,,,,,,,,,,,,,,,,,,,,,,,-2.34375,,,,,,,21.9143489,39.3121678,
18:00:04.485,,,,,,,,,,,,,,,,,,,,,,,,,,,,,,,,,,,,,,,,,,,,,,,,,0,,,,,,,,,,,,,,,,21.9143489,39.3121678,
18:00:04.548,,,,,,,,,,,,,,,,,,,,,,,,,,,,,,,,,,,,,,,,,,,,,,,,,,,,,,,,,,,-1.5625,,,,,,21.9143489,39.3121678,
18:00:04.600,,,,,,,,,,,,,,,,,,,,,,,,,,,,,,,,,,,,,,,,,,,,,,,,,,0,,,,,,,,,,,,,,,21.9143489,39.3121678,
18:00:04.625,,,,,,,,,,,,,,,,,,,,,,,,,,,,,,,,,,652,0.7,,,,,,,,,,,,,,,,,,,,,,,,,,,,,,21.9143489,39.3121678,
18:00:04.665,,,,,,,,,,,,,,,,,,,,,,,,,0.734647352530631,,77.49855683916404,,,0.014415651305555555,11.926888,14.51301,12.90384,,,,,,,,,,,,,,,,,,,,,,,,,,,,,,0,2,21.9143489,39.3121678,
18:00:04.722,,,,,,,,,,,,,,,,,,,,,,,,,,,,,,,,,,,,,,,,,,,,,,,,,,,,,,,,,,,,,,12.5,,,21.9143489,39.3121678,
18:00:04.784,,,,,,,,,,,,,,,,,,,,,,,,,,,,,,,,,,,,,,,,,,,,,,,,57,,,,,,,,,,,,,,,,,21.9143489,39.3121678,
18:00:04.846,,,,,,,,,,,,,,,,,,,,209.96526075802672,0.25378791181739946,7.040234934035049,1.1126222891790352,,,,,1.543020593569006,,,,,,,,,,0.030267859853677602,0.030269,1.0217500000000002,0.143571,0.03057053845221438,0.030571690000000002,1.0319675000000001,0.14500671,,6.036601928888868,,,,4.44,,,,,5.328,,,,,,,,,21.9143489,39.3121678,
18:00:04.897,,,,,,,,,,,,,,,,,,,,,,,,,,,,,,,,,,,,,,,,,,,,,,,,,,,,,,,,,,,,,13.72549019607843,,,,21.9143489,39.3121678,
18:00:04.925,,,,,,,,,,,,,,,,,,,,,,,,,,,,,,,,,,,,,,,,,,,,,,,,,,,,,,0.74,,,,,,,,,,,21.9143489,39.3121678,
18:00:04.990,,,,,,,,,,,,,,,,,,,,,,,,,,,,,,,,,,,,,,,,,,,,,,,,,,,,,,,0.745,,,,,,,,,,21.9143489,39.3121678,
18:00:05.053,,,,,,,,,,,,,,,,,,,,,,,,,,,,,,,,,,,,,,,,,,,,,,,,,,,,,,,,,,-1.5625,,,,,,,21.9143489,39.3121678,
18:00:05.129,,,,,,,,,,,,,,,,,,,,,,,,,,,,,,,,,,,,,,,,,,,,,,,,,0,,,,,,,,,,,,,,,,21.9143489,39.3121678,
18:00:05.166,,,,,,,,,,,,,,,,,,,,,,,,,,,,,,,,,,,,,,,,,,,,,,,,,,,,,,,,,,,0,,,,,,21.9143489,39.3121678,
18:00:05.193,,,,,,,,,,,,,,,,,,,,,,,,,,,,,,,,,,,,,,,,,,,,,,,,,,0,,,,,,,,,,,,,,,21.9143489,39.3121678,
18:00:05.222,,,,,,,,,,,,,,,,,,,,,,,,,,,,,,,,,,652,0.7,,,,,,,,,,,,,,,,,,,,,,,,,,,,,,21.9143489,39.3121678,
18:00:05.262,,,,,,,,,,,,,,,,,,,,,,,,,0.7452509087871289,,77.1510296784503,,,0.014747301305555554,11.92722,14.513342,12.904172,,,,,,,,,,,,,,,,,,,,,,,,,,,,,,0,2,21.9143489,39.3121678,
18:00:05.334,,,,,,,,,,,,,,,,,,,,,,,,,,,,,,,,,,,,,,,,,,,,,,,,,,,,,,,,,,,,,,10,,,21.9143489,39.3121678,
18:00:05.385,,,,,,,,,,,,,,,,,,,,,,,,,,,,,,,,,,,,,,,,,,,,,,,,57,,,,,,,,,,,,,,,,,21.9143489,39.3121678,
18:00:05.437,,,,,,,,,,,,,,,,,,,,207.71910854334524,0.2568410744498718,7.042588812418257,1.1154222060896275,,,,,2.220698556960799,,,,,,,,,,0.030632962806101113,0.030634,1.022115,0.143936,0.030939292434162123,0.03094034,1.0323361500000001,0.14537536,,8.687812235495464,,,,6.390000000000001,,,,,7.668,,,,,,,,,21.9143489,39.3121678,
18:00:05.498,,,,,,,,,,,,,,,,,,,,,,,,,,,,,,,,,,,,,,,,,,,,,,,,,,,,,,,,,,,,,14.509803921568627,,,,21.9143489,39.3121678,
18:00:05.538,,,,,,,,,,,,,,,,,,,,,,,,,,,,,,,,,,,,,,,,,,,,,,,,,,,,,,0.73,,,,,,,,,,,21.9143489,39.3121678,
18:00:05.590,,,,,,,,,,,,,,,,,,,,,,,,,,,,,,,,,,,,,,,,,,,,,,,,,,,,,,,0.625,,,,,,,,,,21.9143489,39.3121678,
18:00:05.654,,,,,,,,,,,,,,,,,,,,,,,,,,,,,,,,,,,,,,,,,,,,,,,,,,,,,,,,,,0.78125,,,,,,,21.9143489,39.3121678,
18:00:05.706,,,,,,,,,,,,,,,,,,,,,,,,,,,,,,,,,,,,,,,,,,,,,,,,,0,,,,,,,,,,,,,,,,21.9143489,39.3121678,
18:00:05.734,,,,,,,,,,,,,,,,,,,,,,,,,,,,,,,,,,,,,,,,,,,,,,,,,,,,,,,,,,,3.125,,,,,,21.9143489,39.3121678,
18:00:05.765,,,,,,,,,,,,,,,,,,,,,,,,,,,,,,,,,,,,,,,,,,,,,,,,,,0,,,,,,,,,,,,,,,21.9143489,39.3121678,
18:00:05.805,,,,,,,,,,,,,,,,,,,,,,,,,,,,,,,,,,641,0.6,,,,,,,,,,,,,,,,,,,,,,,,,,,,,,21.9143489,39.3121678,
18:00:05.870,,,,,,,,,,,,,,,,,,,,,,,,,0.755871184974647,,111.03492784803994,,,0.01508514086111111,11.927558,14.513679999999999,12.90451,,,,,,,,,,,,,,,,,,,,,,,,,,,,,,0,2,21.9143489,39.3121678,
18:00:05.913,,,,,,,,,,,,,,,,,,,,,,,,,,,,,,,,,,,,,,,,,,,,,,,,,,,,,,,,,,,,,,13.5,,,21.9143489,39.3121678,
18:00:05.953,,,,,,,,,,,,,,,,,,,,,,,,,,,,,,,,,,,,,,,,,,,,,,,,57,,,,,,,,,,,,,,,,,21.9143489,39.3121678,
18:00:06.029,,,,,,,,,,,,,,,,,,,,205.22091419584788,0.2595585785455833,7.044664068657984,1.1179114898589717,,,,,1.977429544461181,,,,,,,,,,0.03095786398290362,0.030959,1.02244,0.144261,0.03126744262273266,0.03126859,1.0326644000000003,0.14570360999999998,,7.736095715175148,,,,5.69,,,,,6.828,,,,,,,,,21.9143489,39.3121678,
18:00:06.066,,,,,,,,,,,,,,,,,,,,,,,,,,,,,,,,,,,,,,,,,,,,,,,,,,,,,,,,,,,,,14.117647058823529,,,,21.9143489,39.3121678,
18:00:06.094,,,,,,,,,,,,,,,,,,,,,,,,,,,,,,,,,,,,,,,,,,,,,,,,,,,,,,0.49,,,,,,,,,,,21.9143489,39.3121678,
18:00:06.126,,,,,,,,,,,,,,,,,,,,,,,,,,,,,,,,,,,,,,,,,,,,,,,,,,,,,,,0.42,,,,,,,,,,21.9143489,39.3121678,
18:00:06.154,,,,,,,,,,,,,,,,,,,,,,,,,,,,,,,,,,,,,,,,,,,,,,,,,,,,,,,,,,3.125,,,,,,,21.9143489,39.3121678,
18:00:06.192,,,,,,,,,,,,,,,,,,,,,,,,,,,,,,,,,,,,,,,,,,,,,,,,,0,,,,,,,,,,,,,,,,21.9143489,39.3121678,
18:00:06.254,,,,,,,,,,,,,,,,,,,,,,,,,,,,,,,,,,,,,,,,,,,,,,,,,,,,,,,,,,,6.25,,,,,,21.9143489,39.3121678,
18:00:06.322,,,,,,,,,,,,,,,,,,,,,,,,,,,,,,,,,,,,,,,,,,,,,,,,,,0,,,,,,,,,,,,,,,21.9143489,39.3121678,
18:00:06.373,,,,,,,,,,,,,,,,,,,,,,,,,,,,,,,,,,650,0.6,,,,,,,,,,,,,,,,,,,,,,,,,,,,,,21.9143489,39.3121678,
18:00:06.442,,,,,,,,,,,,,,,,,,,,,,,,,0.7656968288893604,,98.87147722305905,,,0.015402880027777777,11.927876,14.513997999999999,12.904828,,,,,,,,,,,,,,,,,,,,,,,,,,,,,,0,2,21.9143489,39.3121678,
18:00:06.485,,,,,,,,,,,,,,,,,,,,,,,,,,,,,,,,,,,,,,,,,,,,,,,,,,,,,,,,,,,,,,12,,,21.9143489,39.3121678,
18:00:06.525,,,,,,,,,,,,,,,,,,,,,,,,,,,,,,,,,,,,,,,,,,,,,,,,57,,,,,,,,,,,,,,,,,21.9143489,39.3121678,
18:00:06.589,,,,,,,,,,,,,,,,,,,,202.9534175036316,0.262091926508961,7.04659736069965,1.1202319008048771,,,,,1.9461520999969446,,,,,,,,,,0.03126067141035932,0.031262,1.022743,0.144564,0.031573278124462915,0.03157462,1.0329704300000002,0.14600964,,7.6137321625625365,,,,5.6000000000000005,,,,,6.720000000000001,,,,,,,,,21.9143489,39.3121678,
18:00:06.636,,,,,,,,,,,,,,,,,,,,,,,,,,,,,,,,,,,,,,,,,,,,,,,,,,,,,,,,,,,,,14.117647058823529,,,,21.9143489,39.3121678,
18:00:06.666,,,,,,,,,,,,,,,,,,,,,,,,,,,,,,,,,,,,,,,,,,,,,,,,,,,,,,0.37,,,,,,,,,,,21.9143489,39.3121678,
18:00:06.705,,,,,,,,,,,,,,,,,,,,,,,,,,,,,,,,,,,,,,,,,,,,,,,,,,,,,,,0.4,,,,,,,,,,21.9143489,39.3121678,
18:00:06.768,,,,,,,,,,,,,,,,,,,,,,,,,,,,,,,,,,,,,,,,,,,,,,,,,,,,,,,,,,3.90625,,,,,,,21.9143489,39.3121678,
18:00:06.821,,,,,,,,,,,,,,,,,,,,,,,,,,,,,,,,,,,,,,,,,,,,,,,,,0,,,,,,,,,,,,,,,,21.9143489,39.3121678,
18:00:06.886,,,,,,,,,,,,,,,,,,,,,,,,,,,,,,,,,,,,,,,,,,,,,,,,,,,,,,,,,,,3.90625,,,,,,21.9143489,39.3121678,
18:00:06.937,,,,,,,,,,,,,,,,,,,,,,,,,,,,,,,,,,,,,,,,,,,,,,,,,,0,,,,,,,,,,,,,,,21.9143489,39.3121678,
18:00:06.973,,,,,,,,,,,,,,,,,,,,,,,,,,,,,,,,,,645,0.6,,,,,,,,,,,,,,,,,,,,,,,,,,,,,,21.9143489,39.3121678,
18:00:07.025,,,,,,,,,,,,,,,,,,,,,,,,,0.7835682863808392,,64.87173666656483,,,0.01588947986111111,11.928363,14.514484999999999,12.905315,,,,,,,,,,,,,,,,,,,,,,,,,,,,,,0.01200367819928027,3,21.9143489,39.3121678,
18:00:07.086,,,,,,,,,,,,,,,,,,,,,,,,,,,,,,,,,,,,,,,,,,,,,,,,,,,,,,,,,,,,,,13.5,,,21.9143489,39.3121678,
18:00:07.113,,,,,,,,,,,,,,,,,,,,,,,,,,,,,,,,,,,,,,,,,,,,,,,,57,,,,,,,,,,,,,,,,,21.9143489,39.3121678,
18:00:07.153,,,,,,,,,,,,,,,,,,,,198.67867011919108,0.264663307110959,7.048482946518599,1.1225762408743993,,,,,1.9670037296397689,,,,,,,,,,0.031569007276912246,0.03157,1.0230510000000002,0.144872,0.03188469734968137,0.0318857,1.0332815100000001,0.14632072000000002,,7.695307864304278,,,,5.66,,,,,6.792,,,,,,,,,21.9143489,39.3121678,
18:00:07.213,,,,,,,,,,,,,,,,,,,,,,,,,,,,,,,,,,,,,,,,,,,,,,,,,,,,,,,,,,,,,14.117647058823529,,,,21.9143489,39.3121678,
18:00:07.238,,,,,,,,,,,,,,,,,,,,,,,,,,,,,,,,,,,,,,,,,,,,,,,,,,,,,,0.52,,,,,,,,,,,21.9143489,39.3121678,
18:00:07.266,,,,,,,,,,,,,,,,,,,,,,,,,,,,,,,,,,,,,,,,,,,,,,,,,,,,,,,0.705,,,,,,,,,,21.9143489,39.3121678,
18:00:07.310,,,,,,,,,,,,,,,,,,,,,,,,,,,,,,,,,,,,,,,,,,,,,,,,,,,,,,,,,,3.125,,,,,,,21.9143489,39.3121678,
18:00:07.386,,,,,,,,,,,,,,,,,,,,,,,,,,,,,,,,,,,,,,,,,,,,,,,,,0,,,,,,,,,,,,,,,,21.9143489,39.3121678,
18:00:07.426,,,,,,,,,,,,,,,,,,,,,,,,,,,,,,,,,,,,,,,,,,,,,,,,,,,,,,,,,,,4.6875,,,,,,21.9143489,39.3121678,
18:00:07.489,,,,,,,,,,,,,,,,,,,,,,,,,,,,,,,,,,,,,,,,,,,,,,,,,,0,,,,,,,,,,,,,,,21.9143489,39.3121678,
18:00:07.541,,,,,,,,,,,,,,,,,,,,,,,,,,,,,,,,,,648,0.6,,,,,,,,,,,,,,,,,,,,,,,,,,,,,,21.9143489,39.3121678,
18:00:07.605,,,,,,,,,,,,,,,,,,,,,,,,,0.8010046201294788,,65.5667909879923,,,0.016371855027777778,11.928845,14.514967,12.905797000000002,,,,,,,,,,,,,,,,,,,,,,,,,,,,,,0.012089353331031453,3,21.9143489,39.3121678,
18:00:07.662,,,,,,,,,,,,,,,,,,,,,,,,,,,,,,,,,,,,,,,,,,,,,,,,,,,,,,,,,,,,,,13,,,21.9143489,39.3121678,
18:00:07.726,,,,,,,,,,,,,,,,,,,,,,,,,,,,,,,,,,,,,,,,,,,,,,,,57,,,,,,,,,,,,,,,,,21.9143489,39.3121678,
18:00:07.788,,,,,,,,,,,,,,,,,,,,194.9618514356752,0.26758667750314463,7.050660190960131,1.1252462749878986,,,,,1.9843800876754556,,,,,,,,,,0.03191887167652023,0.03192,1.023401,0.145222,0.03223806039328543,0.032239199999999996,1.0336350100000002,0.14667422,,7.763287615755727,,,,5.71,,,,,6.851999999999999,,,,,,,,,21.9143489,39.3121678,
18:00:07.838,,,,,,,,,,,,,,,,,,,,,,,,,,,,,,,,,,,,,,,,,,,,,,,,,,,,,,,,,,,,,14.117647058823529,,,,21.9143489,39.3121678,
18:00:07.865,,,,,,,,,,,,,,,,,,,,,,,,,,,,,,,,,,,,,,,,,,,,,,,,,,,,,,0.71,,,,,,,,,,,21.9143489,39.3121678,
18:00:07.893,,,,,,,,,,,,,,,,,,,,,,,,,,,,,,,,,,,,,,,,,,,,,,,,,,,,,,,0.66,,,,,,,,,,21.9143489,39.3121678,
18:00:07.932,,,,,,,,,,,,,,,,,,,,,,,,,,,,,,,,,,,,,,,,,,,,,,,,,,,,,,,,,,3.125,,,,,,,21.9143489,39.3121678,
18:00:07.998,,,,,,,,,,,,,,,,,,,,,,,,,,,,,,,,,,,,,,,,,,,,,,,,,0,,,,,,,,,,,,,,,,21.9143489,39.3121678,
18:00:08.050,,,,,,,,,,,,,,,,,,,,,,,,,,,,,,,,,,,,,,,,,,,,,,,,,,,,,,,,,,,7.03125,,,,,,21.9143489,39.3121678,
18:00:08.114,,,,,,,,,,,,,,,,,,,,,,,,,,,,,,,,,,,,,,,,,,,,,,,,,,0,,,,,,,,,,,,,,,21.9143489,39.3121678,
18:00:08.178,,,,,,,,,,,,,,,,,,,,,,,,,,,,,,,,,,646,0.6,,,,,,,,,,,,,,,,,,,,,,,,,,,,,,21.9143489,39.3121678,
18:00:08.230,,,,,,,,,,,,,,,,,,,,,,,,,0.8110996070270826,,99.21900438377278,,,0.01671895386111111,11.929192,14.515314,12.906144000000001,,,,,,,,,,,,,,,,,,,,,,,,,,,,,,,2,21.9143489,39.3121678,
18:00:08.285,,,,,,,,,,,,,,,,,,,,,,,,,,,,,,,,,,,,,,,,,,,,,,,,,,,,,,,,,,,,,,13.5,,,21.9143489,39.3121678,
18:00:08.312,,,,,,,,,,,,,,,,,,,,,,,,,,,,,,,,,,,,,,,,,,,,,,,,57,,,,,,,,,,,,,,,,,21.9143489,39.3121678,
18:00:08.349,,,,,,,,,,,,,,,,,,,,192.75747630771278,0.27016079546711963,7.0526135362969065,1.1276024814228012,,,,,1.977429544461181,,,,,,,,,,0.03222703352772868,0.032228,1.023709,0.14553,0.03254930386300597,0.03255028,1.0339460900000002,0.14698529999999999,,7.736095715175148,,,,5.69,,,,,6.828,,,,,,,,,21.9143489,39.3121678,
18:00:08.413,,,,,,,,,,,,,,,,,,,,,,,,,,,,,,,,,,,,,,,,,,,,,,,,,,,,,,,,,,,,,14.117647058823529,,,,21.9143489,39.3121678,
18:00:08.465,,,,,,,,,,,,,,,,,,,,,,,,,,,,,,,,,,,,,,,,,,,,,,,,,,,,,,0.77,,,,,,,,,,,21.9143489,39.3121678,
18:00:08.506,,,,,,,,,,,,,,,,,,,,,,,,,,,,,,,,,,,,,,,,,,,,,,,,,,,,,,,0.37,,,,,,,,,,21.9143489,39.3121678,
18:00:08.560,,,,,,,,,,,,,,,,,,,,,,,,,,,,,,,,,,,,,,,,,,,,,,,,,,,,,,,,,,3.90625,,,,,,,21.9143489,39.3121678,
18:00:08.625,,,,,,,,,,,,,,,,,,,,,,,,,,,,,,,,,,,,,,,,,,,,,,,,,0,,,,,,,,,,,,,,,,21.9143489,39.3121678,
18:00:08.685,,,,,,,,,,,,,,,,,,,,,,,,,,,,,,,,,,,,,,,,,,,,,,,,,,,,,,,,,,,6.25,,,,,,21.9143489,39.3121678,
18:00:08.738,,,,,,,,,,,,,,,,,,,,,,,,,,,,,,,,,,,,,,,,,,,,,,,,,,0,,,,,,,,,,,,,,,21.9143489,39.3121678,
18:00:08.766,,,,,,,,,,,,,,,,,,,,,,,,,,,,,,,,,,646,0.6,,,,,,,,,,,,,,,,,,,,,,,,,,,,,,21.9143489,39.3121678,
18:00:08.817,,,,,,,,,,,,,,,,,,,,,,,,,0.8125822203726905,,197.7429544461181,,,0.016882015583333333,11.929355,14.515476999999999,12.906307,,,,,,,,,,,,,,,,,,,,,,,,,,,,,,-0.011928620924476378,1,21.9143489,39.3121678,
18:00:08.861,,,,,,,,,,,,,,,,,,,,,,,,,,,,,,,,,,,,,,,,,,,,,,,,,,,,,,,,,,,,,,13,,,21.9143489,39.3121678,
18:00:08.888,,,,,,,,,,,,,,,,,,,,,,,,,,,,,,,,,,,,,,,,,,,,,,,,57,,,,,,,,,,,,,,,,,21.9143489,39.3121678,
18:00:08.918,,,,,,,,,,,,,,,,,,,,192.75254054795968,0.2727808837946394,7.054690658805081,1.1300134112724887,,,,,1.9843800876754556,,,,,,,,,,0.03254051393257745,0.032541,1.024022,0.145843,0.03286591907190323,0.03286641,1.0342622200000002,0.14730143,,7.763287615755727,,,,5.71,,,,,6.851999999999999,,,,,,,,,21.9143489,39.3121678,
18:00:08.982,,,,,,,,,,,,,,,,,,,,,,,,,,,,,,,,,,,,,,,,,,,,,,,,,,,,,,,,,,,,,14.117647058823529,,,,21.9143489,39.3121678,
18:00:09.046,,,,,,,,,,,,,,,,,,,,,,,,,,,,,,,,,,,,,,,,,,,,,,,,,,,,,,0.77,,,,,,,,,,,21.9143489,39.3121678,
18:00:09.110,,,,,,,,,,,,,,,,,,,,,,,,,,,,,,,,,,,,,,,,,,,,,,,,,,,,,,,0.705,,,,,,,,,,21.9143489,39.3121678,
18:00:09.165,,,,,,,,,,,,,,,,,,,,,,,,,,,,,,,,,,,,,,,,,,,,,,,,,,,,,,,,,,4.6875,,,,,,,21.9143489,39.3121678,
18:00:09.229,,,,,,,,,,,,,,,,,,,,,,,,,,,,,,,,,,,,,,,,,,,,,,,,,0,,,,,,,,,,,,,,,,21.9143489,39.3121678,
18:00:09.281,,,,,,,,,,,,,,,,,,,,,,,,,,,,,,,,,,,,,,,,,,,,,,,,,,,,,,,,,,,5.46875,,,,,,21.9143489,39.3121678,
18:00:09.346,,,,,,,,,,,,,,,,,,,,,,,,,,,,,,,,,,,,,,,,,,,,,,,,,,0,,,,,,,,,,,,,,,21.9143489,39.3121678,
18:00:09.408,,,,,,,,,,,,,,,,,,,,,,,,,,,,,,,,,,657,0.7,,,,,,,,,,,,,,,,,,,,,,,,,,,,,,21.9143489,39.3121678,
18:00:09.461,,,,,,,,,,,,,,,,,,,,,,,,,0.8056424232091158,,,,,0.016882015583333333,11.929355,14.515476999999999,12.906307,,,,,,,,,,,,,,,,,,,,,,,,,,,,,,-0.03488654983296352,0,21.9143489,39.3121678,
18:00:09.542,,,,,,,,,,,,,,,,,,,,,,,,,,,,,,,,,,,,,,,,,,,,,,,,,,,,,,,,,,,,,,11.5,,,21.9143489,39.3121678,
18:00:09.690,,,,,,,,,,,,,,,,,,,,,,,,,,,,,,,,,,,,,,,,,,,,,,,,57,,,,,,,,,,,,,,,,,21.9143489,39.3121678,
18:00:09.778,,,,,,,,,,,,,,,,,,,,195.56576776449864,0.2767626581655085,7.057963028014856,1.1336937824274598,,,,,1.987855359282593,,,,,,,,,,0.033015443389668137,0.033016,1.024497,0.146318,0.03334559782356482,0.03334616,1.0347419700000002,0.14778118,,7.776883566046017,,,,5.72,,,,,6.864,,,,,,,,,21.9143489,39.3121678,
18:00:09.861,,,,,,,,,,,,,,,,,,,,,,,,,,,,,,,,,,,,,,,,,,,,,,,,,,,,,,,,,,,,,14.117647058823529,,,,21.9143489,39.3121678,
18:00:09.910,,,,,,,,,,,,,,,,,,,,,,,,,,,,,,,,,,,,,,,,,,,,,,,,,,,,,,0.785,,,,,,,,,,,21.9143489,39.3121678,
18:00:09.937,,,,,,,,,,,,,,,,,,,,,,,,,,,,,,,,,,,,,,,,,,,,,,,,,,,,,,,0.8150000000000001,,,,,,,,,,21.9143489,39.3121678,
18:00:09.965,,,,,,,,,,,,,,,,,,,,,,,,,,,,,,,,,,,,,,,,,,,,,,,,,,,,,,,,,,3.125,,,,,,,21.9143489,39.3121678,
18:00:09.993,,,,,,,,,,,,,,,,,,,,,,,,,,,,,,,,,,,,,,,,,,,,,,,,,0,,,,,,,,,,,,,,,,21.9143489,39.3121678,
18:00:10.057,,,,,,,,,,,,,,,,,,,,,,,,,,,,,,,,,,,,,,,,,,,,,,,,,,,,,,,,,,,3.125,,,,,,21.9143489,39.3121678,
18:00:10.085,,,,,,,,,,,,,,,,,,,,,,,,,,,,,,,,,,,,,,,,,,,,,,,,,,0,,,,,,,,,,,,,,,21.9143489,39.3121678,
18:00:10.125,,,,,,,,,,,,,,,,,,,,,,,,,,,,,,,,,,655,0.7,,,,,,,,,,,,,,,,,,,,,,,,,,,,,,21.9143489,39.3121678,
18:00:10.177,,,,,,,,,,,,,,,,,,,,,,,,,0.7980693075737458,,,,,0.016882015583333333,11.929355,14.515476999999999,12.906307,,,,,,,,,,,,,,,,,,,,,,,,,,,,,,-0.03303544090775478,0,21.9143489,39.3121678,
18:00:10.245,,,,,,,,,,,,,,,,,,,,,,,,,,,,,,,,,,,,,,,,,,,,,,,,,,,,,,,,,,,,,,11.5,,,21.9143489,39.3121678,
18:00:10.310,,,,,,,,,,,,,,,,,,,,,,,,,,,,,,,,,,,,,,,,,,,,,,,,57,,,,,,,,,,,,,,,,,21.9143489,39.3121678,
18:00:10.361,,,,,,,,,,,,,,,,,,,,197.4630532292766,0.27944511668904143,7.060167571482495,1.13617319036344,,,,,1.977429544461181,,,,,,,,,,0.03333574341749227,0.033336,1.024817,0.146638,0.033669100851667196,0.033669359999999995,1.0350651700000002,0.14810437999999998,,7.736095715175148,,,,5.69,,,,,6.828,,,,,,,,,21.9143489,39.3121678,
18:00:10.421,,,,,,,,,,,,,,,,,,,,,,,,,,,,,,,,,,,,,,,,,,,,,,,,,,,,,,,,,,,,,12.549019607843137,,,,21.9143489,39.3121678,
18:00:10.497,,,,,,,,,,,,,,,,,,,,,,,,,,,,,,,,,,,,,,,,,,,,,,,,,,,,,,0.8150000000000001,,,,,,,,,,,21.9143489,39.3121678,
18:00:10.537,,,,,,,,,,,,,,,,,,,,,,,,,,,,,,,,,,,,,,,,,,,,,,,,,,,,,,,0.8250000000000001,,,,,,,,,,21.9143489,39.3121678,
18:00:10.566,,,,,,,,,,,,,,,,,,,,,,,,,,,,,,,,,,,,,,,,,,,,,,,,,,,,,,,,,,3.125,,,,,,,21.9143489,39.3121678,
18:00:10.604,,,,,,,,,,,,,,,,,,,,,,,,,,,,,,,,,,,,,,,,,,,,,,,,,0,,,,,,,,,,,,,,,,21.9143489,39.3121678,
18:00:10.666,,,,,,,,,,,,,,,,,,,,,,,,,,,,,,,,,,,,,,,,,,,,,,,,,,,,,,,,,,,3.90625,,,,,,21.9143489,39.3121678,
18:00:10.718,,,,,,,,,,,,,,,,,,,,,,,,,,,,,,,,,,,,,,,,,,,,,,,,,,0,,,,,,,,,,,,,,,21.9143489,39.3121678,
18:00:10.770,,,,,,,,,,,,,,,,,,,,,,,,,,,,,,,,,,724,0.7,,,,,,,,,,,,,,,,,,,,,,,,,,,,,,21.9143489,39.3121678,
18:00:10.821,,,,,,,,,,,,,,,,,,,,,,,,,0.7913790476582457,,,,,0.016882015583333333,11.929355,14.515476999999999,12.906307,,,,,,,,,,,,,,,,,,,,,,,,,,,,,,-0.02186138018442531,0,21.9143489,39.3121678,
18:00:10.866,,,,,,,,,,,,,,,,,,,,,,,,,,,,,,,,,,,,,,,,,,,,,,,,,,,,,,,,,,,,,,5.5,,,21.9143489,39.3121678,
18:00:10.893,,,,,,,,,,,,,,,,,,,,,,,,,,,,,,,,,,,,,,,,,,,,,,,,57,,,,,,,,,,,,,,,,,21.9143489,39.3121678,
18:00:10.933,,,,,,,,,,,,,,,,,,,,199.0582485433364,0.28170005838538636,7.062020765834979,1.138257442659624,,,,,1.692457272675914,,,,,,,,,,0.033605044538996445,0.033605,1.0250860000000002,0.146907,0.03394109498438641,0.03394105,1.0353368600000001,0.14837607,,6.621227791371347,,,,4.87,,,,,5.844,,,,,,,,,21.9143489,39.3121678,
18:00:10.997,,,,,,,,,,,,,,,,,,,,,,,,,,,,,,,,,,,,,,,,,,,,,,,,,,,,,,,,,,,,,13.72549019607843,,,,21.9143489,39.3121678,
18:00:11.049,,,,,,,,,,,,,,,,,,,,,,,,,,,,,,,,,,,,,,,,,,,,,,,,,,,,,,0.8300000000000001,,,,,,,,,,,21.9143489,39.3121678,
18:00:11.077,,,,,,,,,,,,,,,,,,,,,,,,,,,,,,,,,,,,,,,,,,,,,,,,,,,,,,,0.81,,,,,,,,,,21.9143489,39.3121678,
18:00:11.105,,,,,,,,,,,,,,,,,,,,,,,,,,,,,,,,,,,,,,,,,,,,,,,,,,,,,,,,,,0,,,,,,,21.9143489,39.3121678,
18:00:11.145,,,,,,,,,,,,,,,,,,,,,,,,,,,,,,,,,,,,,,,,,,,,,,,,,0,,,,,,,,,,,,,,,,21.9143489,39.3121678,
18:00:11.198,,,,,,,,,,,,,,,,,,,,,,,,,,,,,,,,,,,,,,,,,,,,,,,,,,,,,,,,,,,3.125,,,,,,21.9143489,39.3121678,
18:00:11.277,,,,,,,,,,,,,,,,,,,,,,,,,,,,,,,,,,,,,,,,,,,,,,,,,,0,,,,,,,,,,,,,,,21.9143489,39.3121678,
18:00:11.317,,,,,,,,,,,,,,,,,,,,,,,,,,,,,,,,,,523,0.5,,,,,,,,,,,,,,,,,,,,,,,,,,,,,,21.9143489,39.3121678,
18:00:11.346,,,,,,,,,,,,,,,,,,,,,,,,,0.7860064283428138,,,,,0.016882015583333333,11.929355,14.515476999999999,12.906307,,,,,,,,,,,,,,,,,,,,,,,,,,,,,,-0.011201610301480869,0,21.9143489,39.3121678,
18:00:11.390,,,,,,,,,,,,,,,,,,,,,,,,,,,,,,,,,,,,,,,,,,,,,,,,,,,,,,,,,,,,,,18.5,,,21.9143489,39.3121678,
18:00:11.441,,,,,,,,,,,,,,,,,,,,,,,,,,,,,,,,,,,,,,,,,,,,,,,,57,,,,,,,,,,,,,,,,,21.9143489,39.3121678,
18:00:11.505,,,,,,,,,,,,,,,,,,,,201.1158518901885,0.2846088493468424,7.064411317657698,1.1409460506402025,,,,,2.189421112496562,,,,,,,,,,0.03395240945665521,0.033952,1.025433,0.147254,0.03429193355122176,0.034291520000000006,1.0356873300000002,0.14872654000000002,,8.565448682882849,,,,6.3,,,,,7.56,,,,,,,,,21.9143489,39.3121678,
18:00:11.558,,,,,,,,,,,,,,,,,,,,,,,,,,,,,,,,,,,,,,,,,,,,,,,,,,,,,,,,,,,,,14.509803921568627,,,,21.9143489,39.3121678,
18:00:11.585,,,,,,,,,,,,,,,,,,,,,,,,,,,,,,,,,,,,,,,,,,,,,,,,,,,,,,0.8250000000000001,,,,,,,,,,,21.9143489,39.3121678,
18:00:11.626,,,,,,,,,,,,,,,,,,,,,,,,,,,,,,,,,,,,,,,,,,,,,,,,,,,,,,,0.805,,,,,,,,,,21.9143489,39.3121678,
18:00:11.678,,,,,,,,,,,,,,,,,,,,,,,,,,,,,,,,,,,,,,,,,,,,,,,,,,,,,,,,,,3.125,,,,,,,21.9143489,39.3121678,
18:00:11.746,,,,,,,,,,,,,,,,,,,,,,,,,,,,,,,,,,,,,,,,,,,,,,,,,0,,,,,,,,,,,,,,,,21.9143489,39.3121678,
18:00:11.809,,,,,,,,,,,,,,,,,,,,,,,,,,,,,,,,,,,,,,,,,,,,,,,,,,,,,,,,,,,6.25,,,,,,21.9143489,39.3121678,
18:00:11.862,,,,,,,,,,,,,,,,,,,,,,,,,,,,,,,,,,,,,,,,,,,,,,,,,,0,,,,,,,,,,,,,,,21.9143489,39.3121678,
18:00:11.925,,,,,,,,,,,,,,,,,,,,,,,,,,,,,,,,,,658,0.7,,,,,,,,,,,,,,,,,,,,,,,,,,,,,,21.9143489,39.3121678,
18:00:11.990,,,,,,,,,,,,,,,,,,,,,,,,,0.7795089914396036,,,,,0.016882015583333333,11.929355,14.515476999999999,12.906307,,,,,,,,,,,,,,,,,,,,,,,,,,,,,,0,0,21.9143489,39.3121678,
18:00:12.050,,,,,,,,,,,,,,,,,,,,,,,,,,,,,,,,,,,,,,,,,,,,,,,,,,,,,,,,,,,,,,6.5,,,21.9143489,39.3121678,
18:00:12.100,,,,,,,,,,,,,,,,,,,,,,,,,,,,,,,,,,,,,,,,,,,,,,,,57,,,,,,,,,,,,,,,,,21.9143489,39.3121678,
18:00:12.165,,,,,,,,,,,,,,,,,,,,203.04615758433567,0.28734160396769154,7.066657196315354,1.1434719474749826,,,,,1.7758637912472117,,,,,,,,,,0.03427828396474711,0.034278,1.025759,0.14758,0.03462106680439458,0.034620780000000004,1.0360165900000002,0.14905580000000002,,6.9475305983383135,,,,5.11,,,,,6.132000000000001,,,,,,,,,21.9143489,39.3121678,
18:00:12.216,,,,,,,,,,,,,,,,,,,,,,,,,,,,,,,,,,,,,,,,,,,,,,,,,,,,,,,,,,,,,14.117647058823529,,,,21.9143489,39.3121678,
18:00:12.244,,,,,,,,,,,,,,,,,,,,,,,,,,,,,,,,,,,,,,,,,,,,,,,,,,,,,,0.795,,,,,,,,,,,21.9143489,39.3121678,
18:00:12.286,,,,,,,,,,,,,,,,,,,,,,,,,,,,,,,,,,,,,,,,,,,,,,,,,,,,,,,0.795,,,,,,,,,,21.9143489,39.3121678,
18:00:12.337,,,,,,,,,,,,,,,,,,,,,,,,,,,,,,,,,,,,,,,,,,,,,,,,,,,,,,,,,,0.78125,,,,,,,21.9143489,39.3121678,
18:00:12.365,,,,,,,,,,,,,,,,,,,,,,,,,,,,,,,,,,,,,,,,,,,,,,,,,0,,,,,,,,,,,,,,,,21.9143489,39.3121678,
18:00:12.400,,,,,,,,,,,,,,,,,,,,,,,,,,,,,,,,,,,,,,,,,,,,,,,,,,,,,,,,,,,0,,,,,,21.9143489,39.3121678,
18:00:12.465,,,,,,,,,,,,,,,,,,,,,,,,,,,,,,,,,,,,,,,,,,,,,,,,,,0,,,,,,,,,,,,,,,21.9143489,39.3121678,
18:00:12.528,,,,,,,,,,,,,,,,,,,,,,,,,,,,,,,,,,663,0.7,,,,,,,,,,,,,,,,,,,,,,,,,,,,,,21.9143489,39.3121678,
18:00:12.573,,,,,,,,,,,,,,,,,,,,,,,,,0.7811449010041258,,177.58637912472116,,,0.017043900277777777,11.929517,14.515639,12.906469000000001,,,,,,,,,,,,,,,,,,,,,,,,,,,,,,0.011823405814075406,1,21.9143489,39.3121678,
18:00:12.606,,,,,,,,,,,,,,,,,,,,,,,,,,,,,,,,,,,,,,,,,,,,,,,,,,,,,,,,,,,,,,10,,,21.9143489,39.3121678,
18:00:12.633,,,,,,,,,,,,,,,,,,,,,,,,,,,,,,,,,,,,,,,,,,,,,,,,57,,,,,,,,,,,,,,,,,21.9143489,39.3121678,
18:00:12.674,,,,,,,,,,,,,,,,,,,,202.42756808055594,0.2892070148355545,7.068114603842104,1.1451854105100316,,,,,1.581248581247517,,,,,,,,,,0.03450155283838067,0.034501,1.025982,0.147803,0.034846568366764474,0.03484601,1.0362418200000003,0.14928102999999998,,6.186157382082059,,,,4.55,,,,,5.46,,,,,,,,,21.9143489,39.3121678,
18:00:12.726,,,,,,,,,,,,,,,,,,,,,,,,,,,,,,,,,,,,,,,,,,,,,,,,,,,,,,,,,,,,,13.72549019607843,,,,21.9143489,39.3121678,
18:00:12.765,,,,,,,,,,,,,,,,,,,,,,,,,,,,,,,,,,,,,,,,,,,,,,,,,,,,,,0.805,,,,,,,,,,,21.9143489,39.3121678,
18:00:12.817,,,,,,,,,,,,,,,,,,,,,,,,,,,,,,,,,,,,,,,,,,,,,,,,,,,,,,,0.8300000000000001,,,,,,,,,,21.9143489,39.3121678,
18:00:12.845,,,,,,,,,,,,,,,,,,,,,,,,,,,,,,,,,,,,,,,,,,,,,,,,,,,,,,,,,,-6.25,,,,,,,21.9143489,39.3121678,
18:00:12.884,,,,,,,,,,,,,,,,,,,,,,,,,,,,,,,,,,,,,,,,,,,,,,,,,0,,,,,,,,,,,,,,,,21.9143489,39.3121678,
18:00:12.950,,,,,,,,,,,,,,,,,,,,,,,,,,,,,,,,,,,,,,,,,,,,,,,,,,,,,,,,,,,-6.25,,,,,,21.9143489,39.3121678,
18:00:13.002,,,,,,,,,,,,,,,,,,,,,,,,,,,,,,,,,,,,,,,,,,,,,,,,,,0,,,,,,,,,,,,,,,21.9143489,39.3121678,
18:00:13.065,,,,,,,,,,,,,,,,,,,,,,,,,,,,,,,,,,681,0.7,,,,,,,,,,,,,,,,,,,,,,,,,,,,,,21.9143489,39.3121678,
18:00:13.122,,,,,,,,,,,,,,,,,,,,,,,,,0.7826656787052193,,158.1248581247517,,,0.017196577694444444,11.92967,14.515792,12.906622,,,,,,,,,,,,,,,,,,,,,,,,,,,,,,0.012308278679722697,1,21.9143489,39.3121678,
18:00:13.176,,,,,,,,,,,,,,,,,,,,,,,,,,,,,,,,,,,,,,,,,,,,,,,,,,,,,,,,,,,,,,9,,,21.9143489,39.3121678,
18:00:13.205,,,,,,,,,,,,,,,,,,,,,,,,,,,,,,,,,,,,,,,,,,,,,,,,57,,,,,,,,,,,,,,,,,21.9143489,39.3121678,
18:00:13.246,,,,,,,,,,,,,,,,,,,,202.13638939783095,0.291374363247265,7.069824367833323,1.1471785568679396,,,,,1.626427112140303,,,,,,,,,,0.034760541251542765,0.03476,1.026241,0.148062,0.03510814666405819,0.0351076,1.0365034100000001,0.14954262000000001,,6.362904735855829,,,,4.68,,,,,5.616,,,,,,,,,21.9143489,39.3121678,
18:00:13.301,,,,,,,,,,,,,,,,,,,,,,,,,,,,,,,,,,,,,,,,,,,,,,,,,,,,,,,,,,,,,13.72549019607843,,,,21.9143489,39.3121678,
18:00:13.354,,,,,,,,,,,,,,,,,,,,,,,,,,,,,,,,,,,,,,,,,,,,,,,,,,,,,,0.8200000000000001,,,,,,,,,,,21.9143489,39.3121678,
18:00:13.385,,,,,,,,,,,,,,,,,,,,,,,,,,,,,,,,,,,,,,,,,,,,,,,,,,,,,,,0.8200000000000001,,,,,,,,,,21.9143489,39.3121678,
18:00:13.425,,,,,,,,,,,,,,,,,,,,,,,,,,,,,,,,,,,,,,,,,,,,,,,,,,,,,,,,,,-3.125,,,,,,,21.9143489,39.3121678,
18:00:13.490,,,,,,,,,,,,,,,,,,,,,,,,,,,,,,,,,,,,,,,,,,,,,,,,,0,,,,,,,,,,,,,,,,21.9143489,39.3121678,
18:00:13.541,,,,,,,,,,,,,,,,,,,,,,,,,,,,,,,,,,,,,,,,,,,,,,,,,,,,,,,,,,,-3.125,,,,,,21.9143489,39.3121678,
18:00:13.606,,,,,,,,,,,,,,,,,,,,,,,,,,,,,,,,,,,,,,,,,,,,,,,,,,0,,,,,,,,,,,,,,,21.9143489,39.3121678,
18:00:13.658,,,,,,,,,,,,,,,,,,,,,,,,,,,,,,,,,,689,0.7,,,,,,,,,,,,,,,,,,,,,,,,,,,,,,21.9143489,39.3121678,
18:00:13.689,,,,,,,,,,,,,,,,,,,,,,,,,0.7913164810607958,,81.32135560701515,,,0.01751109136111111,11.929985,14.516107,12.906937000000001,,,,,,,,,,,,,,,,,,,,,,,,,,,,,,0.024180191731571283,2,21.9143489,39.3121678,
18:00:13.746,,,,,,,,,,,,,,,,,,,,,,,,,,,,,,,,,,,,,,,,,,,,,,,,,,,,,,,,,,,,,,8,,,21.9143489,39.3121678,
18:00:13.773,,,,,,,,,,,,,,,,,,,,,,,,,,,,,,,,,,,,,,,,,,,,,,,,57,,,,,,,,,,,,,,,,,21.9143489,39.3121678,
18:00:13.813,,,,,,,,,,,,,,,,,,,,199.8846515068523,0.29338678967324766,7.071331177153765,1.1490177723808521,,,,,1.5360700503547309,,,,,,,,,,0.03500198394220346,0.035001,1.0264820000000001,0.148303,0.03535200378162549,0.035351009999999995,1.0367468200000003,0.14978603,,6.009410028308285,,,,4.42,,,,,5.303999999999999,,,,,,,,,21.9143489,39.3121678,
18:00:13.959,,,,,,,,,,,,,,,,,,,,,,,,,,,,,,,,,,,,,,,,,,,,,,,,,,,,,,,,,,,,,13.72549019607843,,,,21.9143489,39.3121678,
18:00:13.985,,,,,,,,,,,,,,,,,,,,,,,,,,,,,,,,,,,,,,,,,,,,,,,,,,,,,,0.8200000000000001,,,,,,,,,,,21.9143489,39.3121678,
18:00:14.014,,,,,,,,,,,,,,,,,,,,,,,,,,,,,,,,,,,,,,,,,,,,,,,,,,,,,,,0.805,,,,,,,,,,21.9143489,39.3121678,
18:00:14.046,,,,,,,,,,,,,,,,,,,,,,,,,,,,,,,,,,,,,,,,,,,,,,,,,,,,,,,,,,-6.25,,,,,,,21.9143489,39.3121678,
18:00:14.078,,,,,,,,,,,,,,,,,,,,,,,,,,,,,,,,,,,,,,,,,,,,,,,,,0,,,,,,,,,,,,,,,,21.9143489,39.3121678,
18:00:14.106,,,,,,,,,,,,,,,,,,,,,,,,,,,,,,,,,,,,,,,,,,,,,,,,,,,,,,,,,,,-5.46875,,,,,,21.9143489,39.3121678,
18:00:14.137,,,,,,,,,,,,,,,,,,,,,,,,,,,,,,,,,,,,,,,,,,,,,,,,,,0,,,,,,,,,,,,,,,21.9143489,39.3121678,
18:00:14.165,,,,,,,,,,,,,,,,,,,,,,,,,,,,,,,,,,663,0.7,,,,,,,,,,,,,,,,,,,,,,,,,,,,,,21.9143489,39.3121678,
18:00:14.206,,,,,,,,,,,,,,,,,,,,,,,,,0.7991135594252758,,76.80350251773655,,,0.017798449138888887,11.930272,14.516394,12.907224000000001,,,,,,,,,,,,,,,,,,,,,,,,,,,,,,0.025566433364146164,2,21.9143489,39.3121678,
18:00:14.261,,,,,,,,,,,,,,,,,,,,,,,,,,,,,,,,,,,,,,,,,,,,,,,,,,,,,,,,,,,,,,10.5,,,21.9143489,39.3121678,
18:00:14.325,,,,,,,,,,,,,,,,,,,,,,,,,,,,,,,,,,,,,,,,,,,,,,,,57,,,,,,,,,,,,,,,,,21.9143489,39.3121678,
18:00:14.390,,,,,,,,,,,,,,,,,,,,198.03308962915702,0.2954333312769399,7.072879118602045,1.1508903851052712,,,,,1.5256442355333186,,,,,,,,,,0.035246818735815755,0.035246,1.0267270000000002,0.148548,0.03559928692317391,0.03559846,1.03699427,0.15003348,,5.968622177437414,,,,4.39,,,,,5.268,,,,,,,,,21.9143489,39.3121678,
18:00:14.442,,,,,,,,,,,,,,,,,,,,,,,,,,,,,,,,,,,,,,,,,,,,,,,,,,,,,,,,,,,,,13.72549019607843,,,,21.9143489,39.3121678,
18:00:14.506,,,,,,,,,,,,,,,,,,,,,,,,,,,,,,,,,,,,,,,,,,,,,,,,,,,,,,0.805,,,,,,,,,,,21.9143489,39.3121678,
18:00:14.573,,,,,,,,,,,,,,,,,,,,,,,,,,,,,,,,,,,,,,,,,,,,,,,,,,,,,,,0.8,,,,,,,,,,21.9143489,39.3121678,
18:00:14.649,,,,,,,,,,,,,,,,,,,,,,,,,,,,,,,,,,,,,,,,,,,,,,,,,,,,,,,,,,-3.90625,,,,,,,21.9143489,39.3121678,
18:00:14.677,,,,,,,,,,,,,,,,,,,,,,,,,,,,,,,,,,,,,,,,,,,,,,,,,0,,,,,,,,,,,,,,,,21.9143489,39.3121678,
18:00:14.705,,,,,,,,,,,,,,,,,,,,,,,,,,,,,,,,,,,,,,,,,,,,,,,,,,,,,,,,,,,-3.125,,,,,,21.9143489,39.3121678,
18:00:14.734,,,,,,,,,,,,,,,,,,,,,,,,,,,,,,,,,,,,,,,,,,,,,,,,,,0,,,,,,,,,,,,,,,21.9143489,39.3121678,
18:00:14.773,,,,,,,,,,,,,,,,,,,,,,,,,,,,,,,,,,647,0.6,,,,,,,,,,,,,,,,,,,,,,,,,,,,,,21.9143489,39.3121678,
18:00:14.837,,,,,,,,,,,,,,,,,,,,,,,,,0.8162986411885347,,50.85480785111062,,,0.01832428872222222,11.930798,14.516919999999999,12.90775,,,,,,,,,,,,,,,,,,,,,,,,,,,,,,0.02502664896863617,3,21.9143489,39.3121678,
18:00:14.894,,,,,,,,,,,,,,,,,,,,,,,,,,,,,,,,,,,,,,,,,,,,,,,,,,,,,,,,,,,,,,13,,,21.9143489,39.3121678,
18:00:14.958,,,,,,,,,,,,,,,,,,,,,,,,,,,,,,,,,,,,,,,,,,,,,,,,57,,,,,,,,,,,,,,,,,21.9143489,39.3121678,
18:00:15.010,,,,,,,,,,,,,,,,,,,,193.7913283896401,0.29763306695830405,7.0744414104369255,1.1528887683755882,,,,,1.5360700503547309,,,,,,,,,,0.03551088253274745,0.03551,1.026991,0.148812,0.035865991358074924,0.0358651,1.0372609100000003,0.15030011999999998,,6.009410028308285,,,,4.42,,,,,5.303999999999999,,,,,,,,,21.9143489,39.3121678,
18:00:15.069,,,,,,,,,,,,,,,,,,,,,,,,,,,,,,,,,,,,,,,,,,,,,,,,,,,,,,,,,,,,,13.72549019607843,,,,21.9143489,39.3121678,
18:00:15.098,,,,,,,,,,,,,,,,,,,,,,,,,,,,,,,,,,,,,,,,,,,,,,,,,,,,,,0.785,,,,,,,,,,,21.9143489,39.3121678,
18:00:15.126,,,,,,,,,,,,,,,,,,,,,,,,,,,,,,,,,,,,,,,,,,,,,,,,,,,,,,,0.785,,,,,,,,,,21.9143489,39.3121678,
18:00:15.168,,,,,,,,,,,,,,,,,,,,,,,,,,,,,,,,,,,,,,,,,,,,,,,,,,,,,,,,,,-2.34375,,,,,,,21.9143489,39.3121678,
18:00:15.244,,,,,,,,,,,,,,,,,,,,,,,,,,,,,,,,,,,,,,,,,,,,,,,,,0,,,,,,,,,,,,,,,,21.9143489,39.3121678,
18:00:15.281,,,,,,,,,,,,,,,,,,,,,,,,,,,,,,,,,,,,,,,,,,,,,,,,,,,,,,,,,,,-1.5625,,,,,,21.9143489,39.3121678,
18:00:15.345,,,,,,,,,,,,,,,,,,,,,,,,,,,,,,,,,,,,,,,,,,,,,,,,,,0,,,,,,,,,,,,,,,21.9143489,39.3121678,
18:00:15.397,,,,,,,,,,,,,,,,,,,,,,,,,,,,,,,,,,647,0.6,,,,,,,,,,,,,,,,,,,,,,,,,,,,,,21.9143489,39.3121678,
18:00:15.425,,,,,,,,,,,,,,,,,,,,,,,,,0.832088414121687,,51.20233501182437,,,0.01881478263888889,11.931288,14.51741,12.908240000000001,,,,,,,,,,,,,,,,,,,,,,,,,,,,,,0.024596210976385462,3,21.9143489,39.3121678,
18:00:15.469,,,,,,,,,,,,,,,,,,,,,,,,,,,,,,,,,,,,,,,,,,,,,,,,,,,,,,,,,,,,,,13,,,21.9143489,39.3121678,
18:00:15.521,,,,,,,,,,,,,,,,,,,,,,,,,,,,,,,,,,,,,,,,,,,,,,,,57,,,,,,,,,,,,,,,,,21.9143489,39.3121678,
18:00:15.546,,,,,,,,,,,,,,,,,,,,189.92433961367422,0.2994898790474256,7.075738716479042,1.1545725830942095,,,,,1.4978420626762197,,,,,,,,,,0.03573385167665795,0.035733,1.027214,0.149035,0.03609119019342453,0.036090330000000004,1.0374861400000002,0.15052535,,5.859854575115094,,,,4.3100000000000005,,,,,5.172000000000001,,,,,,,,,21.9143489,39.3121678,
18:00:15.606,,,,,,,,,,,,,,,,,,,,,,,,,,,,,,,,,,,,,,,,,,,,,,,,,,,,,,,,,,,,,13.72549019607843,,,,21.9143489,39.3121678,
18:00:15.645,,,,,,,,,,,,,,,,,,,,,,,,,,,,,,,,,,,,,,,,,,,,,,,,,,,,,,0.78,,,,,,,,,,,21.9143489,39.3121678,
18:00:15.701,,,,,,,,,,,,,,,,,,,,,,,,,,,,,,,,,,,,,,,,,,,,,,,,,,,,,,,0.78,,,,,,,,,,21.9143489,39.3121678,
18:00:15.765,,,,,,,,,,,,,,,,,,,,,,,,,,,,,,,,,,,,,,,,,,,,,,,,,,,,,,,,,,-1.5625,,,,,,,21.9143489,39.3121678,
18:00:15.821,,,,,,,,,,,,,,,,,,,,,,,,,,,,,,,,,,,,,,,,,,,,,,,,,0,,,,,,,,,,,,,,,,21.9143489,39.3121678,
18:00:15.849,,,,,,,,,,,,,,,,,,,,,,,,,,,,,,,,,,,,,,,,,,,,,,,,,,,,,,,,,,,-1.5625,,,,,,21.9143489,39.3121678,
18:00:15.888,,,,,,,,,,,,,,,,,,,,,,,,,,,,,,,,,,,,,,,,,,,,,,,,,,0,,,,,,,,,,,,,,,21.9143489,39.3121678,
18:00:15.941,,,,,,,,,,,,,,,,,,,,,,,,,,,,,,,,,,644,0.6,,,,,,,,,,,,,,,,,,,,,,,,,,,,,,21.9143489,39.3121678,
18:00:16.005,,,,,,,,,,,,,,,,,,,,,,,,,0.847469112514099,,49.928068755873994,,,0.019299487805555553,11.931773,14.517895,12.908725,,,,,,,,,,,,,,,,,,,,,,,,,,,,,,0.012227816841870838,3,21.9143489,39.3121678,
18:00:16.066,,,,,,,,,,,,,,,,,,,,,,,,,,,,,,,,,,,,,,,,,,,,,,,,,,,,,,,,,,,,,,13,,,21.9143489,39.3121678,
18:00:16.117,,,,,,,,,,,,,,,,,,,,,,,,,,,,,,,,,,,,,,,,,,,,,,,,57,,,,,,,,,,,,,,,,,21.9143489,39.3121678,
18:00:16.146,,,,,,,,,,,,,,,,,,,,186.5623331727275,0.3017573331306253,7.077375886793506,1.1566363060643092,,,,,1.629902383747441,,,,,,,,,,0.036005574740430465,0.036005,1.0274860000000001,0.149307,0.03636563048783477,0.03636505,1.0377608600000001,0.15080007,,6.376500686146121,,,,4.69,,,,,5.628,,,,,,,,,21.9143489,39.3121678,
18:00:16.206,,,,,,,,,,,,,,,,,,,,,,,,,,,,,,,,,,,,,,,,,,,,,,,,,,,,,,,,,,,,,13.72549019607843,,,,21.9143489,39.3121678,
18:00:16.234,,,,,,,,,,,,,,,,,,,,,,,,,,,,,,,,,,,,,,,,,,,,,,,,,,,,,,0.775,,,,,,,,,,,21.9143489,39.3121678,
18:00:16.273,,,,,,,,,,,,,,,,,,,,,,,,,,,,,,,,,,,,,,,,,,,,,,,,,,,,,,,0.775,,,,,,,,,,21.9143489,39.3121678,
18:00:16.338,,,,,,,,,,,,,,,,,,,,,,,,,,,,,,,,,,,,,,,,,,,,,,,,,,,,,,,,,,-2.34375,,,,,,,21.9143489,39.3121678,
18:00:16.389,,,,,,,,,,,,,,,,,,,,,,,,,,,,,,,,,,,,,,,,,,,,,,,,,0,,,,,,,,,,,,,,,,21.9143489,39.3121678,
18:00:16.453,,,,,,,,,,,,,,,,,,,,,,,,,,,,,,,,,,,,,,,,,,,,,,,,,,,,,,,,,,,-1.5625,,,,,,21.9143489,39.3121678,
18:00:16.522,,,,,,,,,,,,,,,,,,,,,,,,,,,,,,,,,,,,,,,,,,,,,,,,,,0,,,,,,,,,,,,,,,21.9143489,39.3121678,
18:00:16.566,,,,,,,,,,,,,,,,,,,,,,,,,,,,,,,,,,656,0.7,,,,,,,,,,,,,,,,,,,,,,,,,,,,,,21.9143489,39.3121678,
18:00:16.598,,,,,,,,,,,,,,,,,,,,,,,,,0.8701470330830686,,40.74755959368602,,,0.019959514027777774,11.932433,14.518555,12.909385,,,,,,,,,,,,,,,,,,,,,,,,,,,,,,0.023680959436476544,4,21.9143489,39.3121678,
18:00:16.666,,,,,,,,,,,,,,,,,,,,,,,,,,,,,,,,,,,,,,,,,,,,,,,,,,,,,,,,,,,,,,12,,,21.9143489,39.3121678,
18:00:16.723,,,,,,,,,,,,,,,,,,,,,,,,,,,,,,,,,,,,,,,,,,,,,,,,57,,,,,,,,,,,,,,,,,21.9143489,39.3121678,
18:00:16.785,,,,,,,,,,,,,,,,,,,,181.880149734852,0.3042296571034592,7.079099813996642,1.1588778241566118,,,,,1.6716056430330897,,,,,,,,,,0.03630239400007101,0.036302,1.0277830000000001,0.14960400000000001,0.03666541794007172,0.03666502,1.0380608300000003,0.15110004,,6.539652089629606,,,,4.8100000000000005,,,,,5.772,,,,,,,,,21.9143489,39.3121678,
18:00:16.845,,,,,,,,,,,,,,,,,,,,,,,,,,,,,,,,,,,,,,,,,,,,,,,,,,,,,,,,,,,,,13.72549019607843,,,,21.9143489,39.3121678,
18:00:16.904,,,,,,,,,,,,,,,,,,,,,,,,,,,,,,,,,,,,,,,,,,,,,,,,,,,,,,0.775,,,,,,,,,,,21.9143489,39.3121678,
18:00:16.970,,,,,,,,,,,,,,,,,,,,,,,,,,,,,,,,,,,,,,,,,,,,,,,,,,,,,,,0.775,,,,,,,,,,21.9143489,39.3121678,
18:00:17.021,,,,,,,,,,,,,,,,,,,,,,,,,,,,,,,,,,,,,,,,,,,,,,,,,,,,,,,,,,0,,,,,,,21.9143489,39.3121678,
18:00:17.093,,,,,,,,,,,,,,,,,,,,,,,,,,,,,,,,,,,,,,,,,,,,,,,,,0,,,,,,,,,,,,,,,,21.9143489,39.3121678,
18:00:17.140,,,,,,,,,,,,,,,,,,,,,,,,,,,,,,,,,,,,,,,,,,,,,,,,,,,,,,,,,,,1.5625,,,,,,21.9143489,39.3121678,
18:00:17.198,,,,,,,,,,,,,,,,,,,,,,,,,,,,,,,,,,,,,,,,,,,,,,,,,,0,,,,,,,,,,,,,,,21.9143489,39.3121678,
18:00:17.226,,,,,,,,,,,,,,,,,,,,,,,,,,,,,,,,,,647,0.6,,,,,,,,,,,,,,,,,,,,,,,,,,,,,,21.9143489,39.3121678,
18:00:17.257,,,,,,,,,,,,,,,,,,,,,,,,,0.8948267663463286,,41.79014107582724,,,0.02068875647222222,11.933162,14.519283999999999,12.910114,,,,,,,,,,,,,,,,,,,,,,,,,,,,,,0.01170272323121491,4,21.9143489,39.3121678,
18:00:17.329,,,,,,,,,,,,,,,,,,,,,,,,,,,,,,,,,,,,,,,,,,,,,,,,,,,,,,,,,,,,,,7,,,21.9143489,39.3121678,
18:00:17.381,,,,,,,,,,,,,,,,,,,,,,,,,,,,,,,,,,,,,,,,,,,,,,,,57,,,,,,,,,,,,,,,,,21.9143489,39.3121678,
18:00:17.410,,,,,,,,,,,,,,,,,,,,176.76366928164694,0.30645691393446267,7.080590199902421,1.1608882772065376,,,,,1.543020593569006,,,,,,,,,,0.03657020506904421,0.03657,1.028051,0.149872,0.03693590711973465,0.0369357,1.0383315100000001,0.15137072000000001,,6.036601928888868,,,,4.44,,,,,5.328,,,,,,,,,21.9143489,39.3121678,
18:00:17.474,,,,,,,,,,,,,,,,,,,,,,,,,,,,,,,,,,,,,,,,,,,,,,,,,,,,,,,,,,,,,13.72549019607843,,,,21.9143489,39.3121678,
18:00:17.537,,,,,,,,,,,,,,,,,,,,,,,,,,,,,,,,,,,,,,,,,,,,,,,,,,,,,,0.77,,,,,,,,,,,21.9143489,39.3121678,
18:00:17.600,,,,,,,,,,,,,,,,,,,,,,,,,,,,,,,,,,,,,,,,,,,,,,,,,,,,,,,0.77,,,,,,,,,,21.9143489,39.3121678,
18:00:17.652,,,,,,,,,,,,,,,,,,,,,,,,,,,,,,,,,,,,,,,,,,,,,,,,,,,,,,,,,,2.34375,,,,,,,21.9143489,39.3121678,
18:00:17.717,,,,,,,,,,,,,,,,,,,,,,,,,,,,,,,,,,,,,,,,,,,,,,,,,0,,,,,,,,,,,,,,,,21.9143489,39.3121678,
18:00:17.805,,,,,,,,,,,,,,,,,,,,,,,,,,,,,,,,,,,,,,,,,,,,,,,,,,,,,,,,,,,4.6875,,,,,,21.9143489,39.3121678,
18:00:17.868,,,,,,,,,,,,,,,,,,,,,,,,,,,,,,,,,,,,,,,,,,,,,,,,,,0,,,,,,,,,,,,,,,21.9143489,39.3121678,
18:00:17.930,,,,,,,,,,,,,,,,,,,,,,,,,,,,,,,,,,648,0.6,,,,,,,,,,,,,,,,,,,,,,,,,,,,,,21.9143489,39.3121678,
18:00:17.981,,,,,,,,,,,,,,,,,,,,,,,,,0.9129784737400674,,51.43401978563354,,,0.021292020222222218,11.933765,14.519886999999999,12.910717,,,,,,,,,,,,,,,,,,,,,,,,,,,,,,,3,21.9143489,39.3121678,
18:00:18.049,,,,,,,,,,,,,,,,,,,,,,,,,,,,,,,,,,,,,,,,,,,,,,,,,,,,,,,,,,,,,,10.5,,,21.9143489,39.3121678,
18:00:18.101,,,,,,,,,,,,,,,,,,,,,,,,,,,,,,,,,,,,,,,,,,,,,,,,57,,,,,,,,,,,,,,,,,21.9143489,39.3121678,
18:00:18.130,,,,,,,,,,,,,,,,,,,,173.2256213972716,0.3090642391567121,7.0824518124693405,1.1632583999788704,,,,,1.56387222321183,,,,,,,,,,0.03688323433797717,0.036883,1.028364,0.150185,0.037252066681356936,0.03725183,1.0386476400000002,0.15168684999999998,,6.1181776306306075,,,,4.5,,,,,5.3999999999999995,,,,,,,,,21.9143489,39.3121678,
18:00:18.194,,,,,,,,,,,,,,,,,,,,,,,,,,,,,,,,,,,,,,,,,,,,,,,,,,,,,,,,,,,,,13.72549019607843,,,,21.9143489,39.3121678,
18:00:18.245,,,,,,,,,,,,,,,,,,,,,,,,,,,,,,,,,,,,,,,,,,,,,,,,,,,,,,0.74,,,,,,,,,,,21.9143489,39.3121678,
18:00:18.284,,,,,,,,,,,,,,,,,,,,,,,,,,,,,,,,,,,,,,,,,,,,,,,,,,,,,,,0.705,,,,,,,,,,21.9143489,39.3121678,
18:00:18.338,,,,,,,,,,,,,,,,,,,,,,,,,,,,,,,,,,,,,,,,,,,,,,,,,,,,,,,,,,5.46875,,,,,,,21.9143489,39.3121678,
18:00:18.364,,,,,,,,,,,,,,,,,,,,,,,,,,,,,,,,,,,,,,,,,,,,,,,,,0,,,,,,,,,,,,,,,,21.9143489,39.3121678,
18:00:18.402,,,,,,,,,,,,,,,,,,,,,,,,,,,,,,,,,,,,,,,,,,,,,,,,,,,,,,,,,,,6.25,,,,,,21.9143489,39.3121678,
18:00:18.465,,,,,,,,,,,,,,,,,,,,,,,,,,,,,,,,,,,,,,,,,,,,,,,,,,0,,,,,,,,,,,,,,,21.9143489,39.3121678,
18:00:18.518,,,,,,,,,,,,,,,,,,,,,,,,,,,,,,,,,,659,0.7,,,,,,,,,,,,,,,,,,,,,,,,,,,,,,21.9143489,39.3121678,
18:00:18.549,,,,,,,,,,,,,,,,,,,,,,,,,0.9269958795697623,,52.12907410706101,,,0.021765111638888886,11.934238,14.52036,12.911190000000001,,,,,,,,,,,,,,,,,,,,,,,,,,,,,,0,3,21.9143489,39.3121678,
18:00:18.605,,,,,,,,,,,,,,,,,,,,,,,,,,,,,,,,,,,,,,,,,,,,,,,,,,,,,,,,,,,,,,9,,,21.9143489,39.3121678,
18:00:18.633,,,,,,,,,,,,,,,,,,,,,,,,,,,,,,,,,,,,,,,,,,,,,,,,57,,,,,,,,,,,,,,,,,21.9143489,39.3121678,
18:00:18.672,,,,,,,,,,,,,,,,,,,,170.5368925057536,0.3110127349563499,7.083832632248788,1.165028165490555,,,,,1.5569216799975558,,,,,,,,,,0.037117545039369204,0.037117,1.0285980000000001,0.150419,0.03748872048976289,0.037488169999999994,1.0388839800000003,0.15192318999999999,,6.090985730050028,,,,4.48,,,,,5.376,,,,,,,,,21.9143489,39.3121678,
18:00:18.733,,,,,,,,,,,,,,,,,,,,,,,,,,,,,,,,,,,,,,,,,,,,,,,,,,,,,,,,,,,,,13.72549019607843,,,,21.9143489,39.3121678,
18:00:18.762,,,,,,,,,,,,,,,,,,,,,,,,,,,,,,,,,,,,,,,,,,,,,,,,,,,,,,0.65,,,,,,,,,,,21.9143489,39.3121678,
18:00:18.826,,,,,,,,,,,,,,,,,,,,,,,,,,,,,,,,,,,,,,,,,,,,,,,,,,,,,,,0.6950000000000001,,,,,,,,,,21.9143489,39.3121678,
18:00:18.889,,,,,,,,,,,,,,,,,,,,,,,,,,,,,,,,,,,,,,,,,,,,,,,,,,,,,,,,,,4.6875,,,,,,,21.9143489,39.3121678,
18:00:18.942,,,,,,,,,,,,,,,,,,,,,,,,,,,,,,,,,,,,,,,,,,,,,,,,,0,,,,,,,,,,,,,,,,21.9143489,39.3121678,
18:00:19.006,,,,,,,,,,,,,,,,,,,,,,,,,,,,,,,,,,,,,,,,,,,,,,,,,,,,,,,,,,,4.6875,,,,,,21.9143489,39.3121678,
18:00:19.069,,,,,,,,,,,,,,,,,,,,,,,,,,,,,,,,,,,,,,,,,,,,,,,,,,0,,,,,,,,,,,,,,,21.9143489,39.3121678,
18:00:19.116,,,,,,,,,,,,,,,,,,,,,,,,,,,,,,,,,,667,0.7,,,,,,,,,,,,,,,,,,,,,,,,,,,,,,21.9143489,39.3121678,
18:00:19.145,,,,,,,,,,,,,,,,,,,,,,,,,0.9414971167699372,,51.897389333251866,,,0.02226131297222222,11.934734,14.520856,12.911686000000001,,,,,,,,,,,,,,,,,,,,,,,,,,,,,,-0.011123473525551757,3,21.9143489,39.3121678,
18:00:19.177,,,,,,,,,,,,,,,,,,,,,,,,,,,,,,,,,,,,,,,,,,,,,,,,,,,,,,,,,,,,,,15.5,,,21.9143489,39.3121678,
18:00:19.204,,,,,,,,,,,,,,,,,,,,,,,,,,,,,,,,,,,,,,,,,,,,,,,,57,,,,,,,,,,,,,,,,,21.9143489,39.3121678,
18:00:19.241,,,,,,,,,,,,,,,,,,,,168.3980870836719,0.3141000042397258,7.086138723502252,1.1678490322642603,,,,,2.342333063210608,,,,,,,,,,0.03748762520493153,0.037487,1.028968,0.150789,0.03786250145698084,0.03786187,1.0392576800000002,0.15229689,,9.163670495655621,,,,6.74,,,,,8.088,,,,,,,,,21.9143489,39.3121678,
18:00:19.301,,,,,,,,,,,,,,,,,,,,,,,,,,,,,,,,,,,,,,,,,,,,,,,,,,,,,,,,,,,,,14.509803921568627,,,,21.9143489,39.3121678,
18:00:19.365,,,,,,,,,,,,,,,,,,,,,,,,,,,,,,,,,,,,,,,,,,,,,,,,,,,,,,0.74,,,,,,,,,,,21.9143489,39.3121678,
18:00:19.428,,,,,,,,,,,,,,,,,,,,,,,,,,,,,,,,,,,,,,,,,,,,,,,,,,,,,,,0.765,,,,,,,,,,21.9143489,39.3121678,
18:00:19.493,,,,,,,,,,,,,,,,,,,,,,,,,,,,,,,,,,,,,,,,,,,,,,,,,,,,,,,,,,3.90625,,,,,,,21.9143489,39.3121678,
18:00:19.546,,,,,,,,,,,,,,,,,,,,,,,,,,,,,,,,,,,,,,,,,,,,,,,,,0,,,,,,,,,,,,,,,,21.9143489,39.3121678,
18:00:19.609,,,,,,,,,,,,,,,,,,,,,,,,,,,,,,,,,,,,,,,,,,,,,,,,,,,,,,,,,,,7.03125,,,,,,21.9143489,39.3121678,
18:00:19.661,,,,,,,,,,,,,,,,,,,,,,,,,,,,,,,,,,,,,,,,,,,,,,,,,,0,,,,,,,,,,,,,,,21.9143489,39.3121678,
18:00:19.688,,,,,,,,,,,,,,,,,,,,,,,,,,,,,,,,,,673,0.7,,,,,,,,,,,,,,,,,,,,,,,,,,,,,,21.9143489,39.3121678,
18:00:19.729,,,,,,,,,,,,,,,,,,,,,,,,,0.9487239922396783,,117.11665316053039,,,0.02258639697222222,11.935059,14.521181,12.912011000000001,,,,,,,,,,,,,,,,,,,,,,,,,,,,,,-0.022914107448020596,2,21.9143489,39.3121678,
18:00:19.779,,,,,,,,,,,,,,,,,,,,,,,,,,,,,,,,,,,,,,,,,,,,,,,,,,,,,,,,,,,,,,11.5,,,21.9143489,39.3121678,
18:00:19.805,,,,,,,,,,,,,,,,,,,,,,,,,,,,,,,,,,,,,,,,,,,,,,,,57,,,,,,,,,,,,,,,,,21.9143489,39.3121678,
18:00:19.834,,,,,,,,,,,,,,,,,,,,167.50817009537516,0.3169904731933038,7.088362854233413,1.1704993126167564,,,,,2.1025393223181275,,,,,,,,,,0.03783406025864666,0.037833,1.029314,0.151135,0.03821240086123313,0.03821133,1.0396071400000002,0.15264635,,8.225549925625597,,,,6.05,,,,,7.26,,,,,,,,,21.9143489,39.3121678,
18:00:19.909,,,,,,,,,,,,,,,,,,,,,,,,,,,,,,,,,,,,,,,,,,,,,,,,,,,,,,,,,,,,,14.509803921568627,,,,21.9143489,39.3121678,
18:00:19.956,,,,,,,,,,,,,,,,,,,,,,,,,,,,,,,,,,,,,,,,,,,,,,,,,,,,,,0.775,,,,,,,,,,,21.9143489,39.3121678,
18:00:19.984,,,,,,,,,,,,,,,,,,,,,,,,,,,,,,,,,,,,,,,,,,,,,,,,,,,,,,,0.725,,,,,,,,,,21.9143489,39.3121678,
18:00:20.025,,,,,,,,,,,,,,,,,,,,,,,,,,,,,,,,,,,,,,,,,,,,,,,,,,,,,,,,,,4.6875,,,,,,,21.9143489,39.3121678,
18:00:20.089,,,,,,,,,,,,,,,,,,,,,,,,,,,,,,,,,,,,,,,,,,,,,,,,,0,,,,,,,,,,,,,,,,21.9143489,39.3121678,
18:00:20.140,,,,,,,,,,,,,,,,,,,,,,,,,,,,,,,,,,,,,,,,,,,,,,,,,,,,,,,,,,,6.25,,,,,,21.9143489,39.3121678,
18:00:20.205,,,,,,,,,,,,,,,,,,,,,,,,,,,,,,,,,,,,,,,,,,,,,,,,,,0,,,,,,,,,,,,,,,21.9143489,39.3121678,
18:00:20.269,,,,,,,,,,,,,,,,,,,,,,,,,,,,,,,,,,663,0.7,,,,,,,,,,,,,,,,,,,,,,,,,,,,,,21.9143489,39.3121678,
18:00:20.320,,,,,,,,,,,,,,,,,,,,,,,,,0.9559157918912621,,105.12696611590637,,,0.02291437075,11.935387,14.521509,12.912339000000001,,,,,,,,,,,,,,,,,,,,,,,,,,,,,,-0.012109838167037014,2,21.9143489,39.3121678,
18:00:20.390,,,,,,,,,,,,,,,,,,,,,,,,,,,,,,,,,,,,,,,,,,,,,,,,,,,,,,,,,,,,,,9.5,,,21.9143489,39.3121678,
18:00:20.441,,,,,,,,,,,,,,,,,,,,,,,,,,,,,,,,,,,,,,,,,,,,,,,,57,,,,,,,,,,,,,,,,,21.9143489,39.3121678,
18:00:20.470,,,,,,,,,,,,,,,,,,,,166.69076288530457,0.3200147594711424,7.090695601951561,1.173273099474851,,,,,2.050410248211066,,,,,,,,,,0.038196139413542086,0.038195,1.029676,0.151497,0.038578100807677505,0.03857695,1.0399727600000002,0.15301197,,8.021610671271242,,,,5.9,,,,,7.08,,,,,,,,,21.9143489,39.3121678,
18:00:20.532,,,,,,,,,,,,,,,,,,,,,,,,,,,,,,,,,,,,,,,,,,,,,,,,,,,,,,,,,,,,,14.117647058823529,,,,21.9143489,39.3121678,
18:00:20.599,,,,,,,,,,,,,,,,,,,,,,,,,,,,,,,,,,,,,,,,,,,,,,,,,,,,,,0.72,,,,,,,,,,,21.9143489,39.3121678,
18:00:20.654,,,,,,,,,,,,,,,,,,,,,,,,,,,,,,,,,,,,,,,,,,,,,,,,,,,,,,,0.785,,,,,,,,,,21.9143489,39.3121678,
18:00:20.722,,,,,,,,,,,,,,,,,,,,,,,,,,,,,,,,,,,,,,,,,,,,,,,,,,,,,,,,,,4.6875,,,,,,,21.9143489,39.3121678,
18:00:20.765,,,,,,,,,,,,,,,,,,,,,,,,,,,,,,,,,,,,,,,,,,,,,,,,,0,,,,,,,,,,,,,,,,21.9143489,39.3121678,
18:00:20.802,,,,,,,,,,,,,,,,,,,,,,,,,,,,,,,,,,,,,,,,,,,,,,,,,,,,,,,,,,,5.46875,,,,,,21.9143489,39.3121678,
18:00:20.865,,,,,,,,,,,,,,,,,,,,,,,,,,,,,,,,,,,,,,,,,,,,,,,,,,0,,,,,,,,,,,,,,,21.9143489,39.3121678,
18:00:20.930,,,,,,,,,,,,,,,,,,,,,,,,,,,,,,,,,,644,0.6,,,,,,,,,,,,,,,,,,,,,,,,,,,,,,21.9143489,39.3121678,
18:00:20.982,,,,,,,,,,,,,,,,,,,,,,,,,0.9638621488485325,,102.52051241055331,,,0.02328204975,11.935755,14.521877,12.912707000000001,,,,,,,,,,,,,,,,,,,,,,,,,,,,,,-0.011645125354234563,2,21.9143489,39.3121678,
18:00:21.039,,,,,,,,,,,,,,,,,,,,,,,,,,,,,,,,,,,,,,,,,,,,,,,,,,,,,,,,,,,,,,9.5,,,21.9143489,39.3121678,
18:00:21.065,,,,,,,,,,,,,,,,,,,,,,,,,,,,,,,,,,,,,,,,,,,,,,,,57,,,,,,,,,,,,,,,,,21.9143489,39.3121678,
18:00:21.104,,,,,,,,,,,,,,,,,,,,165.5819860097751,0.32297914962229035,7.092960503659411,1.1759888921819412,,,,,2.008706988925417,,,,,,,,,,0.03855088035983388,0.03855,1.0300310000000001,0.151852,0.03893638916343222,0.0389355,1.0403313100000002,0.15337052,,7.858459267787757,,,,5.78,,,,,6.936,,,,,,,,,21.9143489,39.3121678,
18:00:21.157,,,,,,,,,,,,,,,,,,,,,,,,,,,,,,,,,,,,,,,,,,,,,,,,,,,,,,,,,,,,,14.117647058823529,,,,21.9143489,39.3121678,
18:00:21.186,,,,,,,,,,,,,,,,,,,,,,,,,,,,,,,,,,,,,,,,,,,,,,,,,,,,,,0.58,,,,,,,,,,,21.9143489,39.3121678,
18:00:21.225,,,,,,,,,,,,,,,,,,,,,,,,,,,,,,,,,,,,,,,,,,,,,,,,,,,,,,,0.78,,,,,,,,,,21.9143489,39.3121678,
18:00:21.277,,,,,,,,,,,,,,,,,,,,,,,,,,,,,,,,,,,,,,,,,,,,,,,,,,,,,,,,,,5.46875,,,,,,,21.9143489,39.3121678,
18:00:21.305,,,,,,,,,,,,,,,,,,,,,,,,,,,,,,,,,,,,,,,,,,,,,,,,,0,,,,,,,,,,,,,,,,21.9143489,39.3121678,
18:00:21.335,,,,,,,,,,,,,,,,,,,,,,,,,,,,,,,,,,,,,,,,,,,,,,,,,,,,,,,,,,,7.03125,,,,,,21.9143489,39.3121678,
18:00:21.365,,,,,,,,,,,,,,,,,,,,,,,,,,,,,,,,,,,,,,,,,,,,,,,,,,0,,,,,,,,,,,,,,,21.9143489,39.3121678,
18:00:21.405,,,,,,,,,,,,,,,,,,,,,,,,,,,,,,,,,,633,0.6,,,,,,,,,,,,,,,,,,,,,,,,,,,,,,21.9143489,39.3121678,
18:00:21.457,,,,,,,,,,,,,,,,,,,,,,,,,0.9640585728216464,,200.87069889254172,,,0.02341405933333333,11.935887,14.522008999999999,12.912839,,,,,,,,,,,,,,,,,,,,,,,,,,,,,,-0.02449612857966787,1,21.9143489,39.3121678,
18:00:21.538,,,,,,,,,,,,,,,,,,,,,,,,,,,,,,,,,,,,,,,,,,,,,,,,,,,,,,,,,,,,,,14.5,,,21.9143489,39.3121678,
18:00:21.579,,,,,,,,,,,,,,,,,,,,,,,,,,,,,,,,,,,,,,,,,,,,,,,,57,,,,,,,,,,,,,,,,,21.9143489,39.3121678,
18:00:21.609,,,,,,,,,,,,,,,,,,,,165.94718377640035,0.3255225187704944,7.0949894053915,1.17833111680553,,,,,2.1755200260680128,,,,,,,,,,0.03885497207140208,0.038854,1.030335,0.152156,0.0392435217921161,0.03924254,1.0406383500000003,0.15367756,,8.511064881721692,,,,6.26,,,,,7.512,,,,,,,,,21.9143489,39.3121678,
18:00:21.673,,,,,,,,,,,,,,,,,,,,,,,,,,,,,,,,,,,,,,,,,,,,,,,,,,,,,,,,,,,,,14.509803921568627,,,,21.9143489,39.3121678,
18:00:21.737,,,,,,,,,,,,,,,,,,,,,,,,,,,,,,,,,,,,,,,,,,,,,,,,,,,,,,0.53,,,,,,,,,,,21.9143489,39.3121678,
18:00:21.788,,,,,,,,,,,,,,,,,,,,,,,,,,,,,,,,,,,,,,,,,,,,,,,,,,,,,,,0.765,,,,,,,,,,21.9143489,39.3121678,
18:00:21.817,,,,,,,,,,,,,,,,,,,,,,,,,,,,,,,,,,,,,,,,,,,,,,,,,,,,,,,,,,5.46875,,,,,,,21.9143489,39.3121678,
18:00:21.846,,,,,,,,,,,,,,,,,,,,,,,,,,,,,,,,,,,,,,,,,,,,,,,,,0,,,,,,,,,,,,,,,,21.9143489,39.3121678,
18:00:21.884,,,,,,,,,,,,,,,,,,,,,,,,,,,,,,,,,,,,,,,,,,,,,,,,,,,,,,,,,,,7.8125,,,,,,21.9143489,39.3121678,
18:00:21.949,,,,,,,,,,,,,,,,,,,,,,,,,,,,,,,,,,,,,,,,,,,,,,,,,,0,,,,,,,,,,,,,,,21.9143489,39.3121678,
18:00:22.009,,,,,,,,,,,,,,,,,,,,,,,,,,,,,,,,,,664,0.7,,,,,,,,,,,,,,,,,,,,,,,,,,,,,,21.9143489,39.3121678,
18:00:22.060,,,,,,,,,,,,,,,,,,,,,,,,,0.9643046980078344,,217.55200260680127,,,0.023581522111111107,11.936054,14.522176,12.913006000000001,,,,,,,,,,,,,,,,,,,,,,,,,,,,,,-0.012153470321825215,1,21.9143489,39.3121678,
18:00:22.129,,,,,,,,,,,,,,,,,,,,,,,,,,,,,,,,,,,,,,,,,,,,,,,,,,,,,,,,,,,,,,6,,,21.9143489,39.3121678,
18:00:22.194,,,,,,,,,,,,,,,,,,,,,,,,,,,,,,,,,,,,,,,,,,,,,,,,57,,,,,,,,,,,,,,,,,21.9143489,39.3121678,
18:00:22.246,,,,,,,,,,,,,,,,,,,,166.2305538169701,0.32840836678520385,7.097283492501399,1.1809876027316955,,,,,1.9461520999969446,,,,,,,,,,0.039199694803771244,0.039199,1.03068,0.152501,0.039591691751808954,0.03959099,1.0409868000000002,0.15402601,,7.6137321625625365,,,,5.6000000000000005,,,,,6.720000000000001,,,,,,,,,21.9143489,39.3121678,
18:00:22.337,,,,,,,,,,,,,,,,,,,,,,,,,,,,,,,,,,,,,,,,,,,,,,,,,,,,,,,,,,,,,14.117647058823529,,,,21.9143489,39.3121678,
18:00:22.389,,,,,,,,,,,,,,,,,,,,,,,,,,,,,,,,,,,,,,,,,,,,,,,,,,,,,,0.74,,,,,,,,,,,21.9143489,39.3121678,
18:00:22.430,,,,,,,,,,,,,,,,,,,,,,,,,,,,,,,,,,,,,,,,,,,,,,,,,,,,,,,0.715,,,,,,,,,,21.9143489,39.3121678,
18:00:22.480,,,,,,,,,,,,,,,,,,,,,,,,,,,,,,,,,,,,,,,,,,,,,,,,,,,,,,,,,,3.125,,,,,,,21.9143489,39.3121678,
18:00:22.544,,,,,,,,,,,,,,,,,,,,,,,,,,,,,,,,,,,,,,,,,,,,,,,,,0,,,,,,,,,,,,,,,,21.9143489,39.3121678,
18:00:22.605,,,,,,,,,,,,,,,,,,,,,,,,,,,,,,,,,,,,,,,,,,,,,,,,,,,,,,,,,,,5.46875,,,,,,21.9143489,39.3121678,
18:00:22.670,,,,,,,,,,,,,,,,,,,,,,,,,,,,,,,,,,,,,,,,,,,,,,,,,,0,,,,,,,,,,,,,,,21.9143489,39.3121678,
18:00:22.722,,,,,,,,,,,,,,,,,,,,,,,,,,,,,,,,,,651,0.7,,,,,,,,,,,,,,,,,,,,,,,,,,,,,,21.9143489,39.3121678,
18:00:22.801,,,,,,,,,,,,,,,,,,,,,,,,,0.9646029372898955,,194.61520999969446,,,0.02378756383333333,11.93626,14.522382,12.913212000000001,,,,,,,,,,,,,,,,,,,,,,,,,,,,,,-0.011416128982794548,1,21.9143489,39.3121678,
18:00:22.845,,,,,,,,,,,,,,,,,,,,,,,,,,,,,,,,,,,,,,,,,,,,,,,,,,,,,,,,,,,,,,8.5,,,21.9143489,39.3121678,
18:00:22.910,,,,,,,,,,,,,,,,,,,,,,,,,,,,,,,,,,,,,,,,,,,,,,,,57,,,,,,,,,,,,,,,,,21.9143489,39.3121678,
18:00:22.962,,,,,,,,,,,,,,,,,,,,166.49700601102148,0.3318040994415336,7.0999785021493045,1.1841128295578203,,,,,2.043459704996791,,,,,,,,,,0.03960558158546057,0.039605,1.0310860000000002,0.15290700000000002,0.040001637401315175,0.04000105,1.0413968600000003,0.15443607,,7.994418770690658,,,,5.88,,,,,7.056,,,,,,,,,21.9143489,39.3121678,
18:00:23.025,,,,,,,,,,,,,,,,,,,,,,,,,,,,,,,,,,,,,,,,,,,,,,,,,,,,,,,,,,,,,14.117647058823529,,,,21.9143489,39.3121678,
18:00:23.085,,,,,,,,,,,,,,,,,,,,,,,,,,,,,,,,,,,,,,,,,,,,,,,,,,,,,,0.805,,,,,,,,,,,21.9143489,39.3121678,
18:00:23.150,,,,,,,,,,,,,,,,,,,,,,,,,,,,,,,,,,,,,,,,,,,,,,,,,,,,,,,0.81,,,,,,,,,,21.9143489,39.3121678,
18:00:23.202,,,,,,,,,,,,,,,,,,,,,,,,,,,,,,,,,,,,,,,,,,,,,,,,,,,,,,,,,,3.125,,,,,,,21.9143489,39.3121678,
18:00:23.265,,,,,,,,,,,,,,,,,,,,,,,,,,,,,,,,,,,,,,,,,,,,,,,,,0,,,,,,,,,,,,,,,,21.9143489,39.3121678,
18:00:23.330,,,,,,,,,,,,,,,,,,,,,,,,,,,,,,,,,,,,,,,,,,,,,,,,,,,,,,,,,,,3.90625,,,,,,21.9143489,39.3121678,
18:00:23.381,,,,,,,,,,,,,,,,,,,,,,,,,,,,,,,,,,,,,,,,,,,,,,,,,,0,,,,,,,,,,,,,,,21.9143489,39.3121678,
18:00:23.411,,,,,,,,,,,,,,,,,,,,,,,,,,,,,,,,,,649,0.6,,,,,,,,,,,,,,,,,,,,,,,,,,,,,,21.9143489,39.3121678,
18:00:23.474,,,,,,,,,,,,,,,,,,,,,,,,,0.972383963257598,,102.17298524983956,,,0.024161018055555553,11.936633,14.522755,12.913585000000001,,,,,,,,,,,,,,,,,,,,,,,,,,,,,,,2,21.9143489,39.3121678,
18:00:23.529,,,,,,,,,,,,,,,,,,,,,,,,,,,,,,,,,,,,,,,,,,,,,,,,,,,,,,,,,,,,,,8.5,,,21.9143489,39.3121678,
18:00:23.570,,,,,,,,,,,,,,,,,,,,,,,,,,,,,,,,,,,,,,,,,,,,,,,,57,,,,,,,,,,,,,,,,,21.9143489,39.3121678,
18:00:23.622,,,,,,,,,,,,,,,,,,,,165.46927688935378,0.3349185653944458,7.1023645306968275,1.1869670583343044,,,,,2.0365091617825164,,,,,,,,,,0.03997906186563398,0.039978,1.0314590000000001,0.15328,0.040378852484290316,0.04037778,1.0417735900000002,0.1548128,,7.967226870110078,,,,5.86,,,,,7.032,,,,,,,,,21.9143489,39.3121678,
18:00:23.681,,,,,,,,,,,,,,,,,,,,,,,,,,,,,,,,,,,,,,,,,,,,,,,,,,,,,,,,,,,,,14.117647058823529,,,,21.9143489,39.3121678,
18:00:23.746,,,,,,,,,,,,,,,,,,,,,,,,,,,,,,,,,,,,,,,,,,,,,,,,,,,,,,0.785,,,,,,,,,,,21.9143489,39.3121678,
18:00:23.813,,,,,,,,,,,,,,,,,,,,,,,,,,,,,,,,,,,,,,,,,,,,,,,,,,,,,,,0.81,,,,,,,,,,21.9143489,39.3121678,
18:00:23.858,,,,,,,,,,,,,,,,,,,,,,,,,,,,,,,,,,,,,,,,,,,,,,,,,,,,,,,,,,4.6875,,,,,,,21.9143489,39.3121678,
18:00:23.890,,,,,,,,,,,,,,,,,,,,,,,,,,,,,,,,,,,,,,,,,,,,,,,,,0,,,,,,,,,,,,,,,,21.9143489,39.3121678,
18:00:23.930,,,,,,,,,,,,,,,,,,,,,,,,,,,,,,,,,,,,,,,,,,,,,,,,,,,,,,,,,,,4.6875,,,,,,21.9143489,39.3121678,
18:00:24.006,,,,,,,,,,,,,,,,,,,,,,,,,,,,,,,,,,,,,,,,,,,,,,,,,,0,,,,,,,,,,,,,,,21.9143489,39.3121678,
18:00:24.046,,,,,,,,,,,,,,,,,,,,,,,,,,,,,,,,,,655,0.7,,,,,,,,,,,,,,,,,,,,,,,,,,,,,,21.9143489,39.3121678,
18:00:24.114,,,,,,,,,,,,,,,,,,,,,,,,,0.97968800093167,,101.82545808912582,,,0.02451676194444444,11.936989,14.523111,12.913941000000001,,,,,,,,,,,,,,,,,,,,,,,,,,,,,,0.010661530328719587,2,21.9143489,39.3121678,
18:00:24.158,,,,,,,,,,,,,,,,,,,,,,,,,,,,,,,,,,,,,,,,,,,,,,,,,,,,,,,,,,,,,,8,,,21.9143489,39.3121678,
18:00:24.221,,,,,,,,,,,,,,,,,,,,,,,,,,,,,,,,,,,,,,,,,,,,,,,,57,,,,,,,,,,,,,,,,,21.9143489,39.3121678,
18:00:24.249,,,,,,,,,,,,,,,,,,,,164.5022029053894,0.3378573943563154,7.104614156016573,1.1896600735592642,,,,,2.015657532139692,,,,,,,,,,0.04033061347968128,0.04033,1.031811,0.153632,0.040733919614478094,0.0407333,1.0421291100000003,0.15516832,,7.885651168368338,,,,5.8,,,,,6.96,,,,,,,,,21.9143489,39.3121678,
18:00:24.310,,,,,,,,,,,,,,,,,,,,,,,,,,,,,,,,,,,,,,,,,,,,,,,,,,,,,,,,,,,,,14.117647058823529,,,,21.9143489,39.3121678,
18:00:24.338,,,,,,,,,,,,,,,,,,,,,,,,,,,,,,,,,,,,,,,,,,,,,,,,,,,,,,0.78,,,,,,,,,,,21.9143489,39.3121678,
18:00:24.371,,,,,,,,,,,,,,,,,,,,,,,,,,,,,,,,,,,,,,,,,,,,,,,,,,,,,,,0.795,,,,,,,,,,21.9143489,39.3121678,
18:00:24.425,,,,,,,,,,,,,,,,,,,,,,,,,,,,,,,,,,,,,,,,,,,,,,,,,,,,,,,,,,3.125,,,,,,,21.9143489,39.3121678,
18:00:24.464,,,,,,,,,,,,,,,,,,,,,,,,,,,,,,,,,,,,,,,,,,,,,,,,,0,,,,,,,,,,,,,,,,21.9143489,39.3121678,
18:00:24.526,,,,,,,,,,,,,,,,,,,,,,,,,,,,,,,,,,,,,,,,,,,,,,,,,,,,,,,,,,,3.90625,,,,,,21.9143489,39.3121678,
18:00:24.590,,,,,,,,,,,,,,,,,,,,,,,,,,,,,,,,,,,,,,,,,,,,,,,,,,0,,,,,,,,,,,,,,,21.9143489,39.3121678,
18:00:24.641,,,,,,,,,,,,,,,,,,,,,,,,,,,,,,,,,,646,0.6,,,,,,,,,,,,,,,,,,,,,,,,,,,,,,21.9143489,39.3121678,
18:00:24.706,,,,,,,,,,,,,,,,,,,,,,,,,0.9863557169614708,,100.7828766069846,,,0.024845989999999995,11.937318,14.523439999999999,12.91427,,,,,,,,,,,,,,,,,,,,,,,,,,,,,,0.010703661039961378,2,21.9143489,39.3121678,
18:00:24.761,,,,,,,,,,,,,,,,,,,,,,,,,,,,,,,,,,,,,,,,,,,,,,,,,,,,,,,,,,,,,,12,,,21.9143489,39.3121678,
18:00:24.790,,,,,,,,,,,,,,,,,,,,,,,,,,,,,,,,,,,,,,,,,,,,,,,,57,,,,,,,,,,,,,,,,,21.9143489,39.3121678,
18:00:24.853,,,,,,,,,,,,,,,,,,,,163.3985138881491,0.34008476610910426,7.106291622370459,1.1916972465342601,,,,,1.595149667676067,,,,,,,,,,0.040597978420798125,0.040597,1.032078,0.153899,0.04100395820500611,0.04100297,1.0423987800000003,0.15543799,,6.240541183243222,,,,4.59,,,,,5.508,,,,,,,,,21.9143489,39.3121678,
18:00:24.906,,,,,,,,,,,,,,,,,,,,,,,,,,,,,,,,,,,,,,,,,,,,,,,,,,,,,,,,,,,,,13.333333333333334,,,,21.9143489,39.3121678,
18:00:24.945,,,,,,,,,,,,,,,,,,,,,,,,,,,,,,,,,,,,,,,,,,,,,,,,,,,,,,0.81,,,,,,,,,,,21.9143489,39.3121678,
18:00:25.009,,,,,,,,,,,,,,,,,,,,,,,,,,,,,,,,,,,,,,,,,,,,,,,,,,,,,,,0.795,,,,,,,,,,21.9143489,39.3121678,
18:00:25.062,,,,,,,,,,,,,,,,,,,,,,,,,,,,,,,,,,,,,,,,,,,,,,,,,,,,,,,,,,2.34375,,,,,,,21.9143489,39.3121678,
18:00:25.128,,,,,,,,,,,,,,,,,,,,,,,,,,,,,,,,,,,,,,,,,,,,,,,,,0,,,,,,,,,,,,,,,,21.9143489,39.3121678,
18:00:25.182,,,,,,,,,,,,,,,,,,,,,,,,,,,,,,,,,,,,,,,,,,,,,,,,,,,,,,,,,,,4.6875,,,,,,21.9143489,39.3121678,
18:00:25.245,,,,,,,,,,,,,,,,,,,,,,,,,,,,,,,,,,,,,,,,,,,,,,,,,,0,,,,,,,,,,,,,,,21.9143489,39.3121678,
18:00:25.298,,,,,,,,,,,,,,,,,,,,,,,,,,,,,,,,,,652,0.7,,,,,,,,,,,,,,,,,,,,,,,,,,,,,,21.9143489,39.3121678,
18:00:25.325,,,,,,,,,,,,,,,,,,,,,,,,,0.9864479867110338,,159.5149667676067,,,0.025017495583333327,11.93749,14.523612,12.914442000000001,,,,,,,,,,,,,,,,,,,,,,,,,,,,,,0,1,21.9143489,39.3121678,
18:00:25.369,,,,,,,,,,,,,,,,,,,,,,,,,,,,,,,,,,,,,,,,,,,,,,,,,,,,,,,,,,,,,,4,,,21.9143489,39.3121678,
18:00:25.432,,,,,,,,,,,,,,,,,,,,,,,,,,,,,,,,,,,,,,,,,,,,,,,,57,,,,,,,,,,,,,,,,,21.9143489,39.3121678,
18:00:25.485,,,,,,,,,,,,,,,,,,,,163.32735276240166,0.3422746322719432,7.108011423053715,1.1937101115170132,,,,,1.494366791069082,,,,,,,,,,0.04086041326370908,0.040859,1.03234,0.154161,0.04126901739634617,0.04126759,1.0426634000000001,0.15570261,,5.846258624824803,,,,4.3,,,,,5.159999999999999,,,,,,,,,21.9143489,39.3121678,
18:00:25.537,,,,,,,,,,,,,,,,,,,,,,,,,,,,,,,,,,,,,,,,,,,,,,,,,,,,,,,,,,,,,13.333333333333334,,,,21.9143489,39.3121678,
18:00:25.565,,,,,,,,,,,,,,,,,,,,,,,,,,,,,,,,,,,,,,,,,,,,,,,,,,,,,,0.8250000000000001,,,,,,,,,,,21.9143489,39.3121678,
18:00:25.594,,,,,,,,,,,,,,,,,,,,,,,,,,,,,,,,,,,,,,,,,,,,,,,,,,,,,,,0.795,,,,,,,,,,21.9143489,39.3121678,
18:00:25.633,,,,,,,,,,,,,,,,,,,,,,,,,,,,,,,,,,,,,,,,,,,,,,,,,,,,,,,,,,2.34375,,,,,,,21.9143489,39.3121678,
18:00:25.698,,,,,,,,,,,,,,,,,,,,,,,,,,,,,,,,,,,,,,,,,,,,,,,,,0,,,,,,,,,,,,,,,,21.9143489,39.3121678,
18:00:25.761,,,,,,,,,,,,,,,,,,,,,,,,,,,,,,,,,,,,,,,,,,,,,,,,,,,,,,,,,,,4.6875,,,,,,21.9143489,39.3121678,
18:00:25.808,,,,,,,,,,,,,,,,,,,,,,,,,,,,,,,,,,,,,,,,,,,,,,,,,,0,,,,,,,,,,,,,,,21.9143489,39.3121678,
18:00:25.845,,,,,,,,,,,,,,,,,,,,,,,,,,,,,,,,,,638,0.6,,,,,,,,,,,,,,,,,,,,,,,,,,,,,,21.9143489,39.3121678,
18:00:25.897,,,,,,,,,,,,,,,,,,,,,,,,,0.9865324344247994,,149.4366791069082,,,0.025176521694444436,11.937649,14.523771,12.914601000000001,,,,,,,,,,,,,,,,,,,,,,,,,,,,,,-0.011690042677159217,1,21.9143489,39.3121678,
18:00:25.965,,,,,,,,,,,,,,,,,,,,,,,,,,,,,,,,,,,,,,,,,,,,,,,,,,,,,,,,,,,,,,8,,,21.9143489,39.3121678,
18:00:26.028,,,,,,,,,,,,,,,,,,,,,,,,,,,,,,,,,,,,,,,,,,,,,,,,57,,,,,,,,,,,,,,,,,21.9143489,39.3121678,
18:00:26.077,,,,,,,,,,,,,,,,,,,,163.3321106513345,0.34445643359090217,7.109730661547887,1.195716383340066,,,,,1.581248581247517,,,,,,,,,,0.04112134427212722,0.04112,1.032601,0.154422,0.04153255771484849,0.0415312,1.0429270100000003,0.15596622,,6.186157382082059,,,,4.55,,,,,5.46,,,,,,,,,21.9143489,39.3121678,
18:00:26.142,,,,,,,,,,,,,,,,,,,,,,,,,,,,,,,,,,,,,,,,,,,,,,,,,,,,,,,,,,,,,13.72549019607843,,,,21.9143489,39.3121678,
18:00:26.209,,,,,,,,,,,,,,,,,,,,,,,,,,,,,,,,,,,,,,,,,,,,,,,,,,,,,,0.81,,,,,,,,,,,21.9143489,39.3121678,
18:00:26.265,,,,,,,,,,,,,,,,,,,,,,,,,,,,,,,,,,,,,,,,,,,,,,,,,,,,,,,0.81,,,,,,,,,,21.9143489,39.3121678,
18:00:26.329,,,,,,,,,,,,,,,,,,,,,,,,,,,,,,,,,,,,,,,,,,,,,,,,,,,,,,,,,,2.34375,,,,,,,21.9143489,39.3121678,
18:00:26.386,,,,,,,,,,,,,,,,,,,,,,,,,,,,,,,,,,,,,,,,,,,,,,,,,0,,,,,,,,,,,,,,,,21.9143489,39.3121678,
18:00:26.458,,,,,,,,,,,,,,,,,,,,,,,,,,,,,,,,,,,,,,,,,,,,,,,,,,,,,,,,,,,3.125,,,,,,21.9143489,39.3121678,
18:00:26.503,,,,,,,,,,,,,,,,,,,,,,,,,,,,,,,,,,,,,,,,,,,,,,,,,,0,,,,,,,,,,,,,,,21.9143489,39.3121678,
18:00:26.566,,,,,,,,,,,,,,,,,,,,,,,,,,,,,,,,,,644,0.6,,,,,,,,,,,,,,,,,,,,,,,,,,,,,,21.9143489,39.3121678,
18:00:26.634,,,,,,,,,,,,,,,,,,,,,,,,,0.9866396984751191,,158.1248581247517,,,0.02538141241666666,11.937854,14.523976,12.914806,,,,,,,,,,,,,,,,,,,,,,,,,,,,,,-0.011238975409194572,1,21.9143489,39.3121678,
18:00:26.682,,,,,,,,,,,,,,,,,,,,,,,,,,,,,,,,,,,,,,,,,,,,,,,,,,,,,,,,,,,,,,7.5,,,21.9143489,39.3121678,
18:00:26.750,,,,,,,,,,,,,,,,,,,,,,,,,,,,,,,,,,,,,,,,,,,,,,,,57,,,,,,,,,,,,,,,,,21.9143489,39.3121678,
18:00:26.801,,,,,,,,,,,,,,,,,,,,163.30251915377173,0.347189704280183,7.111881760201201,1.1982293810685194,,,,,1.629902383747441,,,,,,,,,,0.04144848587322486,0.041447,1.032928,0.154749,0.04186297073195711,0.04186147,1.0432572800000002,0.15629649,,6.376500686146121,,,,4.69,,,,,5.628,,,,,,,,,21.9143489,39.3121678,
18:00:26.864,,,,,,,,,,,,,,,,,,,,,,,,,,,,,,,,,,,,,,,,,,,,,,,,,,,,,,,,,,,,,13.72549019607843,,,,21.9143489,39.3121678,
18:00:26.929,,,,,,,,,,,,,,,,,,,,,,,,,,,,,,,,,,,,,,,,,,,,,,,,,,,,,,0.8,,,,,,,,,,,21.9143489,39.3121678,
18:00:26.986,,,,,,,,,,,,,,,,,,,,,,,,,,,,,,,,,,,,,,,,,,,,,,,,,,,,,,,0.81,,,,,,,,,,21.9143489,39.3121678,
18:00:27.050,,,,,,,,,,,,,,,,,,,,,,,,,,,,,,,,,,,,,,,,,,,,,,,,,,,,,,,,,,3.125,,,,,,,21.9143489,39.3121678,
18:00:27.106,,,,,,,,,,,,,,,,,,,,,,,,,,,,,,,,,,,,,,,,,,,,,,,,,0,,,,,,,,,,,,,,,,21.9143489,39.3121678,
18:00:27.170,,,,,,,,,,,,,,,,,,,,,,,,,,,,,,,,,,,,,,,,,,,,,,,,,,,,,,,,,,,3.90625,,,,,,21.9143489,39.3121678,
18:00:27.221,,,,,,,,,,,,,,,,,,,,,,,,,,,,,,,,,,,,,,,,,,,,,,,,,,0,,,,,,,,,,,,,,,21.9143489,39.3121678,
18:00:27.250,,,,,,,,,,,,,,,,,,,,,,,,,,,,,,,,,,657,0.7,,,,,,,,,,,,,,,,,,,,,,,,,,,,,,21.9143489,39.3121678,
18:00:27.313,,,,,,,,,,,,,,,,,,,,,,,,,0.986736905694092,,162.99023837474408,,,0.025569955611111105,11.938043,14.524165,12.914995000000001,,,,,,,,,,,,,,,,,,,,,,,,,,,,,,-0.010866711841480735,1,21.9143489,39.3121678,
18:00:27.370,,,,,,,,,,,,,,,,,,,,,,,,,,,,,,,,,,,,,,,,,,,,,,,,,,,,,,,,,,,,,,7,,,21.9143489,39.3121678,
18:00:27.421,,,,,,,,,,,,,,,,,,,,,,,,,,,,,,,,,,,,,,,,,,,,,,,,57,,,,,,,,,,,,,,,,,21.9143489,39.3121678,
18:00:27.462,,,,,,,,,,,,,,,,,,,,163.21555081908704,0.34957991020806345,7.11375834686538,1.2004263261425963,,,,,1.5569216799975558,,,,,,,,,,0.04173414389487104,0.041733,1.033214,0.155035,0.04215148533381975,0.04215033,1.0435461400000001,0.15658535,,6.090985730050028,,,,4.48,,,,,5.376,,,,,,,,,21.9143489,39.3121678,
18:00:27.526,,,,,,,,,,,,,,,,,,,,,,,,,,,,,,,,,,,,,,,,,,,,,,,,,,,,,,,,,,,,,13.72549019607843,,,,21.9143489,39.3121678,
18:00:27.589,,,,,,,,,,,,,,,,,,,,,,,,,,,,,,,,,,,,,,,,,,,,,,,,,,,,,,0.795,,,,,,,,,,,21.9143489,39.3121678,
18:00:27.654,,,,,,,,,,,,,,,,,,,,,,,,,,,,,,,,,,,,,,,,,,,,,,,,,,,,,,,0.795,,,,,,,,,,21.9143489,39.3121678,
18:00:27.705,,,,,,,,,,,,,,,,,,,,,,,,,,,,,,,,,,,,,,,,,,,,,,,,,,,,,,,,,,1.5625,,,,,,,21.9143489,39.3121678,
18:00:27.757,,,,,,,,,,,,,,,,,,,,,,,,,,,,,,,,,,,,,,,,,,,,,,,,,0,,,,,,,,,,,,,,,,21.9143489,39.3121678,
18:00:27.786,,,,,,,,,,,,,,,,,,,,,,,,,,,,,,,,,,,,,,,,,,,,,,,,,,,,,,,,,,,1.5625,,,,,,21.9143489,39.3121678,
18:00:27.824,,,,,,,,,,,,,,,,,,,,,,,,,,,,,,,,,,,,,,,,,,,,,,,,,,0,,,,,,,,,,,,,,,21.9143489,39.3121678,
18:00:27.885,,,,,,,,,,,,,,,,,,,,,,,,,,,,,,,,,,653,0.7,,,,,,,,,,,,,,,,,,,,,,,,,,,,,,21.9143489,39.3121678,
18:00:27.973,,,,,,,,,,,,,,,,,,,,,,,,,0.9798017132367008,,,,,0.025569955611111105,11.938043,14.524165,12.914995000000001,,,,,,,,,,,,,,,,,,,,,,,,,,,,,,-0.01069475794551171,0,21.9143489,39.3121678,
18:00:28.030,,,,,,,,,,,,,,,,,,,,,,,,,,,,,,,,,,,,,,,,,,,,,,,,,,,,,,,,,,,,,,5,,,21.9143489,39.3121678,
18:00:28.057,,,,,,,,,,,,,,,,,,,,,,,,,,,,,,,,,,,,,,,,,,,,,,,,57,,,,,,,,,,,,,,,,,21.9143489,39.3121678,
18:00:28.098,,,,,,,,,,,,,,,,,,,,164.11074514451798,0.3514981475607015,7.115335029586899,1.2021994588460931,,,,,1.2962763094622505,,,,,,,,,,0.04196304468651692,0.041962,1.0334430000000001,0.155264,0.042382675133382085,0.04238162,1.0437774300000002,0.15681664,,5.07128945827826,,,,3.73,,,,,4.476,,,,,,,,,21.9143489,39.3121678,
18:00:28.149,,,,,,,,,,,,,,,,,,,,,,,,,,,,,,,,,,,,,,,,,,,,,,,,,,,,,,,,,,,,,14.509803921568627,,,,21.9143489,39.3121678,
18:00:28.177,,,,,,,,,,,,,,,,,,,,,,,,,,,,,,,,,,,,,,,,,,,,,,,,,,,,,,0.8200000000000001,,,,,,,,,,,21.9143489,39.3121678,
18:00:28.206,,,,,,,,,,,,,,,,,,,,,,,,,,,,,,,,,,,,,,,,,,,,,,,,,,,,,,,0.795,,,,,,,,,,21.9143489,39.3121678,
18:00:28.246,,,,,,,,,,,,,,,,,,,,,,,,,,,,,,,,,,,,,,,,,,,,,,,,,,,,,,,,,,-1.5625,,,,,,,21.9143489,39.3121678,
18:00:28.309,,,,,,,,,,,,,,,,,,,,,,,,,,,,,,,,,,,,,,,,,,,,,,,,,0,,,,,,,,,,,,,,,,21.9143489,39.3121678,
18:00:28.370,,,,,,,,,,,,,,,,,,,,,,,,,,,,,,,,,,,,,,,,,,,,,,,,,,,,,,,,,,,-0.78125,,,,,,21.9143489,39.3121678,
18:00:28.421,,,,,,,,,,,,,,,,,,,,,,,,,,,,,,,,,,,,,,,,,,,,,,,,,,0,,,,,,,,,,,,,,,21.9143489,39.3121678,
18:00:28.450,,,,,,,,,,,,,,,,,,,,,,,,,,,,,,,,,,742,0.7,,,,,,,,,,,,,,,,,,,,,,,,,,,,,,21.9143489,39.3121678,
18:00:28.489,,,,,,,,,,,,,,,,,,,,,,,,,0.9744610529597559,,,,,0.025569955611111105,11.938043,14.524165,12.914995000000001,,,,,,,,,,,,,,,,,,,,,,,,,,,,,,-0.01092857174403497,0,21.9143489,39.3121678,
18:00:28.545,,,,,,,,,,,,,,,,,,,,,,,,,,,,,,,,,,,,,,,,,,,,,,,,,,,,,,,,,,,,,,19.5,,,21.9143489,39.3121678,
18:00:28.610,,,,,,,,,,,,,,,,,,,,,,,,,,,,,,,,,,,,,,,,,,,,,,,,57,,,,,,,,,,,,,,,,,21.9143489,39.3121678,
18:00:28.686,,,,,,,,,,,,,,,,,,,,165.80625251971324,0.35513358429015546,7.118323153172661,1.2055598937514107,,,,,2.655107507852974,,,,,,,,,,0.04239658516973746,0.042396,1.0338770000000002,0.155698,0.04282055102143484,0.042819960000000004,1.0442157700000003,0.15725498,,10.387306021781743,,,,7.640000000000001,,,,,9.168000000000001,,,,,,,,,21.9143489,39.3121678,
18:00:28.748,,,,,,,,,,,,,,,,,,,,,,,,,,,,,,,,,,,,,,,,,,,,,,,,,,,,,,,,,,,,,15.686274509803921,,,,21.9143489,39.3121678,
18:00:28.786,,,,,,,,,,,,,,,,,,,,,,,,,,,,,,,,,,,,,,,,,,,,,,,,,,,,,,0.8300000000000001,,,,,,,,,,,21.9143489,39.3121678,
18:00:28.845,,,,,,,,,,,,,,,,,,,,,,,,,,,,,,,,,,,,,,,,,,,,,,,,,,,,,,,0.8300000000000001,,,,,,,,,,21.9143489,39.3121678,
18:00:28.898,,,,,,,,,,,,,,,,,,,,,,,,,,,,,,,,,,,,,,,,,,,,,,,,,,,,,,,,,,-3.90625,,,,,,,21.9143489,39.3121678,
18:00:28.925,,,,,,,,,,,,,,,,,,,,,,,,,,,,,,,,,,,,,,,,,,,,,,,,,0,,,,,,,,,,,,,,,,21.9143489,39.3121678,
18:00:28.955,,,,,,,,,,,,,,,,,,,,,,,,,,,,,,,,,,,,,,,,,,,,,,,,,,,,,,,,,,,-2.34375,,,,,,21.9143489,39.3121678,
18:00:28.986,,,,,,,,,,,,,,,,,,,,,,,,,,,,,,,,,,,,,,,,,,,,,,,,,,0,,,,,,,,,,,,,,,21.9143489,39.3121678,
18:00:29.026,,,,,,,,,,,,,,,,,,,,,,,,,,,,,,,,,,992,1,,,,,,,,,,,,,,,,,,,,,,,,,,,,,,21.9143489,39.3121678,
18:00:29.090,,,,,,,,,,,,,,,,,,,,,,,,,0.9682968660791154,,,,,0.025569955611111105,11.938043,14.524165,12.914995000000001,,,,,,,,,,,,,,,,,,,,,,,,,,,,,,-0.011535989111542591,0,21.9143489,39.3121678,
18:00:29.145,,,,,,,,,,,,,,,,,,,,,,,,,,,,,,,,,,,,,,,,,,,,,,,,,,,,,,,,,,,,,,22,,,21.9143489,39.3121678,
18:00:29.221,,,,,,,,,,,,,,,,,,,,,,,,,,,,,,,,,,,,,,,,,,,,,,,,57,,,,,,,,,,,,,,,,,21.9143489,39.3121678,
18:00:29.258,,,,,,,,,,,,,,,,,,,,169.15595094569048,0.362312315343478,7.124223664492932,1.212195591248777,,,,,5.3901462626701075,,,,,,,,,,0.04325310157036593,0.043253,1.034734,0.156555,0.04368563258606959,0.04368553,1.0450813400000003,0.15812055,,21.08731890024016,,,,15.51,,,,,18.612,,,,,,,,,21.9143489,39.3121678,
18:00:29.332,,,,,,,,,,,,,,,,,,,,,,,,,,,,,,,,,,,,,,,,,,,,,,,,,,,,,,,,,,,,,17.647058823529413,,,,21.9143489,39.3121678,
18:00:29.385,,,,,,,,,,,,,,,,,,,,,,,,,,,,,,,,,,,,,,,,,,,,,,,,,,,,,,0.8,,,,,,,,,,,21.9143489,39.3121678,
18:00:29.450,,,,,,,,,,,,,,,,,,,,,,,,,,,,,,,,,,,,,,,,,,,,,,,,,,,,,,,0.78,,,,,,,,,,21.9143489,39.3121678,
18:00:29.501,,,,,,,,,,,,,,,,,,,,,,,,,,,,,,,,,,,,,,,,,,,,,,,,,,,,,,,,,,-2.34375,,,,,,,21.9143489,39.3121678,
18:00:29.529,,,,,,,,,,,,,,,,,,,,,,,,,,,,,,,,,,,,,,,,,,,,,,,,,0,,,,,,,,,,,,,,,,21.9143489,39.3121678,
18:00:29.569,,,,,,,,,,,,,,,,,,,,,,,,,,,,,,,,,,,,,,,,,,,,,,,,,,,,,,,,,,,-3.90625,,,,,,21.9143489,39.3121678,
18:00:29.621,,,,,,,,,,,,,,,,,,,,,,,,,,,,,,,,,,,,,,,,,,,,,,,,,,0,,,,,,,,,,,,,,,21.9143489,39.3121678,
18:00:29.686,,,,,,,,,,,,,,,,,,,,,,,,,,,,,,,,,,1314,1.3,,,,,,,,,,,,,,,,,,,,,,,,,,,,,,21.9143489,39.3121678,
18:00:29.742,,,,,,,,,,,,,,,,,,,,,,,,,0.961704784640052,,,,,0.025569955611111105,11.938043,14.524165,12.914995000000001,,,,,,,,,,,,,,,,,,,,,,,,,,,,,,-0.011663867051117813,0,21.9143489,39.3121678,
18:00:29.809,,,,,,,,,,,,,,,,,,,,,,,,,,,,,,,,,,,,,,,,,,,,,,,,,,,,,,,,,,,,,,28.5,,,21.9143489,39.3121678,
18:00:29.862,,,,,,,,,,,,,,,,,,,,,,,,,,,,,,,,,,,,,,,,,,,,,,,,56,,,,,,,,,,,,,,,,,21.9143489,39.3121678,
18:00:29.925,,,,,,,,,,,,,,,,,,,,171.17409163581308,0.3666346318236582,7.127776364424393,1.2161909470348227,,,,,2.7836925573170577,,,,,,,,,,0.04376913924900005,0.043769,1.03525,0.15707100000000002,0.04420683064149005,0.04420669,1.0456025000000002,0.15864171,,10.890356182522481,,,,8.01,,,,,9.612,,,,,,,,,21.9143489,39.3121678,
18:00:30.012,,,,,,,,,,,,,,,,,,,,,,,,,,,,,,,,,,,,,,,,,,,,,,,,,,,,,,,,,,,,,13.333333333333334,,,,21.9143489,39.3121678,
18:00:30.050,,,,,,,,,,,,,,,,,,,,,,,,,,,,,,,,,,,,,,,,,,,,,,,,,,,,,,0.77,,,,,,,,,,,21.9143489,39.3121678,
18:00:30.101,,,,,,,,,,,,,,,,,,,,,,,,,,,,,,,,,,,,,,,,,,,,,,,,,,,,,,,0.735,,,,,,,,,,21.9143489,39.3121678,
18:00:30.165,,,,,,,,,,,,,,,,,,,,,,,,,,,,,,,,,,,,,,,,,,,,,,,,,,,,,,,,,,-4.6875,,,,,,,21.9143489,39.3121678,
18:00:30.229,,,,,,,,,,,,,,,,,,,,,,,,,,,,,,,,,,,,,,,,,,,,,,,,,0,,,,,,,,,,,,,,,,21.9143489,39.3121678,
18:00:30.294,,,,,,,,,,,,,,,,,,,,,,,,,,,,,,,,,,,,,,,,,,,,,,,,,,,,,,,,,,,-4.6875,,,,,,21.9143489,39.3121678,
18:00:30.345,,,,,,,,,,,,,,,,,,,,,,,,,,,,,,,,,,,,,,,,,,,,,,,,,,0,,,,,,,,,,,,,,,21.9143489,39.3121678,
18:00:30.421,,,,,,,,,,,,,,,,,,,,,,,,,,,,,,,,,,861,0.9,,,,,,,,,,,,,,,,,,,,,,,,,,,,,,21.9143489,39.3121678,
18:00:30.497,,,,,,,,,,,,,,,,,,,,,,,,,0.9698355935624988,,139.1846278658529,,,0.025989661833333327,11.938463,14.524585,12.915415000000001,,,,,,,,,,,,,,,,,,,,,,,,,,,,,,0.022444889350632335,2,21.9143489,39.3121678,
18:00:30.552,,,,,,,,,,,,,,,,,,,,,,,,,,,,,,,,,,,,,,,,,,,,,,,,,,,,,,,,,,,,,,26,,,21.9143489,39.3121678,
18:00:30.616,,,,,,,,,,,,,,,,,,,,,,,,,,,,,,,,,,,,,,,,,,,,,,,,57,,,,,,,,,,,,,,,,,21.9143489,39.3121678,
18:00:30.680,,,,,,,,,,,,,,,,,,,,170.49584105368214,0.37116168136551586,7.131301858194227,1.2203479330706755,,,,,2.5856020757102263,,,,,,,,,,0.04431129252974948,0.044311,1.035792,0.157613,0.044754405455046976,0.04475411000000001,1.0461499200000002,0.15918913,,10.115387015975942,,,,7.44,,,,,8.928,,,,,,,,,21.9143489,39.3121678,
18:00:30.728,,,,,,,,,,,,,,,,,,,,,,,,,,,,,,,,,,,,,,,,,,,,,,,,,,,,,,,,,,,,,14.509803921568627,,,,21.9143489,39.3121678,
18:00:30.768,,,,,,,,,,,,,,,,,,,,,,,,,,,,,,,,,,,,,,,,,,,,,,,,,,,,,,0.775,,,,,,,,,,,21.9143489,39.3121678,
18:00:30.821,,,,,,,,,,,,,,,,,,,,,,,,,,,,,,,,,,,,,,,,,,,,,,,,,,,,,,,0.745,,,,,,,,,,21.9143489,39.3121678,
18:00:30.886,,,,,,,,,,,,,,,,,,,,,,,,,,,,,,,,,,,,,,,,,,,,,,,,,,,,,,,,,,-7.8125,,,,,,,21.9143489,39.3121678,
18:00:30.948,,,,,,,,,,,,,,,,,,,,,,,,,,,,,,,,,,,,,,,,,,,,,,,,,0,,,,,,,,,,,,,,,,21.9143489,39.3121678,
18:00:31.009,,,,,,,,,,,,,,,,,,,,,,,,,,,,,,,,,,,,,,,,,,,,,,,,,,,,,,,,,,,-7.8125,,,,,,21.9143489,39.3121678,
18:00:31.062,,,,,,,,,,,,,,,,,,,,,,,,,,,,,,,,,,,,,,,,,,,,,,,,,,0,,,,,,,,,,,,,,,21.9143489,39.3121678,
18:00:31.126,,,,,,,,,,,,,,,,,,,,,,,,,,,,,,,,,,776,0.8,,,,,,,,,,,,,,,,,,,,,,,,,,,,,,21.9143489,39.3121678,
18:00:31.189,,,,,,,,,,,,,,,,,,,,,,,,,0.970078789117811,,258.5602075710226,,,0.02620747241666666,11.938681,14.524803,12.915633000000001,,,,,,,,,,,,,,,,,,,,,,,,,,,,,,,1,21.9143489,39.3121678,
18:00:31.326,,,,,,,,,,,,,,,,,,,,,,,,,,,,,,,,,,,,,,,,,,,,,,,,,,,,,,,,,,,,,,5,,,21.9143489,39.3121678,
18:00:31.365,,,,,,,,,,,,,,,,,,,,,,,,,,,,,,,,,,,,,,,,,,,,,,,,57,,,,,,,,,,,,,,,,,21.9143489,39.3121678,
18:00:31.425,,,,,,,,,,,,,,,,,,,,170.62404108802096,0.3745472385098487,7.133983159702751,1.2234630699091558,,,,,1.9565779148183564,,,,,,,,,,0.04471624850434508,0.044716,1.036197,0.158018,0.04516341098938853,0.04516316,1.0465589700000002,0.15959818,,7.654520013433404,,,,5.63,,,,,6.755999999999999,,,,,,,,,21.9143489,39.3121678,
18:00:31.496,,,,,,,,,,,,,,,,,,,,,,,,,,,,,,,,,,,,,,,,,,,,,,,,,,,,,,,,,,,,,14.117647058823529,,,,21.9143489,39.3121678,
18:00:31.538,,,,,,,,,,,,,,,,,,,,,,,,,,,,,,,,,,,,,,,,,,,,,,,,,,,,,,0.8150000000000001,,,,,,,,,,,21.9143489,39.3121678,
18:00:31.577,,,,,,,,,,,,,,,,,,,,,,,,,,,,,,,,,,,,,,,,,,,,,,,,,,,,,,,0.795,,,,,,,,,,21.9143489,39.3121678,
18:00:31.629,,,,,,,,,,,,,,,,,,,,,,,,,,,,,,,,,,,,,,,,,,,,,,,,,,,,,,,,,,-11.71875,,,,,,,21.9143489,39.3121678,
18:00:31.657,,,,,,,,,,,,,,,,,,,,,,,,,,,,,,,,,,,,,,,,,,,,,,,,,0,,,,,,,,,,,,,,,,21.9143489,39.3121678,
18:00:31.722,,,,,,,,,,,,,,,,,,,,,,,,,,,,,,,,,,,,,,,,,,,,,,,,,,,,,,,,,,,-14.84375,,,,,,21.9143489,39.3121678,
18:00:31.798,,,,,,,,,,,,,,,,,,,,,,,,,,,,,,,,,,,,,,,,,,,,,,,,,,0,,,,,,,,,,,,,,,21.9143489,39.3121678,
18:00:31.838,,,,,,,,,,,,,,,,,,,,,,,,,,,,,,,,,,711,0.7,,,,,,,,,,,,,,,,,,,,,,,,,,,,,,21.9143489,39.3121678,
18:00:31.905,,,,,,,,,,,,,,,,,,,,,,,,,0.970270377394083,,195.65779148183563,,,0.026381571972222215,11.938855,14.524977,12.915807000000001,,,,,,,,,,,,,,,,,,,,,,,,,,,,,,,1,21.9143489,39.3121678,
18:00:31.977,,,,,,,,,,,,,,,,,,,,,,,,,,,,,,,,,,,,,,,,,,,,,,,,,,,,,,,,,,,,,,5,,,21.9143489,39.3121678,
18:00:32.025,,,,,,,,,,,,,,,,,,,,,,,,,,,,,,,,,,,,,,,,,,,,,,,,57,,,,,,,,,,,,,,,,,21.9143489,39.3121678,
18:00:32.086,,,,,,,,,,,,,,,,,,,,170.72005782877355,0.3772388558199258,7.13611457009536,1.2259396567322507,,,,,1.7550121616043872,,,,,,,,,,0.04503863492711728,0.045038,1.036519,0.15834,0.04548902127638845,0.04548838,1.0468841900000003,0.1599234,,6.8659548965965715,,,,5.05,,,,,6.06,,,,,,,,,21.9143489,39.3121678,
18:00:32.146,,,,,,,,,,,,,,,,,,,,,,,,,,,,,,,,,,,,,,,,,,,,,,,,,,,,,,,,,,,,,15.294117647058824,,,,21.9143489,39.3121678,
18:00:32.209,,,,,,,,,,,,,,,,,,,,,,,,,,,,,,,,,,,,,,,,,,,,,,,,,,,,,,0.805,,,,,,,,,,,21.9143489,39.3121678,
18:00:32.261,,,,,,,,,,,,,,,,,,,,,,,,,,,,,,,,,,,,,,,,,,,,,,,,,,,,,,,0.8200000000000001,,,,,,,,,,21.9143489,39.3121678,
18:00:32.326,,,,,,,,,,,,,,,,,,,,,,,,,,,,,,,,,,,,,,,,,,,,,,,,,,,,,,,,,,-17.1875,,,,,,,21.9143489,39.3121678,
18:00:32.382,,,,,,,,,,,,,,,,,,,,,,,,,,,,,,,,,,,,,,,,,,,,,,,,,0,,,,,,,,,,,,,,,,21.9143489,39.3121678,
18:00:32.409,,,,,,,,,,,,,,,,,,,,,,,,,,,,,,,,,,,,,,,,,,,,,,,,,,,,,,,,,,,-15.625,,,,,,21.9143489,39.3121678,
18:00:32.453,,,,,,,,,,,,,,,,,,,,,,,,,,,,,,,,,,,,,,,,,,,,,,,,,,0,,,,,,,,,,,,,,,21.9143489,39.3121678,
18:00:32.505,,,,,,,,,,,,,,,,,,,,,,,,,,,,,,,,,,687,0.7,,,,,,,,,,,,,,,,,,,,,,,,,,,,,,21.9143489,39.3121678,
18:00:32.557,,,,,,,,,,,,,,,,,,,,,,,,,0.9704664980110911,,175.50121616043873,,,0.026562129749999993,11.939036,14.525158,12.915988,,,,,,,,,,,,,,,,,,,,,,,,,,,,,,0.010059135183286784,1,21.9143489,39.3121678,
18:00:32.625,,,,,,,,,,,,,,,,,,,,,,,,,,,,,,,,,,,,,,,,,,,,,,,,,,,,,,,,,,,,,,19,,,21.9143489,39.3121678,
18:00:32.690,,,,,,,,,,,,,,,,,,,,,,,,,,,,,,,,,,,,,,,,,,,,,,,,57,,,,,,,,,,,,,,,,,21.9143489,39.3121678,
18:00:32.741,,,,,,,,,,,,,,,,,,,,171.1160254190687,0.38069237750853585,7.138868988550761,1.229120064218084,,,,,2.27282763106786,,,,,,,,,,0.045452060694856,0.045451,1.036932,0.158753,0.04590658130180456,0.04590551,1.0473013200000003,0.16034052999999998,,8.891751489849819,,,,6.54,,,,,7.848,,,,,,,,,21.9143489,39.3121678,
18:00:32.805,,,,,,,,,,,,,,,,,,,,,,,,,,,,,,,,,,,,,,,,,,,,,,,,,,,,,,,,,,,,,14.509803921568627,,,,21.9143489,39.3121678,
18:00:32.869,,,,,,,,,,,,,,,,,,,,,,,,,,,,,,,,,,,,,,,,,,,,,,,,,,,,,,0.8,,,,,,,,,,,21.9143489,39.3121678,
18:00:32.934,,,,,,,,,,,,,,,,,,,,,,,,,,,,,,,,,,,,,,,,,,,,,,,,,,,,,,,0.8,,,,,,,,,,21.9143489,39.3121678,
18:00:32.986,,,,,,,,,,,,,,,,,,,,,,,,,,,,,,,,,,,,,,,,,,,,,,,,,,,,,,,,,,-17.1875,,,,,,,21.9143489,39.3121678,
18:00:33.049,,,,,,,,,,,,,,,,,,,,,,,,,,,,,,,,,,,,,,,,,,,,,,,,,0,,,,,,,,,,,,,,,,21.9143489,39.3121678,
18:00:33.125,,,,,,,,,,,,,,,,,,,,,,,,,,,,,,,,,,,,,,,,,,,,,,,,,,,,,,,,,,,-15.625,,,,,,21.9143489,39.3121678,
18:00:33.166,,,,,,,,,,,,,,,,,,,,,,,,,,,,,,,,,,,,,,,,,,,,,,,,,,0,,,,,,,,,,,,,,,21.9143489,39.3121678,
18:00:33.229,,,,,,,,,,,,,,,,,,,,,,,,,,,,,,,,,,680,0.7,,,,,,,,,,,,,,,,,,,,,,,,,,,,,,21.9143489,39.3121678,
18:00:33.285,,,,,,,,,,,,,,,,,,,,,,,,,0.9706828095454876,,227.282763106786,,,0.02676407780555555,11.939238,14.52536,12.91619,,,,,,,,,,,,,,,,,,,,,,,,,,,,,,-0.010160611281531342,1,21.9143489,39.3121678,
18:00:33.354,,,,,,,,,,,,,,,,,,,,,,,,,,,,,,,,,,,,,,,,,,,,,,,,,,,,,,,,,,,,,,8.5,,,21.9143489,39.3121678,
18:00:33.406,,,,,,,,,,,,,,,,,,,,,,,,,,,,,,,,,,,,,,,,,,,,,,,,57,,,,,,,,,,,,,,,,,21.9143489,39.3121678,
18:00:33.469,,,,,,,,,,,,,,,,,,,,171.42738205507376,0.384279130711692,7.141723165553212,1.2324222545502967,,,,,2.1199156803538144,,,,,,,,,,0.045880957913246916,0.04588,1.037361,0.159182,0.046339767492379384,0.0463388,1.0477346100000002,0.16077382,,8.293529677077046,,,,6.1000000000000005,,,,,7.32,,,,,,,,,21.9143489,39.3121678,
18:00:33.522,,,,,,,,,,,,,,,,,,,,,,,,,,,,,,,,,,,,,,,,,,,,,,,,,,,,,,,,,,,,,14.117647058823529,,,,21.9143489,39.3121678,
18:00:33.585,,,,,,,,,,,,,,,,,,,,,,,,,,,,,,,,,,,,,,,,,,,,,,,,,,,,,,0.78,,,,,,,,,,,21.9143489,39.3121678,
18:00:33.648,,,,,,,,,,,,,,,,,,,,,,,,,,,,,,,,,,,,,,,,,,,,,,,,,,,,,,,0.775,,,,,,,,,,21.9143489,39.3121678,
18:00:33.701,,,,,,,,,,,,,,,,,,,,,,,,,,,,,,,,,,,,,,,,,,,,,,,,,,,,,,,,,,-14.84375,,,,,,,21.9143489,39.3121678,
18:00:33.766,,,,,,,,,,,,,,,,,,,,,,,,,,,,,,,,,,,,,,,,,,,,,,,,,0,,,,,,,,,,,,,,,,21.9143489,39.3121678,
18:00:33.818,,,,,,,,,,,,,,,,,,,,,,,,,,,,,,,,,,,,,,,,,,,,,,,,,,,,,,,,,,,-14.84375,,,,,,21.9143489,39.3121678,
18:00:33.858,,,,,,,,,,,,,,,,,,,,,,,,,,,,,,,,,,,,,,,,,,,,,,,,,,0,,,,,,,,,,,,,,,21.9143489,39.3121678,
18:00:33.909,,,,,,,,,,,,,,,,,,,,,,,,,,,,,,,,,,664,0.7,,,,,,,,,,,,,,,,,,,,,,,,,,,,,,21.9143489,39.3121678,
18:00:33.950,,,,,,,,,,,,,,,,,,,,,,,,,0.9642253899718763,,,,,0.02676407780555555,11.939238,14.52536,12.91619,,,,,,,,,,,,,,,,,,,,,,,,,,,,,,-0.010260290413400002,0,21.9143489,39.3121678,
18:00:34.006,,,,,,,,,,,,,,,,,,,,,,,,,,,,,,,,,,,,,,,,,,,,,,,,,,,,,,,,,,,,,,10,,,21.9143489,39.3121678,
18:00:34.070,,,,,,,,,,,,,,,,,,,,,,,,,,,,,,,,,,,,,,,,,,,,,,,,56,,,,,,,,,,,,,,,,,21.9143489,39.3121678,
18:00:34.134,,,,,,,,,,,,,,,,,,,,172.86175543753362,0.38749541637414386,7.144366817758735,1.2353952674898712,,,,,2.0782124210681654,,,,,,,,,,0.04626485472135065,0.046264,1.0377450000000001,0.15956599999999999,0.046727503268564154,0.04672664,1.0481224500000001,0.16116165999999998,,8.130378273593564,,,,5.98,,,,,7.176,,,,,,,,,21.9143489,39.3121678,
18:00:34.186,,,,,,,,,,,,,,,,,,,,,,,,,,,,,,,,,,,,,,,,,,,,,,,,,,,,,,,,,,,,,14.117647058823529,,,,21.9143489,39.3121678,
18:00:34.238,,,,,,,,,,,,,,,,,,,,,,,,,,,,,,,,,,,,,,,,,,,,,,,,,,,,,,0.79,,,,,,,,,,,21.9143489,39.3121678,
18:00:34.266,,,,,,,,,,,,,,,,,,,,,,,,,,,,,,,,,,,,,,,,,,,,,,,,,,,,,,,0.77,,,,,,,,,,21.9143489,39.3121678,
18:00:34.306,,,,,,,,,,,,,,,,,,,,,,,,,,,,,,,,,,,,,,,,,,,,,,,,,,,,,,,,,,-16.40625,,,,,,,21.9143489,39.3121678,
18:00:34.405,,,,,,,,,,,,,,,,,,,,,,,,,,,,,,,,,,,,,,,,,,,,,,,,,0,,,,,,,,,,,,,,,,21.9143489,39.3121678,
18:00:34.445,,,,,,,,,,,,,,,,,,,,,,,,,,,,,,,,,,,,,,,,,,,,,,,,,,,,,,,,,,,-15.625,,,,,,21.9143489,39.3121678,
18:00:34.486,,,,,,,,,,,,,,,,,,,,,,,,,,,,,,,,,,,,,,,,,,,,,,,,,,0,,,,,,,,,,,,,,,21.9143489,39.3121678,
18:00:34.549,,,,,,,,,,,,,,,,,,,,,,,,,,,,,,,,,,666,0.7,,,,,,,,,,,,,,,,,,,,,,,,,,,,,,21.9143489,39.3121678,
18:00:34.613,,,,,,,,,,,,,,,,,,,,,,,,,0.9578651610273897,,,,,0.02676407780555555,11.939238,14.52536,12.91619,,,,,,,,,,,,,,,,,,,,,,,,,,,,,,-0.01046038954812944,0,21.9143489,39.3121678,
18:00:34.658,,,,,,,,,,,,,,,,,,,,,,,,,,,,,,,,,,,,,,,,,,,,,,,,,,,,,,,,,,,,,,7.5,,,21.9143489,39.3121678,
18:00:34.685,,,,,,,,,,,,,,,,,,,,,,,,,,,,,,,,,,,,,,,,,,,,,,,,56,,,,,,,,,,,,,,,,,21.9143489,39.3121678,
18:00:34.725,,,,,,,,,,,,,,,,,,,,174.08940374042703,0.3902510361214007,7.146631821861904,1.2379424582636211,,,,,2.00523171731828,,,,,,,,,,0.046593423468315624,0.046593,1.0380740000000002,0.159895,0.04705935770299878,0.047058930000000006,1.0484547400000002,0.16149395,,7.8448633174974685,,,,5.7700000000000005,,,,,6.924,,,,,,,,,21.9143489,39.3121678,
18:00:34.777,,,,,,,,,,,,,,,,,,,,,,,,,,,,,,,,,,,,,,,,,,,,,,,,,,,,,,,,,,,,,14.117647058823529,,,,21.9143489,39.3121678,
18:00:34.806,,,,,,,,,,,,,,,,,,,,,,,,,,,,,,,,,,,,,,,,,,,,,,,,,,,,,,0.795,,,,,,,,,,,21.9143489,39.3121678,
18:00:34.845,,,,,,,,,,,,,,,,,,,,,,,,,,,,,,,,,,,,,,,,,,,,,,,,,,,,,,,0.795,,,,,,,,,,21.9143489,39.3121678,
18:00:34.908,,,,,,,,,,,,,,,,,,,,,,,,,,,,,,,,,,,,,,,,,,,,,,,,,,,,,,,,,,-17.96875,,,,,,,21.9143489,39.3121678,
18:00:34.962,,,,,,,,,,,,,,,,,,,,,,,,,,,,,,,,,,,,,,,,,,,,,,,,,0,,,,,,,,,,,,,,,,21.9143489,39.3121678,
18:00:35.026,,,,,,,,,,,,,,,,,,,,,,,,,,,,,,,,,,,,,,,,,,,,,,,,,,,,,,,,,,,-16.40625,,,,,,21.9143489,39.3121678,
18:00:35.094,,,,,,,,,,,,,,,,,,,,,,,,,,,,,,,,,,,,,,,,,,,,,,,,,,0,,,,,,,,,,,,,,,21.9143489,39.3121678,
18:00:35.145,,,,,,,,,,,,,,,,,,,,,,,,,,,,,,,,,,654,0.7,,,,,,,,,,,,,,,,,,,,,,,,,,,,,,21.9143489,39.3121678,
18:00:35.209,,,,,,,,,,,,,,,,,,,,,,,,,0.9522280642755828,,,,,0.02676407780555555,11.939238,14.52536,12.91619,,,,,,,,,,,,,,,,,,,,,,,,,,,,,,-0.010682670980736957,0,21.9143489,39.3121678,
18:00:35.264,,,,,,,,,,,,,,,,,,,,,,,,,,,,,,,,,,,,,,,,,,,,,,,,,,,,,,,,,,,,,,9.5,,,21.9143489,39.3121678,
18:00:35.330,,,,,,,,,,,,,,,,,,,,,,,,,,,,,,,,,,,,,,,,,,,,,,,,56,,,,,,,,,,,,,,,,,21.9143489,39.3121678,
18:00:35.381,,,,,,,,,,,,,,,,,,,,175.42865087593347,0.39324955244212406,7.149096476782676,1.2407141734520784,,,,,1.9670037296397689,,,,,,,,,,0.046951860613671244,0.046951,1.038432,0.160253,0.047421379219807956,0.04742051,1.0488163200000002,0.16185553,,7.695307864304278,,,,5.66,,,,,6.792,,,,,,,,,21.9143489,39.3121678,
18:00:35.441,,,,,,,,,,,,,,,,,,,,,,,,,,,,,,,,,,,,,,,,,,,,,,,,,,,,,,,,,,,,,14.117647058823529,,,,21.9143489,39.3121678,
18:00:35.471,,,,,,,,,,,,,,,,,,,,,,,,,,,,,,,,,,,,,,,,,,,,,,,,,,,,,,0.775,,,,,,,,,,,21.9143489,39.3121678,
18:00:35.541,,,,,,,,,,,,,,,,,,,,,,,,,,,,,,,,,,,,,,,,,,,,,,,,,,,,,,,0.79,,,,,,,,,,21.9143489,39.3121678,
18:00:35.618,,,,,,,,,,,,,,,,,,,,,,,,,,,,,,,,,,,,,,,,,,,,,,,,,,,,,,,,,,-17.1875,,,,,,,21.9143489,39.3121678,
18:00:35.645,,,,,,,,,,,,,,,,,,,,,,,,,,,,,,,,,,,,,,,,,,,,,,,,,0,,,,,,,,,,,,,,,,21.9143489,39.3121678,
18:00:35.681,,,,,,,,,,,,,,,,,,,,,,,,,,,,,,,,,,,,,,,,,,,,,,,,,,,,,,,,,,,-17.1875,,,,,,21.9143489,39.3121678,
18:00:35.744,,,,,,,,,,,,,,,,,,,,,,,,,,,,,,,,,,,,,,,,,,,,,,,,,,0,,,,,,,,,,,,,,,21.9143489,39.3121678,
18:00:35.805,,,,,,,,,,,,,,,,,,,,,,,,,,,,,,,,,,647,0.6,,,,,,,,,,,,,,,,,,,,,,,,,,,,,,21.9143489,39.3121678,
18:00:35.857,,,,,,,,,,,,,,,,,,,,,,,,,0.9461669053782599,,,,,0.02676407780555555,11.939238,14.52536,12.91619,,,,,,,,,,,,,,,,,,,,,,,,,,,,,,-0.011011971177395627,0,21.9143489,39.3121678,
18:00:35.926,,,,,,,,,,,,,,,,,,,,,,,,,,,,,,,,,,,,,,,,,,,,,,,,,,,,,,,,,,,,,,14.5,,,21.9143489,39.3121678,
18:00:35.978,,,,,,,,,,,,,,,,,,,,,,,,,,,,,,,,,,,,,,,,,,,,,,,,56,,,,,,,,,,,,,,,,,21.9143489,39.3121678,
18:00:36.018,,,,,,,,,,,,,,,,,,,,176.7793079743826,0.39627319599458527,7.151581785236305,1.243509115304126,,,,,2.043459704996791,,,,,,,,,,0.047313351530386426,0.047312,1.038793,0.160614,0.04778648504569029,0.04778512,1.0491809300000001,0.16222014,,7.994418770690658,,,,5.88,,,,,7.056,,,,,,,,,21.9143489,39.3121678,
18:00:36.071,,,,,,,,,,,,,,,,,,,,,,,,,,,,,,,,,,,,,,,,,,,,,,,,,,,,,,,,,,,,,14.117647058823529,,,,21.9143489,39.3121678,
18:00:36.101,,,,,,,,,,,,,,,,,,,,,,,,,,,,,,,,,,,,,,,,,,,,,,,,,,,,,,0.765,,,,,,,,,,,21.9143489,39.3121678,
18:00:36.156,,,,,,,,,,,,,,,,,,,,,,,,,,,,,,,,,,,,,,,,,,,,,,,,,,,,,,,0.775,,,,,,,,,,21.9143489,39.3121678,
18:00:36.185,,,,,,,,,,,,,,,,,,,,,,,,,,,,,,,,,,,,,,,,,,,,,,,,,,,,,,,,,,-17.96875,,,,,,,21.9143489,39.3121678,
18:00:36.225,,,,,,,,,,,,,,,,,,,,,,,,,,,,,,,,,,,,,,,,,,,,,,,,,0,,,,,,,,,,,,,,,,21.9143489,39.3121678,
18:00:36.285,,,,,,,,,,,,,,,,,,,,,,,,,,,,,,,,,,,,,,,,,,,,,,,,,,,,,,,,,,,-16.40625,,,,,,21.9143489,39.3121678,
18:00:36.338,,,,,,,,,,,,,,,,,,,,,,,,,,,,,,,,,,,,,,,,,,,,,,,,,,0,,,,,,,,,,,,,,,21.9143489,39.3121678,
18:00:36.401,,,,,,,,,,,,,,,,,,,,,,,,,,,,,,,,,,689,0.7,,,,,,,,,,,,,,,,,,,,,,,,,,,,,,21.9143489,39.3121678,
18:00:36.465,,,,,,,,,,,,,,,,,,,,,,,,,0.9405561089183968,,,,,0.02676407780555555,11.939238,14.52536,12.91619,,,,,,,,,,,,,,,,,,,,,,,,,,,,,,0,0,21.9143489,39.3121678,
18:00:36.534,,,,,,,,,,,,,,,,,,,,,,,,,,,,,,,,,,,,,,,,,,,,,,,,,,,,,,,,,,,,,,10.5,,,21.9143489,39.3121678,
18:00:36.585,,,,,,,,,,,,,,,,,,,,,,,,,,,,,,,,,,,,,,,,,,,,,,,,57,,,,,,,,,,,,,,,,,21.9143489,39.3121678,
18:00:36.650,,,,,,,,,,,,,,,,,,,,177.9678647439404,0.39893668255880316,7.153771059719003,1.245971141644711,,,,,1.8106165073185856,,,,,,,,,,0.04763145778895407,0.04763,1.0391110000000001,0.160932,0.04810777236684361,0.0481063,1.0495021100000002,0.16254132,,7.083490101241215,,,,5.21,,,,,6.252,,,,,,,,,21.9143489,39.3121678,
18:00:36.706,,,,,,,,,,,,,,,,,,,,,,,,,,,,,,,,,,,,,,,,,,,,,,,,,,,,,,,,,,,,,14.117647058823529,,,,21.9143489,39.3121678,
18:00:36.768,,,,,,,,,,,,,,,,,,,,,,,,,,,,,,,,,,,,,,,,,,,,,,,,,,,,,,0.76,,,,,,,,,,,21.9143489,39.3121678,
18:00:36.826,,,,,,,,,,,,,,,,,,,,,,,,,,,,,,,,,,,,,,,,,,,,,,,,,,,,,,,0.765,,,,,,,,,,21.9143489,39.3121678,
18:00:36.881,,,,,,,,,,,,,,,,,,,,,,,,,,,,,,,,,,,,,,,,,,,,,,,,,,,,,,,,,,-20.3125,,,,,,,21.9143489,39.3121678,
18:00:36.946,,,,,,,,,,,,,,,,,,,,,,,,,,,,,,,,,,,,,,,,,,,,,,,,,0,,,,,,,,,,,,,,,,21.9143489,39.3121678,
18:00:37.008,,,,,,,,,,,,,,,,,,,,,,,,,,,,,,,,,,,,,,,,,,,,,,,,,,,,,,,,,,,-21.09375,,,,,,21.9143489,39.3121678,
18:00:37.062,,,,,,,,,,,,,,,,,,,,,,,,,,,,,,,,,,,,,,,,,,,,,,,,,,0,,,,,,,,,,,,,,,21.9143489,39.3121678,
18:00:37.123,,,,,,,,,,,,,,,,,,,,,,,,,,,,,,,,,,679,0.7,,,,,,,,,,,,,,,,,,,,,,,,,,,,,,21.9143489,39.3121678,
18:00:37.192,,,,,,,,,,,,,,,,,,,,,,,,,0.9339100231122245,,,,,0.02676407780555555,11.939238,14.52536,12.91619,,,,,,,,,,,,,,,,,,,,,,,,,,,,,,0,0,21.9143489,39.3121678,
18:00:37.242,,,,,,,,,,,,,,,,,,,,,,,,,,,,,,,,,,,,,,,,,,,,,,,,,,,,,,,,,,,,,,18.5,,,21.9143489,39.3121678,
18:00:37.306,,,,,,,,,,,,,,,,,,,,,,,,,,,,,,,,,,,,,,,,,,,,,,,,56,,,,,,,,,,,,,,,,,21.9143489,39.3121678,
18:00:37.358,,,,,,,,,,,,,,,,,,,,179.71686851532803,0.40285653070991634,7.156993010844483,1.2495945011648173,,,,,2.3805610508891197,,,,,,,,,,0.04809956251915036,0.048098,1.039579,0.1614,0.04858055814434186,0.04857898,1.0499747900000003,0.163014,,9.313225948848816,,,,6.8500000000000005,,,,,8.22,,,,,,,,,21.9143489,39.3121678,
18:00:37.421,,,,,,,,,,,,,,,,,,,,,,,,,,,,,,,,,,,,,,,,,,,,,,,,,,,,,,,,,,,,,14.901960784313726,,,,21.9143489,39.3121678,
18:00:37.449,,,,,,,,,,,,,,,,,,,,,,,,,,,,,,,,,,,,,,,,,,,,,,,,,,,,,,0.8,,,,,,,,,,,21.9143489,39.3121678,
18:00:37.489,,,,,,,,,,,,,,,,,,,,,,,,,,,,,,,,,,,,,,,,,,,,,,,,,,,,,,,0.78,,,,,,,,,,21.9143489,39.3121678,
18:00:37.541,,,,,,,,,,,,,,,,,,,,,,,,,,,,,,,,,,,,,,,,,,,,,,,,,,,,,,,,,,-19.53125,,,,,,,21.9143489,39.3121678,
18:00:37.610,,,,,,,,,,,,,,,,,,,,,,,,,,,,,,,,,,,,,,,,,,,,,,,,,0,,,,,,,,,,,,,,,,21.9143489,39.3121678,
18:00:37.689,,,,,,,,,,,,,,,,,,,,,,,,,,,,,,,,,,,,,,,,,,,,,,,,,,,,,,,,,,,-14.84375,,,,,,21.9143489,39.3121678,
18:00:37.728,,,,,,,,,,,,,,,,,,,,,,,,,,,,,,,,,,,,,,,,,,,,,,,,,,0,,,,,,,,,,,,,,,21.9143489,39.3121678,
18:00:37.789,,,,,,,,,,,,,,,,,,,,,,,,,,,,,,,,,,800,0.8,,,,,,,,,,,,,,,,,,,,,,,,,,,,,,21.9143489,39.3121678,
18:00:37.842,,,,,,,,,,,,,,,,,,,,,,,,,0.9280723499561031,,,,,0.02676407780555555,11.939238,14.52536,12.91619,,,,,,,,,,,,,,,,,,,,,,,,,,,,,,0,0,21.9143489,39.3121678,
18:00:37.909,,,,,,,,,,,,,,,,,,,,,,,,,,,,,,,,,,,,,,,,,,,,,,,,,,,,,,,,,,,,,,20.5,,,21.9143489,39.3121678,
18:00:37.961,,,,,,,,,,,,,,,,,,,,,,,,,,,,,,,,,,,,,,,,,,,,,,,,56,,,,,,,,,,,,,,,,,21.9143489,39.3121678,
18:00:37.985,,,,,,,,,,,,,,,,,,,,181.07373193688053,0.4058969257502028,7.1594920883200155,1.2524049274592584,,,,,2.08516296428244,,,,,,,,,,0.04846271450100979,0.048461,1.0399420000000001,0.161763,0.04894734164601989,0.04894561,1.0503414200000003,0.16338063,,8.157570174174143,,,,6,,,,,7.199999999999999,,,,,,,,,21.9143489,39.3121678,
18:00:38.045,,,,,,,,,,,,,,,,,,,,,,,,,,,,,,,,,,,,,,,,,,,,,,,,,,,,,,,,,,,,,14.509803921568627,,,,21.9143489,39.3121678,
18:00:38.086,,,,,,,,,,,,,,,,,,,,,,,,,,,,,,,,,,,,,,,,,,,,,,,,,,,,,,0.785,,,,,,,,,,,21.9143489,39.3121678,
18:00:38.142,,,,,,,,,,,,,,,,,,,,,,,,,,,,,,,,,,,,,,,,,,,,,,,,,,,,,,,0.75,,,,,,,,,,21.9143489,39.3121678,
18:00:38.223,,,,,,,,,,,,,,,,,,,,,,,,,,,,,,,,,,,,,,,,,,,,,,,,,,,,,,,,,,-17.1875,,,,,,,21.9143489,39.3121678,
18:00:38.261,,,,,,,,,,,,,,,,,,,,,,,,,,,,,,,,,,,,,,,,,,,,,,,,,0,,,,,,,,,,,,,,,,21.9143489,39.3121678,
18:00:38.290,,,,,,,,,,,,,,,,,,,,,,,,,,,,,,,,,,,,,,,,,,,,,,,,,,,,,,,,,,,-14.84375,,,,,,21.9143489,39.3121678,
18:00:38.329,,,,,,,,,,,,,,,,,,,,,,,,,,,,,,,,,,,,,,,,,,,,,,,,,,0,,,,,,,,,,,,,,,21.9143489,39.3121678,
18:00:38.377,,,,,,,,,,,,,,,,,,,,,,,,,,,,,,,,,,721,0.7,,,,,,,,,,,,,,,,,,,,,,,,,,,,,,21.9143489,39.3121678,
18:00:38.418,,,,,,,,,,,,,,,,,,,,,,,,,0.9229571617289895,,,,,0.02676407780555555,11.939238,14.52536,12.91619,,,,,,,,,,,,,,,,,,,,,,,,,,,,,,0,0,21.9143489,39.3121678,
18:00:38.473,,,,,,,,,,,,,,,,,,,,,,,,,,,,,,,,,,,,,,,,,,,,,,,,,,,,,,,,,,,,,,8,,,21.9143489,39.3121678,
18:00:38.537,,,,,,,,,,,,,,,,,,,,,,,,,,,,,,,,,,,,,,,,,,,,,,,,56,,,,,,,,,,,,,,,,,21.9143489,39.3121678,
18:00:38.602,,,,,,,,,,,,,,,,,,,,182.22934707096198,0.408485030619207,7.161619402204146,1.2547972738090722,,,,,1.803665964104311,,,,,,,,,,0.04877200423462812,0.04877,1.040251,0.162072,0.049259724276974406,0.0492577,1.0506535100000003,0.16369272,,7.0562982006606365,,,,5.19,,,,,6.228000000000001,,,,,,,,,21.9143489,39.3121678,
18:00:38.653,,,,,,,,,,,,,,,,,,,,,,,,,,,,,,,,,,,,,,,,,,,,,,,,,,,,,,,,,,,,,13.72549019607843,,,,21.9143489,39.3121678,
18:00:38.694,,,,,,,,,,,,,,,,,,,,,,,,,,,,,,,,,,,,,,,,,,,,,,,,,,,,,,0.765,,,,,,,,,,,21.9143489,39.3121678,
18:00:38.737,,,,,,,,,,,,,,,,,,,,,,,,,,,,,,,,,,,,,,,,,,,,,,,,,,,,,,,0.76,,,,,,,,,,21.9143489,39.3121678,
18:00:38.766,,,,,,,,,,,,,,,,,,,,,,,,,,,,,,,,,,,,,,,,,,,,,,,,,,,,,,,,,,-14.84375,,,,,,,21.9143489,39.3121678,
18:00:38.797,,,,,,,,,,,,,,,,,,,,,,,,,,,,,,,,,,,,,,,,,,,,,,,,,0,,,,,,,,,,,,,,,,21.9143489,39.3121678,
18:00:38.826,,,,,,,,,,,,,,,,,,,,,,,,,,,,,,,,,,,,,,,,,,,,,,,,,,,,,,,,,,,-12.5,,,,,,21.9143489,39.3121678,
18:00:38.865,,,,,,,,,,,,,,,,,,,,,,,,,,,,,,,,,,,,,,,,,,,,,,,,,,0,,,,,,,,,,,,,,,21.9143489,39.3121678,
18:00:38.930,,,,,,,,,,,,,,,,,,,,,,,,,,,,,,,,,,684,0.7,,,,,,,,,,,,,,,,,,,,,,,,,,,,,,21.9143489,39.3121678,
18:00:38.982,,,,,,,,,,,,,,,,,,,,,,,,,0.9233711236152086,,180.3665964104311,,,0.026920730777777773,11.939395,14.525516999999999,12.916347,,,,,,,,,,,,,,,,,,,,,,,,,,,,,,0.011253780926397314,1,21.9143489,39.3121678,
18:00:39.037,,,,,,,,,,,,,,,,,,,,,,,,,,,,,,,,,,,,,,,,,,,,,,,,,,,,,,,,,,,,,,4.5,,,21.9143489,39.3121678,
18:00:39.066,,,,,,,,,,,,,,,,,,,,,,,,,,,,,,,,,,,,,,,,,,,,,,,,56,,,,,,,,,,,,,,,,,21.9143489,39.3121678,
18:00:39.106,,,,,,,,,,,,,,,,,,,,182.01224591475312,0.41038092801184656,7.163104762467319,1.2565394844223372,,,,,1.6229518405331662,,,,,,,,,,0.048999026705297516,0.048997,1.040478,0.162299,0.04948901697235049,0.04948697,1.0508827800000002,0.16392199,,6.349308785565542,,,,4.67,,,,,5.604,,,,,,,,,21.9143489,39.3121678,
18:00:39.169,,,,,,,,,,,,,,,,,,,,,,,,,,,,,,,,,,,,,,,,,,,,,,,,,,,,,,,,,,,,,13.72549019607843,,,,21.9143489,39.3121678,
18:00:39.221,,,,,,,,,,,,,,,,,,,,,,,,,,,,,,,,,,,,,,,,,,,,,,,,,,,,,,0.73,,,,,,,,,,,21.9143489,39.3121678,
18:00:39.298,,,,,,,,,,,,,,,,,,,,,,,,,,,,,,,,,,,,,,,,,,,,,,,,,,,,,,,0.755,,,,,,,,,,21.9143489,39.3121678,
18:00:39.373,,,,,,,,,,,,,,,,,,,,,,,,,,,,,,,,,,,,,,,,,,,,,,,,,,,,,,,,,,-11.71875,,,,,,,21.9143489,39.3121678,
18:00:39.437,,,,,,,,,,,,,,,,,,,,,,,,,,,,,,,,,,,,,,,,,,,,,,,,,0,,,,,,,,,,,,,,,,21.9143489,39.3121678,
18:00:39.502,,,,,,,,,,,,,,,,,,,,,,,,,,,,,,,,,,,,,,,,,,,,,,,,,,,,,,,,,,,-13.28125,,,,,,21.9143489,39.3121678,
18:00:39.546,,,,,,,,,,,,,,,,,,,,,,,,,,,,,,,,,,,,,,,,,,,,,,,,,,0,,,,,,,,,,,,,,,21.9143489,39.3121678,
18:00:39.586,,,,,,,,,,,,,,,,,,,,,,,,,,,,,,,,,,666,0.7,,,,,,,,,,,,,,,,,,,,,,,,,,,,,,21.9143489,39.3121678,
18:00:39.649,,,,,,,,,,,,,,,,,,,,,,,,,0.9175342086723502,,,,,0.026920730777777773,11.939395,14.525516999999999,12.916347,,,,,,,,,,,,,,,,,,,,,,,,,,,,,,,0,21.9143489,39.3121678,
18:00:39.705,,,,,,,,,,,,,,,,,,,,,,,,,,,,,,,,,,,,,,,,,,,,,,,,,,,,,,,,,,,,,,4.5,,,21.9143489,39.3121678,
18:00:39.769,,,,,,,,,,,,,,,,,,,,,,,,,,,,,,,,,,,,,,,,,,,,,,,,56,,,,,,,,,,,,,,,,,21.9143489,39.3121678,
18:00:39.821,,,,,,,,,,,,,,,,,,,,183.19468402168997,0.4130443795518952,7.165294013287101,1.2590014808366483,,,,,1.6021002108903417,,,,,,,,,,0.04931734768467983,0.049315,1.040796,0.162617,0.04981052116152663,0.049808149999999995,1.0512039600000003,0.16424317,,6.2677330838238,,,,4.61,,,,,5.532,,,,,,,,,21.9143489,39.3121678,
18:00:39.881,,,,,,,,,,,,,,,,,,,,,,,,,,,,,,,,,,,,,,,,,,,,,,,,,,,,,,,,,,,,,13.72549019607843,,,,21.9143489,39.3121678,
18:00:39.910,,,,,,,,,,,,,,,,,,,,,,,,,,,,,,,,,,,,,,,,,,,,,,,,,,,,,,0.67,,,,,,,,,,,21.9143489,39.3121678,
18:00:39.936,,,,,,,,,,,,,,,,,,,,,,,,,,,,,,,,,,,,,,,,,,,,,,,,,,,,,,,0.795,,,,,,,,,,21.9143489,39.3121678,
18:00:39.978,,,,,,,,,,,,,,,,,,,,,,,,,,,,,,,,,,,,,,,,,,,,,,,,,,,,,,,,,,-14.84375,,,,,,,21.9143489,39.3121678,
18:00:40.028,,,,,,,,,,,,,,,,,,,,,,,,,,,,,,,,,,,,,,,,,,,,,,,,,0,,,,,,,,,,,,,,,,21.9143489,39.3121678,
18:00:40.064,,,,,,,,,,,,,,,,,,,,,,,,,,,,,,,,,,,,,,,,,,,,,,,,,,,,,,,,,,,-14.84375,,,,,,21.9143489,39.3121678,
18:00:40.129,,,,,,,,,,,,,,,,,,,,,,,,,,,,,,,,,,,,,,,,,,,,,,,,,,0,,,,,,,,,,,,,,,21.9143489,39.3121678,
18:00:40.182,,,,,,,,,,,,,,,,,,,,,,,,,,,,,,,,,,654,0.7,,,,,,,,,,,,,,,,,,,,,,,,,,,,,,21.9143489,39.3121678,
18:00:40.244,,,,,,,,,,,,,,,,,,,,,,,,,0.9123943115811263,,,,,0.026920730777777773,11.939395,14.525516999999999,12.916347,,,,,,,,,,,,,,,,,,,,,,,,,,,,,,,0,21.9143489,39.3121678,
18:00:40.302,,,,,,,,,,,,,,,,,,,,,,,,,,,,,,,,,,,,,,,,,,,,,,,,,,,,,,,,,,,,,,8,,,21.9143489,39.3121678,
18:00:40.342,,,,,,,,,,,,,,,,,,,,,,,,,,,,,,,,,,,,,,,,,,,,,,,,56,,,,,,,,,,,,,,,,,21.9143489,39.3121678,
18:00:40.393,,,,,,,,,,,,,,,,,,,,184.12239977590005,0.41513828799532976,7.167015122422151,1.2609370126089057,,,,,1.5708227664261052,,,,,,,,,,0.04956709554525376,0.049565,1.0410460000000001,0.16286699999999998,0.0500627665007063,0.05006065,1.0514564600000003,0.16449566999999998,,6.14536953121119,,,,4.5200000000000005,,,,,5.424,,,,,,,,,21.9143489,39.3121678,
18:00:40.453,,,,,,,,,,,,,,,,,,,,,,,,,,,,,,,,,,,,,,,,,,,,,,,,,,,,,,,,,,,,,13.72549019607843,,,,21.9143489,39.3121678,
18:00:40.517,,,,,,,,,,,,,,,,,,,,,,,,,,,,,,,,,,,,,,,,,,,,,,,,,,,,,,0.755,,,,,,,,,,,21.9143489,39.3121678,
18:00:40.570,,,,,,,,,,,,,,,,,,,,,,,,,,,,,,,,,,,,,,,,,,,,,,,,,,,,,,,0.78,,,,,,,,,,21.9143489,39.3121678,
18:00:40.598,,,,,,,,,,,,,,,,,,,,,,,,,,,,,,,,,,,,,,,,,,,,,,,,,,,,,,,,,,-13.28125,,,,,,,21.9143489,39.3121678,
18:00:40.637,,,,,,,,,,,,,,,,,,,,,,,,,,,,,,,,,,,,,,,,,,,,,,,,,0,,,,,,,,,,,,,,,,21.9143489,39.3121678,
18:00:40.700,,,,,,,,,,,,,,,,,,,,,,,,,,,,,,,,,,,,,,,,,,,,,,,,,,,,,,,,,,,-12.5,,,,,,21.9143489,39.3121678,
18:00:40.755,,,,,,,,,,,,,,,,,,,,,,,,,,,,,,,,,,,,,,,,,,,,,,,,,,0,,,,,,,,,,,,,,,21.9143489,39.3121678,
18:00:40.822,,,,,,,,,,,,,,,,,,,,,,,,,,,,,,,,,,644,0.6,,,,,,,,,,,,,,,,,,,,,,,,,,,,,,21.9143489,39.3121678,
18:00:40.873,,,,,,,,,,,,,,,,,,,,,,,,,0.9070256945883041,,,,,0.026920730777777773,11.939395,14.525516999999999,12.916347,,,,,,,,,,,,,,,,,,,,,,,,,,,,,,0,0,21.9143489,39.3121678,
18:00:40.940,,,,,,,,,,,,,,,,,,,,,,,,,,,,,,,,,,,,,,,,,,,,,,,,,,,,,,,,,,,,,,11,,,21.9143489,39.3121678,
18:00:40.993,,,,,,,,,,,,,,,,,,,,,,,,,,,,,,,,,,,,,,,,,,,,,,,,57,,,,,,,,,,,,,,,,,21.9143489,39.3121678,
18:00:41.058,,,,,,,,,,,,,,,,,,,,185.20383615250918,0.41757559742348754,7.1690184934553445,1.2631899715918131,,,,,1.5708227664261052,,,,,,,,,,0.04985822612073366,0.049856,1.041337,0.163158,0.050356808381940996,0.05035456,1.0517503700000002,0.16478958,,6.14536953121119,,,,4.5200000000000005,,,,,5.424,,,,,,,,,21.9143489,39.3121678,
18:00:41.145,,,,,,,,,,,,,,,,,,,,,,,,,,,,,,,,,,,,,,,,,,,,,,,,,,,,,,,,,,,,,13.72549019607843,,,,21.9143489,39.3121678,
18:00:41.198,,,,,,,,,,,,,,,,,,,,,,,,,,,,,,,,,,,,,,,,,,,,,,,,,,,,,,0.755,,,,,,,,,,,21.9143489,39.3121678,
18:00:41.225,,,,,,,,,,,,,,,,,,,,,,,,,,,,,,,,,,,,,,,,,,,,,,,,,,,,,,,0.765,,,,,,,,,,21.9143489,39.3121678,
18:00:41.265,,,,,,,,,,,,,,,,,,,,,,,,,,,,,,,,,,,,,,,,,,,,,,,,,,,,,,,,,,-8.59375,,,,,,,21.9143489,39.3121678,
18:00:41.328,,,,,,,,,,,,,,,,,,,,,,,,,,,,,,,,,,,,,,,,,,,,,,,,,0,,,,,,,,,,,,,,,,21.9143489,39.3121678,
18:00:41.393,,,,,,,,,,,,,,,,,,,,,,,,,,,,,,,,,,,,,,,,,,,,,,,,,,,,,,,,,,,-7.03125,,,,,,21.9143489,39.3121678,
18:00:41.444,,,,,,,,,,,,,,,,,,,,,,,,,,,,,,,,,,,,,,,,,,,,,,,,,,0,,,,,,,,,,,,,,,21.9143489,39.3121678,
18:00:41.505,,,,,,,,,,,,,,,,,,,,,,,,,,,,,,,,,,649,0.6,,,,,,,,,,,,,,,,,,,,,,,,,,,,,,21.9143489,39.3121678,
18:00:41.570,,,,,,,,,,,,,,,,,,,,,,,,,0.9011488231885555,,,,,0.026920730777777773,11.939395,14.525516999999999,12.916347,,,,,,,,,,,,,,,,,,,,,,,,,,,,,,-0.010943965415879725,0,21.9143489,39.3121678,
18:00:41.618,,,,,,,,,,,,,,,,,,,,,,,,,,,,,,,,,,,,,,,,,,,,,,,,,,,,,,,,,,,,,,11,,,21.9143489,39.3121678,
18:00:41.657,,,,,,,,,,,,,,,,,,,,,,,,,,,,,,,,,,,,,,,,,,,,,,,,56,,,,,,,,,,,,,,,,,21.9143489,39.3121678,
18:00:41.722,,,,,,,,,,,,,,,,,,,,186.27037105777592,0.41997940431655045,7.170994326742381,1.2654119620663644,,,,,1.56387222321183,,,,,,,,,,0.050145345111231546,0.050143,1.041624,0.163445,0.05064679856234386,0.05064443,1.0520402400000002,0.16507945,,6.1181776306306075,,,,4.5,,,,,5.3999999999999995,,,,,,,,,21.9143489,39.3121678,
18:00:41.773,,,,,,,,,,,,,,,,,,,,,,,,,,,,,,,,,,,,,,,,,,,,,,,,,,,,,,,,,,,,,13.72549019607843,,,,21.9143489,39.3121678,
18:00:41.809,,,,,,,,,,,,,,,,,,,,,,,,,,,,,,,,,,,,,,,,,,,,,,,,,,,,,,0.5,,,,,,,,,,,21.9143489,39.3121678,
18:00:41.861,,,,,,,,,,,,,,,,,,,,,,,,,,,,,,,,,,,,,,,,,,,,,,,,,,,,,,,0.6900000000000001,,,,,,,,,,21.9143489,39.3121678,
18:00:41.938,,,,,,,,,,,,,,,,,,,,,,,,,,,,,,,,,,,,,,,,,,,,,,,,,,,,,,,,,,-4.6875,,,,,,,21.9143489,39.3121678,
18:00:42.013,,,,,,,,,,,,,,,,,,,,,,,,,,,,,,,,,,,,,,,,,,,,,,,,,0,,,,,,,,,,,,,,,,21.9143489,39.3121678,
18:00:42.042,,,,,,,,,,,,,,,,,,,,,,,,,,,,,,,,,,,,,,,,,,,,,,,,,,,,,,,,,,,-3.125,,,,,,21.9143489,39.3121678,
18:00:42.098,,,,,,,,,,,,,,,,,,,,,,,,,,,,,,,,,,,,,,,,,,,,,,,,,,0,,,,,,,,,,,,,,,21.9143489,39.3121678,
18:00:42.130,,,,,,,,,,,,,,,,,,,,,,,,,,,,,,,,,,665,0.7,,,,,,,,,,,,,,,,,,,,,,,,,,,,,,21.9143489,39.3121678,
18:00:42.197,,,,,,,,,,,,,,,,,,,,,,,,,0.8959244374737438,,,,,0.026920730777777773,11.939395,14.525516999999999,12.916347,,,,,,,,,,,,,,,,,,,,,,,,,,,,,,0,0,21.9143489,39.3121678,
18:00:42.252,,,,,,,,,,,,,,,,,,,,,,,,,,,,,,,,,,,,,,,,,,,,,,,,,,,,,,,,,,,,,,11,,,21.9143489,39.3121678,
18:00:42.288,,,,,,,,,,,,,,,,,,,,,,,,,,,,,,,,,,,,,,,,,,,,,,,,56,,,,,,,,,,,,,,,,,21.9143489,39.3121678,
18:00:42.349,,,,,,,,,,,,,,,,,,,,187.28313059621152,0.4222659523367809,7.172873777917854,1.2675255627616695,,,,,1.56387222321183,,,,,,,,,,0.05041798738000006,0.050416,1.041897,0.163718,0.050922167253800055,0.050920160000000006,1.0523159700000002,0.16535518,,6.1181776306306075,,,,4.5,,,,,5.3999999999999995,,,,,,,,,21.9143489,39.3121678,
18:00:42.400,,,,,,,,,,,,,,,,,,,,,,,,,,,,,,,,,,,,,,,,,,,,,,,,,,,,,,,,,,,,,13.72549019607843,,,,21.9143489,39.3121678,
18:00:42.426,,,,,,,,,,,,,,,,,,,,,,,,,,,,,,,,,,,,,,,,,,,,,,,,,,,,,,0.185,,,,,,,,,,,21.9143489,39.3121678,
18:00:42.466,,,,,,,,,,,,,,,,,,,,,,,,,,,,,,,,,,,,,,,,,,,,,,,,,,,,,,,0.535,,,,,,,,,,21.9143489,39.3121678,
18:00:42.530,,,,,,,,,,,,,,,,,,,,,,,,,,,,,,,,,,,,,,,,,,,,,,,,,,,,,,,,,,-1.5625,,,,,,,21.9143489,39.3121678,
18:00:42.586,,,,,,,,,,,,,,,,,,,,,,,,,,,,,,,,,,,,,,,,,,,,,,,,,0,,,,,,,,,,,,,,,,21.9143489,39.3121678,
18:00:42.637,,,,,,,,,,,,,,,,,,,,,,,,,,,,,,,,,,,,,,,,,,,,,,,,,,,,,,,,,,,-0.78125,,,,,,21.9143489,39.3121678,
18:00:42.676,,,,,,,,,,,,,,,,,,,,,,,,,,,,,,,,,,,,,,,,,,,,,,,,,,0,,,,,,,,,,,,,,,21.9143489,39.3121678,
18:00:42.737,,,,,,,,,,,,,,,,,,,,,,,,,,,,,,,,,,669,0.7,,,,,,,,,,,,,,,,,,,,,,,,,,,,,,21.9143489,39.3121678,
18:00:42.789,,,,,,,,,,,,,,,,,,,,,,,,,0.8910503645356413,,,,,0.026920730777777773,11.939395,14.525516999999999,12.916347,,,,,,,,,,,,,,,,,,,,,,,,,,,,,,0,0,21.9143489,39.3121678,
18:00:42.857,,,,,,,,,,,,,,,,,,,,,,,,,,,,,,,,,,,,,,,,,,,,,,,,,,,,,,,,,,,,,,10,,,21.9143489,39.3121678,
18:00:42.908,,,,,,,,,,,,,,,,,,,,,,,,,,,,,,,,,,,,,,,,,,,,,,,,57,,,,,,,,,,,,,,,,,21.9143489,39.3121678,
18:00:42.944,,,,,,,,,,,,,,,,,,,,188.2347877119797,0.42441011458285793,7.174636193672144,1.269507547296461,,,,,1.5499711367832807,,,,,,,,,,0.05067418043006357,0.050672,1.042153,0.163974,0.051180922234364205,0.051178720000000004,1.0525745300000002,0.16561374,,6.063793829469447,,,,4.46,,,,,5.351999999999999,,,,,,,,,21.9143489,39.3121678,
18:00:43.005,,,,,,,,,,,,,,,,,,,,,,,,,,,,,,,,,,,,,,,,,,,,,,,,,,,,,,,,,,,,,13.72549019607843,,,,21.9143489,39.3121678,
18:00:43.070,,,,,,,,,,,,,,,,,,,,,,,,,,,,,,,,,,,,,,,,,,,,,,,,,,,,,,0.105,,,,,,,,,,,21.9143489,39.3121678,
18:00:43.126,,,,,,,,,,,,,,,,,,,,,,,,,,,,,,,,,,,,,,,,,,,,,,,,,,,,,,,0.625,,,,,,,,,,21.9143489,39.3121678,
18:00:43.193,,,,,,,,,,,,,,,,,,,,,,,,,,,,,,,,,,,,,,,,,,,,,,,,,,,,,,,,,,-0.78125,,,,,,,21.9143489,39.3121678,
18:00:43.246,,,,,,,,,,,,,,,,,,,,,,,,,,,,,,,,,,,,,,,,,,,,,,,,,0,,,,,,,,,,,,,,,,21.9143489,39.3121678,
18:00:43.297,,,,,,,,,,,,,,,,,,,,,,,,,,,,,,,,,,,,,,,,,,,,,,,,,,,,,,,,,,,0.78125,,,,,,21.9143489,39.3121678,
18:00:43.327,,,,,,,,,,,,,,,,,,,,,,,,,,,,,,,,,,,,,,,,,,,,,,,,,,0,,,,,,,,,,,,,,,21.9143489,39.3121678,
18:00:43.364,,,,,,,,,,,,,,,,,,,,,,,,,,,,,,,,,,667,0.7,,,,,,,,,,,,,,,,,,,,,,,,,,,,,,21.9143489,39.3121678,
18:00:43.430,,,,,,,,,,,,,,,,,,,,,,,,,0.8858323534016477,,,,,0.026920730777777773,11.939395,14.525516999999999,12.916347,,,,,,,,,,,,,,,,,,,,,,,,,,,,,,0,0,21.9143489,39.3121678,
18:00:43.485,,,,,,,,,,,,,,,,,,,,,,,,,,,,,,,,,,,,,,,,,,,,,,,,,,,,,,,,,,,,,,10,,,21.9143489,39.3121678,
18:00:43.546,,,,,,,,,,,,,,,,,,,,,,,,,,,,,,,,,,,,,,,,,,,,,,,,57,,,,,,,,,,,,,,,,,21.9143489,39.3121678,
18:00:43.608,,,,,,,,,,,,,,,,,,,,189.13993299594014,0.42645376922365,7.176315996187951,1.271396626306184,,,,,1.320603210712212,,,,,,,,,,0.050917852155106316,0.050916,1.042397,0.164218,0.05142703067665738,0.051425160000000004,1.0528209700000002,0.16586018,,5.1664611103102915,,,,3.8000000000000003,,,,,4.5600000000000005,,,,,,,,,21.9143489,39.3121678,
18:00:43.657,,,,,,,,,,,,,,,,,,,,,,,,,,,,,,,,,,,,,,,,,,,,,,,,,,,,,,,,,,,,,15.294117647058824,,,,21.9143489,39.3121678,
18:00:43.698,,,,,,,,,,,,,,,,,,,,,,,,,,,,,,,,,,,,,,,,,,,,,,,,,,,,,,0.1,,,,,,,,,,,21.9143489,39.3121678,
18:00:43.749,,,,,,,,,,,,,,,,,,,,,,,,,,,,,,,,,,,,,,,,,,,,,,,,,,,,,,,0.72,,,,,,,,,,21.9143489,39.3121678,
18:00:43.777,,,,,,,,,,,,,,,,,,,,,,,,,,,,,,,,,,,,,,,,,,,,,,,,,,,,,,,,,,0.78125,,,,,,,21.9143489,39.3121678,
18:00:43.817,,,,,,,,,,,,,,,,,,,,,,,,,,,,,,,,,,,,,,,,,,,,,,,,,0,,,,,,,,,,,,,,,,21.9143489,39.3121678,
18:00:43.869,,,,,,,,,,,,,,,,,,,,,,,,,,,,,,,,,,,,,,,,,,,,,,,,,,,,,,,,,,,1.5625,,,,,,21.9143489,39.3121678,
18:00:43.898,,,,,,,,,,,,,,,,,,,,,,,,,,,,,,,,,,,,,,,,,,,,,,,,,,0,,,,,,,,,,,,,,,21.9143489,39.3121678,
18:00:43.938,,,,,,,,,,,,,,,,,,,,,,,,,,,,,,,,,,761,0.8,,,,,,,,,,,,,,,,,,,,,,,,,,,,,,21.9143489,39.3121678,
18:00:43.989,,,,,,,,,,,,,,,,,,,,,,,,,0.8813274279366126,,,,,0.026920730777777773,11.939395,14.525516999999999,12.916347,,,,,,,,,,,,,,,,,,,,,,,,,,,,,,0,0,21.9143489,39.3121678,
18:00:44.057,,,,,,,,,,,,,,,,,,,,,,,,,,,,,,,,,,,,,,,,,,,,,,,,,,,,,,,,,,,,,,18.5,,,21.9143489,39.3121678,
18:00:44.111,,,,,,,,,,,,,,,,,,,,,,,,,,,,,,,,,,,,,,,,,,,,,,,,56,,,,,,,,,,,,,,,,,21.9143489,39.3121678,
18:00:44.150,,,,,,,,,,,,,,,,,,,,190.60644801823173,0.4297621445642765,7.179035348621328,1.2744547665063506,,,,,2.627305334995875,,,,,,,,,,0.051312648716073106,0.051311,1.0427920000000002,0.164613,0.05182577520323384,0.05182411,1.0532199200000003,0.16625913,,10.278538419459421,,,,7.5600000000000005,,,,,9.072000000000001,,,,,,,,,21.9143489,39.3121678,
18:00:44.202,,,,,,,,,,,,,,,,,,,,,,,,,,,,,,,,,,,,,,,,,,,,,,,,,,,,,,,,,,,,,15.294117647058824,,,,21.9143489,39.3121678,
18:00:44.265,,,,,,,,,,,,,,,,,,,,,,,,,,,,,,,,,,,,,,,,,,,,,,,,,,,,,,0.11,,,,,,,,,,,21.9143489,39.3121678,
18:00:44.329,,,,,,,,,,,,,,,,,,,,,,,,,,,,,,,,,,,,,,,,,,,,,,,,,,,,,,,0.7000000000000001,,,,,,,,,,21.9143489,39.3121678,
18:00:44.394,,,,,,,,,,,,,,,,,,,,,,,,,,,,,,,,,,,,,,,,,,,,,,,,,,,,,,,,,,0,,,,,,,21.9143489,39.3121678,
18:00:44.469,,,,,,,,,,,,,,,,,,,,,,,,,,,,,,,,,,,,,,,,,,,,,,,,,0,,,,,,,,,,,,,,,,21.9143489,39.3121678,
18:00:44.498,,,,,,,,,,,,,,,,,,,,,,,,,,,,,,,,,,,,,,,,,,,,,,,,,,,,,,,,,,,2.34375,,,,,,21.9143489,39.3121678,
18:00:44.538,,,,,,,,,,,,,,,,,,,,,,,,,,,,,,,,,,,,,,,,,,,,,,,,,,0,,,,,,,,,,,,,,,21.9143489,39.3121678,
18:00:44.589,,,,,,,,,,,,,,,,,,,,,,,,,,,,,,,,,,1012,1,,,,,,,,,,,,,,,,,,,,,,,,,,,,,,21.9143489,39.3121678,
18:00:44.618,,,,,,,,,,,,,,,,,,,,,,,,,0.87631709994367,,,,,0.026920730777777773,11.939395,14.525516999999999,12.916347,,,,,,,,,,,,,,,,,,,,,,,,,,,,,,0,0,21.9143489,39.3121678,
18:00:44.650,,,,,,,,,,,,,,,,,,,,,,,,,,,,,,,,,,,,,,,,,,,,,,,,,,,,,,,,,,,,,,24,,,21.9143489,39.3121678,
18:00:44.689,,,,,,,,,,,,,,,,,,,,,,,,,,,,,,,,,,,,,,,,,,,,,,,,56,,,,,,,,,,,,,,,,,21.9143489,39.3121678,
18:00:44.753,,,,,,,,,,,,,,,,,,,,192.86757289578063,0.434862905532483,7.183227970474305,1.2791697219035694,,,,,3.6281835578514454,,,,,,,,,,0.051921360056907395,0.05192,1.043401,0.165222,0.052440573657476466,0.0524392,1.0538350100000002,0.16687422,,14.194172103063009,,,,10.44,,,,,12.527999999999999,,,,,,,,,21.9143489,39.3121678,
18:00:44.801,,,,,,,,,,,,,,,,,,,,,,,,,,,,,,,,,,,,,,,,,,,,,,,,,,,,,,,,,,,,,17.254901960784313,,,,21.9143489,39.3121678,
18:00:44.866,,,,,,,,,,,,,,,,,,,,,,,,,,,,,,,,,,,,,,,,,,,,,,,,,,,,,,0.12,,,,,,,,,,,21.9143489,39.3121678,
18:00:44.928,,,,,,,,,,,,,,,,,,,,,,,,,,,,,,,,,,,,,,,,,,,,,,,,,,,,,,,0.655,,,,,,,,,,21.9143489,39.3121678,
18:00:44.993,,,,,,,,,,,,,,,,,,,,,,,,,,,,,,,,,,,,,,,,,,,,,,,,,,,,,,,,,,4.6875,,,,,,,21.9143489,39.3121678,
18:00:45.046,,,,,,,,,,,,,,,,,,,,,,,,,,,,,,,,,,,,,,,,,,,,,,,,,0,,,,,,,,,,,,,,,,21.9143489,39.3121678,
18:00:45.109,,,,,,,,,,,,,,,,,,,,,,,,,,,,,,,,,,,,,,,,,,,,,,,,,,,,,,,,,,,4.6875,,,,,,21.9143489,39.3121678,
18:00:45.173,,,,,,,,,,,,,,,,,,,,,,,,,,,,,,,,,,,,,,,,,,,,,,,,,,0,,,,,,,,,,,,,,,21.9143489,39.3121678,
18:00:45.222,,,,,,,,,,,,,,,,,,,,,,,,,,,,,,,,,,1022,1,,,,,,,,,,,,,,,,,,,,,,,,,,,,,,21.9143489,39.3121678,
18:00:45.297,,,,,,,,,,,,,,,,,,,,,,,,,0.8709667696346558,,,,,0.026920730777777773,11.939395,14.525516999999999,12.916347,,,,,,,,,,,,,,,,,,,,,,,,,,,,,,0,0,21.9143489,39.3121678,
18:00:45.377,,,,,,,,,,,,,,,,,,,,,,,,,,,,,,,,,,,,,,,,,,,,,,,,,,,,,,,,,,,,,,14,,,21.9143489,39.3121678,
18:00:45.430,,,,,,,,,,,,,,,,,,,,,,,,,,,,,,,,,,,,,,,,,,,,,,,,56,,,,,,,,,,,,,,,,,21.9143489,39.3121678,
18:00:45.457,,,,,,,,,,,,,,,,,,,,194.39252843283757,0.4383052910134894,7.1860574738923235,1.2823517361371604,,,,,2.0990640507109894,,,,,,,,,,0.05233188923151931,0.052331,1.043812,0.165633,0.052855208123834506,0.05285431,1.0542501200000003,0.16728933,,8.211953975335303,,,,6.04,,,,,7.247999999999999,,,,,,,,,21.9143489,39.3121678,
18:00:45.527,,,,,,,,,,,,,,,,,,,,,,,,,,,,,,,,,,,,,,,,,,,,,,,,,,,,,,,,,,,,,15.294117647058824,,,,21.9143489,39.3121678,
18:00:45.589,,,,,,,,,,,,,,,,,,,,,,,,,,,,,,,,,,,,,,,,,,,,,,,,,,,,,,0.07,,,,,,,,,,,21.9143489,39.3121678,
18:00:45.642,,,,,,,,,,,,,,,,,,,,,,,,,,,,,,,,,,,,,,,,,,,,,,,,,,,,,,,0.34,,,,,,,,,,21.9143489,39.3121678,
18:00:45.705,,,,,,,,,,,,,,,,,,,,,,,,,,,,,,,,,,,,,,,,,,,,,,,,,,,,,,,,,,3.125,,,,,,,21.9143489,39.3121678,
18:00:45.757,,,,,,,,,,,,,,,,,,,,,,,,,,,,,,,,,,,,,,,,,,,,,,,,,0,,,,,,,,,,,,,,,,21.9143489,39.3121678,
18:00:45.818,,,,,,,,,,,,,,,,,,,,,,,,,,,,,,,,,,,,,,,,,,,,,,,,,,,,,,,,,,,3.90625,,,,,,21.9143489,39.3121678,
18:00:45.849,,,,,,,,,,,,,,,,,,,,,,,,,,,,,,,,,,,,,,,,,,,,,,,,,,0,,,,,,,,,,,,,,,21.9143489,39.3121678,
18:00:45.890,,,,,,,,,,,,,,,,,,,,,,,,,,,,,,,,,,798,0.8,,,,,,,,,,,,,,,,,,,,,,,,,,,,,,21.9143489,39.3121678,
18:00:45.942,,,,,,,,,,,,,,,,,,,,,,,,,0.8659511091603593,,,,,0.026920730777777773,11.939395,14.525516999999999,12.916347,,,,,,,,,,,,,,,,,,,,,,,,,,,,,,0,0,21.9143489,39.3121678,
18:00:46.010,,,,,,,,,,,,,,,,,,,,,,,,,,,,,,,,,,,,,,,,,,,,,,,,,,,,,,,,,,,,,,10.5,,,21.9143489,39.3121678,
18:00:46.061,,,,,,,,,,,,,,,,,,,,,,,,,,,,,,,,,,,,,,,,,,,,,,,,56,,,,,,,,,,,,,,,,,21.9143489,39.3121678,
18:00:46.089,,,,,,,,,,,,,,,,,,,,196.11490431102814,0.44219158508450396,7.189251852446974,1.2859440831064697,,,,,2.6446816930315618,,,,,,,,,,0.05279556540466838,0.052795,1.044276,0.166097,0.05332352105871506,0.05332295,1.0547187600000003,0.16775797,,10.346518170910871,,,,7.61,,,,,9.132,,,,,,,,,21.9143489,39.3121678,
18:00:46.150,,,,,,,,,,,,,,,,,,,,,,,,,,,,,,,,,,,,,,,,,,,,,,,,,,,,,,,,,,,,,14.901960784313726,,,,21.9143489,39.3121678,
18:00:46.189,,,,,,,,,,,,,,,,,,,,,,,,,,,,,,,,,,,,,,,,,,,,,,,,,,,,,,0.07,,,,,,,,,,,21.9143489,39.3121678,
18:00:46.240,,,,,,,,,,,,,,,,,,,,,,,,,,,,,,,,,,,,,,,,,,,,,,,,,,,,,,,0.16,,,,,,,,,,21.9143489,39.3121678,
18:00:46.306,,,,,,,,,,,,,,,,,,,,,,,,,,,,,,,,,,,,,,,,,,,,,,,,,,,,,,,,,,-0.78125,,,,,,,21.9143489,39.3121678,
18:00:46.362,,,,,,,,,,,,,,,,,,,,,,,,,,,,,,,,,,,,,,,,,,,,,,,,,0,,,,,,,,,,,,,,,,21.9143489,39.3121678,
18:00:46.425,,,,,,,,,,,,,,,,,,,,,,,,,,,,,,,,,,,,,,,,,,,,,,,,,,,,,,,,,,,3.90625,,,,,,21.9143489,39.3121678,
18:00:46.490,,,,,,,,,,,,,,,,,,,,,,,,,,,,,,,,,,,,,,,,,,,,,,,,,,0,,,,,,,,,,,,,,,21.9143489,39.3121678,
18:00:46.540,,,,,,,,,,,,,,,,,,,,,,,,,,,,,,,,,,744,0.7,,,,,,,,,,,,,,,,,,,,,,,,,,,,,,21.9143489,39.3121678,
18:00:46.604,,,,,,,,,,,,,,,,,,,,,,,,,0.8608509625057476,,,,,0.026920730777777773,11.939395,14.525516999999999,12.916347,,,,,,,,,,,,,,,,,,,,,,,,,,,,,,0,0,21.9143489,39.3121678,
18:00:46.662,,,,,,,,,,,,,,,,,,,,,,,,,,,,,,,,,,,,,,,,,,,,,,,,,,,,,,,,,,,,,,6.5,,,21.9143489,39.3121678,
18:00:46.724,,,,,,,,,,,,,,,,,,,,,,,,,,,,,,,,,,,,,,,,,,,,,,,,56,,,,,,,,,,,,,,,,,21.9143489,39.3121678,
18:00:46.787,,,,,,,,,,,,,,,,,,,,197.8073416826341,0.44601087408532847,7.192391155509302,1.289474493059067,,,,,2.342333063210608,,,,,,,,,,0.05325118191306092,0.053251,1.044732,0.166553,0.05378369373219153,0.05378351,1.0551793200000001,0.16821853,,9.163670495655621,,,,6.74,,,,,8.088,,,,,,,,,21.9143489,39.3121678,
18:00:46.853,,,,,,,,,,,,,,,,,,,,,,,,,,,,,,,,,,,,,,,,,,,,,,,,,,,,,,,,,,,,,14.509803921568627,,,,21.9143489,39.3121678,
18:00:46.907,,,,,,,,,,,,,,,,,,,,,,,,,,,,,,,,,,,,,,,,,,,,,,,,,,,,,,0.115,,,,,,,,,,,21.9143489,39.3121678,
18:00:46.966,,,,,,,,,,,,,,,,,,,,,,,,,,,,,,,,,,,,,,,,,,,,,,,,,,,,,,,0.165,,,,,,,,,,21.9143489,39.3121678,
18:00:47.022,,,,,,,,,,,,,,,,,,,,,,,,,,,,,,,,,,,,,,,,,,,,,,,,,,,,,,,,,,5.46875,,,,,,,21.9143489,39.3121678,
18:00:47.089,,,,,,,,,,,,,,,,,,,,,,,,,,,,,,,,,,,,,,,,,,,,,,,,,0,,,,,,,,,,,,,,,,21.9143489,39.3121678,
18:00:47.138,,,,,,,,,,,,,,,,,,,,,,,,,,,,,,,,,,,,,,,,,,,,,,,,,,,,,,,,,,,6.25,,,,,,21.9143489,39.3121678,
18:00:47.178,,,,,,,,,,,,,,,,,,,,,,,,,,,,,,,,,,,,,,,,,,,,,,,,,,0,,,,,,,,,,,,,,,21.9143489,39.3121678,
18:00:47.234,,,,,,,,,,,,,,,,,,,,,,,,,,,,,,,,,,699,0.7,,,,,,,,,,,,,,,,,,,,,,,,,,,,,,21.9143489,39.3121678,
18:00:47.288,,,,,,,,,,,,,,,,,,,,,,,,,0.8556487564533743,,,,,0.026920730777777773,11.939395,14.525516999999999,12.916347,,,,,,,,,,,,,,,,,,,,,,,,,,,,,,0,0,21.9143489,39.3121678,
18:00:47.357,,,,,,,,,,,,,,,,,,,,,,,,,,,,,,,,,,,,,,,,,,,,,,,,,,,,,,,,,,,,,,5.5,,,21.9143489,39.3121678,
18:00:47.409,,,,,,,,,,,,,,,,,,,,,,,,,,,,,,,,,,,,,,,,,,,,,,,,56,,,,,,,,,,,,,,,,,21.9143489,39.3121678,
18:00:47.478,,,,,,,,,,,,,,,,,,,,199.29712581160013,0.4493695032285974,7.19515181456192,1.2925790860217676,,,,,2.0921135074967148,,,,,,,,,,0.053652242687589925,0.053652,1.045133,0.166954,0.054188765114465826,0.05418852,1.0555843300000003,0.16862354,,8.184762074754724,,,,6.0200000000000005,,,,,7.224,,,,,,,,,21.9143489,39.3121678,
18:00:47.533,,,,,,,,,,,,,,,,,,,,,,,,,,,,,,,,,,,,,,,,,,,,,,,,,,,,,,,,,,,,,14.117647058823529,,,,21.9143489,39.3121678,
18:00:47.598,,,,,,,,,,,,,,,,,,,,,,,,,,,,,,,,,,,,,,,,,,,,,,,,,,,,,,0.13,,,,,,,,,,,21.9143489,39.3121678,
18:00:47.654,,,,,,,,,,,,,,,,,,,,,,,,,,,,,,,,,,,,,,,,,,,,,,,,,,,,,,,0.22,,,,,,,,,,21.9143489,39.3121678,
18:00:47.714,,,,,,,,,,,,,,,,,,,,,,,,,,,,,,,,,,,,,,,,,,,,,,,,,,,,,,,,,,6.25,,,,,,,21.9143489,39.3121678,
18:00:47.772,,,,,,,,,,,,,,,,,,,,,,,,,,,,,,,,,,,,,,,,,,,,,,,,,0,,,,,,,,,,,,,,,,21.9143489,39.3121678,
18:00:47.814,,,,,,,,,,,,,,,,,,,,,,,,,,,,,,,,,,,,,,,,,,,,,,,,,,,,,,,,,,,7.8125,,,,,,21.9143489,39.3121678,
18:00:47.871,,,,,,,,,,,,,,,,,,,,,,,,,,,,,,,,,,,,,,,,,,,,,,,,,,0,,,,,,,,,,,,,,,21.9143489,39.3121678,
18:00:47.925,,,,,,,,,,,,,,,,,,,,,,,,,,,,,,,,,,672,0.7,,,,,,,,,,,,,,,,,,,,,,,,,,,,,,21.9143489,39.3121678,
18:00:47.993,,,,,,,,,,,,,,,,,,,,,,,,,0.8503446284907991,,,,,0.026920730777777773,11.939395,14.525516999999999,12.916347,,,,,,,,,,,,,,,,,,,,,,,,,,,,,,0,0,21.9143489,39.3121678,
18:00:48.046,,,,,,,,,,,,,,,,,,,,,,,,,,,,,,,,,,,,,,,,,,,,,,,,,,,,,,,,,,,,,,8,,,21.9143489,39.3121678,
18:00:48.104,,,,,,,,,,,,,,,,,,,,,,,,,,,,,,,,,,,,,,,,,,,,,,,,56,,,,,,,,,,,,,,,,,21.9143489,39.3121678,
18:00:48.174,,,,,,,,,,,,,,,,,,,,200.74476125922672,0.45263600040035534,7.197836744812595,1.295598515586489,,,,,2.008706988925417,,,,,,,,,,0.05404195672908915,0.054042,1.045523,0.167344,0.05458237629638005,0.05458242,1.0559782300000002,0.16901744,,7.858459267787757,,,,5.78,,,,,6.936,,,,,,,,,21.9143489,39.3121678,
18:00:48.253,,,,,,,,,,,,,,,,,,,,,,,,,,,,,,,,,,,,,,,,,,,,,,,,,,,,,,,,,,,,,14.117647058823529,,,,21.9143489,39.3121678,
18:00:48.282,,,,,,,,,,,,,,,,,,,,,,,,,,,,,,,,,,,,,,,,,,,,,,,,,,,,,,0.15,,,,,,,,,,,21.9143489,39.3121678,
18:00:48.351,,,,,,,,,,,,,,,,,,,,,,,,,,,,,,,,,,,,,,,,,,,,,,,,,,,,,,,0.37,,,,,,,,,,21.9143489,39.3121678,
18:00:48.406,,,,,,,,,,,,,,,,,,,,,,,,,,,,,,,,,,,,,,,,,,,,,,,,,,,,,,,,,,7.03125,,,,,,,21.9143489,39.3121678,
18:00:48.462,,,,,,,,,,,,,,,,,,,,,,,,,,,,,,,,,,,,,,,,,,,,,,,,,0,,,,,,,,,,,,,,,,21.9143489,39.3121678,
18:00:48.525,,,,,,,,,,,,,,,,,,,,,,,,,,,,,,,,,,,,,,,,,,,,,,,,,,,,,,,,,,,7.03125,,,,,,21.9143489,39.3121678,
18:00:48.590,,,,,,,,,,,,,,,,,,,,,,,,,,,,,,,,,,,,,,,,,,,,,,,,,,0,,,,,,,,,,,,,,,21.9143489,39.3121678,
18:00:48.642,,,,,,,,,,,,,,,,,,,,,,,,,,,,,,,,,,648,0.6,,,,,,,,,,,,,,,,,,,,,,,,,,,,,,21.9143489,39.3121678,
18:00:48.708,,,,,,,,,,,,,,,,,,,,,,,,,0.8450608153081366,,,,,0.026920730777777773,11.939395,14.525516999999999,12.916347,,,,,,,,,,,,,,,,,,,,,,,,,,,,,,0,0,21.9143489,39.3121678,
18:00:48.766,,,,,,,,,,,,,,,,,,,,,,,,,,,,,,,,,,,,,,,,,,,,,,,,,,,,,,,,,,,,,,7.5,,,21.9143489,39.3121678,
18:00:48.818,,,,,,,,,,,,,,,,,,,,,,,,,,,,,,,,,,,,,,,,,,,,,,,,56,,,,,,,,,,,,,,,,,21.9143489,39.3121678,
18:00:48.859,,,,,,,,,,,,,,,,,,,,202.14468975644775,0.4557936143330546,7.200432177388248,1.298517297499053,,,,,1.987855359282593,,,,,,,,,,0.05441882771090742,0.054419,1.0459,0.167721,0.05496301598801649,0.05496319,1.0563590000000003,0.16939821,,7.776883566046017,,,,5.72,,,,,6.864,,,,,,,,,21.9143489,39.3121678,
18:00:49.033,,,,,,,,,,,,,,,,,,,,,,,,,,,,,,,,,,,,,,,,,,,,,,,,,,,,,,,,,,,,,14.117647058823529,,,,21.9143489,39.3121678,
18:00:49.087,,,,,,,,,,,,,,,,,,,,,,,,,,,,,,,,,,,,,,,,,,,,,,,,,,,,,,0.17500000000000002,,,,,,,,,,,21.9143489,39.3121678,
18:00:49.117,,,,,,,,,,,,,,,,,,,,,,,,,,,,,,,,,,,,,,,,,,,,,,,,,,,,,,,0.58,,,,,,,,,,21.9143489,39.3121678,
18:00:49.197,,,,,,,,,,,,,,,,,,,,,,,,,,,,,,,,,,,,,,,,,,,,,,,,,,,,,,,,,,4.6875,,,,,,,21.9143489,39.3121678,
18:00:49.239,,,,,,,,,,,,,,,,,,,,,,,,,,,,,,,,,,,,,,,,,,,,,,,,,0,,,,,,,,,,,,,,,,21.9143489,39.3121678,
18:00:49.267,,,,,,,,,,,,,,,,,,,,,,,,,,,,,,,,,,,,,,,,,,,,,,,,,,,,,,,,,,,5.46875,,,,,,21.9143489,39.3121678,
18:00:49.297,,,,,,,,,,,,,,,,,,,,,,,,,,,,,,,,,,,,,,,,,,,,,,,,,,0,,,,,,,,,,,,,,,21.9143489,39.3121678,
18:00:49.338,,,,,,,,,,,,,,,,,,,,,,,,,,,,,,,,,,675,0.7,,,,,,,,,,,,,,,,,,,,,,,,,,,,,,21.9143489,39.3121678,
18:00:49.394,,,,,,,,,,,,,,,,,,,,,,,,,0.8400260208921537,,,,,0.026920730777777773,11.939395,14.525516999999999,12.916347,,,,,,,,,,,,,,,,,,,,,,,,,,,,,,0,0,21.9143489,39.3121678,
18:00:49.455,,,,,,,,,,,,,,,,,,,,,,,,,,,,,,,,,,,,,,,,,,,,,,,,,,,,,,,,,,,,,,7.5,,,21.9143489,39.3121678,
18:00:49.518,,,,,,,,,,,,,,,,,,,,,,,,,,,,,,,,,,,,,,,,,,,,,,,,56,,,,,,,,,,,,,,,,,21.9143489,39.3121678,
18:00:49.570,,,,,,,,,,,,,,,,,,,,203.58794321753712,0.45905173587103876,7.203110223202383,1.3015289849366853,,,,,1.9670037296397689,,,,,,,,,,0.05480736208960824,0.054808,1.046289,0.16811,0.055355435710504323,0.05535608,1.0567518900000001,0.1697911,,7.695307864304278,,,,5.66,,,,,6.792,,,,,,,,,21.9143489,39.3121678,
18:00:49.634,,,,,,,,,,,,,,,,,,,,,,,,,,,,,,,,,,,,,,,,,,,,,,,,,,,,,,,,,,,,,14.117647058823529,,,,21.9143489,39.3121678,
18:00:49.697,,,,,,,,,,,,,,,,,,,,,,,,,,,,,,,,,,,,,,,,,,,,,,,,,,,,,,0.315,,,,,,,,,,,21.9143489,39.3121678,
18:00:49.753,,,,,,,,,,,,,,,,,,,,,,,,,,,,,,,,,,,,,,,,,,,,,,,,,,,,,,,0.705,,,,,,,,,,21.9143489,39.3121678,
18:00:49.818,,,,,,,,,,,,,,,,,,,,,,,,,,,,,,,,,,,,,,,,,,,,,,,,,,,,,,,,,,3.125,,,,,,,21.9143489,39.3121678,
18:00:49.877,,,,,,,,,,,,,,,,,,,,,,,,,,,,,,,,,,,,,,,,,,,,,,,,,0,,,,,,,,,,,,,,,,21.9143489,39.3121678,
18:00:49.946,,,,,,,,,,,,,,,,,,,,,,,,,,,,,,,,,,,,,,,,,,,,,,,,,,,,,,,,,,,4.6875,,,,,,21.9143489,39.3121678,
18:00:49.990,,,,,,,,,,,,,,,,,,,,,,,,,,,,,,,,,,,,,,,,,,,,,,,,,,0,,,,,,,,,,,,,,,21.9143489,39.3121678,
18:00:50.057,,,,,,,,,,,,,,,,,,,,,,,,,,,,,,,,,,646,0.6,,,,,,,,,,,,,,,,,,,,,,,,,,,,,,21.9143489,39.3121678,
18:00:50.106,,,,,,,,,,,,,,,,,,,,,,,,,0.8348646052447092,,,,,0.026920730777777773,11.939395,14.525516999999999,12.916347,,,,,,,,,,,,,,,,,,,,,,,,,,,,,,0,0,21.9143489,39.3121678,
18:00:50.177,,,,,,,,,,,,,,,,,,,,,,,,,,,,,,,,,,,,,,,,,,,,,,,,,,,,,,,,,,,,,,9,,,21.9143489,39.3121678,
18:00:50.233,,,,,,,,,,,,,,,,,,,,,,,,,,,,,,,,,,,,,,,,,,,,,,,,56,,,,,,,,,,,,,,,,,21.9143489,39.3121678,
18:00:50.299,,,,,,,,,,,,,,,,,,,,205.02163075618634,0.46228473050770164,7.205767615706898,1.3045174459930506,,,,,1.9079241123184332,,,,,,,,,,0.05519332125208255,0.055194,1.046675,0.168496,0.05574525446460338,0.05574594,1.0571417500000002,0.17018096,,7.464176709369342,,,,5.49,,,,,6.588,,,,,,,,,21.9143489,39.3121678,
18:00:50.349,,,,,,,,,,,,,,,,,,,,,,,,,,,,,,,,,,,,,,,,,,,,,,,,,,,,,,,,,,,,,14.117647058823529,,,,21.9143489,39.3121678,
18:00:50.389,,,,,,,,,,,,,,,,,,,,,,,,,,,,,,,,,,,,,,,,,,,,,,,,,,,,,,0.785,,,,,,,,,,,21.9143489,39.3121678,
18:00:50.455,,,,,,,,,,,,,,,,,,,,,,,,,,,,,,,,,,,,,,,,,,,,,,,,,,,,,,,0.8200000000000001,,,,,,,,,,21.9143489,39.3121678,
18:00:50.498,,,,,,,,,,,,,,,,,,,,,,,,,,,,,,,,,,,,,,,,,,,,,,,,,,,,,,,,,,4.6875,,,,,,,21.9143489,39.3121678,
18:00:50.529,,,,,,,,,,,,,,,,,,,,,,,,,,,,,,,,,,,,,,,,,,,,,,,,,0,,,,,,,,,,,,,,,,21.9143489,39.3121678,
18:00:50.557,,,,,,,,,,,,,,,,,,,,,,,,,,,,,,,,,,,,,,,,,,,,,,,,,,,,,,,,,,,6.25,,,,,,21.9143489,39.3121678,
18:00:50.597,,,,,,,,,,,,,,,,,,,,,,,,,,,,,,,,,,,,,,,,,,,,,,,,,,0,,,,,,,,,,,,,,,21.9143489,39.3121678,
18:00:50.649,,,,,,,,,,,,,,,,,,,,,,,,,,,,,,,,,,660,0.7,,,,,,,,,,,,,,,,,,,,,,,,,,,,,,21.9143489,39.3121678,
18:00:50.681,,,,,,,,,,,,,,,,,,,,,,,,,0.83076826179801,,,,,0.026920730777777773,11.939395,14.525516999999999,12.916347,,,,,,,,,,,,,,,,,,,,,,,,,,,,,,0,0,21.9143489,39.3121678,
18:00:50.742,,,,,,,,,,,,,,,,,,,,,,,,,,,,,,,,,,,,,,,,,,,,,,,,,,,,,,,,,,,,,,9,,,21.9143489,39.3121678,
18:00:50.783,,,,,,,,,,,,,,,,,,,,,,,,,,,,,,,,,,,,,,,,,,,,,,,,56,,,,,,,,,,,,,,,,,21.9143489,39.3121678,
18:00:50.837,,,,,,,,,,,,,,,,,,,,206.06620862783686,0.464638283598122,7.207702142374692,1.3066929837050678,,,,,1.8766466678541962,,,,,,,,,,0.05547452924867383,0.055475,1.046956,0.168777,0.05602927454116057,0.056029749999999996,1.0574255600000002,0.17046477,,7.3418131567567295,,,,5.4,,,,,6.48,,,,,,,,,21.9143489,39.3121678,
18:00:50.906,,,,,,,,,,,,,,,,,,,,,,,,,,,,,,,,,,,,,,,,,,,,,,,,,,,,,,,,,,,,,14.117647058823529,,,,21.9143489,39.3121678,
18:00:50.946,,,,,,,,,,,,,,,,,,,,,,,,,,,,,,,,,,,,,,,,,,,,,,,,,,,,,,0.8200000000000001,,,,,,,,,,,21.9143489,39.3121678,
18:00:50.986,,,,,,,,,,,,,,,,,,,,,,,,,,,,,,,,,,,,,,,,,,,,,,,,,,,,,,,0.8300000000000001,,,,,,,,,,21.9143489,39.3121678,
18:00:51.037,,,,,,,,,,,,,,,,,,,,,,,,,,,,,,,,,,,,,,,,,,,,,,,,,,,,,,,,,,3.125,,,,,,,21.9143489,39.3121678,
18:00:51.066,,,,,,,,,,,,,,,,,,,,,,,,,,,,,,,,,,,,,,,,,,,,,,,,,0,,,,,,,,,,,,,,,,21.9143489,39.3121678,
18:00:51.106,,,,,,,,,,,,,,,,,,,,,,,,,,,,,,,,,,,,,,,,,,,,,,,,,,,,,,,,,,,4.6875,,,,,,21.9143489,39.3121678,
18:00:51.169,,,,,,,,,,,,,,,,,,,,,,,,,,,,,,,,,,,,,,,,,,,,,,,,,,0,,,,,,,,,,,,,,,21.9143489,39.3121678,
18:00:51.221,,,,,,,,,,,,,,,,,,,,,,,,,,,,,,,,,,679,0.7,,,,,,,,,,,,,,,,,,,,,,,,,,,,,,21.9143489,39.3121678,
18:00:51.285,,,,,,,,,,,,,,,,,,,,,,,,,0.8264887615235039,,,,,0.026920730777777773,11.939395,14.525516999999999,12.916347,,,,,,,,,,,,,,,,,,,,,,,,,,,,,,0,0,21.9143489,39.3121678,
18:00:51.355,,,,,,,,,,,,,,,,,,,,,,,,,,,,,,,,,,,,,,,,,,,,,,,,,,,,,,,,,,,,,,19,,,21.9143489,39.3121678,
18:00:51.406,,,,,,,,,,,,,,,,,,,,,,,,,,,,,,,,,,,,,,,,,,,,,,,,56,,,,,,,,,,,,,,,,,21.9143489,39.3121678,
18:00:51.468,,,,,,,,,,,,,,,,,,,,207.6046252722212,0.4681057959804496,7.210552299102333,1.3098982243199258,,,,,2.36665996446057,,,,,,,,,,0.05588868225174907,0.055889,1.0473700000000001,0.169191,0.05644756907426656,0.05644789,1.0578437000000003,0.17088291,,9.258842147687654,,,,6.8100000000000005,,,,,8.172,,,,,,,,,21.9143489,39.3121678,
18:00:51.531,,,,,,,,,,,,,,,,,,,,,,,,,,,,,,,,,,,,,,,,,,,,,,,,,,,,,,,,,,,,,14.117647058823529,,,,21.9143489,39.3121678,
18:00:51.594,,,,,,,,,,,,,,,,,,,,,,,,,,,,,,,,,,,,,,,,,,,,,,,,,,,,,,0.8300000000000001,,,,,,,,,,,21.9143489,39.3121678,
18:00:51.639,,,,,,,,,,,,,,,,,,,,,,,,,,,,,,,,,,,,,,,,,,,,,,,,,,,,,,,0.84,,,,,,,,,,21.9143489,39.3121678,
18:00:51.669,,,,,,,,,,,,,,,,,,,,,,,,,,,,,,,,,,,,,,,,,,,,,,,,,,,,,,,,,,2.34375,,,,,,,21.9143489,39.3121678,
18:00:51.730,,,,,,,,,,,,,,,,,,,,,,,,,,,,,,,,,,,,,,,,,,,,,,,,,0,,,,,,,,,,,,,,,,21.9143489,39.3121678,
18:00:51.757,,,,,,,,,,,,,,,,,,,,,,,,,,,,,,,,,,,,,,,,,,,,,,,,,,,,,,,,,,,3.90625,,,,,,21.9143489,39.3121678,
18:00:51.797,,,,,,,,,,,,,,,,,,,,,,,,,,,,,,,,,,,,,,,,,,,,,,,,,,0,,,,,,,,,,,,,,,21.9143489,39.3121678,
18:00:51.861,,,,,,,,,,,,,,,,,,,,,,,,,,,,,,,,,,743,0.7,,,,,,,,,,,,,,,,,,,,,,,,,,,,,,21.9143489,39.3121678,
18:00:51.913,,,,,,,,,,,,,,,,,,,,,,,,,0.8220802564177458,,,,,0.026920730777777773,11.939395,14.525516999999999,12.916347,,,,,,,,,,,,,,,,,,,,,,,,,,,,,,0,0,21.9143489,39.3121678,
18:00:51.977,,,,,,,,,,,,,,,,,,,,,,,,,,,,,,,,,,,,,,,,,,,,,,,,,,,,,,,,,,,,,,3.5,,,21.9143489,39.3121678,
18:00:52.030,,,,,,,,,,,,,,,,,,,,,,,,,,,,,,,,,,,,,,,,,,,,,,,,56,,,,,,,,,,,,,,,,,21.9143489,39.3121678,
18:00:52.078,,,,,,,,,,,,,,,,,,,,208.7249039108539,0.4706352373801185,7.2126313989374715,1.3122363467008127,,,,,1.779339062854349,,,,,,,,,,0.05619026944801633,0.056191,1.0476720000000002,0.169493,0.0567521721424965,0.05675291,1.0581487200000002,0.17118793,,6.961126548628601,,,,5.12,,,,,6.144,,,,,,,,,21.9143489,39.3121678,
18:00:52.177,,,,,,,,,,,,,,,,,,,,,,,,,,,,,,,,,,,,,,,,,,,,,,,,,,,,,,,,,,,,,14.509803921568627,,,,21.9143489,39.3121678,
18:00:52.206,,,,,,,,,,,,,,,,,,,,,,,,,,,,,,,,,,,,,,,,,,,,,,,,,,,,,,0.8300000000000001,,,,,,,,,,,21.9143489,39.3121678,
18:00:52.246,,,,,,,,,,,,,,,,,,,,,,,,,,,,,,,,,,,,,,,,,,,,,,,,,,,,,,,0.8250000000000001,,,,,,,,,,21.9143489,39.3121678,
18:00:52.314,,,,,,,,,,,,,,,,,,,,,,,,,,,,,,,,,,,,,,,,,,,,,,,,,,,,,,,,,,2.34375,,,,,,,21.9143489,39.3121678,
18:00:52.366,,,,,,,,,,,,,,,,,,,,,,,,,,,,,,,,,,,,,,,,,,,,,,,,,0,,,,,,,,,,,,,,,,21.9143489,39.3121678,
18:00:52.434,,,,,,,,,,,,,,,,,,,,,,,,,,,,,,,,,,,,,,,,,,,,,,,,,,,,,,,,,,,3.90625,,,,,,21.9143489,39.3121678,
18:00:52.478,,,,,,,,,,,,,,,,,,,,,,,,,,,,,,,,,,,,,,,,,,,,,,,,,,0,,,,,,,,,,,,,,,21.9143489,39.3121678,
18:00:52.517,,,,,,,,,,,,,,,,,,,,,,,,,,,,,,,,,,898,0.9,,,,,,,,,,,,,,,,,,,,,,,,,,,,,,21.9143489,39.3121678,
18:00:52.573,,,,,,,,,,,,,,,,,,,,,,,,,0.8175100093754324,,,,,0.026920730777777773,11.939395,14.525516999999999,12.916347,,,,,,,,,,,,,,,,,,,,,,,,,,,,,,0,0,21.9143489,39.3121678,
18:00:52.630,,,,,,,,,,,,,,,,,,,,,,,,,,,,,,,,,,,,,,,,,,,,,,,,,,,,,,,,,,,,,,21,,,21.9143489,39.3121678,
18:00:52.689,,,,,,,,,,,,,,,,,,,,,,,,,,,,,,,,,,,,,,,,,,,,,,,,56,,,,,,,,,,,,,,,,,21.9143489,39.3121678,
18:00:52.718,,,,,,,,,,,,,,,,,,,,209.32158453985843,0.4719837144176904,7.213739793220442,1.313482829162146,,,,,0.9035706178557242,,,,,,,,,,0.05635090023375379,0.056352,1.047833,0.169654,0.056914409236091326,0.05691552,1.0583113300000002,0.17135054,,3.5349470754754626,,,,2.6,,,,,3.12,,,,,,,,,21.9143489,39.3121678,
18:00:52.786,,,,,,,,,,,,,,,,,,,,,,,,,,,,,,,,,,,,,,,,,,,,,,,,,,,,,,,,,,,,,13.333333333333334,,,,21.9143489,39.3121678,
18:00:52.864,,,,,,,,,,,,,,,,,,,,,,,,,,,,,,,,,,,,,,,,,,,,,,,,,,,,,,0.8300000000000001,,,,,,,,,,,21.9143489,39.3121678,
18:00:52.909,,,,,,,,,,,,,,,,,,,,,,,,,,,,,,,,,,,,,,,,,,,,,,,,,,,,,,,0.8300000000000001,,,,,,,,,,21.9143489,39.3121678,
18:00:52.965,,,,,,,,,,,,,,,,,,,,,,,,,,,,,,,,,,,,,,,,,,,,,,,,,,,,,,,,,,-3.125,,,,,,,21.9143489,39.3121678,
18:00:53.025,,,,,,,,,,,,,,,,,,,,,,,,,,,,,,,,,,,,,,,,,,,,,,,,,0,,,,,,,,,,,,,,,,21.9143489,39.3121678,
18:00:53.095,,,,,,,,,,,,,,,,,,,,,,,,,,,,,,,,,,,,,,,,,,,,,,,,,,,,,,,,,,,-3.90625,,,,,,21.9143489,39.3121678,
18:00:53.154,,,,,,,,,,,,,,,,,,,,,,,,,,,,,,,,,,,,,,,,,,,,,,,,,,0,,,,,,,,,,,,,,,21.9143489,39.3121678,
18:00:53.206,,,,,,,,,,,,,,,,,,,,,,,,,,,,,,,,,,799,0.8,,,,,,,,,,,,,,,,,,,,,,,,,,,,,,21.9143489,39.3121678,
18:00:53.278,,,,,,,,,,,,,,,,,,,,,,,,,0.8126626162621586,,,,,0.026920730777777773,11.939395,14.525516999999999,12.916347,,,,,,,,,,,,,,,,,,,,,,,,,,,,,,0,0,21.9143489,39.3121678,
18:00:53.330,,,,,,,,,,,,,,,,,,,,,,,,,,,,,,,,,,,,,,,,,,,,,,,,,,,,,,,,,,,,,,10.5,,,21.9143489,39.3121678,
18:00:53.408,,,,,,,,,,,,,,,,,,,,,,,,,,,,,,,,,,,,,,,,,,,,,,,,56,,,,,,,,,,,,,,,,,21.9143489,39.3121678,
18:00:53.445,,,,,,,,,,,,,,,,,,,,210.78985194840146,0.4752920897583169,7.216459145653819,1.3165409693623127,,,,,1.9531026432112188,,,,,,,,,,0.05674616854990551,0.056747,1.0482280000000002,0.170049,0.05731363023540457,0.05731447,1.0587102800000001,0.17174949,,7.640924063143116,,,,5.62,,,,,6.744,,,,,,,,,21.9143489,39.3121678,
18:00:53.509,,,,,,,,,,,,,,,,,,,,,,,,,,,,,,,,,,,,,,,,,,,,,,,,,,,,,,,,,,,,,14.117647058823529,,,,21.9143489,39.3121678,
18:00:53.574,,,,,,,,,,,,,,,,,,,,,,,,,,,,,,,,,,,,,,,,,,,,,,,,,,,,,,0.845,,,,,,,,,,,21.9143489,39.3121678,
18:00:53.630,,,,,,,,,,,,,,,,,,,,,,,,,,,,,,,,,,,,,,,,,,,,,,,,,,,,,,,0.835,,,,,,,,,,21.9143489,39.3121678,
18:00:53.687,,,,,,,,,,,,,,,,,,,,,,,,,,,,,,,,,,,,,,,,,,,,,,,,,,,,,,,,,,1.5625,,,,,,,21.9143489,39.3121678,
18:00:53.750,,,,,,,,,,,,,,,,,,,,,,,,,,,,,,,,,,,,,,,,,,,,,,,,,0,,,,,,,,,,,,,,,,21.9143489,39.3121678,
18:00:53.806,,,,,,,,,,,,,,,,,,,,,,,,,,,,,,,,,,,,,,,,,,,,,,,,,,,,,,,,,,,3.90625,,,,,,21.9143489,39.3121678,
18:00:53.867,,,,,,,,,,,,,,,,,,,,,,,,,,,,,,,,,,,,,,,,,,,,,,,,,,0,,,,,,,,,,,,,,,21.9143489,39.3121678,
18:00:53.922,,,,,,,,,,,,,,,,,,,,,,,,,,,,,,,,,,722,0.7,,,,,,,,,,,,,,,,,,,,,,,,,,,,,,21.9143489,39.3121678,
18:00:53.990,,,,,,,,,,,,,,,,,,,,,,,,,0.8078423929471964,,,,,0.026920730777777773,11.939395,14.525516999999999,12.916347,,,,,,,,,,,,,,,,,,,,,,,,,,,,,,0,0,21.9143489,39.3121678,
18:00:54.042,,,,,,,,,,,,,,,,,,,,,,,,,,,,,,,,,,,,,,,,,,,,,,,,,,,,,,,,,,,,,,8,,,21.9143489,39.3121678,
18:00:54.110,,,,,,,,,,,,,,,,,,,,,,,,,,,,,,,,,,,,,,,,,,,,,,,,56,,,,,,,,,,,,,,,,,21.9143489,39.3121678,
18:00:54.162,,,,,,,,,,,,,,,,,,,,212.06037138446604,0.47815655650893535,7.218813622950564,1.3191887768267607,,,,,1.7202594455330131,,,,,,,,,,0.05708820166676779,0.057089,1.04857,0.17039100000000001,0.05765908368343547,0.05765989,1.0590557000000003,0.17209491,,6.729995393693669,,,,4.95,,,,,5.94,,,,,,,,,21.9143489,39.3121678,
18:00:54.221,,,,,,,,,,,,,,,,,,,,,,,,,,,,,,,,,,,,,,,,,,,,,,,,,,,,,,,,,,,,,13.72549019607843,,,,21.9143489,39.3121678,
18:00:54.249,,,,,,,,,,,,,,,,,,,,,,,,,,,,,,,,,,,,,,,,,,,,,,,,,,,,,,0.8250000000000001,,,,,,,,,,,21.9143489,39.3121678,
18:00:54.309,,,,,,,,,,,,,,,,,,,,,,,,,,,,,,,,,,,,,,,,,,,,,,,,,,,,,,,0.8150000000000001,,,,,,,,,,21.9143489,39.3121678,
18:00:54.342,,,,,,,,,,,,,,,,,,,,,,,,,,,,,,,,,,,,,,,,,,,,,,,,,,,,,,,,,,4.6875,,,,,,,21.9143489,39.3121678,
18:00:54.401,,,,,,,,,,,,,,,,,,,,,,,,,,,,,,,,,,,,,,,,,,,,,,,,,0,,,,,,,,,,,,,,,,21.9143489,39.3121678,
18:00:54.467,,,,,,,,,,,,,,,,,,,,,,,,,,,,,,,,,,,,,,,,,,,,,,,,,,,,,,,,,,,5.46875,,,,,,21.9143489,39.3121678,
18:00:54.534,,,,,,,,,,,,,,,,,,,,,,,,,,,,,,,,,,,,,,,,,,,,,,,,,,0,,,,,,,,,,,,,,,21.9143489,39.3121678,
18:00:54.585,,,,,,,,,,,,,,,,,,,,,,,,,,,,,,,,,,688,0.7,,,,,,,,,,,,,,,,,,,,,,,,,,,,,,21.9143489,39.3121678,
18:00:54.642,,,,,,,,,,,,,,,,,,,,,,,,,0.8034532403425785,,,,,0.026920730777777773,11.939395,14.525516999999999,12.916347,,,,,,,,,,,,,,,,,,,,,,,,,,,,,,0,0,21.9143489,39.3121678,
18:00:54.709,,,,,,,,,,,,,,,,,,,,,,,,,,,,,,,,,,,,,,,,,,,,,,,,,,,,,,,,,,,,,,7,,,21.9143489,39.3121678,
18:00:54.766,,,,,,,,,,,,,,,,,,,,,,,,,,,,,,,,,,,,,,,,,,,,,,,,56,,,,,,,,,,,,,,,,,21.9143489,39.3121678,
18:00:54.838,,,,,,,,,,,,,,,,,,,,213.1732369025495,0.4806692466410568,7.220878953912622,1.3215114149534697,,,,,1.5881991244617923,,,,,,,,,,0.05738779319680977,0.057389,1.04887,0.170691,0.05796167112877787,0.05796289,1.0593587000000002,0.17239791,,6.21334928266264,,,,4.57,,,,,5.484,,,,,,,,,21.9143489,39.3121678,
18:00:54.922,,,,,,,,,,,,,,,,,,,,,,,,,,,,,,,,,,,,,,,,,,,,,,,,,,,,,,,,,,,,,13.72549019607843,,,,21.9143489,39.3121678,
18:00:54.978,,,,,,,,,,,,,,,,,,,,,,,,,,,,,,,,,,,,,,,,,,,,,,,,,,,,,,0.81,,,,,,,,,,,21.9143489,39.3121678,
18:00:55.036,,,,,,,,,,,,,,,,,,,,,,,,,,,,,,,,,,,,,,,,,,,,,,,,,,,,,,,0.785,,,,,,,,,,21.9143489,39.3121678,
18:00:55.098,,,,,,,,,,,,,,,,,,,,,,,,,,,,,,,,,,,,,,,,,,,,,,,,,,,,,,,,,,4.6875,,,,,,,21.9143489,39.3121678,
18:00:55.159,,,,,,,,,,,,,,,,,,,,,,,,,,,,,,,,,,,,,,,,,,,,,,,,,0,,,,,,,,,,,,,,,,21.9143489,39.3121678,
18:00:55.212,,,,,,,,,,,,,,,,,,,,,,,,,,,,,,,,,,,,,,,,,,,,,,,,,,,,,,,,,,,7.03125,,,,,,21.9143489,39.3121678,
18:00:55.271,,,,,,,,,,,,,,,,,,,,,,,,,,,,,,,,,,,,,,,,,,,,,,,,,,0,,,,,,,,,,,,,,,21.9143489,39.3121678,
18:00:55.338,,,,,,,,,,,,,,,,,,,,,,,,,,,,,,,,,,670,0.7,,,,,,,,,,,,,,,,,,,,,,,,,,,,,,21.9143489,39.3121678,
18:00:55.397,,,,,,,,,,,,,,,,,,,,,,,,,0.7984664435971222,,,,,0.026920730777777773,11.939395,14.525516999999999,12.916347,,,,,,,,,,,,,,,,,,,,,,,,,,,,,,0,0,21.9143489,39.3121678,
18:00:55.454,,,,,,,,,,,,,,,,,,,,,,,,,,,,,,,,,,,,,,,,,,,,,,,,,,,,,,,,,,,,,,6.5,,,21.9143489,39.3121678,
18:00:55.509,,,,,,,,,,,,,,,,,,,,,,,,,,,,,,,,,,,,,,,,,,,,,,,,56,,,,,,,,,,,,,,,,,21.9143489,39.3121678,
18:00:55.542,,,,,,,,,,,,,,,,,,,,214.31826560796074,0.48324894184336814,7.222999360367002,1.3238959900968905,,,,,1.5847238528546548,,,,,,,,,,0.0576960432919218,0.057697,1.049178,0.170999,0.05827300372484102,0.05827397,1.0596697800000001,0.17270899,,6.1997533323723495,,,,4.5600000000000005,,,,,5.472,,,,,,,,,21.9143489,39.3121678,
18:00:55.609,,,,,,,,,,,,,,,,,,,,,,,,,,,,,,,,,,,,,,,,,,,,,,,,,,,,,,,,,,,,,13.72549019607843,,,,21.9143489,39.3121678,
18:00:55.674,,,,,,,,,,,,,,,,,,,,,,,,,,,,,,,,,,,,,,,,,,,,,,,,,,,,,,0.795,,,,,,,,,,,21.9143489,39.3121678,
18:00:55.726,,,,,,,,,,,,,,,,,,,,,,,,,,,,,,,,,,,,,,,,,,,,,,,,,,,,,,,0.78,,,,,,,,,,21.9143489,39.3121678,
18:00:55.789,,,,,,,,,,,,,,,,,,,,,,,,,,,,,,,,,,,,,,,,,,,,,,,,,,,,,,,,,,5.46875,,,,,,,21.9143489,39.3121678,
18:00:55.850,,,,,,,,,,,,,,,,,,,,,,,,,,,,,,,,,,,,,,,,,,,,,,,,,0,,,,,,,,,,,,,,,,21.9143489,39.3121678,
18:00:55.914,,,,,,,,,,,,,,,,,,,,,,,,,,,,,,,,,,,,,,,,,,,,,,,,,,,,,,,,,,,4.6875,,,,,,21.9143489,39.3121678,
18:00:55.969,,,,,,,,,,,,,,,,,,,,,,,,,,,,,,,,,,,,,,,,,,,,,,,,,,0,,,,,,,,,,,,,,,21.9143489,39.3121678,
18:00:56.021,,,,,,,,,,,,,,,,,,,,,,,,,,,,,,,,,,659,0.7,,,,,,,,,,,,,,,,,,,,,,,,,,,,,,21.9143489,39.3121678,
18:00:56.090,,,,,,,,,,,,,,,,,,,,,,,,,0.7939242821938888,,,,,0.026920730777777773,11.939395,14.525516999999999,12.916347,,,,,,,,,,,,,,,,,,,,,,,,,,,,,,0,0,21.9143489,39.3121678,
18:00:56.175,,,,,,,,,,,,,,,,,,,,,,,,,,,,,,,,,,,,,,,,,,,,,,,,,,,,,,,,,,,,,,7.5,,,21.9143489,39.3121678,
18:00:56.246,,,,,,,,,,,,,,,,,,,,,,,,,,,,,,,,,,,,,,,,,,,,,,,,56,,,,,,,,,,,,,,,,,21.9143489,39.3121678,
18:00:56.290,,,,,,,,,,,,,,,,,,,,215.5244569406025,0.485971022819833,7.2252368022425655,1.326412181400825,,,,,1.56387222321183,,,,,,,,,,0.058020758813247184,0.058022,1.049503,0.171324,0.058600966401379656,0.05860222,1.0599980300000003,0.17303723999999998,,6.1181776306306075,,,,4.5,,,,,5.3999999999999995,,,,,,,,,21.9143489,39.3121678,
18:00:56.360,,,,,,,,,,,,,,,,,,,,,,,,,,,,,,,,,,,,,,,,,,,,,,,,,,,,,,,,,,,,,13.72549019607843,,,,21.9143489,39.3121678,
18:00:56.420,,,,,,,,,,,,,,,,,,,,,,,,,,,,,,,,,,,,,,,,,,,,,,,,,,,,,,0.8,,,,,,,,,,,21.9143489,39.3121678,
18:00:56.477,,,,,,,,,,,,,,,,,,,,,,,,,,,,,,,,,,,,,,,,,,,,,,,,,,,,,,,0.8,,,,,,,,,,21.9143489,39.3121678,
18:00:56.543,,,,,,,,,,,,,,,,,,,,,,,,,,,,,,,,,,,,,,,,,,,,,,,,,,,,,,,,,,5.46875,,,,,,,21.9143489,39.3121678,
18:00:56.598,,,,,,,,,,,,,,,,,,,,,,,,,,,,,,,,,,,,,,,,,,,,,,,,,0,,,,,,,,,,,,,,,,21.9143489,39.3121678,
18:00:56.650,,,,,,,,,,,,,,,,,,,,,,,,,,,,,,,,,,,,,,,,,,,,,,,,,,,,,,,,,,,7.03125,,,,,,21.9143489,39.3121678,
18:00:56.721,,,,,,,,,,,,,,,,,,,,,,,,,,,,,,,,,,,,,,,,,,,,,,,,,,0,,,,,,,,,,,,,,,21.9143489,39.3121678,
18:00:56.779,,,,,,,,,,,,,,,,,,,,,,,,,,,,,,,,,,725,0.7,,,,,,,,,,,,,,,,,,,,,,,,,,,,,,21.9143489,39.3121678,
18:00:56.849,,,,,,,,,,,,,,,,,,,,,,,,,0.789026099027071,,,,,0.026920730777777773,11.939395,14.525516999999999,12.916347,,,,,,,,,,,,,,,,,,,,,,,,,,,,,,0,0,21.9143489,39.3121678,
18:00:56.929,,,,,,,,,,,,,,,,,,,,,,,,,,,,,,,,,,,,,,,,,,,,,,,,,,,,,,,,,,,,,,5,,,21.9143489,39.3121678,
18:00:56.981,,,,,,,,,,,,,,,,,,,,,,,,,,,,,,,,,,,,,,,,,,,,,,,,56,,,,,,,,,,,,,,,,,21.9143489,39.3121678,
18:00:57.010,,,,,,,,,,,,,,,,,,,,216.6627126670882,0.48853396675459687,7.227343439823864,1.3287812722900678,,,,,1.494366791069082,,,,,,,,,,0.05832718557293703,0.058328,1.049809,0.17163,0.0589104574286664,0.058911279999999996,1.0603070900000002,0.1733463,,5.846258624824803,,,,4.3,,,,,5.159999999999999,,,,,,,,,21.9143489,39.3121678,
18:00:57.105,,,,,,,,,,,,,,,,,,,,,,,,,,,,,,,,,,,,,,,,,,,,,,,,,,,,,,,,,,,,,13.333333333333334,,,,21.9143489,39.3121678,
18:00:57.174,,,,,,,,,,,,,,,,,,,,,,,,,,,,,,,,,,,,,,,,,,,,,,,,,,,,,,0.795,,,,,,,,,,,21.9143489,39.3121678,
18:00:57.229,,,,,,,,,,,,,,,,,,,,,,,,,,,,,,,,,,,,,,,,,,,,,,,,,,,,,,,0.79,,,,,,,,,,21.9143489,39.3121678,
18:00:57.286,,,,,,,,,,,,,,,,,,,,,,,,,,,,,,,,,,,,,,,,,,,,,,,,,,,,,,,,,,6.25,,,,,,,21.9143489,39.3121678,
18:00:57.377,,,,,,,,,,,,,,,,,,,,,,,,,,,,,,,,,,,,,,,,,,,,,,,,,0,,,,,,,,,,,,,,,,21.9143489,39.3121678,
18:00:57.430,,,,,,,,,,,,,,,,,,,,,,,,,,,,,,,,,,,,,,,,,,,,,,,,,,,,,,,,,,,6.25,,,,,,21.9143489,39.3121678,
18:00:57.498,,,,,,,,,,,,,,,,,,,,,,,,,,,,,,,,,,,,,,,,,,,,,,,,,,0,,,,,,,,,,,,,,,21.9143489,39.3121678,
18:00:57.549,,,,,,,,,,,,,,,,,,,,,,,,,,,,,,,,,,655,0.7,,,,,,,,,,,,,,,,,,,,,,,,,,,,,,21.9143489,39.3121678,
18:00:57.631,,,,,,,,,,,,,,,,,,,,,,,,,0.7840270493897752,,,,,0.026920730777777773,11.939395,14.525516999999999,12.916347,,,,,,,,,,,,,,,,,,,,,,,,,,,,,,0,0,21.9143489,39.3121678,
18:00:57.711,,,,,,,,,,,,,,,,,,,,,,,,,,,,,,,,,,,,,,,,,,,,,,,,,,,,,,,,,,,,,,21.5,,,21.9143489,39.3121678,
18:00:57.767,,,,,,,,,,,,,,,,,,,,,,,,,,,,,,,,,,,,,,,,,,,,,,,,56,,,,,,,,,,,,,,,,,21.9143489,39.3121678,
18:00:57.829,,,,,,,,,,,,,,,,,,,,217.8926783435771,0.4913063015337042,7.229622188318668,1.3313439163565366,,,,,1.48394097624767,,,,,,,,,,0.05865830132136369,0.058659,1.05014,0.171961,0.05924488433457733,0.05924559,1.0606414000000002,0.17368061,,5.805470773953932,,,,4.2700000000000005,,,,,5.1240000000000006,,,,,,,,,21.9143489,39.3121678,
18:00:57.890,,,,,,,,,,,,,,,,,,,,,,,,,,,,,,,,,,,,,,,,,,,,,,,,,,,,,,,,,,,,,13.72549019607843,,,,21.9143489,39.3121678,
18:00:57.953,,,,,,,,,,,,,,,,,,,,,,,,,,,,,,,,,,,,,,,,,,,,,,,,,,,,,,0.79,,,,,,,,,,,21.9143489,39.3121678,
18:00:57.997,,,,,,,,,,,,,,,,,,,,,,,,,,,,,,,,,,,,,,,,,,,,,,,,,,,,,,,0.785,,,,,,,,,,21.9143489,39.3121678,
18:00:58.069,,,,,,,,,,,,,,,,,,,,,,,,,,,,,,,,,,,,,,,,,,,,,,,,,,,,,,,,,,10.15625,,,,,,,21.9143489,39.3121678,
18:00:58.135,,,,,,,,,,,,,,,,,,,,,,,,,,,,,,,,,,,,,,,,,,,,,,,,,0,,,,,,,,,,,,,,,,21.9143489,39.3121678,
18:00:58.189,,,,,,,,,,,,,,,,,,,,,,,,,,,,,,,,,,,,,,,,,,,,,,,,,,,,,,,,,,,11.71875,,,,,,21.9143489,39.3121678,
18:00:58.245,,,,,,,,,,,,,,,,,,,,,,,,,,,,,,,,,,,,,,,,,,,,,,,,,,0,,,,,,,,,,,,,,,21.9143489,39.3121678,
18:00:58.309,,,,,,,,,,,,,,,,,,,,,,,,,,,,,,,,,,562,0.6,,,,,,,,,,,,,,,,,,,,,,,,,,,,,,21.9143489,39.3121678,
18:00:58.365,,,,,,,,,,,,,,,,,,,,,,,,,0.7794279614732151,,,,,0.026920730777777773,11.939395,14.525516999999999,12.916347,,,,,,,,,,,,,,,,,,,,,,,,,,,,,,0,0,21.9143489,39.3121678,
18:00:58.422,,,,,,,,,,,,,,,,,,,,,,,,,,,,,,,,,,,,,,,,,,,,,,,,,,,,,,,,,,,,,,17.5,,,21.9143489,39.3121678,
18:00:58.489,,,,,,,,,,,,,,,,,,,,,,,,,,,,,,,,,,,,,,,,,,,,,,,,56,,,,,,,,,,,,,,,,,21.9143489,39.3121678,
18:00:58.554,,,,,,,,,,,,,,,,,,,,219.02151591150604,0.4938524942009206,7.2317150570268875,1.3336975229916013,,,,,1.5152184207119068,,,,,,,,,,0.058962192643944256,0.058963,1.0504440000000002,0.172265,0.0595518145703837,0.05955263,1.0609484400000002,0.17398765,,5.927834326566546,,,,4.36,,,,,5.232,,,,,,,,,21.9143489,39.3121678,
18:00:58.613,,,,,,,,,,,,,,,,,,,,,,,,,,,,,,,,,,,,,,,,,,,,,,,,,,,,,,,,,,,,,13.72549019607843,,,,21.9143489,39.3121678,
18:00:58.679,,,,,,,,,,,,,,,,,,,,,,,,,,,,,,,,,,,,,,,,,,,,,,,,,,,,,,0.49,,,,,,,,,,,21.9143489,39.3121678,
18:00:58.723,,,,,,,,,,,,,,,,,,,,,,,,,,,,,,,,,,,,,,,,,,,,,,,,,,,,,,,0.19,,,,,,,,,,21.9143489,39.3121678,
18:00:58.789,,,,,,,,,,,,,,,,,,,,,,,,,,,,,,,,,,,,,,,,,,,,,,,,,,,,,,,,,,15.625,,,,,,,21.9143489,39.3121678,
18:00:58.853,,,,,,,,,,,,,,,,,,,,,,,,,,,,,,,,,,,,,,,,,,,,,,,,,0,,,,,,,,,,,,,,,,21.9143489,39.3121678,
18:00:58.901,,,,,,,,,,,,,,,,,,,,,,,,,,,,,,,,,,,,,,,,,,,,,,,,,,,,,,,,,,,15.625,,,,,,21.9143489,39.3121678,
18:00:58.977,,,,,,,,,,,,,,,,,,,,,,,,,,,,,,,,,,,,,,,,,,,,,,,,,,0,,,,,,,,,,,,,,,21.9143489,39.3121678,
18:00:59.029,,,,,,,,,,,,,,,,,,,,,,,,,,,,,,,,,,679,0.7,,,,,,,,,,,,,,,,,,,,,,,,,,,,,,21.9143489,39.3121678,
18:00:59.086,,,,,,,,,,,,,,,,,,,,,,,,,0.7749336538642463,,,,,0.026920730777777773,11.939395,14.525516999999999,12.916347,,,,,,,,,,,,,,,,,,,,,,,,,,,,,,0,0,21.9143489,39.3121678,
18:00:59.145,,,,,,,,,,,,,,,,,,,,,,,,,,,,,,,,,,,,,,,,,,,,,,,,,,,,,,,,,,,,,,8.5,,,21.9143489,39.3121678,
18:00:59.209,,,,,,,,,,,,,,,,,,,,,,,,,,,,,,,,,,,,,,,,,,,,,,,,56,,,,,,,,,,,,,,,,,21.9143489,39.3121678,
18:00:59.274,,,,,,,,,,,,,,,,,,,,220.17295103478136,0.4964489406707794,7.233849232354347,1.3360975823892003,,,,,1.543020593569006,,,,,,,,,,0.059272167393561975,0.059273,1.050754,0.172575,0.059864889067497595,0.05986573,1.0612615400000003,0.17430075,,6.036601928888868,,,,4.44,,,,,5.328,,,,,,,,,21.9143489,39.3121678,
18:00:59.357,,,,,,,,,,,,,,,,,,,,,,,,,,,,,,,,,,,,,,,,,,,,,,,,,,,,,,,,,,,,,13.72549019607843,,,,21.9143489,39.3121678,
18:00:59.413,,,,,,,,,,,,,,,,,,,,,,,,,,,,,,,,,,,,,,,,,,,,,,,,,,,,,,0.08,,,,,,,,,,,21.9143489,39.3121678,
18:00:59.481,,,,,,,,,,,,,,,,,,,,,,,,,,,,,,,,,,,,,,,,,,,,,,,,,,,,,,,0.085,,,,,,,,,,21.9143489,39.3121678,
18:00:59.533,,,,,,,,,,,,,,,,,,,,,,,,,,,,,,,,,,,,,,,,,,,,,,,,,,,,,,,,,,11.71875,,,,,,,21.9143489,39.3121678,
18:00:59.599,,,,,,,,,,,,,,,,,,,,,,,,,,,,,,,,,,,,,,,,,,,,,,,,,0,,,,,,,,,,,,,,,,21.9143489,39.3121678,
18:00:59.650,,,,,,,,,,,,,,,,,,,,,,,,,,,,,,,,,,,,,,,,,,,,,,,,,,,,,,,,,,,11.71875,,,,,,21.9143489,39.3121678,
18:00:59.686,,,,,,,,,,,,,,,,,,,,,,,,,,,,,,,,,,,,,,,,,,,,,,,,,,0,,,,,,,,,,,,,,,21.9143489,39.3121678,
18:00:59.746,,,,,,,,,,,,,,,,,,,,,,,,,,,,,,,,,,654,0.7,,,,,,,,,,,,,,,,,,,,,,,,,,,,,,21.9143489,39.3121678,
18:00:59.813,,,,,,,,,,,,,,,,,,,,,,,,,0.770453180403016,,,,,0.026920730777777773,11.939395,14.525516999999999,12.916347,,,,,,,,,,,,,,,,,,,,,,,,,,,,,,0,0,21.9143489,39.3121678,
18:00:59.881,,,,,,,,,,,,,,,,,,,,,,,,,,,,,,,,,,,,,,,,,,,,,,,,,,,,,,,,,,,,,,12,,,21.9143489,39.3121678,
18:00:59.924,,,,,,,,,,,,,,,,,,,,,,,,,,,,,,,,,,,,,,,,,,,,,,,,56,,,,,,,,,,,,,,,,,21.9143489,39.3121678,
18:00:59.991,,,,,,,,,,,,,,,,,,,,222.31953377908488,0.501290056992,7.2378284366745795,1.3405725318466593,,,,,2.908802335174004,,,,,,,,,,0.05985004315507815,0.059851,1.0513320000000002,0.173153,0.06044854358662893,0.060449510000000005,1.0618453200000002,0.17488453,,11.37981039297293,,,,8.370000000000001,,,,,10.044,,,,,,,,,21.9143489,39.3121678,
18:01:00.045,,,,,,,,,,,,,,,,,,,,,,,,,,,,,,,,,,,,,,,,,,,,,,,,,,,,,,,,,,,,,14.901960784313726,,,,21.9143489,39.3121678,
18:01:00.108,,,,,,,,,,,,,,,,,,,,,,,,,,,,,,,,,,,,,,,,,,,,,,,,,,,,,,0.1,,,,,,,,,,,21.9143489,39.3121678,
18:01:00.161,,,,,,,,,,,,,,,,,,,,,,,,,,,,,,,,,,,,,,,,,,,,,,,,,,,,,,,0.115,,,,,,,,,,21.9143489,39.3121678,
18:01:00.226,,,,,,,,,,,,,,,,,,,,,,,,,,,,,,,,,,,,,,,,,,,,,,,,,,,,,,,,,,13.28125,,,,,,,21.9143489,39.3121678,
18:01:00.288,,,,,,,,,,,,,,,,,,,,,,,,,,,,,,,,,,,,,,,,,,,,,,,,,0,,,,,,,,,,,,,,,,21.9143489,39.3121678,
18:01:00.353,,,,,,,,,,,,,,,,,,,,,,,,,,,,,,,,,,,,,,,,,,,,,,,,,,,,,,,,,,,14.0625,,,,,,21.9143489,39.3121678,
18:01:00.405,,,,,,,,,,,,,,,,,,,,,,,,,,,,,,,,,,,,,,,,,,,,,,,,,,0,,,,,,,,,,,,,,,21.9143489,39.3121678,
18:01:00.469,,,,,,,,,,,,,,,,,,,,,,,,,,,,,,,,,,642,0.6,,,,,,,,,,,,,,,,,,,,,,,,,,,,,,21.9143489,39.3121678,
18:01:00.521,,,,,,,,,,,,,,,,,,,,,,,,,0.766146661898333,,,,,0.026920730777777773,11.939395,14.525516999999999,12.916347,,,,,,,,,,,,,,,,,,,,,,,,,,,,,,0,0,21.9143489,39.3121678,
18:01:00.589,,,,,,,,,,,,,,,,,,,,,,,,,,,,,,,,,,,,,,,,,,,,,,,,,,,,,,,,,,,,,,14,,,21.9143489,39.3121678,
18:01:00.640,,,,,,,,,,,,,,,,,,,,,,,,,,,,,,,,,,,,,,,,,,,,,,,,56,,,,,,,,,,,,,,,,,21.9143489,39.3121678,
18:01:00.689,,,,,,,,,,,,,,,,,,,,223.7282880116628,0.5044644221922467,7.240437638123312,1.343506798013401,,,,,1.9600531864254935,,,,,,,,,,0.06022929008935101,0.06023,1.051711,0.173532,0.06083158299024452,0.0608323,1.0622281100000002,0.17526732,,7.668115963723694,,,,5.64,,,,,6.768,,,,,,,,,21.9143489,39.3121678,
18:01:00.737,,,,,,,,,,,,,,,,,,,,,,,,,,,,,,,,,,,,,,,,,,,,,,,,,,,,,,,,,,,,,14.117647058823529,,,,21.9143489,39.3121678,
18:01:00.788,,,,,,,,,,,,,,,,,,,,,,,,,,,,,,,,,,,,,,,,,,,,,,,,,,,,,,0.085,,,,,,,,,,,21.9143489,39.3121678,
18:01:00.821,,,,,,,,,,,,,,,,,,,,,,,,,,,,,,,,,,,,,,,,,,,,,,,,,,,,,,,0.075,,,,,,,,,,21.9143489,39.3121678,
18:01:00.890,,,,,,,,,,,,,,,,,,,,,,,,,,,,,,,,,,,,,,,,,,,,,,,,,,,,,,,,,,14.0625,,,,,,,21.9143489,39.3121678,
18:01:00.946,,,,,,,,,,,,,,,,,,,,,,,,,,,,,,,,,,,,,,,,,,,,,,,,,0,,,,,,,,,,,,,,,,21.9143489,39.3121678,
18:01:01.009,,,,,,,,,,,,,,,,,,,,,,,,,,,,,,,,,,,,,,,,,,,,,,,,,,,,,,,,,,,16.40625,,,,,,21.9143489,39.3121678,
18:01:01.065,,,,,,,,,,,,,,,,,,,,,,,,,,,,,,,,,,,,,,,,,,,,,,,,,,0,,,,,,,,,,,,,,,21.9143489,39.3121678,
18:01:01.117,,,,,,,,,,,,,,,,,,,,,,,,,,,,,,,,,,658,0.7,,,,,,,,,,,,,,,,,,,,,,,,,,,,,,21.9143489,39.3121678,
18:01:01.158,,,,,,,,,,,,,,,,,,,,,,,,,0.7622746707017507,,,,,0.026920730777777773,11.939395,14.525516999999999,12.916347,,,,,,,,,,,,,,,,,,,,,,,,,,,,,,0,0,21.9143489,39.3121678,
18:01:01.209,,,,,,,,,,,,,,,,,,,,,,,,,,,,,,,,,,,,,,,,,,,,,,,,,,,,,,,,,,,,,,10.5,,,21.9143489,39.3121678,
18:01:01.242,,,,,,,,,,,,,,,,,,,,,,,,,,,,,,,,,,,,,,,,,,,,,,,,56,,,,,,,,,,,,,,,,,21.9143489,39.3121678,
18:01:01.270,,,,,,,,,,,,,,,,,,,,224.86525766580775,0.5070273661270107,7.242544275704611,1.345875888902644,,,,,1.8940230258898834,,,,,,,,,,0.0605353706289684,0.060536,1.052017,0.173838,0.061140724335258086,0.06114136,1.0625371700000001,0.17557638,,7.409792908208181,,,,5.45,,,,,6.54,,,,,,,,,21.9143489,39.3121678,
18:01:01.337,,,,,,,,,,,,,,,,,,,,,,,,,,,,,,,,,,,,,,,,,,,,,,,,,,,,,,,,,,,,,14.117647058823529,,,,21.9143489,39.3121678,
18:01:01.405,,,,,,,,,,,,,,,,,,,,,,,,,,,,,,,,,,,,,,,,,,,,,,,,,,,,,,0.08,,,,,,,,,,,21.9143489,39.3121678,
18:01:01.457,,,,,,,,,,,,,,,,,,,,,,,,,,,,,,,,,,,,,,,,,,,,,,,,,,,,,,,0.085,,,,,,,,,,21.9143489,39.3121678,
18:01:01.522,,,,,,,,,,,,,,,,,,,,,,,,,,,,,,,,,,,,,,,,,,,,,,,,,,,,,,,,,,11.71875,,,,,,,21.9143489,39.3121678,
18:01:01.566,,,,,,,,,,,,,,,,,,,,,,,,,,,,,,,,,,,,,,,,,,,,,,,,,0,,,,,,,,,,,,,,,,21.9143489,39.3121678,
18:01:01.605,,,,,,,,,,,,,,,,,,,,,,,,,,,,,,,,,,,,,,,,,,,,,,,,,,,,,,,,,,,14.0625,,,,,,21.9143489,39.3121678,
18:01:01.678,,,,,,,,,,,,,,,,,,,,,,,,,,,,,,,,,,,,,,,,,,,,,,,,,,0,,,,,,,,,,,,,,,21.9143489,39.3121678,
18:01:01.729,,,,,,,,,,,,,,,,,,,,,,,,,,,,,,,,,,646,0.6,,,,,,,,,,,,,,,,,,,,,,,,,,,,,,21.9143489,39.3121678,
18:01:01.786,,,,,,,,,,,,,,,,,,,,,,,,,0.758558539079707,,,,,0.026920730777777773,11.939395,14.525516999999999,12.916347,,,,,,,,,,,,,,,,,,,,,,,,,,,,,,0,0,21.9143489,39.3121678,
18:01:01.842,,,,,,,,,,,,,,,,,,,,,,,,,,,,,,,,,,,,,,,,,,,,,,,,,,,,,,,,,,,,,,13,,,21.9143489,39.3121678,
18:01:01.906,,,,,,,,,,,,,,,,,,,,,,,,,,,,,,,,,,,,,,,,,,,,,,,,56,,,,,,,,,,,,,,,,,21.9143489,39.3121678,
18:01:01.969,,,,,,,,,,,,,,,,,,,,226.24694610639767,0.5101431018908412,7.245105286097562,1.348755960179763,,,,,1.9148746555327074,,,,,,,,,,0.060907331254247285,0.060908,1.052389,0.17421,0.06151640456678976,0.061517079999999995,1.0629128900000002,0.1759521,,7.491368609949921,,,,5.51,,,,,6.611999999999999,,,,,,,,,21.9143489,39.3121678,
18:01:02.022,,,,,,,,,,,,,,,,,,,,,,,,,,,,,,,,,,,,,,,,,,,,,,,,,,,,,,,,,,,,,14.117647058823529,,,,21.9143489,39.3121678,
18:01:02.087,,,,,,,,,,,,,,,,,,,,,,,,,,,,,,,,,,,,,,,,,,,,,,,,,,,,,,0.115,,,,,,,,,,,21.9143489,39.3121678,
18:01:02.155,,,,,,,,,,,,,,,,,,,,,,,,,,,,,,,,,,,,,,,,,,,,,,,,,,,,,,,0.12,,,,,,,,,,21.9143489,39.3121678,
18:01:02.203,,,,,,,,,,,,,,,,,,,,,,,,,,,,,,,,,,,,,,,,,,,,,,,,,,,,,,,,,,13.28125,,,,,,,21.9143489,39.3121678,
18:01:02.269,,,,,,,,,,,,,,,,,,,,,,,,,,,,,,,,,,,,,,,,,,,,,,,,,0,,,,,,,,,,,,,,,,21.9143489,39.3121678,
18:01:02.323,,,,,,,,,,,,,,,,,,,,,,,,,,,,,,,,,,,,,,,,,,,,,,,,,,,,,,,,,,,14.84375,,,,,,21.9143489,39.3121678,
18:01:02.390,,,,,,,,,,,,,,,,,,,,,,,,,,,,,,,,,,,,,,,,,,,,,,,,,,0,,,,,,,,,,,,,,,21.9143489,39.3121678,
18:01:02.441,,,,,,,,,,,,,,,,,,,,,,,,,,,,,,,,,,646,0.6,,,,,,,,,,,,,,,,,,,,,,,,,,,,,,21.9143489,39.3121678,
18:01:02.469,,,,,,,,,,,,,,,,,,,,,,,,,0.754526267062573,,,,,0.026920730777777773,11.939395,14.525516999999999,12.916347,,,,,,,,,,,,,,,,,,,,,,,,,,,,,,0,0,21.9143489,39.3121678,
18:01:02.538,,,,,,,,,,,,,,,,,,,,,,,,,,,,,,,,,,,,,,,,,,,,,,,,,,,,,,,,,,,,,,12.5,,,21.9143489,39.3121678,
18:01:02.596,,,,,,,,,,,,,,,,,,,,,,,,,,,,,,,,,,,,,,,,,,,,,,,,56,,,,,,,,,,,,,,,,,21.9143489,39.3121678,
18:01:02.663,,,,,,,,,,,,,,,,,,,,227.6250681825329,0.5132504620208981,7.247659412053975,1.3516282893297926,,,,,1.9253004703541197,,,,,,,,,,0.06127833178815278,0.061279,1.0527600000000001,0.174581,0.0618911151060343,0.06189179,1.0632876000000002,0.17632681,,7.532156460820791,,,,5.54,,,,,6.648,,,,,,,,,21.9143489,39.3121678,
18:01:02.718,,,,,,,,,,,,,,,,,,,,,,,,,,,,,,,,,,,,,,,,,,,,,,,,,,,,,,,,,,,,,14.117647058823529,,,,21.9143489,39.3121678,
18:01:02.770,,,,,,,,,,,,,,,,,,,,,,,,,,,,,,,,,,,,,,,,,,,,,,,,,,,,,,0.215,,,,,,,,,,,21.9143489,39.3121678,
18:01:02.833,,,,,,,,,,,,,,,,,,,,,,,,,,,,,,,,,,,,,,,,,,,,,,,,,,,,,,,0.275,,,,,,,,,,21.9143489,39.3121678,
18:01:02.898,,,,,,,,,,,,,,,,,,,,,,,,,,,,,,,,,,,,,,,,,,,,,,,,,,,,,,,,,,11.71875,,,,,,,21.9143489,39.3121678,
18:01:02.953,,,,,,,,,,,,,,,,,,,,,,,,,,,,,,,,,,,,,,,,,,,,,,,,,0,,,,,,,,,,,,,,,,21.9143489,39.3121678,
18:01:03.019,,,,,,,,,,,,,,,,,,,,,,,,,,,,,,,,,,,,,,,,,,,,,,,,,,,,,,,,,,,14.84375,,,,,,21.9143489,39.3121678,
18:01:03.075,,,,,,,,,,,,,,,,,,,,,,,,,,,,,,,,,,,,,,,,,,,,,,,,,,0,,,,,,,,,,,,,,,21.9143489,39.3121678,
18:01:03.138,,,,,,,,,,,,,,,,,,,,,,,,,,,,,,,,,,641,0.6,,,,,,,,,,,,,,,,,,,,,,,,,,,,,,21.9143489,39.3121678,
18:01:03.193,,,,,,,,,,,,,,,,,,,,,,,,,0.7502930731468019,,,,,0.026920730777777773,11.939395,14.525516999999999,12.916347,,,,,,,,,,,,,,,,,,,,,,,,,,,,,,0,0,21.9143489,39.3121678,
18:01:03.254,,,,,,,,,,,,,,,,,,,,,,,,,,,,,,,,,,,,,,,,,,,,,,,,,,,,,,,,,,,,,,14.5,,,21.9143489,39.3121678,
18:01:03.319,,,,,,,,,,,,,,,,,,,,,,,,,,,,,,,,,,,,,,,,,,,,,,,,56,,,,,,,,,,,,,,,,,21.9143489,39.3121678,
18:01:03.377,,,,,,,,,,,,,,,,,,,,229.04341223620796,0.5164499541224661,7.250289266812328,1.354585781877802,,,,,1.9253004703541197,,,,,,,,,,0.06166016037234525,0.061661,1.053142,0.174963,0.062276761976068705,0.062277610000000004,1.0636734200000002,0.17671263,,7.532156460820791,,,,5.54,,,,,6.648,,,,,,,,,21.9143489,39.3121678,
18:01:03.436,,,,,,,,,,,,,,,,,,,,,,,,,,,,,,,,,,,,,,,,,,,,,,,,,,,,,,,,,,,,,14.117647058823529,,,,21.9143489,39.3121678,
18:01:03.502,,,,,,,,,,,,,,,,,,,,,,,,,,,,,,,,,,,,,,,,,,,,,,,,,,,,,,0.595,,,,,,,,,,,21.9143489,39.3121678,
18:01:03.559,,,,,,,,,,,,,,,,,,,,,,,,,,,,,,,,,,,,,,,,,,,,,,,,,,,,,,,0.5700000000000001,,,,,,,,,,21.9143489,39.3121678,
18:01:03.626,,,,,,,,,,,,,,,,,,,,,,,,,,,,,,,,,,,,,,,,,,,,,,,,,,,,,,,,,,13.28125,,,,,,,21.9143489,39.3121678,
18:01:03.670,,,,,,,,,,,,,,,,,,,,,,,,,,,,,,,,,,,,,,,,,,,,,,,,,0,,,,,,,,,,,,,,,,21.9143489,39.3121678,
18:01:03.734,,,,,,,,,,,,,,,,,,,,,,,,,,,,,,,,,,,,,,,,,,,,,,,,,,,,,,,,,,,15.625,,,,,,21.9143489,39.3121678,
18:01:03.803,,,,,,,,,,,,,,,,,,,,,,,,,,,,,,,,,,,,,,,,,,,,,,,,,,0,,,,,,,,,,,,,,,21.9143489,39.3121678,
18:01:03.853,,,,,,,,,,,,,,,,,,,,,,,,,,,,,,,,,,654,0.7,,,,,,,,,,,,,,,,,,,,,,,,,,,,,,21.9143489,39.3121678,
18:01:03.919,,,,,,,,,,,,,,,,,,,,,,,,,0.7460879302144713,,,,,0.026920730777777773,11.939395,14.525516999999999,12.916347,,,,,,,,,,,,,,,,,,,,,,,,,,,,,,0,0,21.9143489,39.3121678,
18:01:03.977,,,,,,,,,,,,,,,,,,,,,,,,,,,,,,,,,,,,,,,,,,,,,,,,,,,,,,,,,,,,,,12,,,21.9143489,39.3121678,
18:01:04.041,,,,,,,,,,,,,,,,,,,,,,,,,,,,,,,,,,,,,,,,,,,,,,,,56,,,,,,,,,,,,,,,,,21.9143489,39.3121678,
18:01:04.093,,,,,,,,,,,,,,,,,,,,230.4865983051358,0.5197080756604502,7.252967312626463,1.3575974693154342,,,,,1.9461520999969446,,,,,,,,,,0.06204867660858372,0.06205,1.053531,0.175352,0.06266916337466956,0.0626705,1.0640663100000003,0.17710552000000002,,7.6137321625625365,,,,5.6000000000000005,,,,,6.720000000000001,,,,,,,,,21.9143489,39.3121678,
18:01:04.190,,,,,,,,,,,,,,,,,,,,,,,,,,,,,,,,,,,,,,,,,,,,,,,,,,,,,,,,,,,,,14.117647058823529,,,,21.9143489,39.3121678,
18:01:04.246,,,,,,,,,,,,,,,,,,,,,,,,,,,,,,,,,,,,,,,,,,,,,,,,,,,,,,0.6950000000000001,,,,,,,,,,,21.9143489,39.3121678,
18:01:04.309,,,,,,,,,,,,,,,,,,,,,,,,,,,,,,,,,,,,,,,,,,,,,,,,,,,,,,,0.66,,,,,,,,,,21.9143489,39.3121678,
18:01:04.370,,,,,,,,,,,,,,,,,,,,,,,,,,,,,,,,,,,,,,,,,,,,,,,,,,,,,,,,,,12.5,,,,,,,21.9143489,39.3121678,
18:01:04.425,,,,,,,,,,,,,,,,,,,,,,,,,,,,,,,,,,,,,,,,,,,,,,,,,0,,,,,,,,,,,,,,,,21.9143489,39.3121678,
18:01:04.491,,,,,,,,,,,,,,,,,,,,,,,,,,,,,,,,,,,,,,,,,,,,,,,,,,,,,,,,,,,14.84375,,,,,,21.9143489,39.3121678,
18:01:04.573,,,,,,,,,,,,,,,,,,,,,,,,,,,,,,,,,,,,,,,,,,,,,,,,,,0,,,,,,,,,,,,,,,21.9143489,39.3121678,
18:01:04.643,,,,,,,,,,,,,,,,,,,,,,,,,,,,,,,,,,656,0.7,,,,,,,,,,,,,,,,,,,,,,,,,,,,,,21.9143489,39.3121678,
18:01:04.696,,,,,,,,,,,,,,,,,,,,,,,,,0.7416416786840012,,,,,0.026920730777777773,11.939395,14.525516999999999,12.916347,,,,,,,,,,,,,,,,,,,,,,,,,,,,,,0,0,21.9143489,39.3121678,
18:01:04.766,,,,,,,,,,,,,,,,,,,,,,,,,,,,,,,,,,,,,,,,,,,,,,,,,,,,,,,,,,,,,,11.5,,,21.9143489,39.3121678,
18:01:04.818,,,,,,,,,,,,,,,,,,,,,,,,,,,,,,,,,,,,,,,,,,,,,,,,56,,,,,,,,,,,,,,,,,21.9143489,39.3121678,
18:01:04.873,,,,,,,,,,,,,,,,,,,,232.05076916796733,0.5232342174791939,7.255865660409885,1.3608569048199155,,,,,1.9461520999969446,,,,,,,,,,0.06246976283547103,0.062471,1.053952,0.175773,0.06309446046382575,0.06309571,1.0644915200000002,0.17753073,,7.6137321625625365,,,,5.6000000000000005,,,,,6.720000000000001,,,,,,,,,21.9143489,39.3121678,
18:01:04.962,,,,,,,,,,,,,,,,,,,,,,,,,,,,,,,,,,,,,,,,,,,,,,,,,,,,,,,,,,,,,14.117647058823529,,,,21.9143489,39.3121678,
18:01:05.030,,,,,,,,,,,,,,,,,,,,,,,,,,,,,,,,,,,,,,,,,,,,,,,,,,,,,,0.79,,,,,,,,,,,21.9143489,39.3121678,
18:01:05.084,,,,,,,,,,,,,,,,,,,,,,,,,,,,,,,,,,,,,,,,,,,,,,,,,,,,,,,0.78,,,,,,,,,,21.9143489,39.3121678,
18:01:05.150,,,,,,,,,,,,,,,,,,,,,,,,,,,,,,,,,,,,,,,,,,,,,,,,,,,,,,,,,,10.15625,,,,,,,21.9143489,39.3121678,
18:01:05.206,,,,,,,,,,,,,,,,,,,,,,,,,,,,,,,,,,,,,,,,,,,,,,,,,0,,,,,,,,,,,,,,,,21.9143489,39.3121678,
18:01:05.270,,,,,,,,,,,,,,,,,,,,,,,,,,,,,,,,,,,,,,,,,,,,,,,,,,,,,,,,,,,13.28125,,,,,,21.9143489,39.3121678,
18:01:05.326,,,,,,,,,,,,,,,,,,,,,,,,,,,,,,,,,,,,,,,,,,,,,,,,,,0,,,,,,,,,,,,,,,21.9143489,39.3121678,
18:01:05.393,,,,,,,,,,,,,,,,,,,,,,,,,,,,,,,,,,654,0.7,,,,,,,,,,,,,,,,,,,,,,,,,,,,,,21.9143489,39.3121678,
18:01:05.450,,,,,,,,,,,,,,,,,,,,,,,,,0.7374053254771665,,,,,0.026920730777777773,11.939395,14.525516999999999,12.916347,,,,,,,,,,,,,,,,,,,,,,,,,,,,,,0,0,21.9143489,39.3121678,
18:01:05.509,,,,,,,,,,,,,,,,,,,,,,,,,,,,,,,,,,,,,,,,,,,,,,,,,,,,,,,,,,,,,,12,,,21.9143489,39.3121678,
18:01:05.575,,,,,,,,,,,,,,,,,,,,,,,,,,,,,,,,,,,,,,,,,,,,,,,,56,,,,,,,,,,,,,,,,,21.9143489,39.3121678,
18:01:05.625,,,,,,,,,,,,,,,,,,,,233.55057356997065,0.526617973523784,7.258646972772123,1.3639847241638832,,,,,1.9357262851755324,,,,,,,,,,0.06287352114072761,0.062875,1.054356,0.176177,0.06350225635213488,0.06350375,1.0648995600000002,0.17793877,,7.572944311691666,,,,5.57,,,,,6.684,,,,,,,,,21.9143489,39.3121678,
18:01:05.681,,,,,,,,,,,,,,,,,,,,,,,,,,,,,,,,,,,,,,,,,,,,,,,,,,,,,,,,,,,,,14.117647058823529,,,,21.9143489,39.3121678,
18:01:05.709,,,,,,,,,,,,,,,,,,,,,,,,,,,,,,,,,,,,,,,,,,,,,,,,,,,,,,0.8300000000000001,,,,,,,,,,,21.9143489,39.3121678,
18:01:05.777,,,,,,,,,,,,,,,,,,,,,,,,,,,,,,,,,,,,,,,,,,,,,,,,,,,,,,,0.8300000000000001,,,,,,,,,,21.9143489,39.3121678,
18:01:05.829,,,,,,,,,,,,,,,,,,,,,,,,,,,,,,,,,,,,,,,,,,,,,,,,,,,,,,,,,,10.15625,,,,,,,21.9143489,39.3121678,
18:01:05.862,,,,,,,,,,,,,,,,,,,,,,,,,,,,,,,,,,,,,,,,,,,,,,,,,0,,,,,,,,,,,,,,,,21.9143489,39.3121678,
18:01:05.891,,,,,,,,,,,,,,,,,,,,,,,,,,,,,,,,,,,,,,,,,,,,,,,,,,,,,,,,,,,11.71875,,,,,,21.9143489,39.3121678,
18:01:05.957,,,,,,,,,,,,,,,,,,,,,,,,,,,,,,,,,,,,,,,,,,,,,,,,,,0,,,,,,,,,,,,,,,21.9143489,39.3121678,
18:01:06.021,,,,,,,,,,,,,,,,,,,,,,,,,,,,,,,,,,648,0.6,,,,,,,,,,,,,,,,,,,,,,,,,,,,,,21.9143489,39.3121678,
18:01:06.066,,,,,,,,,,,,,,,,,,,,,,,,,0.7339707317530675,,,,,0.026920730777777773,11.939395,14.525516999999999,12.916347,,,,,,,,,,,,,,,,,,,,,,,,,,,,,,0,0,21.9143489,39.3121678,
18:01:06.109,,,,,,,,,,,,,,,,,,,,,,,,,,,,,,,,,,,,,,,,,,,,,,,,,,,,,,,,,,,,,,14,,,21.9143489,39.3121678,
18:01:06.174,,,,,,,,,,,,,,,,,,,,,,,,,,,,,,,,,,,,,,,,,,,,,,,,56,,,,,,,,,,,,,,,,,21.9143489,39.3121678,
18:01:06.249,,,,,,,,,,,,,,,,,,,,234.78864651351552,0.5294070595704389,7.260939490140007,1.36656285248453,,,,,1.9253004703541197,,,,,,,,,,0.06320681942469183,0.063208,1.054689,0.17651,0.06383888761893876,0.06384008000000001,1.0652358900000003,0.17827510000000002,,7.532156460820791,,,,5.54,,,,,6.648,,,,,,,,,21.9143489,39.3121678,
18:01:06.317,,,,,,,,,,,,,,,,,,,,,,,,,,,,,,,,,,,,,,,,,,,,,,,,,,,,,,,,,,,,,14.117647058823529,,,,21.9143489,39.3121678,
18:01:06.370,,,,,,,,,,,,,,,,,,,,,,,,,,,,,,,,,,,,,,,,,,,,,,,,,,,,,,0.835,,,,,,,,,,,21.9143489,39.3121678,
18:01:06.409,,,,,,,,,,,,,,,,,,,,,,,,,,,,,,,,,,,,,,,,,,,,,,,,,,,,,,,0.835,,,,,,,,,,21.9143489,39.3121678,
18:01:06.460,,,,,,,,,,,,,,,,,,,,,,,,,,,,,,,,,,,,,,,,,,,,,,,,,,,,,,,,,,10.9375,,,,,,,21.9143489,39.3121678,
18:01:06.489,,,,,,,,,,,,,,,,,,,,,,,,,,,,,,,,,,,,,,,,,,,,,,,,,0,,,,,,,,,,,,,,,,21.9143489,39.3121678,
18:01:06.530,,,,,,,,,,,,,,,,,,,,,,,,,,,,,,,,,,,,,,,,,,,,,,,,,,,,,,,,,,,14.0625,,,,,,21.9143489,39.3121678,
18:01:06.593,,,,,,,,,,,,,,,,,,,,,,,,,,,,,,,,,,,,,,,,,,,,,,,,,,0,,,,,,,,,,,,,,,21.9143489,39.3121678,
18:01:06.646,,,,,,,,,,,,,,,,,,,,,,,,,,,,,,,,,,613,0.6,,,,,,,,,,,,,,,,,,,,,,,,,,,,,,21.9143489,39.3121678,
18:01:06.709,,,,,,,,,,,,,,,,,,,,,,,,,0.7304113347506936,,,,,0.026920730777777773,11.939395,14.525516999999999,12.916347,,,,,,,,,,,,,,,,,,,,,,,,,,,,,,0,0,21.9143489,39.3121678,
18:01:06.765,,,,,,,,,,,,,,,,,,,,,,,,,,,,,,,,,,,,,,,,,,,,,,,,,,,,,,,,,,,,,,19,,,21.9143489,39.3121678,
18:01:06.829,,,,,,,,,,,,,,,,,,,,,,,,,,,,,,,,,,,,,,,,,,,,,,,,56,,,,,,,,,,,,,,,,,21.9143489,39.3121678,
18:01:06.894,,,,,,,,,,,,,,,,,,,,235.7954421167559,0.5316768563231219,7.2628051724424,1.3686609689256568,,,,,1.5117431491047693,,,,,,,,,,0.06347785615852268,0.063479,1.0549600000000001,0.176781,0.0641126347201079,0.06411378999999999,1.0655096000000002,0.17854881,,5.914238376276255,,,,4.3500000000000005,,,,,5.220000000000001,,,,,,,,,21.9143489,39.3121678,
18:01:06.949,,,,,,,,,,,,,,,,,,,,,,,,,,,,,,,,,,,,,,,,,,,,,,,,,,,,,,,,,,,,,13.72549019607843,,,,21.9143489,39.3121678,
18:01:07.002,,,,,,,,,,,,,,,,,,,,,,,,,,,,,,,,,,,,,,,,,,,,,,,,,,,,,,0.8200000000000001,,,,,,,,,,,21.9143489,39.3121678,
18:01:07.093,,,,,,,,,,,,,,,,,,,,,,,,,,,,,,,,,,,,,,,,,,,,,,,,,,,,,,,0.8200000000000001,,,,,,,,,,21.9143489,39.3121678,
18:01:07.165,,,,,,,,,,,,,,,,,,,,,,,,,,,,,,,,,,,,,,,,,,,,,,,,,,,,,,,,,,9.375,,,,,,,21.9143489,39.3121678,
18:01:07.210,,,,,,,,,,,,,,,,,,,,,,,,,,,,,,,,,,,,,,,,,,,,,,,,,0,,,,,,,,,,,,,,,,21.9143489,39.3121678,
18:01:07.250,,,,,,,,,,,,,,,,,,,,,,,,,,,,,,,,,,,,,,,,,,,,,,,,,,,,,,,,,,,11.71875,,,,,,21.9143489,39.3121678,
18:01:07.306,,,,,,,,,,,,,,,,,,,,,,,,,,,,,,,,,,,,,,,,,,,,,,,,,,0,,,,,,,,,,,,,,,21.9143489,39.3121678,
18:01:07.369,,,,,,,,,,,,,,,,,,,,,,,,,,,,,,,,,,674,0.7,,,,,,,,,,,,,,,,,,,,,,,,,,,,,,21.9143489,39.3121678,
18:01:07.426,,,,,,,,,,,,,,,,,,,,,,,,,0.7264832780809266,,,,,0.026920730777777773,11.939395,14.525516999999999,12.916347,,,,,,,,,,,,,,,,,,,,,,,,,,,,,,0,0,21.9143489,39.3121678,
18:01:07.486,,,,,,,,,,,,,,,,,,,,,,,,,,,,,,,,,,,,,,,,,,,,,,,,,,,,,,,,,,,,,,9,,,21.9143489,39.3121678,
18:01:07.549,,,,,,,,,,,,,,,,,,,,,,,,,,,,,,,,,,,,,,,,,,,,,,,,56,,,,,,,,,,,,,,,,,21.9143489,39.3121678,
18:01:07.602,,,,,,,,,,,,,,,,,,,,236.90637262607171,0.5341811708214697,7.264863618967917,1.3709758649252766,,,,,1.5186936923190442,,,,,,,,,,0.06377692677006379,0.063778,1.055259,0.17708000000000002,0.06441469603776442,0.06441578,1.0658115900000003,0.1788508,,5.941430276856836,,,,4.37,,,,,5.244,,,,,,,,,21.9143489,39.3121678,
18:01:07.666,,,,,,,,,,,,,,,,,,,,,,,,,,,,,,,,,,,,,,,,,,,,,,,,,,,,,,,,,,,,,13.333333333333334,,,,21.9143489,39.3121678,
18:01:07.734,,,,,,,,,,,,,,,,,,,,,,,,,,,,,,,,,,,,,,,,,,,,,,,,,,,,,,0.8250000000000001,,,,,,,,,,,21.9143489,39.3121678,
18:01:07.792,,,,,,,,,,,,,,,,,,,,,,,,,,,,,,,,,,,,,,,,,,,,,,,,,,,,,,,0.835,,,,,,,,,,21.9143489,39.3121678,
18:01:07.846,,,,,,,,,,,,,,,,,,,,,,,,,,,,,,,,,,,,,,,,,,,,,,,,,,,,,,,,,,9.375,,,,,,,21.9143489,39.3121678,
18:01:07.909,,,,,,,,,,,,,,,,,,,,,,,,,,,,,,,,,,,,,,,,,,,,,,,,,0,,,,,,,,,,,,,,,,21.9143489,39.3121678,
18:01:07.973,,,,,,,,,,,,,,,,,,,,,,,,,,,,,,,,,,,,,,,,,,,,,,,,,,,,,,,,,,,10.15625,,,,,,21.9143489,39.3121678,
18:01:08.026,,,,,,,,,,,,,,,,,,,,,,,,,,,,,,,,,,,,,,,,,,,,,,,,,,0,,,,,,,,,,,,,,,21.9143489,39.3121678,
18:01:08.099,,,,,,,,,,,,,,,,,,,,,,,,,,,,,,,,,,651,0.7,,,,,,,,,,,,,,,,,,,,,,,,,,,,,,21.9143489,39.3121678,
18:01:08.153,,,,,,,,,,,,,,,,,,,,,,,,,0.7220570508408358,,,,,0.026920730777777773,11.939395,14.525516999999999,12.916347,,,,,,,,,,,,,,,,,,,,,,,,,,,,,,0,0,21.9143489,39.3121678,
18:01:08.299,,,,,,,,,,,,,,,,,,,,,,,,,,,,,,,,,,,,,,,,,,,,,,,,,,,,,,,,,,,,,,13.5,,,21.9143489,39.3121678,
18:01:08.373,,,,,,,,,,,,,,,,,,,,,,,,,,,,,,,,,,,,,,,,,,,,,,,,56,,,,,,,,,,,,,,,,,21.9143489,39.3121678,
18:01:08.414,,,,,,,,,,,,,,,,,,,,238.1664388790173,0.5370205106707668,7.267197442955044,1.3736004460084574,,,,,1.5047926058904944,,,,,,,,,,0.0641161458136409,0.064117,1.055598,0.177419,0.06475730727177731,0.06475816999999999,1.0661539800000002,0.17919319,,5.887046475695674,,,,4.33,,,,,5.196,,,,,,,,,21.9143489,39.3121678,
18:01:08.513,,,,,,,,,,,,,,,,,,,,,,,,,,,,,,,,,,,,,,,,,,,,,,,,,,,,,,,,,,,,,13.72549019607843,,,,21.9143489,39.3121678,
18:01:08.565,,,,,,,,,,,,,,,,,,,,,,,,,,,,,,,,,,,,,,,,,,,,,,,,,,,,,,0.835,,,,,,,,,,,21.9143489,39.3121678,
18:01:08.633,,,,,,,,,,,,,,,,,,,,,,,,,,,,,,,,,,,,,,,,,,,,,,,,,,,,,,,0.84,,,,,,,,,,21.9143489,39.3121678,
18:01:08.688,,,,,,,,,,,,,,,,,,,,,,,,,,,,,,,,,,,,,,,,,,,,,,,,,,,,,,,,,,12.5,,,,,,,21.9143489,39.3121678,
18:01:08.777,,,,,,,,,,,,,,,,,,,,,,,,,,,,,,,,,,,,,,,,,,,,,,,,,0,,,,,,,,,,,,,,,,21.9143489,39.3121678,
18:01:08.829,,,,,,,,,,,,,,,,,,,,,,,,,,,,,,,,,,,,,,,,,,,,,,,,,,,,,,,,,,,12.5,,,,,,21.9143489,39.3121678,
18:01:08.862,,,,,,,,,,,,,,,,,,,,,,,,,,,,,,,,,,,,,,,,,,,,,,,,,,0,,,,,,,,,,,,,,,21.9143489,39.3121678,
18:01:08.889,,,,,,,,,,,,,,,,,,,,,,,,,,,,,,,,,,641,0.6,,,,,,,,,,,,,,,,,,,,,,,,,,,,,,21.9143489,39.3121678,
18:01:08.958,,,,,,,,,,,,,,,,,,,,,,,,,0.7182225317347536,,,,,0.026920730777777773,11.939395,14.525516999999999,12.916347,,,,,,,,,,,,,,,,,,,,,,,,,,,,,,0,0,21.9143489,39.3121678,
18:01:09.014,,,,,,,,,,,,,,,,,,,,,,,,,,,,,,,,,,,,,,,,,,,,,,,,,,,,,,,,,,,,,,13.5,,,21.9143489,39.3121678,
18:01:09.078,,,,,,,,,,,,,,,,,,,,,,,,,,,,,,,,,,,,,,,,,,,,,,,,56,,,,,,,,,,,,,,,,,21.9143489,39.3121678,
18:01:09.142,,,,,,,,,,,,,,,,,,,,239.3004914884684,0.5395750789717569,7.269297196099802,1.375961794770611,,,,,1.5047926058904944,,,,,,,,,,0.0644214410635096,0.064422,1.055903,0.177724,0.0650656554741447,0.06506622,1.0664620300000003,0.17950124,,5.887046475695674,,,,4.33,,,,,5.196,,,,,,,,,21.9143489,39.3121678,
18:01:09.201,,,,,,,,,,,,,,,,,,,,,,,,,,,,,,,,,,,,,,,,,,,,,,,,,,,,,,,,,,,,,13.333333333333334,,,,21.9143489,39.3121678,
18:01:09.253,,,,,,,,,,,,,,,,,,,,,,,,,,,,,,,,,,,,,,,,,,,,,,,,,,,,,,0.8150000000000001,,,,,,,,,,,21.9143489,39.3121678,
18:01:09.322,,,,,,,,,,,,,,,,,,,,,,,,,,,,,,,,,,,,,,,,,,,,,,,,,,,,,,,0.8200000000000001,,,,,,,,,,21.9143489,39.3121678,
18:01:09.373,,,,,,,,,,,,,,,,,,,,,,,,,,,,,,,,,,,,,,,,,,,,,,,,,,,,,,,,,,12.5,,,,,,,21.9143489,39.3121678,
18:01:09.445,,,,,,,,,,,,,,,,,,,,,,,,,,,,,,,,,,,,,,,,,,,,,,,,,0,,,,,,,,,,,,,,,,21.9143489,39.3121678,
18:01:09.498,,,,,,,,,,,,,,,,,,,,,,,,,,,,,,,,,,,,,,,,,,,,,,,,,,,,,,,,,,,13.28125,,,,,,21.9143489,39.3121678,
18:01:09.557,,,,,,,,,,,,,,,,,,,,,,,,,,,,,,,,,,,,,,,,,,,,,,,,,,0,,,,,,,,,,,,,,,21.9143489,39.3121678,
18:01:09.649,,,,,,,,,,,,,,,,,,,,,,,,,,,,,,,,,,652,0.7,,,,,,,,,,,,,,,,,,,,,,,,,,,,,,21.9143489,39.3121678,
18:01:09.706,,,,,,,,,,,,,,,,,,,,,,,,,0.7142568062552404,,,,,0.026920730777777773,11.939395,14.525516999999999,12.916347,,,,,,,,,,,,,,,,,,,,,,,,,,,,,,0,0,21.9143489,39.3121678,
18:01:09.763,,,,,,,,,,,,,,,,,,,,,,,,,,,,,,,,,,,,,,,,,,,,,,,,,,,,,,,,,,,,,,12.5,,,21.9143489,39.3121678,
18:01:09.838,,,,,,,,,,,,,,,,,,,,,,,,,,,,,,,,,,,,,,,,,,,,,,,,56,,,,,,,,,,,,,,,,,21.9143489,39.3121678,
18:01:09.881,,,,,,,,,,,,,,,,,,,,240.445782068238,0.5421547741740683,7.271417602554181,1.3783463699140321,,,,,1.5047926058904944,,,,,,,,,,0.06472976165711262,0.06473,1.056211,0.178032,0.06537705927368376,0.0653773,1.0667731100000002,0.17981232,,5.887046475695674,,,,4.33,,,,,5.196,,,,,,,,,21.9143489,39.3121678,
18:01:09.953,,,,,,,,,,,,,,,,,,,,,,,,,,,,,,,,,,,,,,,,,,,,,,,,,,,,,,,,,,,,,13.333333333333334,,,,21.9143489,39.3121678,
18:01:10.011,,,,,,,,,,,,,,,,,,,,,,,,,,,,,,,,,,,,,,,,,,,,,,,,,,,,,,0.805,,,,,,,,,,,21.9143489,39.3121678,
18:01:10.065,,,,,,,,,,,,,,,,,,,,,,,,,,,,,,,,,,,,,,,,,,,,,,,,,,,,,,,0.8150000000000001,,,,,,,,,,21.9143489,39.3121678,
18:01:10.122,,,,,,,,,,,,,,,,,,,,,,,,,,,,,,,,,,,,,,,,,,,,,,,,,,,,,,,,,,12.5,,,,,,,21.9143489,39.3121678,
18:01:10.210,,,,,,,,,,,,,,,,,,,,,,,,,,,,,,,,,,,,,,,,,,,,,,,,,0,,,,,,,,,,,,,,,,21.9143489,39.3121678,
18:01:10.251,,,,,,,,,,,,,,,,,,,,,,,,,,,,,,,,,,,,,,,,,,,,,,,,,,,,,,,,,,,11.71875,,,,,,21.9143489,39.3121678,
18:01:10.310,,,,,,,,,,,,,,,,,,,,,,,,,,,,,,,,,,,,,,,,,,,,,,,,,,0,,,,,,,,,,,,,,,21.9143489,39.3121678,
18:01:10.373,,,,,,,,,,,,,,,,,,,,,,,,,,,,,,,,,,655,0.7,,,,,,,,,,,,,,,,,,,,,,,,,,,,,,21.9143489,39.3121678,
18:01:10.425,,,,,,,,,,,,,,,,,,,,,,,,,0.7105089017273282,,,,,0.026920730777777773,11.939395,14.525516999999999,12.916347,,,,,,,,,,,,,,,,,,,,,,,,,,,,,,0,0,21.9143489,39.3121678,
18:01:10.485,,,,,,,,,,,,,,,,,,,,,,,,,,,,,,,,,,,,,,,,,,,,,,,,,,,,,,,,,,,,,,11.5,,,21.9143489,39.3121678,
18:01:10.553,,,,,,,,,,,,,,,,,,,,,,,,,,,,,,,,,,,,,,,,,,,,,,,,56,,,,,,,,,,,,,,,,,21.9143489,39.3121678,
18:01:10.605,,,,,,,,,,,,,,,,,,,,241.56130456108698,0.5446674643061897,7.27348293351624,1.3806690080407407,,,,,1.4978420626762197,,,,,,,,,,0.06503006846417804,0.06503,1.056511,0.178332,0.06568036914881982,0.06568030000000001,1.0670761100000001,0.18011532000000002,,5.859854575115094,,,,4.3100000000000005,,,,,5.172000000000001,,,,,,,,,21.9143489,39.3121678,
18:01:10.661,,,,,,,,,,,,,,,,,,,,,,,,,,,,,,,,,,,,,,,,,,,,,,,,,,,,,,,,,,,,,13.333333333333334,,,,21.9143489,39.3121678,
18:01:10.689,,,,,,,,,,,,,,,,,,,,,,,,,,,,,,,,,,,,,,,,,,,,,,,,,,,,,,0.805,,,,,,,,,,,21.9143489,39.3121678,
18:01:10.721,,,,,,,,,,,,,,,,,,,,,,,,,,,,,,,,,,,,,,,,,,,,,,,,,,,,,,,0.8250000000000001,,,,,,,,,,21.9143489,39.3121678,
18:01:10.789,,,,,,,,,,,,,,,,,,,,,,,,,,,,,,,,,,,,,,,,,,,,,,,,,,,,,,,,,,9.375,,,,,,,21.9143489,39.3121678,
18:01:10.841,,,,,,,,,,,,,,,,,,,,,,,,,,,,,,,,,,,,,,,,,,,,,,,,,0,,,,,,,,,,,,,,,,21.9143489,39.3121678,
18:01:10.870,,,,,,,,,,,,,,,,,,,,,,,,,,,,,,,,,,,,,,,,,,,,,,,,,,,,,,,,,,,10.15625,,,,,,21.9143489,39.3121678,
18:01:10.898,,,,,,,,,,,,,,,,,,,,,,,,,,,,,,,,,,,,,,,,,,,,,,,,,,0,,,,,,,,,,,,,,,21.9143489,39.3121678,
18:01:10.961,,,,,,,,,,,,,,,,,,,,,,,,,,,,,,,,,,652,0.7,,,,,,,,,,,,,,,,,,,,,,,,,,,,,,21.9143489,39.3121678,
18:01:11.026,,,,,,,,,,,,,,,,,,,,,,,,,0.7073896894531227,,,,,0.026920730777777773,11.939395,14.525516999999999,12.916347,,,,,,,,,,,,,,,,,,,,,,,,,,,,,,0,0,21.9143489,39.3121678,
18:01:11.098,,,,,,,,,,,,,,,,,,,,,,,,,,,,,,,,,,,,,,,,,,,,,,,,,,,,,,,,,,,,,,12.5,,,21.9143489,39.3121678,
18:01:11.148,,,,,,,,,,,,,,,,,,,,,,,,,,,,,,,,,,,,,,,,,,,,,,,,56,,,,,,,,,,,,,,,,,21.9143489,39.3121678,
18:01:11.213,,,,,,,,,,,,,,,,,,,,242.49878086301192,0.5467781240171719,7.275217811524369,1.3826200240671764,,,,,1.494366791069082,,,,,,,,,,0.06528244393552472,0.065282,1.0567630000000001,0.17858400000000002,0.06593526837487997,0.06593482,1.0673306300000003,0.18036984,,5.846258624824803,,,,4.3,,,,,5.159999999999999,,,,,,,,,21.9143489,39.3121678,
18:01:11.262,,,,,,,,,,,,,,,,,,,,,,,,,,,,,,,,,,,,,,,,,,,,,,,,,,,,,,,,,,,,,13.333333333333334,,,,21.9143489,39.3121678,
18:01:11.289,,,,,,,,,,,,,,,,,,,,,,,,,,,,,,,,,,,,,,,,,,,,,,,,,,,,,,0.8300000000000001,,,,,,,,,,,21.9143489,39.3121678,
18:01:11.328,,,,,,,,,,,,,,,,,,,,,,,,,,,,,,,,,,,,,,,,,,,,,,,,,,,,,,,0.845,,,,,,,,,,21.9143489,39.3121678,
18:01:11.394,,,,,,,,,,,,,,,,,,,,,,,,,,,,,,,,,,,,,,,,,,,,,,,,,,,,,,,,,,9.375,,,,,,,21.9143489,39.3121678,
18:01:11.446,,,,,,,,,,,,,,,,,,,,,,,,,,,,,,,,,,,,,,,,,,,,,,,,,0,,,,,,,,,,,,,,,,21.9143489,39.3121678,
18:01:11.509,,,,,,,,,,,,,,,,,,,,,,,,,,,,,,,,,,,,,,,,,,,,,,,,,,,,,,,,,,,8.59375,,,,,,21.9143489,39.3121678,
18:01:11.565,,,,,,,,,,,,,,,,,,,,,,,,,,,,,,,,,,,,,,,,,,,,,,,,,,0,,,,,,,,,,,,,,,21.9143489,39.3121678,
18:01:11.629,,,,,,,,,,,,,,,,,,,,,,,,,,,,,,,,,,643,0.6,,,,,,,,,,,,,,,,,,,,,,,,,,,,,,21.9143489,39.3121678,
18:01:11.685,,,,,,,,,,,,,,,,,,,,,,,,,0.7040064719649051,,,,,0.026920730777777773,11.939395,14.525516999999999,12.916347,,,,,,,,,,,,,,,,,,,,,,,,,,,,,,0,0,21.9143489,39.3121678,
18:01:11.745,,,,,,,,,,,,,,,,,,,,,,,,,,,,,,,,,,,,,,,,,,,,,,,,,,,,,,,,,,,,,,13.5,,,21.9143489,39.3121678,
18:01:11.809,,,,,,,,,,,,,,,,,,,,,,,,,,,,,,,,,,,,,,,,,,,,,,,,56,,,,,,,,,,,,,,,,,21.9143489,39.3121678,
18:01:11.873,,,,,,,,,,,,,,,,,,,,243.51900490701377,0.5490814233049498,7.277111031572923,1.3847491090166593,,,,,1.4978420626762197,,,,,,,,,,0.06555709570374062,0.065557,1.0570380000000001,0.178859,0.06621266666077802,0.06621257,1.0676083800000002,0.18064759,,5.859854575115094,,,,4.3100000000000005,,,,,5.172000000000001,,,,,,,,,21.9143489,39.3121678,
18:01:11.924,,,,,,,,,,,,,,,,,,,,,,,,,,,,,,,,,,,,,,,,,,,,,,,,,,,,,,,,,,,,,13.72549019607843,,,,21.9143489,39.3121678,
18:01:11.986,,,,,,,,,,,,,,,,,,,,,,,,,,,,,,,,,,,,,,,,,,,,,,,,,,,,,,0.835,,,,,,,,,,,21.9143489,39.3121678,
18:01:12.054,,,,,,,,,,,,,,,,,,,,,,,,,,,,,,,,,,,,,,,,,,,,,,,,,,,,,,,0.8300000000000001,,,,,,,,,,21.9143489,39.3121678,
18:01:12.110,,,,,,,,,,,,,,,,,,,,,,,,,,,,,,,,,,,,,,,,,,,,,,,,,,,,,,,,,,9.375,,,,,,,21.9143489,39.3121678,
18:01:12.162,,,,,,,,,,,,,,,,,,,,,,,,,,,,,,,,,,,,,,,,,,,,,,,,,0,,,,,,,,,,,,,,,,21.9143489,39.3121678,
18:01:12.225,,,,,,,,,,,,,,,,,,,,,,,,,,,,,,,,,,,,,,,,,,,,,,,,,,,,,,,,,,,10.15625,,,,,,21.9143489,39.3121678,
18:01:12.289,,,,,,,,,,,,,,,,,,,,,,,,,,,,,,,,,,,,,,,,,,,,,,,,,,0,,,,,,,,,,,,,,,21.9143489,39.3121678,
18:01:12.353,,,,,,,,,,,,,,,,,,,,,,,,,,,,,,,,,,645,0.6,,,,,,,,,,,,,,,,,,,,,,,,,,,,,,21.9143489,39.3121678,
18:01:12.404,,,,,,,,,,,,,,,,,,,,,,,,,0.7003523753133323,,,,,0.026920730777777773,11.939395,14.525516999999999,12.916347,,,,,,,,,,,,,,,,,,,,,,,,,,,,,,0,0,21.9143489,39.3121678,
18:01:12.474,,,,,,,,,,,,,,,,,,,,,,,,,,,,,,,,,,,,,,,,,,,,,,,,,,,,,,,,,,,,,,13.5,,,21.9143489,39.3121678,
18:01:12.526,,,,,,,,,,,,,,,,,,,,,,,,,,,,,,,,,,,,,,,,,,,,,,,,56,,,,,,,,,,,,,,,,,21.9143489,39.3121678,
18:01:12.589,,,,,,,,,,,,,,,,,,,,244.62179748221126,0.5515689865357499,7.2791557092253605,1.3870485207621008,,,,,1.4908915194619448,,,,,,,,,,0.06585397552394687,0.065854,1.0573350000000001,0.17915599999999998,0.06651251527918633,0.06651254,1.0679083500000002,0.18094756,,5.832662674534512,,,,4.29,,,,,5.148,,,,,,,,,21.9143489,39.3121678,
18:01:12.668,,,,,,,,,,,,,,,,,,,,,,,,,,,,,,,,,,,,,,,,,,,,,,,,,,,,,,,,,,,,,13.333333333333334,,,,21.9143489,39.3121678,
18:01:12.710,,,,,,,,,,,,,,,,,,,,,,,,,,,,,,,,,,,,,,,,,,,,,,,,,,,,,,0.8150000000000001,,,,,,,,,,,21.9143489,39.3121678,
18:01:12.764,,,,,,,,,,,,,,,,,,,,,,,,,,,,,,,,,,,,,,,,,,,,,,,,,,,,,,,0.8150000000000001,,,,,,,,,,21.9143489,39.3121678,
18:01:12.829,,,,,,,,,,,,,,,,,,,,,,,,,,,,,,,,,,,,,,,,,,,,,,,,,,,,,,,,,,9.375,,,,,,,21.9143489,39.3121678,
18:01:12.881,,,,,,,,,,,,,,,,,,,,,,,,,,,,,,,,,,,,,,,,,,,,,,,,,0,,,,,,,,,,,,,,,,21.9143489,39.3121678,
18:01:12.909,,,,,,,,,,,,,,,,,,,,,,,,,,,,,,,,,,,,,,,,,,,,,,,,,,,,,,,,,,,10.15625,,,,,,21.9143489,39.3121678,
18:01:12.949,,,,,,,,,,,,,,,,,,,,,,,,,,,,,,,,,,,,,,,,,,,,,,,,,,0,,,,,,,,,,,,,,,21.9143489,39.3121678,
18:01:13.014,,,,,,,,,,,,,,,,,,,,,,,,,,,,,,,,,,652,0.7,,,,,,,,,,,,,,,,,,,,,,,,,,,,,,21.9143489,39.3121678,
18:01:13.065,,,,,,,,,,,,,,,,,,,,,,,,,0.6970243279779021,,,,,0.026920730777777773,11.939395,14.525516999999999,12.916347,,,,,,,,,,,,,,,,,,,,,,,,,,,,,,0,0,21.9143489,39.3121678,
18:01:13.122,,,,,,,,,,,,,,,,,,,,,,,,,,,,,,,,,,,,,,,,,,,,,,,,,,,,,,,,,,,,,,12,,,21.9143489,39.3121678,
18:01:13.186,,,,,,,,,,,,,,,,,,,,,,,,,,,,,,,,,,,,,,,,,,,,,,,,56,,,,,,,,,,,,,,,,,21.9143489,39.3121678,
18:01:13.250,,,,,,,,,,,,,,,,,,,,245.6375349831414,0.5538555345559805,7.281035160400833,1.389162121457406,,,,,1.4908915194619448,,,,,,,,,,0.0661274194819812,0.066127,1.057608,0.179429,0.06678869367680101,0.06678827000000001,1.0681840800000002,0.18122329,,5.832662674534512,,,,4.29,,,,,5.148,,,,,,,,,21.9143489,39.3121678,
18:01:13.301,,,,,,,,,,,,,,,,,,,,,,,,,,,,,,,,,,,,,,,,,,,,,,,,,,,,,,,,,,,,,13.333333333333334,,,,21.9143489,39.3121678,
18:01:13.330,,,,,,,,,,,,,,,,,,,,,,,,,,,,,,,,,,,,,,,,,,,,,,,,,,,,,,0.81,,,,,,,,,,,21.9143489,39.3121678,
18:01:13.397,,,,,,,,,,,,,,,,,,,,,,,,,,,,,,,,,,,,,,,,,,,,,,,,,,,,,,,0.81,,,,,,,,,,21.9143489,39.3121678,
18:01:13.450,,,,,,,,,,,,,,,,,,,,,,,,,,,,,,,,,,,,,,,,,,,,,,,,,,,,,,,,,,7.03125,,,,,,,21.9143489,39.3121678,
18:01:13.514,,,,,,,,,,,,,,,,,,,,,,,,,,,,,,,,,,,,,,,,,,,,,,,,,0,,,,,,,,,,,,,,,,21.9143489,39.3121678,
18:01:13.577,,,,,,,,,,,,,,,,,,,,,,,,,,,,,,,,,,,,,,,,,,,,,,,,,,,,,,,,,,,7.03125,,,,,,21.9143489,39.3121678,
18:01:13.629,,,,,,,,,,,,,,,,,,,,,,,,,,,,,,,,,,,,,,,,,,,,,,,,,,0,,,,,,,,,,,,,,,21.9143489,39.3121678,
18:01:13.666,,,,,,,,,,,,,,,,,,,,,,,,,,,,,,,,,,650,0.6,,,,,,,,,,,,,,,,,,,,,,,,,,,,,,21.9143489,39.3121678,
18:01:13.729,,,,,,,,,,,,,,,,,,,,,,,,,0.6937067891462068,,,,,0.026920730777777773,11.939395,14.525516999999999,12.916347,,,,,,,,,,,,,,,,,,,,,,,,,,,,,,0,0,21.9143489,39.3121678,
18:01:13.786,,,,,,,,,,,,,,,,,,,,,,,,,,,,,,,,,,,,,,,,,,,,,,,,,,,,,,,,,,,,,,12,,,21.9143489,39.3121678,
18:01:13.848,,,,,,,,,,,,,,,,,,,,,,,,,,,,,,,,,,,,,,,,,,,,,,,,56,,,,,,,,,,,,,,,,,21.9143489,39.3121678,
18:01:13.909,,,,,,,,,,,,,,,,,,,,246.65449913393616,0.5561504582099848,7.282921496012845,1.3912834642798,,,,,1.494366791069082,,,,,,,,,,0.06640119366312316,0.066401,1.057882,0.179703,0.0670652055997544,0.06706501000000001,1.0684608200000003,0.18150003,,5.846258624824803,,,,4.3,,,,,5.159999999999999,,,,,,,,,21.9143489,39.3121678,
18:01:13.961,,,,,,,,,,,,,,,,,,,,,,,,,,,,,,,,,,,,,,,,,,,,,,,,,,,,,,,,,,,,,13.72549019607843,,,,21.9143489,39.3121678,
18:01:13.989,,,,,,,,,,,,,,,,,,,,,,,,,,,,,,,,,,,,,,,,,,,,,,,,,,,,,,0.835,,,,,,,,,,,21.9143489,39.3121678,
18:01:14.030,,,,,,,,,,,,,,,,,,,,,,,,,,,,,,,,,,,,,,,,,,,,,,,,,,,,,,,0.84,,,,,,,,,,21.9143489,39.3121678,
18:01:14.086,,,,,,,,,,,,,,,,,,,,,,,,,,,,,,,,,,,,,,,,,,,,,,,,,,,,,,,,,,7.03125,,,,,,,21.9143489,39.3121678,
18:01:14.152,,,,,,,,,,,,,,,,,,,,,,,,,,,,,,,,,,,,,,,,,,,,,,,,,0,,,,,,,,,,,,,,,,21.9143489,39.3121678,
18:01:14.216,,,,,,,,,,,,,,,,,,,,,,,,,,,,,,,,,,,,,,,,,,,,,,,,,,,,,,,,,,,6.25,,,,,,21.9143489,39.3121678,
18:01:14.269,,,,,,,,,,,,,,,,,,,,,,,,,,,,,,,,,,,,,,,,,,,,,,,,,,0,,,,,,,,,,,,,,,21.9143489,39.3121678,
18:01:14.333,,,,,,,,,,,,,,,,,,,,,,,,,,,,,,,,,,660,0.7,,,,,,,,,,,,,,,,,,,,,,,,,,,,,,21.9143489,39.3121678,
18:01:14.386,,,,,,,,,,,,,,,,,,,,,,,,,0.6904588657775643,,,,,0.026920730777777773,11.939395,14.525516999999999,12.916347,,,,,,,,,,,,,,,,,,,,,,,,,,,,,,0,0,21.9143489,39.3121678,
18:01:14.445,,,,,,,,,,,,,,,,,,,,,,,,,,,,,,,,,,,,,,,,,,,,,,,,,,,,,,,,,,,,,,11.5,,,21.9143489,39.3121678,
18:01:14.510,,,,,,,,,,,,,,,,,,,,,,,,,,,,,,,,,,,,,,,,,,,,,,,,56,,,,,,,,,,,,,,,,,21.9143489,39.3121678,
18:01:14.574,,,,,,,,,,,,,,,,,,,,247.0999627061253,0.5571555342628333,7.283747628397669,1.3922125195304835,,,,,0.6498757905346939,,,,,,,,,,0.06652111571210527,0.066521,1.058002,0.179823,0.06718632686922632,0.06718621,1.0685820200000002,0.18162123,,2.542442704284275,,,,1.87,,,,,2.244,,,,,,,,,21.9143489,39.3121678,
18:01:14.625,,,,,,,,,,,,,,,,,,,,,,,,,,,,,,,,,,,,,,,,,,,,,,,,,,,,,,,,,,,,,13.72549019607843,,,,21.9143489,39.3121678,
18:01:14.696,,,,,,,,,,,,,,,,,,,,,,,,,,,,,,,,,,,,,,,,,,,,,,,,,,,,,,0.84,,,,,,,,,,,21.9143489,39.3121678,
18:01:14.750,,,,,,,,,,,,,,,,,,,,,,,,,,,,,,,,,,,,,,,,,,,,,,,,,,,,,,,0.8250000000000001,,,,,,,,,,21.9143489,39.3121678,
18:01:14.801,,,,,,,,,,,,,,,,,,,,,,,,,,,,,,,,,,,,,,,,,,,,,,,,,,,,,,,,,,4.6875,,,,,,,21.9143489,39.3121678,
18:01:14.869,,,,,,,,,,,,,,,,,,,,,,,,,,,,,,,,,,,,,,,,,,,,,,,,,0,,,,,,,,,,,,,,,,21.9143489,39.3121678,
18:01:14.932,,,,,,,,,,,,,,,,,,,,,,,,,,,,,,,,,,,,,,,,,,,,,,,,,,,,,,,,,,,3.90625,,,,,,21.9143489,39.3121678,
18:01:14.985,,,,,,,,,,,,,,,,,,,,,,,,,,,,,,,,,,,,,,,,,,,,,,,,,,0,,,,,,,,,,,,,,,21.9143489,39.3121678,
18:01:15.050,,,,,,,,,,,,,,,,,,,,,,,,,,,,,,,,,,676,0.7,,,,,,,,,,,,,,,,,,,,,,,,,,,,,,21.9143489,39.3121678,
18:01:15.117,,,,,,,,,,,,,,,,,,,,,,,,,0.6868874461716137,,,,,0.026920730777777773,11.939395,14.525516999999999,12.916347,,,,,,,,,,,,,,,,,,,,,,,,,,,,,,0,0,21.9143489,39.3121678,
18:01:15.162,,,,,,,,,,,,,,,,,,,,,,,,,,,,,,,,,,,,,,,,,,,,,,,,,,,,,,,,,,,,,,10,,,21.9143489,39.3121678,
18:01:15.225,,,,,,,,,,,,,,,,,,,,,,,,,,,,,,,,,,,,,,,,,,,,,,,,56,,,,,,,,,,,,,,,,,21.9143489,39.3121678,
18:01:15.289,,,,,,,,,,,,,,,,,,,,248.28457908316284,0.5598273614366557,7.28594376365399,1.3946822580718836,,,,,1.605575482497479,,,,,,,,,,0.06684002309771701,0.06684,1.058321,0.180142,0.06750842332869418,0.0675084,1.0689042100000001,0.18194342,,6.2813290341140915,,,,4.62,,,,,5.544,,,,,,,,,21.9143489,39.3121678,
18:01:15.349,,,,,,,,,,,,,,,,,,,,,,,,,,,,,,,,,,,,,,,,,,,,,,,,,,,,,,,,,,,,,13.72549019607843,,,,21.9143489,39.3121678,
18:01:15.414,,,,,,,,,,,,,,,,,,,,,,,,,,,,,,,,,,,,,,,,,,,,,,,,,,,,,,0.835,,,,,,,,,,,21.9143489,39.3121678,
18:01:15.465,,,,,,,,,,,,,,,,,,,,,,,,,,,,,,,,,,,,,,,,,,,,,,,,,,,,,,,0.8250000000000001,,,,,,,,,,21.9143489,39.3121678,
18:01:15.529,,,,,,,,,,,,,,,,,,,,,,,,,,,,,,,,,,,,,,,,,,,,,,,,,,,,,,,,,,4.6875,,,,,,,21.9143489,39.3121678,
18:01:15.593,,,,,,,,,,,,,,,,,,,,,,,,,,,,,,,,,,,,,,,,,,,,,,,,,0,,,,,,,,,,,,,,,,21.9143489,39.3121678,
18:01:15.645,,,,,,,,,,,,,,,,,,,,,,,,,,,,,,,,,,,,,,,,,,,,,,,,,,,,,,,,,,,4.6875,,,,,,21.9143489,39.3121678,
18:01:15.702,,,,,,,,,,,,,,,,,,,,,,,,,,,,,,,,,,,,,,,,,,,,,,,,,,0,,,,,,,,,,,,,,,21.9143489,39.3121678,
18:01:15.728,,,,,,,,,,,,,,,,,,,,,,,,,,,,,,,,,,683,0.7,,,,,,,,,,,,,,,,,,,,,,,,,,,,,,21.9143489,39.3121678,
18:01:15.758,,,,,,,,,,,,,,,,,,,,,,,,,0.683780145550145,,,,,0.026920730777777773,11.939395,14.525516999999999,12.916347,,,,,,,,,,,,,,,,,,,,,,,,,,,,,,0,0,21.9143489,39.3121678,
18:01:15.825,,,,,,,,,,,,,,,,,,,,,,,,,,,,,,,,,,,,,,,,,,,,,,,,,,,,,,,,,,,,,,9,,,21.9143489,39.3121678,
18:01:15.890,,,,,,,,,,,,,,,,,,,,,,,,,,,,,,,,,,,,,,,,,,,,,,,,56,,,,,,,,,,,,,,,,,21.9143489,39.3121678,
18:01:15.941,,,,,,,,,,,,,,,,,,,,249.16532488330768,0.5618123866410317,7.287575375114017,1.3965171421919835,,,,,1.3067021242836625,,,,,,,,,,0.06707712630341059,0.067077,1.058558,0.180379,0.0677478975664447,0.06774777,1.0691435800000002,0.18218278999999998,,5.1120773091491305,,,,3.7600000000000002,,,,,4.5120000000000005,,,,,,,,,21.9143489,39.3121678,
18:01:16.005,,,,,,,,,,,,,,,,,,,,,,,,,,,,,,,,,,,,,,,,,,,,,,,,,,,,,,,,,,,,,13.333333333333334,,,,21.9143489,39.3121678,
18:01:16.069,,,,,,,,,,,,,,,,,,,,,,,,,,,,,,,,,,,,,,,,,,,,,,,,,,,,,,0.8200000000000001,,,,,,,,,,,21.9143489,39.3121678,
18:01:16.136,,,,,,,,,,,,,,,,,,,,,,,,,,,,,,,,,,,,,,,,,,,,,,,,,,,,,,,0.805,,,,,,,,,,21.9143489,39.3121678,
18:01:16.183,,,,,,,,,,,,,,,,,,,,,,,,,,,,,,,,,,,,,,,,,,,,,,,,,,,,,,,,,,1.5625,,,,,,,21.9143489,39.3121678,
18:01:16.246,,,,,,,,,,,,,,,,,,,,,,,,,,,,,,,,,,,,,,,,,,,,,,,,,0,,,,,,,,,,,,,,,,21.9143489,39.3121678,
18:01:16.311,,,,,,,,,,,,,,,,,,,,,,,,,,,,,,,,,,,,,,,,,,,,,,,,,,,,,,,,,,,1.5625,,,,,,21.9143489,39.3121678,
18:01:16.370,,,,,,,,,,,,,,,,,,,,,,,,,,,,,,,,,,,,,,,,,,,,,,,,,,0,,,,,,,,,,,,,,,21.9143489,39.3121678,
18:01:16.432,,,,,,,,,,,,,,,,,,,,,,,,,,,,,,,,,,644,0.6,,,,,,,,,,,,,,,,,,,,,,,,,,,,,,21.9143489,39.3121678,
18:01:16.485,,,,,,,,,,,,,,,,,,,,,,,,,0.6802843067584285,,,,,0.026920730777777773,11.939395,14.525516999999999,12.916347,,,,,,,,,,,,,,,,,,,,,,,,,,,,,,0,0,21.9143489,39.3121678,
18:01:16.550,,,,,,,,,,,,,,,,,,,,,,,,,,,,,,,,,,,,,,,,,,,,,,,,,,,,,,,,,,,,,,14,,,21.9143489,39.3121678,
18:01:16.601,,,,,,,,,,,,,,,,,,,,,,,,,,,,,,,,,,,,,,,,,,,,,,,,56,,,,,,,,,,,,,,,,,21.9143489,39.3121678,
18:01:16.630,,,,,,,,,,,,,,,,,,,,250.1384023223443,0.564006802689751,7.289379097487546,1.3985455794893091,,,,,1.3692570132121356,,,,,,,,,,0.06733908586103293,0.067339,1.05882,0.180641,0.06801247671964326,0.06801238999999999,1.0694082000000003,0.18244740999999998,,5.356804414374353,,,,3.94,,,,,4.728,,,,,,,,,21.9143489,39.3121678,
18:01:16.689,,,,,,,,,,,,,,,,,,,,,,,,,,,,,,,,,,,,,,,,,,,,,,,,,,,,,,,,,,,,,13.333333333333334,,,,21.9143489,39.3121678,
18:01:16.728,,,,,,,,,,,,,,,,,,,,,,,,,,,,,,,,,,,,,,,,,,,,,,,,,,,,,,0.8300000000000001,,,,,,,,,,,21.9143489,39.3121678,
18:01:16.793,,,,,,,,,,,,,,,,,,,,,,,,,,,,,,,,,,,,,,,,,,,,,,,,,,,,,,,0.8300000000000001,,,,,,,,,,21.9143489,39.3121678,
18:01:16.846,,,,,,,,,,,,,,,,,,,,,,,,,,,,,,,,,,,,,,,,,,,,,,,,,,,,,,,,,,2.34375,,,,,,,21.9143489,39.3121678,
18:01:16.915,,,,,,,,,,,,,,,,,,,,,,,,,,,,,,,,,,,,,,,,,,,,,,,,,0,,,,,,,,,,,,,,,,21.9143489,39.3121678,
18:01:16.965,,,,,,,,,,,,,,,,,,,,,,,,,,,,,,,,,,,,,,,,,,,,,,,,,,,,,,,,,,,2.34375,,,,,,21.9143489,39.3121678,
18:01:17.029,,,,,,,,,,,,,,,,,,,,,,,,,,,,,,,,,,,,,,,,,,,,,,,,,,0,,,,,,,,,,,,,,,21.9143489,39.3121678,
18:01:17.096,,,,,,,,,,,,,,,,,,,,,,,,,,,,,,,,,,639,0.6,,,,,,,,,,,,,,,,,,,,,,,,,,,,,,21.9143489,39.3121678,
18:01:17.141,,,,,,,,,,,,,,,,,,,,,,,,,0.6771379196491953,,,,,0.026920730777777773,11.939395,14.525516999999999,12.916347,,,,,,,,,,,,,,,,,,,,,,,,,,,,,,0,0,21.9143489,39.3121678,
18:01:17.201,,,,,,,,,,,,,,,,,,,,,,,,,,,,,,,,,,,,,,,,,,,,,,,,,,,,,,,,,,,,,,15.5,,,21.9143489,39.3121678,
18:01:17.265,,,,,,,,,,,,,,,,,,,,,,,,,,,,,,,,,,,,,,,,,,,,,,,,56,,,,,,,,,,,,,,,,,21.9143489,39.3121678,
18:01:17.329,,,,,,,,,,,,,,,,,,,,251.12850081617668,0.5662430969073392,7.291217242043778,1.40061272742208,,,,,1.3727322848192731,,,,,,,,,,0.06760562761099238,0.067606,1.0590870000000001,0.180908,0.0682816838871023,0.06828206,1.0696778700000003,0.18271708,,5.370400364664644,,,,3.95,,,,,4.74,,,,,,,,,21.9143489,39.3121678,
18:01:17.382,,,,,,,,,,,,,,,,,,,,,,,,,,,,,,,,,,,,,,,,,,,,,,,,,,,,,,,,,,,,,13.333333333333334,,,,21.9143489,39.3121678,
18:01:17.409,,,,,,,,,,,,,,,,,,,,,,,,,,,,,,,,,,,,,,,,,,,,,,,,,,,,,,0.8250000000000001,,,,,,,,,,,21.9143489,39.3121678,
18:01:17.450,,,,,,,,,,,,,,,,,,,,,,,,,,,,,,,,,,,,,,,,,,,,,,,,,,,,,,,0.8200000000000001,,,,,,,,,,21.9143489,39.3121678,
18:01:17.505,,,,,,,,,,,,,,,,,,,,,,,,,,,,,,,,,,,,,,,,,,,,,,,,,,,,,,,,,,5.46875,,,,,,,21.9143489,39.3121678,
18:01:17.561,,,,,,,,,,,,,,,,,,,,,,,,,,,,,,,,,,,,,,,,,,,,,,,,,0,,,,,,,,,,,,,,,,21.9143489,39.3121678,
18:01:17.590,,,,,,,,,,,,,,,,,,,,,,,,,,,,,,,,,,,,,,,,,,,,,,,,,,,,,,,,,,,5.46875,,,,,,21.9143489,39.3121678,
18:01:17.631,,,,,,,,,,,,,,,,,,,,,,,,,,,,,,,,,,,,,,,,,,,,,,,,,,0,,,,,,,,,,,,,,,21.9143489,39.3121678,
18:01:17.682,,,,,,,,,,,,,,,,,,,,,,,,,,,,,,,,,,639,0.6,,,,,,,,,,,,,,,,,,,,,,,,,,,,,,21.9143489,39.3121678,
18:01:17.742,,,,,,,,,,,,,,,,,,,,,,,,,0.6743360658818804,,,,,0.026920730777777773,11.939395,14.525516999999999,12.916347,,,,,,,,,,,,,,,,,,,,,,,,,,,,,,0,0,21.9143489,39.3121678,
18:01:17.805,,,,,,,,,,,,,,,,,,,,,,,,,,,,,,,,,,,,,,,,,,,,,,,,,,,,,,,,,,,,,,15,,,21.9143489,39.3121678,
18:01:17.870,,,,,,,,,,,,,,,,,,,,,,,,,,,,,,,,,,,,,,,,,,,,,,,,56,,,,,,,,,,,,,,,,,21.9143489,39.3121678,
18:01:17.923,,,,,,,,,,,,,,,,,,,,251.98506835089057,0.5681778683090726,7.292807546884562,1.4024011587796457,,,,,1.3935839144620974,,,,,,,,,,0.06783622185094255,0.067837,1.059318,0.181139,0.06851458406945198,0.06851536999999999,1.0699111800000003,0.18295039,,5.451976066406386,,,,4.01,,,,,4.811999999999999,,,,,,,,,21.9143489,39.3121678,
18:01:17.981,,,,,,,,,,,,,,,,,,,,,,,,,,,,,,,,,,,,,,,,,,,,,,,,,,,,,,,,,,,,,13.333333333333334,,,,21.9143489,39.3121678,
18:01:18.010,,,,,,,,,,,,,,,,,,,,,,,,,,,,,,,,,,,,,,,,,,,,,,,,,,,,,,0.81,,,,,,,,,,,21.9143489,39.3121678,
18:01:18.051,,,,,,,,,,,,,,,,,,,,,,,,,,,,,,,,,,,,,,,,,,,,,,,,,,,,,,,0.8,,,,,,,,,,21.9143489,39.3121678,
18:01:18.110,,,,,,,,,,,,,,,,,,,,,,,,,,,,,,,,,,,,,,,,,,,,,,,,,,,,,,,,,,5.46875,,,,,,,21.9143489,39.3121678,
18:01:18.161,,,,,,,,,,,,,,,,,,,,,,,,,,,,,,,,,,,,,,,,,,,,,,,,,0,,,,,,,,,,,,,,,,21.9143489,39.3121678,
18:01:18.194,,,,,,,,,,,,,,,,,,,,,,,,,,,,,,,,,,,,,,,,,,,,,,,,,,,,,,,,,,,7.8125,,,,,,21.9143489,39.3121678,
18:01:18.259,,,,,,,,,,,,,,,,,,,,,,,,,,,,,,,,,,,,,,,,,,,,,,,,,,0,,,,,,,,,,,,,,,21.9143489,39.3121678,
18:01:18.316,,,,,,,,,,,,,,,,,,,,,,,,,,,,,,,,,,646,0.6,,,,,,,,,,,,,,,,,,,,,,,,,,,,,,21.9143489,39.3121678,
18:01:18.377,,,,,,,,,,,,,,,,,,,,,,,,,0.6713689146344913,,,,,0.026920730777777773,11.939395,14.525516999999999,12.916347,,,,,,,,,,,,,,,,,,,,,,,,,,,,,,0,0,21.9143489,39.3121678,
18:01:18.437,,,,,,,,,,,,,,,,,,,,,,,,,,,,,,,,,,,,,,,,,,,,,,,,,,,,,,,,,,,,,,14,,,21.9143489,39.3121678,
18:01:18.501,,,,,,,,,,,,,,,,,,,,,,,,,,,,,,,,,,,,,,,,,,,,,,,,56,,,,,,,,,,,,,,,,,21.9143489,39.3121678,
18:01:18.554,,,,,,,,,,,,,,,,,,,,252.8887215577082,0.570213147316091,7.294480464963828,1.4042824956622795,,,,,1.3935839144620974,,,,,,,,,,0.06807949189791469,0.06808,1.059561,0.181382,0.06876028681689383,0.0687608,1.0701566100000002,0.18319582,,5.451976066406386,,,,4.01,,,,,4.811999999999999,,,,,,,,,21.9143489,39.3121678,
18:01:18.621,,,,,,,,,,,,,,,,,,,,,,,,,,,,,,,,,,,,,,,,,,,,,,,,,,,,,,,,,,,,,13.333333333333334,,,,21.9143489,39.3121678,
18:01:18.687,,,,,,,,,,,,,,,,,,,,,,,,,,,,,,,,,,,,,,,,,,,,,,,,,,,,,,0.805,,,,,,,,,,,21.9143489,39.3121678,
18:01:18.741,,,,,,,,,,,,,,,,,,,,,,,,,,,,,,,,,,,,,,,,,,,,,,,,,,,,,,,0.79,,,,,,,,,,21.9143489,39.3121678,
18:01:18.800,,,,,,,,,,,,,,,,,,,,,,,,,,,,,,,,,,,,,,,,,,,,,,,,,,,,,,,,,,8.59375,,,,,,,21.9143489,39.3121678,
18:01:18.857,,,,,,,,,,,,,,,,,,,,,,,,,,,,,,,,,,,,,,,,,,,,,,,,,0,,,,,,,,,,,,,,,,21.9143489,39.3121678,
18:01:18.914,,,,,,,,,,,,,,,,,,,,,,,,,,,,,,,,,,,,,,,,,,,,,,,,,,,,,,,,,,,9.375,,,,,,21.9143489,39.3121678,
18:01:18.970,,,,,,,,,,,,,,,,,,,,,,,,,,,,,,,,,,,,,,,,,,,,,,,,,,0,,,,,,,,,,,,,,,21.9143489,39.3121678,
18:01:19.010,,,,,,,,,,,,,,,,,,,,,,,,,,,,,,,,,,658,0.7,,,,,,,,,,,,,,,,,,,,,,,,,,,,,,21.9143489,39.3121678,
18:01:19.066,,,,,,,,,,,,,,,,,,,,,,,,,0.6681782585152031,,,,,0.026920730777777773,11.939395,14.525516999999999,12.916347,,,,,,,,,,,,,,,,,,,,,,,,,,,,,,0,0,21.9143489,39.3121678,
18:01:19.129,,,,,,,,,,,,,,,,,,,,,,,,,,,,,,,,,,,,,,,,,,,,,,,,,,,,,,,,,,,,,,11.5,,,21.9143489,39.3121678,
18:01:19.182,,,,,,,,,,,,,,,,,,,,,,,,,,,,,,,,,,,,,,,,,,,,,,,,56,,,,,,,,,,,,,,,,,21.9143489,39.3121678,
18:01:19.253,,,,,,,,,,,,,,,,,,,,253.90217940696797,0.5724996953363215,7.296359916139301,1.4063960963575848,,,,,1.4005344576763725,,,,,,,,,,0.06835232215706016,0.068353,1.059834,0.181655,0.06903584537863076,0.06903653,1.0704323400000002,0.18347154999999998,,5.479167966986966,,,,4.03,,,,,4.836,,,,,,,,,21.9143489,39.3121678,
18:01:19.332,,,,,,,,,,,,,,,,,,,,,,,,,,,,,,,,,,,,,,,,,,,,,,,,,,,,,,,,,,,,,13.333333333333334,,,,21.9143489,39.3121678,
18:01:19.413,,,,,,,,,,,,,,,,,,,,,,,,,,,,,,,,,,,,,,,,,,,,,,,,,,,,,,0.8,,,,,,,,,,,21.9143489,39.3121678,
18:01:19.459,,,,,,,,,,,,,,,,,,,,,,,,,,,,,,,,,,,,,,,,,,,,,,,,,,,,,,,0.785,,,,,,,,,,21.9143489,39.3121678,
18:01:19.518,,,,,,,,,,,,,,,,,,,,,,,,,,,,,,,,,,,,,,,,,,,,,,,,,,,,,,,,,,7.03125,,,,,,,21.9143489,39.3121678,
18:01:19.569,,,,,,,,,,,,,,,,,,,,,,,,,,,,,,,,,,,,,,,,,,,,,,,,,0,,,,,,,,,,,,,,,,21.9143489,39.3121678,
18:01:19.602,,,,,,,,,,,,,,,,,,,,,,,,,,,,,,,,,,,,,,,,,,,,,,,,,,,,,,,,,,,6.25,,,,,,21.9143489,39.3121678,
18:01:19.669,,,,,,,,,,,,,,,,,,,,,,,,,,,,,,,,,,,,,,,,,,,,,,,,,,0,,,,,,,,,,,,,,,21.9143489,39.3121678,
18:01:19.735,,,,,,,,,,,,,,,,,,,,,,,,,,,,,,,,,,659,0.7,,,,,,,,,,,,,,,,,,,,,,,,,,,,,,21.9143489,39.3121678,
18:01:19.789,,,,,,,,,,,,,,,,,,,,,,,,,0.6648651071267684,,,,,0.026920730777777773,11.939395,14.525516999999999,12.916347,,,,,,,,,,,,,,,,,,,,,,,,,,,,,,0,0,21.9143489,39.3121678,
18:01:19.850,,,,,,,,,,,,,,,,,,,,,,,,,,,,,,,,,,,,,,,,,,,,,,,,,,,,,,,,,,,,,,12,,,21.9143489,39.3121678,
18:01:19.902,,,,,,,,,,,,,,,,,,,,,,,,,,,,,,,,,,,,,,,,,,,,,,,,56,,,,,,,,,,,,,,,,,21.9143489,39.3121678,
