reading_id,session_date,phone_clock,graph_clock,capture_type,channel_graph_header,channel_list_label,paired_with,gear,load,thermal,coolant_c,ac,rpm_at_capture,value,value_min,value_max,span,units,reading_method,admissible,epoch,notes,source,msg,captured_at,exif_session,minutes_from_start,value_num,min_num,max_num,span_num,rpm_num,coolant_num,is_admissible,epoch_by_time,channel
PART0-0001,2026-09-02,unknown,unknown,value_read,unknown,unknown,none,P,idle,warm,unknown,off,unknown,unknown,650,750,100,rpm,owner_report,unknown,pre_purge_valve,"DIRECT ANSWER from the owner to 'What is the actual idle rpm in Park, warm, A/C off?' - 'Normal, around 650-750'. Higher grade than PART1-0001, which was the assistant's restatement of this same answer. Read off the dash tachometer, not logged.",owner_answers round 3; near [8],8,,,,,650.0,750.0,100.0,,,0,unknown,unknown
PART0-0002,2026-09-02,unknown,unknown,value_read,unknown,unknown,none,P,rpm_sweep,unknown,unknown,unknown,unknown,reproducible_in_park_standing_still,1000,2000,1000,rpm,owner_report,unknown,pre_purge_valve,"DIRECT ANSWER to 'The unstable 1,000-2,000 rpm - can you reproduce it standing still?' - 'Yes, in Park standing still'. CONFIRMS the 1,000-2,000 rpm instability that part1 row P1O-0014 recorded as unconfirmed repo-carried claim. Note the tension with PART0-0018 from the very next round, where the sweep answer is 'present everywhere, roughly equal' - i.e. no band standing out.",owner_answers round 2; near [7],7,,,,,1000.0,2000.0,1000.0,,,0,unknown,unknown
PART0-0003,2026-09-02,unknown,unknown,value_read,unknown,tachometer needle (dash),none,P,rpm_sweep,unknown,unknown,unknown,1500,needle_visibly_wanders,unknown,unknown,unknown,n/a,owner_report,unknown,pre_purge_valve,"DIRECT ANSWER to 'Holding steady throttle in Park at ~1,500 rpm, does the tachometer needle actually move?' - 'Needle visibly wanders'. The 1,500 rpm figure is the condition set in the question, not measured by the owner. This answer is what made the assistant reverse its mechanical-imbalance theory in [9].",owner_answers round 3; near [8],8,,,,,,,,1500.0,,0,unknown,unknown
PART0-0004,2026-09-02,unknown,unknown,dtc,unknown,malfunction indicator lamp (MIL),none,n/a,n/a,unknown,unknown,unknown,unknown,never_illuminated,unknown,unknown,unknown,n/a,owner_report,unknown,pre_purge_valve,"DIRECT ANSWER to 'Has the check engine light ever come on since this started?' - 'Never, not once'. This is a lamp observation, not a code read; no scan tool had been connected at this point.",owner_answers round 2; near [7],7,,,,,,,,,,0,unknown,unknown
PART0-0005,2026-09-02,unknown,unknown,subjective,unknown,unknown,none,P,idle,unknown,unknown,on,unknown,no_change,unknown,unknown,unknown,n/a,owner_report,unknown,pre_purge_valve,DIRECT ANSWER to 'What does turning the A/C on do to the shake at idle?' - 'No change at all'. Used by the assistant to kill the idle-air-control and low-idle-speed theories.,owner_answers round 2; near [7],7,,,,,,,,,,0,unknown,unknown
PART0-0006,2026-09-02,unknown,unknown,physical,unknown,engine coolant temperature (dash gauge),none,unknown,unknown,warm,unknown,unknown,unknown,comes_up_normally_stays_there,unknown,unknown,unknown,n/a,owner_report,unknown,pre_purge_valve,"DIRECT ANSWER to 'Does the temperature gauge come up to normal and stay there?' - 'Comes up normally, stays there'. No numeric temperature stated.",owner_answers round 9; near [23],23,,,,,,,,,,0,unknown,unknown
PART0-0007,2026-09-02,unknown,unknown,physical,unknown,engine oil viscosity in sump,none,n/a,n/a,n/a,unknown,n/a,n/a,5W-30,unknown,unknown,unknown,SAE grade,owner_report,unknown,pre_purge_valve,HEDGED ANSWER to 'What oil viscosity is in it now?' - '5W-30 or similar'. The owner is not certain of the grade. Recorded as 5W-30 with the hedge preserved here; do not treat as confirmed.,owner_answers round 9; near [23],23,,,,,,,,,,0,unknown,unknown
PART0-0008,2026-09-02,unknown,unknown,physical,unknown,coolant level,none,n/a,n/a,unknown,unknown,n/a,n/a,stays_steady,unknown,unknown,unknown,n/a,owner_report,unknown,pre_purge_valve,DIRECT ANSWER to 'Does it use or lose coolant?' - 'Level stays steady'. Bears on the internal timing-chain-driven water pump watch item.,owner_answers round 9; near [23],23,,,,,,,,,,0,unknown,unknown
PART0-0009,2026-09-02,unknown,unknown,value_read,unknown,distance driven since battery disconnect and relearn,none,n/a,driving,n/a,unknown,n/a,n/a,300,unknown,unknown,unknown,km,owner_report,unknown,pre_purge_valve,DIRECT ANSWER to 'Has the battery been disconnected or replaced - and was an idle relearn done afterward?' - 'Disconnect and drove about 300km and relearn done'. 'About' - approximate.,owner_answers round 7; near [18],18,,,,300.0,,,,,,0,unknown,unknown
PART0-0010,2026-09-02,unknown,unknown,value_read,unknown,drive-cycle relearn distance advised by the shop,none,n/a,driving,n/a,unknown,n/a,n/a,250,unknown,unknown,unknown,km,owner_report,unknown,pre_purge_valve,"HEDGED ANSWER to 'Was an idle relearn run after that cleaning?' - 'I don't know they said drive it 250km and it will relearn'. The 250 km is what the shop told him, NOT a confirmed relearn procedure and NOT a distance he confirms driving. The assistant in [28] treated this as a legitimate completed relearn - that goes beyond what the owner said.",owner_answers round 11; near [27],27,,,,250.0,,,,,,0,unknown,unknown
PART0-0011,unknown,unknown,unknown,value_read,unknown,airbag / restraint warning lamp,none,n/a,key_on_engine_off,unknown,unknown,unknown,unknown,no_light_cluster_normal,unknown,unknown,unknown,n/a,owner_report,unknown,pre_purge_valve,"DIRECT ANSWER to 'Is the airbag / restraint warning light on in the cluster?' - 'No light, cluster normal'. Makes the RCM restraint code historical rather than an active fault. Epoch inferred from message position (near [102], well before the purge valve replacement), not stated by the owner.",owner_answers round 12; near [102],102,2026-09-04 22:26:11,EX01,0.0,,,,,,,0,pre_purge_valve,unknown
PART0-0012,unknown,unknown,unknown,dtc,unknown,complete DTC list,none,n/a,n/a,unknown,unknown,unknown,unknown,list_complete,unknown,unknown,unknown,n/a,owner_report,unknown,pre_purge_valve,"DIRECT ANSWER to 'Was that the complete code list, or is there more above or below?' - 'That is everything'. Confirms the code list captured in the scan near [102] was not truncated by the screenshot. The codes themselves are in another agent's part.",owner_answers round 12; near [102],102,2026-09-04 22:26:11,EX01,0.0,,,,,,,0,pre_purge_valve,unknown
PART0-0013,unknown,unknown,unknown,physical,unknown,A/C outlet performance,none,unknown,idle,unknown,unknown,on,unknown,cools_properly,unknown,unknown,unknown,n/a,owner_report,unknown,pre_purge_valve,"DIRECT ANSWER to 'Does the A/C actually blow cold?' - 'Yes, cools properly'. Establishes the compressor is doing real work when the A/C-on traces were taken.",owner_answers round 13; near [112],112,,,,,,,,,,0,unknown,unknown
PART0-0014,unknown,unknown,unknown,physical,unknown,scan app graph screen width (timed against the phone clock),none,n/a,n/a,n/a,unknown,n/a,n/a,15,unknown,unknown,unknown,s,owner_report,unknown,pre_purge_valve,"DIRECT ANSWER to 'How long does the trace take to travel the full width of the graph, timed against your phone clock?' - 'About 15 seconds'. THIS IS THE MEASUREMENT THAT SETS THE TIME AXIS FOR EVERY GRAPH READING IN THE DATASET. An earlier revision of the project assumed the screen was 15 minutes wide; that assumption made the idle oscillation period wrong by a factor of 60. Approximate ('about').",owner_answers round 14; near [116],116,2026-09-04 22:44:06,EX03,17.92,15.0,,,,,,0,pre_purge_valve,unknown
PART0-0015,unknown,unknown,unknown,subjective,unknown,"tachometer needle (dash), live",none,unknown,idle,unknown,unknown,unknown,unknown,visibly_breathes_up_and_down,unknown,unknown,unknown,n/a,owner_report,unknown,pre_purge_valve,"DIRECT ANSWER to 'When you watch the live tachometer needle in the cab, what does it actually do?' - 'Visibly breathes up and down'. Owner confirmation of the rhythmic idle hunt, independent of the graph.",owner_answers round 14; near [116],116,2026-09-04 22:44:06,EX03,17.92,,,,,,,0,pre_purge_valve,unknown
PART0-0016,2026-09-02,unknown,unknown,physical,unknown,fuel octane used,none,n/a,n/a,n/a,unknown,n/a,n/a,95,unknown,unknown,unknown,RON,owner_report,unknown,pre_purge_valve,"DIRECT ANSWER to 'What fuel goes in it, and from where?' - 'Always 95, same station'.",owner_answers round 7; near [18],18,,,,95.0,,,,,,0,unknown,unknown
PART0-0017,2026-09-02,unknown,unknown,subjective,unknown,unknown,none,driving,cruise,unknown,unknown,unknown,unknown,no_vibration_at_all,unknown,unknown,unknown,n/a,owner_report,unknown,pre_purge_valve,"DIRECT ANSWER to 'Under load on the road, does it pull normally?' - 'Pulls great with no vibration at all'. The load half of the load curve, in the owner's own words.",owner_answers round 4; near [9],9,,,,,,,,,,0,unknown,unknown
PART0-0018,2026-09-02,unknown,unknown,subjective,unknown,unknown,none,P,rpm_sweep,unknown,unknown,unknown,unknown,present_everywhere_roughly_equal,unknown,unknown,unknown,n/a,owner_report,unknown,pre_purge_valve,"DIRECT ANSWER to 'How does the shake behave as you sweep the rpm up in Park?' - 'Present everywhere, roughly equal'. FLAGGED: this is in tension with PART0-0002 from the round immediately before, where a 1,000-2,000 rpm band is described as specifically unstable and reproducible in Park. It is also an impression from ordinary use, not a conducted, held-and-rated rpm sweep - the project's own later notes list that sweep as still undone.",owner_answers round 3; near [8],8,,,,,,,,,,0,unknown,unknown
PART1-0001,2026-09-02,unknown,unknown,value_read,unknown,unknown,none,P,idle,warm,unknown,off,unknown,unknown,650,750,100,rpm,owner_report,unknown,pre_purge_valve,"Owner-reported normal idle range read off the dashboard tachometer, restated by the assistant as 'Idle rpm is normal, 650-750, and stable enough that nothing stalls or nearly stalls'. Not a logged measurement; no scan tool was connected at any point in this part of the conversation.",[36],36,,,,,650.0,750.0,100.0,,,0,unknown,unknown
PART1-0002,2026-09-02,unknown,unknown,dtc,unknown,stored and pending DTCs,none,n/a,n/a,unknown,unknown,unknown,unknown,none,unknown,unknown,unknown,count,owner_report,unknown,pre_purge_valve,"'No code, ever' and the MIL has never illuminated, owner-reported across years of ownership. Weakened by the assistant in [19]: the earlier battery disconnect wiped stored and pending memory, so only the never-lit MIL survives as evidence. Permanent codes (Mode 0A) had never been read at this point.",[8];[9];[19];[36],8,,,,,,,,,,0,unknown,unknown
PART1-0003,2026-09-02,unknown,unknown,value_read,unknown,odometer,none,n/a,n/a,n/a,unknown,n/a,n/a,131000,unknown,unknown,unknown,km,owner_report,unknown,pre_purge_valve,"Stated as '131,000 km' and '131,000+ km'; repo notes elsewhere flag the odometer history as non-monotonic so this is a lower bound.",[15];[19],15,,,,131000.0,,,,,,0,unknown,unknown
PART1-0004,2026-09-02,unknown,unknown,physical,unknown,engine coolant temperature (dash gauge),none,unknown,idle,warm,unknown,unknown,unknown,reaches_and_holds_normal,unknown,unknown,unknown,n/a,owner_report,unknown,pre_purge_valve,Owner reports the thermostat reaches operating temperature and holds it; assistant uses this to confirm the PCM does exit warm-up enrichment. No numeric temperature was stated.,[24],24,,,,,,,,,,0,unknown,unknown
PART1-0005,2026-09-02,unknown,unknown,physical,unknown,coolant level,none,n/a,n/a,unknown,unknown,n/a,n/a,steady,unknown,unknown,unknown,n/a,owner_report,unknown,pre_purge_valve,"Coolant level steady, no unexplained loss. Bears on the internal timing-chain-driven water pump watch item.",[24],24,,,,,,,,,,0,unknown,unknown
PART1-0006,2026-09-02,unknown,unknown,physical,unknown,engine oil viscosity in sump,none,n/a,n/a,n/a,unknown,n/a,n/a,5W-30,unknown,unknown,unknown,SAE grade,owner_report,unknown,pre_purge_valve,"Currently 5W-30 against a Ford spec of 5W-20. Assistant judged it slightly heavy, worth correcting at the next change, but not the cause.",[24],24,,,,,,,,,,0,unknown,unknown
PART1-0007,2026-09-02,unknown,unknown,physical,unknown,fuel octane used,none,n/a,n/a,n/a,unknown,n/a,n/a,95,unknown,unknown,unknown,RON,owner_report,unknown,pre_purge_valve,Always 95 octane from the same station; symptom constant regardless. Fuel quality/octane eliminated on this basis.,[19],19,,,,95.0,,,,,,0,unknown,unknown
PART2-0001,2026-09-04,unknown,unknown,dtc,n/a,DTC - OBD-II + Engine control unit,unknown,n/a,unknown,unknown,unknown,unknown,unknown,U0422,unknown,unknown,unknown,n/a,value_read,yes,pre_purge_valve,Invalid data received from body control module. Archive (inactive).,[102],102,2026-09-04 22:26:11,EX01,0.0,,,,,,,1,pre_purge_valve,n/a
PART2-0002,2026-09-04,unknown,unknown,dtc,n/a,DTC - OCS,unknown,n/a,unknown,unknown,unknown,unknown,unknown,U0140,unknown,unknown,unknown,n/a,value_read,yes,pre_purge_valve,No communication with BCM. Archive (inactive).,[102],102,2026-09-04 22:26:11,EX01,0.0,,,,,,,1,pre_purge_valve,n/a
PART2-0003,2026-09-04,unknown,unknown,dtc,n/a,DTC - RCM,unknown,n/a,unknown,unknown,unknown,unknown,unknown,B11D8(14),unknown,unknown,unknown,n/a,value_read,yes,pre_purge_valve,Restraints event notification. Archive (inactive). Ford definition of B11D8 and sub-code (14) not verified.,[102],102,2026-09-04 22:26:11,EX01,0.0,,,,,,,1,pre_purge_valve,n/a
PART2-0004,2026-09-04,unknown,unknown,dtc,n/a,Powertrain P-codes (complete multi-module scan),unknown,n/a,unknown,unknown,unknown,unknown,unknown,0,unknown,unknown,unknown,count,value_read,yes,pre_purge_valve,Zero P-codes of any kind on a complete multi-module scan. Confirmed complete scan by owner.,[102];[103],102,2026-09-04 22:26:11,EX01,0.0,0.0,,,,,,1,pre_purge_valve,n/a
PART2-0005,2026-09-04,unknown,unknown,value_read,unknown,Short term fuel % trim - Bank 1,unknown,unknown,idle,warm,94,unknown,661,0.78,0.78,3.13,unknown,%,value_read,yes,pre_purge_valve,Assistant quoted STFT bank 1 as '0.78% and 3.13%' from the value list.,[107],107,,,,0.78,0.78,3.13,,661.0,94.0,1,unknown,unknown
PART2-0006,2026-09-04,unknown,unknown,value_read,unknown,Short term fuel % trim - Bank 2,unknown,unknown,idle,warm,94,unknown,661,0,unknown,unknown,unknown,%,value_read,yes,pre_purge_valve,,[107],107,,,,0.0,,,,661.0,94.0,1,unknown,unknown
PART2-0007,2026-09-04,unknown,unknown,value_read,unknown,Long term fuel % trim - Bank 1,unknown,unknown,idle,warm,94,unknown,661,0.0,unknown,unknown,unknown,%,value_read,yes,pre_purge_valve,"Assistant: exactly 0.0% on both banks, more likely un-relearned than learned-and-perfect (101 km / 3 warm-ups since clear).",[107];[140],107,2026-09-04 23:22:16,EX06,56.08,0.0,,,,661.0,94.0,1,pre_purge_valve,unknown
PART2-0008,2026-09-04,unknown,unknown,value_read,unknown,Long term fuel % trim - Bank 2,unknown,unknown,idle,warm,94,unknown,661,0.0,unknown,unknown,unknown,%,value_read,yes,pre_purge_valve,Same caveat as bank 1 - probably un-relearned.,[107];[140],107,2026-09-04 23:22:16,EX06,56.08,0.0,,,,661.0,94.0,1,pre_purge_valve,unknown
PART2-0009,2026-09-04,unknown,unknown,monitor_status,n/a,Misfire monitor,unknown,unknown,idle,warm,94,unknown,661,COMPLETED,unknown,unknown,unknown,n/a,value_read,yes,pre_purge_valve,"Available and COMPLETED, DTC count 0.",[107],107,,,,,,,,661.0,94.0,1,unknown,n/a
PART2-0010,2026-09-04,unknown,unknown,monitor_status,n/a,Fuel System monitor,unknown,unknown,idle,warm,94,unknown,661,not completed,unknown,unknown,unknown,n/a,value_read,yes,pre_purge_valve,,[107],107,,,,,,,,661.0,94.0,1,unknown,n/a
PART2-0011,2026-09-04,unknown,unknown,monitor_status,n/a,Catalyst monitor,unknown,unknown,idle,warm,94,unknown,661,not completed,unknown,unknown,unknown,n/a,value_read,yes,pre_purge_valve,Quoted at [165] from the monitor status screen.,[165],165,2026-09-05 00:11:41,EX09,105.5,,,,,661.0,94.0,1,pre_purge_valve,n/a
PART2-0012,2026-09-04,unknown,unknown,value_read,unknown,Lambda,unknown,unknown,idle,warm,94,unknown,661,0.99,unknown,unknown,unknown,lambda,value_read,yes,pre_purge_valve,,[107],107,,,,0.99,,,,661.0,94.0,1,unknown,unknown
PART2-0013,2026-09-04,unknown,unknown,value_read,unknown,Air:fuel ratio,unknown,unknown,idle,warm,94,unknown,661,14.52,unknown,unknown,unknown,AFR,value_read,yes,pre_purge_valve,,[107],107,,,,14.52,,,,661.0,94.0,1,unknown,unknown
PART2-0014,2026-09-04,unknown,unknown,value_read,unknown,Knock retard,unknown,unknown,idle,warm,94,unknown,661,0,unknown,unknown,unknown,deg,value_read,yes,pre_purge_valve,,[107],107,,,,0.0,,,,661.0,94.0,1,unknown,unknown
PART2-0015,2026-09-04,unknown,unknown,value_read,unknown,Timing advance,unknown,unknown,idle,warm,94,unknown,661,11.5,unknown,unknown,unknown,deg,value_read,yes,pre_purge_valve,,[107],107,,,,11.5,,,,661.0,94.0,1,unknown,unknown
PART2-0016,2026-09-04,unknown,unknown,value_read,unknown,Variable camshaft actual advance #1,unknown,unknown,idle,warm,94,unknown,661,rest position,unknown,unknown,unknown,deg,value_read,yes,pre_purge_valve,Assistant wrote 'cam advance at its rest position' with no number quoted in this message.,[107],107,,,,,,,,661.0,94.0,1,unknown,unknown
PART2-0017,2026-09-04,unknown,unknown,value_read,n/a,Throttle desired vs actual (difference),unknown,unknown,idle,warm,94,unknown,661,0.27,unknown,unknown,unknown,deg,value_read,yes,pre_purge_valve,"Assistant: 'throttle tracking its target within 0.27 deg'. Derived difference, not a raw channel.",[107],107,,,,0.27,,,,661.0,94.0,1,unknown,n/a
PART2-0018,2026-09-04,unknown,unknown,value_read,unknown,Catalyst temperature Bank 1 Sensor 1,unknown,unknown,idle,warm,94,unknown,661,458.9,unknown,unknown,unknown,degC,value_read,yes,pre_purge_valve,Quoted at [171] as the earlier reading; [165] quotes 458 degC without bank.,[171],171,2026-09-05 00:26:48,EX10,120.62,458.9,,,,661.0,94.0,1,pre_purge_valve,unknown
PART2-0019,2026-09-04,unknown,unknown,value_read,unknown,Catalyst temperature Bank 2 Sensor 1,unknown,unknown,idle,warm,94,unknown,661,458.9,unknown,unknown,unknown,degC,value_read,yes,pre_purge_valve,Identical to bank 1 in the same read.,[171],171,2026-09-05 00:26:48,EX10,120.62,458.9,,,,661.0,94.0,1,pre_purge_valve,unknown
PART2-0020,2026-09-04,unknown,unknown,value_read,unknown,Engine coolant temperature,unknown,unknown,idle,warm,94,unknown,661,94,unknown,unknown,unknown,degC,value_read,yes,pre_purge_valve,,[107],107,,,,94.0,,,,661.0,94.0,1,unknown,unknown
PART2-0021,2026-09-04,unknown,unknown,value_read,unknown,Control module voltage,unknown,unknown,idle,warm,94,unknown,661,13.76,unknown,unknown,unknown,V,value_read,yes,pre_purge_valve,"From the same full sensor scan, quoted back at [161] to contrast with the later 12.62 V.",[161],161,2026-09-04 23:59:17,EX08,93.1,13.76,,,,661.0,94.0,1,pre_purge_valve,unknown
PART2-0022,2026-09-04,unknown,unknown,value_read,unknown,OBD module voltage,unknown,unknown,idle,warm,94,unknown,661,14.0,unknown,unknown,unknown,V,value_read,yes,pre_purge_valve,Same scan.,[161],161,2026-09-04 23:59:17,EX08,93.1,14.0,,,,661.0,94.0,1,pre_purge_valve,unknown
PART2-0023,2026-09-04,unknown,unknown,value_read,unknown,Vehicle Battery Voltage,unknown,unknown,idle,warm,94,unknown,661,13.8,unknown,unknown,unknown,V,value_read,yes,pre_purge_valve,Same scan. [107] summarised this as 'charging 14V'.,[107];[161],107,2026-09-04 23:59:17,EX08,93.1,13.8,,,,661.0,94.0,1,pre_purge_valve,unknown
PART2-0024,2026-09-04,unknown,unknown,value_read,unknown,Battery state of charge,unknown,unknown,idle,warm,94,unknown,661,88,unknown,unknown,unknown,%,value_read,yes,pre_purge_valve,,[161],161,2026-09-04 23:59:17,EX08,93.1,88.0,,,,661.0,94.0,1,pre_purge_valve,unknown
PART2-0025,2026-09-04,unknown,unknown,value_read,unknown,Commanded evaporative purge,unknown,unknown,idle,warm,94,unknown,661,41,unknown,unknown,unknown,%,value_read,yes,pre_purge_valve,Warm idle. Broke the assumption in the idle-quality protocol that sealing the purge port changes nothing on a healthy engine.,[107],107,,,,41.0,,,,661.0,94.0,1,unknown,unknown
PART2-0026,2026-09-04,unknown,unknown,value_read,unknown,Ethanol fuel percent,unknown,unknown,idle,warm,94,unknown,661,16.08,unknown,unknown,unknown,%,value_read,yes,pre_purge_valve,Flex-fuel truck where ethanol content is inferred not sensed; Saudi pump fuel normally E0. Flagged for verification against a second tool.,[107],107,,,,16.08,,,,661.0,94.0,1,unknown,unknown
PART2-0027,2026-09-04,unknown,unknown,value_read,unknown,MAF air flow rate,unknown,unknown,idle,warm,94,unknown,661,2.93,unknown,unknown,unknown,g/s,value_read,yes,pre_purge_valve,At 661 rpm. Assistant called it low-normal for a 3.7.,[107],107,,,,2.93,,,,661.0,94.0,1,unknown,unknown
PART2-0028,2026-09-04,unknown,unknown,value_read,unknown,Engine RPM,unknown,unknown,idle,warm,94,unknown,661,661,unknown,unknown,unknown,rpm,value_read,yes,pre_purge_valve,Single snapshot from the value list.,[107],107,,,,661.0,,,,661.0,94.0,1,unknown,unknown
PART2-0029,2026-09-04,unknown,unknown,value_read,unknown,Right front tyre pressure,unknown,unknown,idle,warm,94,unknown,661,211.7,unknown,unknown,unknown,kPa,value_read,yes,pre_purge_valve,Door label is 241 kPa - about 4 psi low. Unrelated to the idle.,[107],107,,,,211.7,,,,661.0,94.0,1,unknown,unknown
PART2-0030,2026-09-04,unknown,unknown,value_read,unknown,A/C pressure,unknown,unknown,idle,warm,94,unknown,661,0,unknown,unknown,unknown,kPa,value_read,yes,pre_purge_valve,"Assistant judged this an unsupported PID rather than a fault, because the A/C cools properly.",[113],113,,,,0.0,,,,661.0,94.0,1,unknown,unknown
PART2-0031,2026-09-04,unknown,unknown,value_read,unknown,Manifold absolute pressure (high resolution),unknown,unknown,idle,warm,94,unknown,661,blank,unknown,unknown,unknown,kPa,value_read,yes,pre_purge_valve,Read blank on this vehicle - looks unsupported.,[122],122,,,,,,,,661.0,94.0,1,unknown,unknown
PART2-0032,2026-09-04,unknown,unknown,value_read,n/a,Distance since codes cleared,unknown,unknown,idle,warm,94,unknown,661,101,unknown,unknown,unknown,km,value_read,yes,pre_purge_valve,,[107],107,,,,101.0,,,,661.0,94.0,1,unknown,n/a
PART2-0033,2026-09-04,unknown,unknown,value_read,n/a,Warm-ups since codes cleared,unknown,unknown,idle,warm,94,unknown,661,3,unknown,unknown,unknown,count,value_read,yes,pre_purge_valve,,[107],107,,,,3.0,,,,661.0,94.0,1,unknown,n/a
PART2-0034,2026-09-04,unknown,16:50-17:02,graph_paired,Engine RPM,Engine RPM,unknown,unknown,idle,warm,unknown,on,unknown,unknown,622,690,68,rpm,unknown,unknown,pre_purge_valve,"One of six RPM windows. Assistant presented these as Min/Max per window; whether they came from the app's Min/Max fields or from the curve is not stated, so admissibility is unresolved. Assistant judged the single-sample drops to 621-626 to be ELM327 dropped frames, not engine events.",[109],109,2026-09-04 22:40:36,EX03,14.42,,622.0,690.0,68.0,,,0,pre_purge_valve,Engine RPM
PART2-0035,2026-09-04,unknown,17:05-17:15,graph_paired,Engine RPM,Engine RPM,unknown,unknown,idle,warm,unknown,on,unknown,unknown,625,701,76,rpm,unknown,unknown,pre_purge_valve,"One of six RPM windows. Assistant presented these as Min/Max per window; whether they came from the app's Min/Max fields or from the curve is not stated, so admissibility is unresolved. Assistant judged the single-sample drops to 621-626 to be ELM327 dropped frames, not engine events.",[109],109,2026-09-04 22:40:36,EX03,14.42,,625.0,701.0,76.0,,,0,pre_purge_valve,Engine RPM
PART2-0036,2026-09-04,unknown,17:15-17:28,graph_paired,Engine RPM,Engine RPM,unknown,unknown,idle,warm,unknown,on,unknown,unknown,634,698,64,rpm,unknown,unknown,pre_purge_valve,"One of six RPM windows. Assistant presented these as Min/Max per window; whether they came from the app's Min/Max fields or from the curve is not stated, so admissibility is unresolved. Assistant judged the single-sample drops to 621-626 to be ELM327 dropped frames, not engine events.",[109],109,2026-09-04 22:40:36,EX03,14.42,,634.0,698.0,64.0,,,0,pre_purge_valve,Engine RPM
PART2-0037,2026-09-04,unknown,17:32-17:45,graph_paired,Engine RPM,Engine RPM,unknown,unknown,idle,warm,unknown,on,unknown,unknown,621,702,81,rpm,unknown,unknown,pre_purge_valve,"One of six RPM windows. Assistant presented these as Min/Max per window; whether they came from the app's Min/Max fields or from the curve is not stated, so admissibility is unresolved. Assistant judged the single-sample drops to 621-626 to be ELM327 dropped frames, not engine events.",[109],109,2026-09-04 22:40:36,EX03,14.42,,621.0,702.0,81.0,,,0,pre_purge_valve,Engine RPM
PART2-0038,2026-09-04,unknown,17:45-17:58,graph_paired,Engine RPM,Engine RPM,unknown,unknown,idle,warm,unknown,on,unknown,unknown,622,697,75,rpm,unknown,unknown,pre_purge_valve,"One of six RPM windows. Assistant presented these as Min/Max per window; whether they came from the app's Min/Max fields or from the curve is not stated, so admissibility is unresolved. Assistant judged the single-sample drops to 621-626 to be ELM327 dropped frames, not engine events.",[109],109,2026-09-04 22:40:36,EX03,14.42,,622.0,697.0,75.0,,,0,pre_purge_valve,Engine RPM
PART2-0039,2026-09-04,unknown,18:00-18:12,graph_paired,Engine RPM,Engine RPM,unknown,unknown,idle,warm,unknown,on,unknown,unknown,626,704,78,rpm,unknown,unknown,pre_purge_valve,"One of six RPM windows. Assistant presented these as Min/Max per window; whether they came from the app's Min/Max fields or from the curve is not stated, so admissibility is unresolved. Assistant judged the single-sample drops to 621-626 to be ELM327 dropped frames, not engine events.",[109],109,2026-09-04 22:40:36,EX03,14.42,,626.0,704.0,78.0,,,0,pre_purge_valve,Engine RPM
PART2-0040,2026-09-04,unknown,16:50-18:12,graph_paired,Engine RPM,Engine RPM,unknown,unknown,idle,warm,unknown,on,unknown,unknown,638,668,30,rpm,curve_read,yes,pre_purge_valve,"Assistant's read of the body of the trace across the six A/C-ON windows, excluding the single-sample dropouts. Mean around 650-660.",[109],109,2026-09-04 22:40:36,EX03,14.42,,638.0,668.0,30.0,,,1,pre_purge_valve,Engine RPM
PART2-0041,2026-09-04,unknown,unknown,calculation,n/a,RPM oscillation period (A/C ON windows),unknown,unknown,idle,warm,unknown,on,unknown,4-5,unknown,unknown,unknown,minutes,curve_read,no,pre_purge_valve,"WITHDRAWN. Based on reading the graph x-axis as wall-clock. Owner corrected the timebase at [115]; screen is ~15 s wide, so the true period is ~2.5-4 s.",[109];[115];[117],109,2026-09-04 22:40:36,EX03,14.42,,,,,,,0,pre_purge_valve,n/a
PART2-0042,2026-09-04,unknown,unknown,calculation,n/a,OBD sample rate (assumed),unknown,unknown,idle,warm,unknown,on,unknown,0.3,unknown,unknown,unknown,Hz,curve_read,no,pre_purge_valve,WITHDRAWN with the timebase. Assistant estimated one sample every 2-4 s from the wrong axis width. Later measured at 5-8 samples/s (ping 55-92 ms) at [136].,[109];[136],109,2026-09-04 22:40:36,EX03,14.42,0.3,,,,,,0,pre_purge_valve,n/a
PART2-0043,2026-09-04,unknown,unknown,value_read,n/a,Ambient temperature,unknown,n/a,n/a,n/a,unknown,on,unknown,37,unknown,unknown,unknown,degC,unknown,unknown,pre_purge_valve,Stated by the assistant as the ambient during the A/C-ON traces. Source of the figure not given.,[109];[112],109,2026-09-04 22:40:36,EX03,14.42,37.0,,,,,,0,pre_purge_valve,n/a
PART2-0044,2026-09-04,unknown,unknown,graph_paired,Engine RPM,Engine RPM,unknown,unknown,idle,warm,unknown,off,unknown,unknown,unknown,unknown,37,rpm,unknown,unknown,pre_purge_valve,A/C OFF window 1 of 5. Only the span (max-min) was quoted. The 74 rpm window contains the deep dip described below.,[116],116,2026-09-04 22:44:06,EX03,17.92,,,,37.0,,,0,pre_purge_valve,Engine RPM
PART2-0045,2026-09-04,unknown,unknown,graph_paired,Engine RPM,Engine RPM,unknown,unknown,idle,warm,unknown,off,unknown,unknown,unknown,unknown,74,rpm,unknown,unknown,pre_purge_valve,A/C OFF window 2 of 5. Only the span (max-min) was quoted. The 74 rpm window contains the deep dip described below.,[116],116,2026-09-04 22:44:06,EX03,17.92,,,,74.0,,,0,pre_purge_valve,Engine RPM
PART2-0046,2026-09-04,unknown,unknown,graph_paired,Engine RPM,Engine RPM,unknown,unknown,idle,warm,unknown,off,unknown,unknown,unknown,unknown,38,rpm,unknown,unknown,pre_purge_valve,A/C OFF window 3 of 5. Only the span (max-min) was quoted. The 74 rpm window contains the deep dip described below.,[116],116,2026-09-04 22:44:06,EX03,17.92,,,,38.0,,,0,pre_purge_valve,Engine RPM
PART2-0047,2026-09-04,unknown,unknown,graph_paired,Engine RPM,Engine RPM,unknown,unknown,idle,warm,unknown,off,unknown,unknown,unknown,unknown,30,rpm,unknown,unknown,pre_purge_valve,A/C OFF window 4 of 5. Only the span (max-min) was quoted. The 74 rpm window contains the deep dip described below.,[116],116,2026-09-04 22:44:06,EX03,17.92,,,,30.0,,,0,pre_purge_valve,Engine RPM
PART2-0048,2026-09-04,unknown,unknown,graph_paired,Engine RPM,Engine RPM,unknown,unknown,idle,warm,unknown,off,unknown,unknown,unknown,unknown,53,rpm,unknown,unknown,pre_purge_valve,A/C OFF window 5 of 5. Only the span (max-min) was quoted. The 74 rpm window contains the deep dip described below.,[116],116,2026-09-04 22:44:06,EX03,17.92,,,,53.0,,,0,pre_purge_valve,Engine RPM
PART2-0049,2026-09-04,unknown,unknown,graph_paired,Engine RPM,Engine RPM,unknown,unknown,idle,warm,unknown,off,unknown,unknown,606,680,unknown,rpm,curve_read,yes,pre_purge_valve,"Real event in the second A/C-OFF trace: rpm dips to ~606-612, holds briefly, then recovers with an overshoot to 680. Has width, so not a dropped frame. One occurrence across five windows. Assistant's candidate cause: cooling fan engaging.",[116],116,2026-09-04 22:44:06,EX03,17.92,,606.0,680.0,,,,1,pre_purge_valve,Engine RPM
PART2-0050,2026-09-04,unknown,unknown,graph_paired,Engine RPM,Engine RPM,unknown,unknown,idle,warm,unknown,off,unknown,650,unknown,unknown,30-40,rpm,curve_read,yes,pre_purge_valve,Assistant's summary: bare idle sits in a 30-40 rpm band around 650.,[116],116,2026-09-04 22:44:06,EX03,17.92,650.0,,,,,,1,pre_purge_valve,Engine RPM
PART2-0051,2026-09-04,unknown,unknown,calculation,n/a,Idle hunt period,unknown,unknown,idle,warm,unknown,off,unknown,2.5-4,unknown,unknown,unknown,s,curve_read,yes,pre_purge_valve,Counting 4-6 peaks per ~15 s screen. Owner independently confirms the tachometer needle visibly breathes.,[117],117,,,,,,,,,,1,unknown,n/a
PART2-0052,2026-09-04,unknown,unknown,value_read,n/a,App clock vs phone clock,unknown,n/a,n/a,n/a,unknown,unknown,unknown,22:31 vs 10:31,unknown,unknown,unknown,clock,value_read,yes,pre_purge_valve,"Assistant noted the app clock read 22:31 while the phone read 10:31 - the same instant in 24 h and 12 h format, which is why the axis width could not be resolved from the screenshots alone.",[116],116,2026-09-04 22:44:06,EX03,17.92,,,,,,,1,pre_purge_valve,n/a
PART2-0053,2026-09-04,unknown,unknown,graph_paired,Engine RPM,Engine RPM,PART2-0054;PART2-0055;PART2-0056;PART2-0057;PART2-0058;PART2-0059;PART2-0060;PART2-0061;PART2-0062,unknown,idle,warm,unknown,unknown,653,653,unknown,unknown,40,rpm,curve_read,yes,pre_purge_valve,"Baseline across the eight Set A captures: average 653, oscillating 40 rpm at a 3.5-4 s period. Gridlines 5 s per owner.; A/C state not confirmed by owner; requested but never stated",[126],126,2026-09-04 23:02:45,EX04,36.57,653.0,,,40.0,653.0,,1,pre_purge_valve,Engine RPM
PART2-0054,2026-09-04,unknown,unknown,graph_paired,Short term fuel % trim - Bank 1,Short term fuel % trim - Bank 1,PART2-0053;PART2-0055;PART2-0056;PART2-0057;PART2-0058;PART2-0059;PART2-0060;PART2-0061;PART2-0062,unknown,idle,warm,unknown,unknown,653,unknown,-1.56,1.56,3.12,%,curve_read,yes,pre_purge_valve,"Quantised in 0.78 % steps (one LSB); never leaves the -1.56 to +1.56 band. Assistant initially read this as proof fuel control was eliminated - that conclusion was withdrawn at [157] because STFT is the correction, not the mixture.; A/C state not confirmed by owner; requested but never stated",[126],126,2026-09-04 23:02:45,EX04,36.57,,-1.56,1.56,3.12,653.0,,1,pre_purge_valve,Short term fuel % trim - Bank 1
PART2-0055,2026-09-04,unknown,unknown,graph_paired,Short term fuel % trim - Bank 1,Short term fuel % trim - Bank 1,PART2-0053;PART2-0054;PART2-0056;PART2-0057;PART2-0058;PART2-0059;PART2-0060;PART2-0061;PART2-0062,unknown,idle,warm,unknown,unknown,unknown,-0.92,unknown,unknown,unknown,%,app_minmaxavg,no,pre_purge_valve,"App Avg field, capture 1 of 8. Session-cumulative, not per-window - inadmissible. Assistant read the consistently negative sign as a possible fuel-vapour signature at [126] and withdrew that at [128].; A/C state not confirmed by owner; requested but never stated",[126],126,2026-09-04 23:02:45,EX04,36.57,-0.92,,,,,,0,pre_purge_valve,Short term fuel % trim - Bank 1
PART2-0056,2026-09-04,unknown,unknown,graph_paired,Short term fuel % trim - Bank 1,Short term fuel % trim - Bank 1,PART2-0053;PART2-0054;PART2-0055;PART2-0057;PART2-0058;PART2-0059;PART2-0060;PART2-0061;PART2-0062,unknown,idle,warm,unknown,unknown,unknown,-0.44,unknown,unknown,unknown,%,app_minmaxavg,no,pre_purge_valve,"App Avg field, capture 2 of 8. Session-cumulative, not per-window - inadmissible. Assistant read the consistently negative sign as a possible fuel-vapour signature at [126] and withdrew that at [128].; A/C state not confirmed by owner; requested but never stated",[126],126,2026-09-04 23:02:45,EX04,36.57,-0.44,,,,,,0,pre_purge_valve,Short term fuel % trim - Bank 1
PART2-0057,2026-09-04,unknown,unknown,graph_paired,Short term fuel % trim - Bank 1,Short term fuel % trim - Bank 1,PART2-0053;PART2-0054;PART2-0055;PART2-0056;PART2-0058;PART2-0059;PART2-0060;PART2-0061;PART2-0062,unknown,idle,warm,unknown,unknown,unknown,-0.17,unknown,unknown,unknown,%,app_minmaxavg,no,pre_purge_valve,"App Avg field, capture 3 of 8. Session-cumulative, not per-window - inadmissible. Assistant read the consistently negative sign as a possible fuel-vapour signature at [126] and withdrew that at [128].; A/C state not confirmed by owner; requested but never stated",[126],126,2026-09-04 23:02:45,EX04,36.57,-0.17,,,,,,0,pre_purge_valve,Short term fuel % trim - Bank 1
PART2-0058,2026-09-04,unknown,unknown,graph_paired,Short term fuel % trim - Bank 1,Short term fuel % trim - Bank 1,PART2-0053;PART2-0054;PART2-0055;PART2-0056;PART2-0057;PART2-0059;PART2-0060;PART2-0061;PART2-0062,unknown,idle,warm,unknown,unknown,unknown,-0.39,unknown,unknown,unknown,%,app_minmaxavg,no,pre_purge_valve,"App Avg field, capture 4 of 8. Session-cumulative, not per-window - inadmissible. Assistant read the consistently negative sign as a possible fuel-vapour signature at [126] and withdrew that at [128].; A/C state not confirmed by owner; requested but never stated",[126],126,2026-09-04 23:02:45,EX04,36.57,-0.39,,,,,,0,pre_purge_valve,Short term fuel % trim - Bank 1
PART2-0059,2026-09-04,unknown,unknown,graph_paired,Short term fuel % trim - Bank 1,Short term fuel % trim - Bank 1,PART2-0053;PART2-0054;PART2-0055;PART2-0056;PART2-0057;PART2-0058;PART2-0060;PART2-0061;PART2-0062,unknown,idle,warm,unknown,unknown,unknown,-0.34,unknown,unknown,unknown,%,app_minmaxavg,no,pre_purge_valve,"App Avg field, capture 5 of 8. Session-cumulative, not per-window - inadmissible. Assistant read the consistently negative sign as a possible fuel-vapour signature at [126] and withdrew that at [128].; A/C state not confirmed by owner; requested but never stated",[126],126,2026-09-04 23:02:45,EX04,36.57,-0.34,,,,,,0,pre_purge_valve,Short term fuel % trim - Bank 1
PART2-0060,2026-09-04,unknown,unknown,graph_paired,Short term fuel % trim - Bank 1,Short term fuel % trim - Bank 1,PART2-0053;PART2-0054;PART2-0055;PART2-0056;PART2-0057;PART2-0058;PART2-0059;PART2-0061;PART2-0062,unknown,idle,warm,unknown,unknown,unknown,-0.25,unknown,unknown,unknown,%,app_minmaxavg,no,pre_purge_valve,"App Avg field, capture 6 of 8. Session-cumulative, not per-window - inadmissible. Assistant read the consistently negative sign as a possible fuel-vapour signature at [126] and withdrew that at [128].; A/C state not confirmed by owner; requested but never stated",[126],126,2026-09-04 23:02:45,EX04,36.57,-0.25,,,,,,0,pre_purge_valve,Short term fuel % trim - Bank 1
PART2-0061,2026-09-04,unknown,unknown,graph_paired,Short term fuel % trim - Bank 1,Short term fuel % trim - Bank 1,PART2-0053;PART2-0054;PART2-0055;PART2-0056;PART2-0057;PART2-0058;PART2-0059;PART2-0060;PART2-0062,unknown,idle,warm,unknown,unknown,unknown,-0.61,unknown,unknown,unknown,%,app_minmaxavg,no,pre_purge_valve,"App Avg field, capture 7 of 8. Session-cumulative, not per-window - inadmissible. Assistant read the consistently negative sign as a possible fuel-vapour signature at [126] and withdrew that at [128].; A/C state not confirmed by owner; requested but never stated",[126],126,2026-09-04 23:02:45,EX04,36.57,-0.61,,,,,,0,pre_purge_valve,Short term fuel % trim - Bank 1
PART2-0062,2026-09-04,unknown,unknown,graph_paired,Short term fuel % trim - Bank 1,Short term fuel % trim - Bank 1,PART2-0053;PART2-0054;PART2-0055;PART2-0056;PART2-0057;PART2-0058;PART2-0059;PART2-0060;PART2-0061,unknown,idle,warm,unknown,unknown,unknown,-0.47,unknown,unknown,unknown,%,app_minmaxavg,no,pre_purge_valve,"App Avg field, capture 8 of 8. Session-cumulative, not per-window - inadmissible. Assistant read the consistently negative sign as a possible fuel-vapour signature at [126] and withdrew that at [128].; A/C state not confirmed by owner; requested but never stated",[126],126,2026-09-04 23:02:45,EX04,36.57,-0.47,,,,,,0,pre_purge_valve,Short term fuel % trim - Bank 1
PART2-0063,2026-09-04,unknown,unknown,graph_paired,Commanded evaporative purge,Commanded evaporative purge,PART2-0064;PART2-0065;PART2-0066;PART2-0067;PART2-0068;PART2-0069,unknown,idle,warm,unknown,unknown,unknown,40.78,40.00,40.78,0.78,%,curve_read,yes,pre_purge_valve,"Flat, stepping down one LSB at a time over about two minutes: 40.78 -> 40.39 -> 40.30 -> 40.00. Steps 0.39 % apart (255-step PID). A slow drift, not a cycle.; A/C state not confirmed by owner; requested but never stated",[128],128,2026-09-04 23:09:21,EX05,43.17,40.78,40.0,40.78,0.78,,,1,pre_purge_valve,Commanded evaporative purge
PART2-0064,2026-09-04,unknown,unknown,graph_paired,Engine RPM,Engine RPM,PART2-0063;PART2-0065;PART2-0066;PART2-0067;PART2-0068;PART2-0069,unknown,idle,warm,unknown,unknown,unknown,650,unknown,unknown,24-34,rpm,curve_read,yes,pre_purge_valve,"Band 24-34 rpm, i.e. +/-12-17 rpm around 650, on a ~3 s rhythm. Tighter than the ~40 rpm measured in Set A. Assistant flagged this as sitting right on the tool's own 30 rpm p2p hunt threshold.; A/C state not confirmed by owner; requested but never stated",[128],128,2026-09-04 23:09:21,EX05,43.17,650.0,,,,,,1,pre_purge_valve,Engine RPM
PART2-0065,2026-09-04,unknown,unknown,graph_paired,Commanded evaporative purge,Commanded evaporative purge,PART2-0063;PART2-0064;PART2-0066;PART2-0067;PART2-0068;PART2-0069,unknown,idle,warm,unknown,unknown,unknown,40.78,40.78,40.78,unknown,%,app_minmaxavg,no,pre_purge_valve,"App Min/Avg/Max readout under purge graph 1 of 5 quoted. Session-cumulative - inadmissible. Max is 40.78 on all eight purge graphs, so the owner's suspected jump to 47 does not exist.; A/C state not confirmed by owner; requested but never stated",[131],131,,,,40.78,40.78,40.78,,,,0,unknown,Commanded evaporative purge
PART2-0066,2026-09-04,unknown,unknown,graph_paired,Commanded evaporative purge,Commanded evaporative purge,PART2-0063;PART2-0064;PART2-0065;PART2-0067;PART2-0068;PART2-0069,unknown,idle,warm,unknown,unknown,unknown,40.78,40.39,40.78,unknown,%,app_minmaxavg,no,pre_purge_valve,"App Min/Avg/Max readout under purge graph 2 of 5 quoted. Session-cumulative - inadmissible. Max is 40.78 on all eight purge graphs, so the owner's suspected jump to 47 does not exist.; A/C state not confirmed by owner; requested but never stated",[131],131,,,,40.78,40.39,40.78,,,,0,unknown,Commanded evaporative purge
PART2-0067,2026-09-04,unknown,unknown,graph_paired,Commanded evaporative purge,Commanded evaporative purge,PART2-0063;PART2-0064;PART2-0065;PART2-0066;PART2-0068;PART2-0069,unknown,idle,warm,unknown,unknown,unknown,40.56,40.39,40.78,unknown,%,app_minmaxavg,no,pre_purge_valve,"App Min/Avg/Max readout under purge graph 3 of 5 quoted. Session-cumulative - inadmissible. Max is 40.78 on all eight purge graphs, so the owner's suspected jump to 47 does not exist.; A/C state not confirmed by owner; requested but never stated",[131],131,,,,40.56,40.39,40.78,,,,0,unknown,Commanded evaporative purge
PART2-0068,2026-09-04,unknown,unknown,graph_paired,Commanded evaporative purge,Commanded evaporative purge,PART2-0063;PART2-0064;PART2-0065;PART2-0066;PART2-0067;PART2-0069,unknown,idle,warm,unknown,unknown,unknown,40.30,40.00,40.78,unknown,%,app_minmaxavg,no,pre_purge_valve,"App Min/Avg/Max readout under purge graph 4 of 5 quoted. Session-cumulative - inadmissible. Max is 40.78 on all eight purge graphs, so the owner's suspected jump to 47 does not exist.; A/C state not confirmed by owner; requested but never stated",[131],131,,,,40.3,40.0,40.78,,,,0,unknown,Commanded evaporative purge
PART2-0069,2026-09-04,unknown,unknown,graph_paired,Commanded evaporative purge,Commanded evaporative purge,PART2-0063;PART2-0064;PART2-0065;PART2-0066;PART2-0067;PART2-0068,unknown,idle,warm,unknown,unknown,unknown,40.00,40.00,40.00,unknown,%,app_minmaxavg,no,pre_purge_valve,"App Min/Avg/Max readout under purge graph 5 of 5 quoted. Session-cumulative - inadmissible. Max is 40.78 on all eight purge graphs, so the owner's suspected jump to 47 does not exist.; A/C state not confirmed by owner; requested but never stated",[131],131,,,,40.0,40.0,40.0,,,,0,unknown,Commanded evaporative purge
PART2-0070,2026-09-04,unknown,45:35,graph_paired,Commanded evaporative purge,Commanded evaporative purge,unknown,unknown,idle,warm,unknown,unknown,unknown,unknown,unknown,unknown,unknown,%,curve_read,yes,pre_purge_valve,"Graph-clock label read off the time axis, recorded because the owner mistook axis labels 47:15/47:20/47:25 for a purge value of 47 %.; A/C state not confirmed by owner; requested but never stated",[131],131,,,,,,,,,,1,unknown,Commanded evaporative purge
PART2-0071,2026-09-04,unknown,46:20,graph_paired,Commanded evaporative purge,Commanded evaporative purge,unknown,unknown,idle,warm,unknown,unknown,unknown,unknown,unknown,unknown,unknown,%,curve_read,yes,pre_purge_valve,Graph-clock label.; A/C state not confirmed by owner; requested but never stated,[131],131,,,,,,,,,,1,unknown,Commanded evaporative purge
PART2-0072,2026-09-04,unknown,47:15-47:25,graph_paired,Commanded evaporative purge,Commanded evaporative purge,unknown,unknown,idle,warm,unknown,unknown,unknown,unknown,unknown,unknown,unknown,%,curve_read,yes,pre_purge_valve,"Graph-clock labels 47:15 / 47:20 / 47:25 - the mm:ss time axis, not purge percentages.; A/C state not confirmed by owner; requested but never stated",[131],131,,,,,,,,,,1,unknown,Commanded evaporative purge
PART2-0073,2026-09-04,unknown,unknown,graph_paired,Commanded evaporative purge,Commanded evaporative purge,unknown,unknown,idle,warm,unknown,unknown,unknown,unknown,40.40,40.78,0.38,%,curve_read,yes,pre_purge_valve,"Y-AXIS RANGE of the purge graph in the [132] screenshots: top 40.78, bottom 40.40. Full-height spikes are the value flicking between the adjacent codes 40.39 and 40.78 - rounding noise on a flat signal, not a 47 % jump.; A/C state not confirmed by owner; requested but never stated",[133],133,2026-09-04 23:10:20,EX05,44.15,,40.4,40.78,0.38,,,1,pre_purge_valve,Commanded evaporative purge
PART2-0074,2026-09-04,unknown,unknown,graph_paired,Engine RPM,Engine RPM,unknown,unknown,idle,warm,unknown,unknown,unknown,unknown,618,703,85,rpm,curve_read,yes,pre_purge_valve,"Y-AXIS RANGE of the rpm graph in the same screenshots: 618 to 703. The trace genuinely fills about a third of it, so the rpm oscillation is real where the purge flicker is not.; A/C state not confirmed by owner; requested but never stated",[133],133,2026-09-04 23:10:20,EX05,44.15,,618.0,703.0,85.0,,,1,pre_purge_valve,Engine RPM
PART2-0075,2026-09-04,unknown,unknown,graph_paired,Engine RPM,Engine RPM,unknown,unknown,idle,warm,unknown,unknown,unknown,652.75,617,703,86,rpm,app_minmaxavg,no,pre_purge_valve,App Min/Avg/Max fields. Assistant's own proof that they are session-cumulative: Min 617 / Max 703 identical on every screenshot while Avg only creeps 652.75 -> 652.66. Owner's instruction at [135]: never rely on these.; A/C state not confirmed by owner; requested but never stated,[136],136,,,,652.75,617.0,703.0,86.0,,,0,unknown,Engine RPM
PART2-0076,2026-09-04,unknown,unknown,graph_paired,Engine RPM,Engine RPM,unknown,unknown,idle,warm,unknown,unknown,unknown,652.66,617,703,86,rpm,app_minmaxavg,no,pre_purge_valve,Second Avg value quoted from the same session-cumulative field.; A/C state not confirmed by owner; requested but never stated,[136],136,,,,652.66,617.0,703.0,86.0,,,0,unknown,Engine RPM
PART2-0077,2026-09-04,unknown,unknown,calculation,Engine RPM,Engine RPM,unknown,unknown,idle,warm,unknown,unknown,unknown,unknown,unknown,unknown,8-12,rpm,curve_read,yes,pre_purge_valve,"Fast ripple component identified in the waveform: period roughly 1-1.5 s, amplitude 8-12 rpm, continuous through every window.; A/C state not confirmed by owner; requested but never stated",[136],136,,,,,,,,,,1,unknown,Engine RPM
PART2-0078,2026-09-04,unknown,unknown,calculation,Engine RPM,Engine RPM,unknown,unknown,idle,warm,unknown,unknown,unknown,unknown,unknown,unknown,20-25,rpm,curve_read,yes,pre_purge_valve,"Slower envelope the fast ripple rides on: period roughly 4-6 s, amplitude 20-25 rpm. Shape asymmetric - ragged stepped rises, steeper cleaner falls.; A/C state not confirmed by owner; requested but never stated",[136],136,,,,,,,,,,1,unknown,Engine RPM
PART2-0079,2026-09-04,unknown,unknown,calculation,n/a,Adapter sample rate,unknown,n/a,n/a,n/a,unknown,unknown,unknown,5-8,unknown,unknown,unknown,samples/s,curve_read,yes,pre_purge_valve,Estimated from ping 55-92 ms with two PIDs on the bus. Resolves the 1-1.5 s ripple; anything faster than ~0.3 s is invisible.,[136],136,,,,,,,,,,1,unknown,n/a
PART2-0080,2026-09-04,unknown,54:47-55:02,graph_paired,Throttle Position Actually,Throttle Position Actually,PART2-0081,unknown,idle,warm,unknown,unknown,unknown,7.15,unknown,unknown,unknown,deg,curve_read,yes,pre_purge_valve,"Dead flat, min = max, on a WIDE axis 6.20-8.15 deg (no zoom artifact). Window 1 of 4 convincing windows out of 10 screenshots.; A/C state not confirmed by owner; requested but never stated",[138],138,2026-09-04 23:17:31,EX06,51.33,7.15,,,,,,1,pre_purge_valve,Throttle Position Actually
PART2-0081,2026-09-04,unknown,54:47-55:02,graph_paired,Engine RPM,Engine RPM,PART2-0080,unknown,idle,warm,unknown,unknown,unknown,unknown,638,668,30,rpm,curve_read,yes,pre_purge_valve,Same window as the flat throttle trace. Engine speed swings while the plate holds still to hundredths of a degree.; A/C state not confirmed by owner; requested but never stated,[138],138,2026-09-04 23:17:31,EX06,51.33,,638.0,668.0,30.0,,,1,pre_purge_valve,Engine RPM
PART2-0082,2026-09-04,unknown,54:26-54:41,graph_paired,Throttle Position Actually,Throttle Position Actually,PART2-0083,unknown,idle,warm,unknown,unknown,unknown,7.18,unknown,unknown,unknown,deg,curve_read,yes,pre_purge_valve,"Dead flat, min = max, on a WIDE axis 6.20-8.18 deg (no zoom artifact). Window 2 of 4 convincing windows out of 10 screenshots.; A/C state not confirmed by owner; requested but never stated",[138],138,2026-09-04 23:17:31,EX06,51.33,7.18,,,,,,1,pre_purge_valve,Throttle Position Actually
PART2-0083,2026-09-04,unknown,54:26-54:41,graph_paired,Engine RPM,Engine RPM,PART2-0082,unknown,idle,warm,unknown,unknown,unknown,unknown,635,675,40,rpm,curve_read,yes,pre_purge_valve,Same window as the flat throttle trace. Engine speed swings while the plate holds still to hundredths of a degree.; A/C state not confirmed by owner; requested but never stated,[138],138,2026-09-04 23:17:31,EX06,51.33,,635.0,675.0,40.0,,,1,pre_purge_valve,Engine RPM
PART2-0084,2026-09-04,unknown,54:17-54:32,graph_paired,Throttle Position Actually,Throttle Position Actually,PART2-0085,unknown,idle,warm,unknown,unknown,unknown,7.18,unknown,unknown,unknown,deg,curve_read,yes,pre_purge_valve,"Dead flat, min = max, on a WIDE axis 6.20-8.18 deg (no zoom artifact). Window 3 of 4 convincing windows out of 10 screenshots.; A/C state not confirmed by owner; requested but never stated",[138],138,2026-09-04 23:17:31,EX06,51.33,7.18,,,,,,1,pre_purge_valve,Throttle Position Actually
PART2-0085,2026-09-04,unknown,54:17-54:32,graph_paired,Engine RPM,Engine RPM,PART2-0084,unknown,idle,warm,unknown,unknown,unknown,unknown,635,675,40,rpm,curve_read,yes,pre_purge_valve,Same window as the flat throttle trace. Engine speed swings while the plate holds still to hundredths of a degree.; A/C state not confirmed by owner; requested but never stated,[138],138,2026-09-04 23:17:31,EX06,51.33,,635.0,675.0,40.0,,,1,pre_purge_valve,Engine RPM
PART2-0086,2026-09-04,unknown,53:43-53:58,graph_paired,Throttle Position Actually,Throttle Position Actually,PART2-0087,unknown,idle,warm,unknown,unknown,unknown,7.24,unknown,unknown,unknown,deg,curve_read,yes,pre_purge_valve,"Dead flat, min = max, on a WIDE axis 6.25-8.24 deg (no zoom artifact). Window 4 of 4 convincing windows out of 10 screenshots.; A/C state not confirmed by owner; requested but never stated",[138],138,2026-09-04 23:17:31,EX06,51.33,7.24,,,,,,1,pre_purge_valve,Throttle Position Actually
PART2-0087,2026-09-04,unknown,53:43-53:58,graph_paired,Engine RPM,Engine RPM,PART2-0086,unknown,idle,warm,unknown,unknown,unknown,unknown,634,670,36,rpm,curve_read,yes,pre_purge_valve,Same window as the flat throttle trace. Engine speed swings while the plate holds still to hundredths of a degree.; A/C state not confirmed by owner; requested but never stated,[138],138,2026-09-04 23:17:31,EX06,51.33,,634.0,670.0,36.0,,,1,pre_purge_valve,Engine RPM
PART2-0088,2026-09-04,unknown,unknown,graph_paired,Throttle Position Actually,Throttle Position Actually,unknown,unknown,idle,warm,unknown,unknown,unknown,unknown,7.56,7.67,0.11,deg,curve_read,yes,pre_purge_valve,"The windows that LOOK like throttle movement: 7.67 -> 7.65 -> 7.59 -> 7.56 on axes spanning only 0.1-0.2 deg. Monotonic step-down drift in one direction, never an oscillation - the same auto-scale trap as the purge graph.; A/C state not confirmed by owner; requested but never stated",[138],138,2026-09-04 23:17:31,EX06,51.33,,7.56,7.67,0.11,,,1,pre_purge_valve,Throttle Position Actually
PART2-0089,2026-09-04,unknown,55:14,graph_paired,Throttle Position Actually,Throttle Position Actually,PART2-0090,unknown,idle,warm,unknown,unknown,unknown,22.68,unknown,unknown,unknown,deg,curve_read,yes,pre_purge_valve,Deliberate throttle blip by the owner.; A/C state not confirmed by owner; requested but never stated,[138],138,2026-09-04 23:17:31,EX06,51.33,22.68,,,,,,1,pre_purge_valve,Throttle Position Actually
PART2-0090,2026-09-04,unknown,55:14,graph_paired,Engine RPM,Engine RPM,PART2-0089,unknown,idle,warm,unknown,unknown,unknown,705,630,705,75,rpm,curve_read,yes,pre_purge_valve,"Response to the blip: rpm to 705, then undershoot to 630 before settling. Governor slightly underdamped but catches and settles cleanly.; A/C state not confirmed by owner; requested but never stated",[138],138,2026-09-04 23:17:31,EX06,51.33,705.0,630.0,705.0,75.0,,,1,pre_purge_valve,Engine RPM
PART2-0091,2026-09-04,unknown,unknown,graph_paired,Timing advance,Timing advance,unknown,unknown,idle,warm,unknown,unknown,unknown,unknown,10,13.5,3.5,deg,curve_read,yes,pre_purge_valve,"Oscillates continuously in rhythm with rpm. Axis spans 9.5-13.5 in most of the 7 windows - a real 3-4 degree range, not a zoom artifact.; A/C state not confirmed by owner; requested but never stated",[140],140,2026-09-04 23:22:16,EX06,56.08,,10.0,13.5,3.5,,,1,pre_purge_valve,Timing advance
PART2-0092,2026-09-04,unknown,59:49,graph_paired,Timing advance,Timing advance,PART2-0093,unknown,idle,warm,unknown,unknown,unknown,6,unknown,unknown,unknown,deg,curve_read,yes,pre_purge_valve,Transient: with rpm surging to 723 the PCM slammed timing down to 6 deg.; A/C state not confirmed by owner; requested but never stated,[140],140,2026-09-04 23:22:16,EX06,56.08,6.0,,,,,,1,pre_purge_valve,Timing advance
PART2-0093,2026-09-04,unknown,59:49,graph_paired,Engine RPM,Engine RPM,PART2-0092,unknown,idle,warm,unknown,unknown,unknown,723,unknown,unknown,unknown,rpm,curve_read,yes,pre_purge_valve,Surge during the same transient.; A/C state not confirmed by owner; requested but never stated,[140],140,2026-09-04 23:22:16,EX06,56.08,723.0,,,,,,1,pre_purge_valve,Engine RPM
PART2-0094,2026-09-04,unknown,59:49,graph_paired,Timing advance,Timing advance,PART2-0095,unknown,idle,warm,unknown,unknown,unknown,15,unknown,unknown,unknown,deg,curve_read,yes,pre_purge_valve,"Second half of the transient: rpm fell to 614 and timing jumped to 15 deg. Textbook governor action - retard to kill torque, advance to add it.; A/C state not confirmed by owner; requested but never stated",[140],140,2026-09-04 23:22:16,EX06,56.08,15.0,,,,,,1,pre_purge_valve,Timing advance
PART2-0095,2026-09-04,unknown,59:49,graph_paired,Engine RPM,Engine RPM,PART2-0094,unknown,idle,warm,unknown,unknown,unknown,614,unknown,unknown,unknown,rpm,curve_read,yes,pre_purge_valve,Fall during the same transient.; A/C state not confirmed by owner; requested but never stated,[140],140,2026-09-04 23:22:16,EX06,56.08,614.0,,,,,,1,pre_purge_valve,Engine RPM
PART2-0096,2026-09-04,unknown,unknown,calculation,n/a,Frequency - Firing events,unknown,unknown,idle,warm,unknown,unknown,650,33,unknown,unknown,unknown,Hz,curve_read,yes,pre_purge_valve,"Arithmetic at 650 rpm, used by the assistant to argue nothing rotating moves at 0.28 Hz. That argument was later narrowed at [143] - it holds for rotating parts but not for actuated or fluttering components.; A/C state not confirmed by owner; requested but never stated",[140];[143],140,2026-09-04 23:22:16,EX06,56.08,33.0,,,,650.0,,1,pre_purge_valve,n/a
PART2-0097,2026-09-04,unknown,unknown,calculation,n/a,Frequency - Crankshaft rotation,unknown,unknown,idle,warm,unknown,unknown,650,11,unknown,unknown,unknown,Hz,curve_read,yes,pre_purge_valve,"Arithmetic at 650 rpm, used by the assistant to argue nothing rotating moves at 0.28 Hz. That argument was later narrowed at [143] - it holds for rotating parts but not for actuated or fluttering components.; A/C state not confirmed by owner; requested but never stated",[140];[143],140,2026-09-04 23:22:16,EX06,56.08,11.0,,,,650.0,,1,pre_purge_valve,n/a
PART2-0098,2026-09-04,unknown,unknown,calculation,n/a,Frequency - Camshaft rotation,unknown,unknown,idle,warm,unknown,unknown,650,5.5,unknown,unknown,unknown,Hz,curve_read,yes,pre_purge_valve,"Arithmetic at 650 rpm, used by the assistant to argue nothing rotating moves at 0.28 Hz. That argument was later narrowed at [143] - it holds for rotating parts but not for actuated or fluttering components.; A/C state not confirmed by owner; requested but never stated",[140];[143],140,2026-09-04 23:22:16,EX06,56.08,5.5,,,,650.0,,1,pre_purge_valve,n/a
PART2-0099,2026-09-04,unknown,unknown,calculation,n/a,Frequency - Observed idle oscillation,unknown,unknown,idle,warm,unknown,unknown,650,0.28,unknown,unknown,unknown,Hz,curve_read,yes,pre_purge_valve,"Arithmetic at 650 rpm, used by the assistant to argue nothing rotating moves at 0.28 Hz. That argument was later narrowed at [143] - it holds for rotating parts but not for actuated or fluttering components.; A/C state not confirmed by owner; requested but never stated",[140];[143],140,2026-09-04 23:22:16,EX06,56.08,0.28,,,,650.0,,1,pre_purge_valve,n/a
PART2-0100,2026-09-04,unknown,unknown,graph_paired,Variable camshaft actual advance #1,Variable camshaft actual advance #1,unknown,unknown,idle,warm,unknown,unknown,unknown,unknown,-0.06,0.00,0.06,deg,curve_read,yes,pre_purge_valve,"Axis spans six hundredths of a degree; the two values are adjacent quantisation steps, and the dense vertical lines are the same auto-scale artifact as the purge graph. Phaser parked. Intake bank 1 only - one of four phasers.; A/C state not confirmed by owner; requested but never stated",[145],145,2026-09-04 23:34:18,EX07,68.12,,-0.06,0.0,0.06,,,1,pre_purge_valve,Variable camshaft actual advance #1
PART2-0101,2026-09-04,unknown,unknown,graph_paired,MAF air flow rate,MAF air flow rate,PART2-0102,unknown,idle,warm,unknown,unknown,unknown,3.01,unknown,unknown,0.05,g/s,curve_read,yes,pre_purge_valve,"Trace varies about 0.05 g/s, roughly 1.7 %, essentially flat. Graph AXIS range was 2.97-3.08 g/s - that is the axis, not the trace, and the trace min/max were never stated. Axis range 2.97-3.08. MAF varies about 0.05 g/s, roughly 1.7 %, essentially flat. Assistant flagged 3.0 g/s at 650 rpm as low-side of expectation (guessed 5-6) and queued a MAF linearity check at 1300-1500 rpm.; A/C state not confirmed by owner; requested but never stated",[151],151,2026-09-04 23:42:37,EX08,76.43,3.01,,,0.05,,,1,pre_purge_valve,MAF air flow rate
PART2-0102,2026-09-04,unknown,unknown,graph_paired,Engine RPM,Engine RPM,PART2-0101,unknown,idle,warm,unknown,unknown,unknown,unknown,unknown,unknown,5.4,% of rpm,curve_read,yes,pre_purge_valve,RPM swings 5.4 % in the same windows while MAF varies 1.7 %.; A/C state not confirmed by owner; requested but never stated,[151],151,2026-09-04 23:42:37,EX08,76.43,,,,5.4,,,1,pre_purge_valve,Engine RPM
PART2-0103,2026-09-04,unknown,unknown,graph_paired,Commanded throttle actuator,Commanded throttle actuator,PART2-0104;PART2-0105,unknown,idle,warm,unknown,unknown,unknown,1.57,unknown,unknown,unknown,%,curve_read,yes,pre_purge_valve,"Flat, min = max, on a wide axis 0.6-2.57 %.; A/C state not confirmed by owner; requested but never stated",[153],153,2026-09-04 23:47:51,EX08,81.67,1.57,,,,,,1,pre_purge_valve,Commanded throttle actuator
PART2-0104,2026-09-04,unknown,unknown,graph_paired,Commanded throttle actuator,Commanded throttle actuator,PART2-0103;PART2-0105,unknown,idle,warm,unknown,unknown,unknown,1.18,unknown,unknown,unknown,%,curve_read,yes,pre_purge_valve,"Later in the same set the command steps once to 1.18 % and holds, min = max again. 1.57 and 1.18 are exactly one LSB apart (0.392 % resolution) - a single slow drift step, not oscillation. Mirrors the actual throttle drift 7.24 -> 7.15 deg.; A/C state not confirmed by owner; requested but never stated",[153],153,2026-09-04 23:47:51,EX08,81.67,1.18,,,,,,1,pre_purge_valve,Commanded throttle actuator
PART2-0105,2026-09-04,unknown,unknown,graph_paired,Engine RPM,Engine RPM,PART2-0103;PART2-0104,unknown,idle,warm,unknown,unknown,unknown,unknown,623,674,51,rpm,curve_read,yes,pre_purge_valve,"Assistant called this the clearest rpm trace yet: very regular oscillation, period about 3.5-4 s.; A/C state not confirmed by owner; requested but never stated",[153],153,2026-09-04 23:47:51,EX08,81.67,,623.0,674.0,51.0,,,1,pre_purge_valve,Engine RPM
PART2-0106,2026-09-04,unknown,unknown,graph_paired,Calculated engine load value,Calculated engine load value,unknown,unknown,idle,warm,unknown,unknown,unknown,28,unknown,unknown,1,%,curve_read,yes,pre_purge_valve,"Oscillates with rpm at the same ~3.5 s period, amplitude about 1 percentage point on ~28 %, toggling across 2-3 LSBs (0.39 % steps). Not an independent witness - calculated load is PCM arithmetic on MAF, rpm, baro and IAT, so with MAF constant and rpm swinging it must swing.; A/C state not confirmed by owner; requested but never stated",[155],155,2026-09-04 23:51:06,EX08,84.92,28.0,,,1.0,,,1,pre_purge_valve,Calculated engine load value
PART2-0107,2026-09-04,unknown,unknown,graph_paired,Lambda,Lambda,PART2-0108,unknown,idle,warm,unknown,unknown,unknown,unknown,0.98,1.02,0.04,lambda,curve_read,yes,pre_purge_valve,"Clean smooth large sine waves filling the axis - not rounding steps. A +/-2 % mixture swing at a ~3.4 s period, the same period as the rpm. Overturned the earlier 'fuel control eliminated' claim.; A/C state not confirmed by owner; requested but never stated",[157],157,2026-09-04 23:54:28,EX08,88.28,,0.98,1.02,0.04,,,1,pre_purge_valve,Lambda
PART2-0108,2026-09-04,unknown,unknown,graph_paired,Air:fuel ratio,Air:fuel ratio,PART2-0107,unknown,idle,warm,unknown,unknown,unknown,unknown,14.37,14.97,0.60,AFR,curve_read,yes,pre_purge_valve,Same swing expressed as AFR. 11 screenshots covering both lambda and air:fuel.; A/C state not confirmed by owner; requested but never stated,[157],157,2026-09-04 23:54:28,EX08,88.28,,14.37,14.97,0.6,,,1,pre_purge_valve,Air:fuel ratio
PART2-0109,2026-09-04,unknown,unknown,graph_paired,ECU voltage,ECU voltage,unknown,unknown,idle,warm,unknown,unknown,unknown,12.62,12.39,12.82,0.43,V,unknown,unknown,pre_purge_valve,"Assistant quoted 'Min 12.39, max 12.82, average 12.62-12.67 across all four captures' - source field vs curve not stated. Engine running. Contrasts with 13.76/14.0/13.8 V earlier in the same session. Trace swings 0.43 V p2p with rapid irregular spikes, about 3.4 % of 12.6 V.; A/C state not confirmed by owner; requested but never stated",[161],161,2026-09-04 23:59:17,EX08,93.1,12.62,12.39,12.82,0.43,,,0,pre_purge_valve,ECU voltage
PART2-0110,2026-09-04,unknown,unknown,graph_paired,ECU voltage,ECU voltage,unknown,unknown,idle,warm,unknown,unknown,unknown,12.67,unknown,unknown,unknown,V,unknown,unknown,pre_purge_valve,Upper end of the quoted average range across the captures.; A/C state not confirmed by owner; requested but never stated,[161],161,2026-09-04 23:59:17,EX08,93.1,12.67,,,,,,0,pre_purge_valve,ECU voltage
PART2-0111,2026-09-04,unknown,unknown,graph_paired,Fuel/Air com. ratio,Fuel/Air commanded equivalence ratio,unknown,unknown,idle,warm,unknown,unknown,unknown,unknown,14.41,14.86,0.45,AFR,curve_read,yes,pre_purge_valve,"A clean square wave toggling between exactly two values, nothing in between, period roughly 3.5-4 s. The PCM is COMMANDING the mixture swing; measured lambda/AFR is that square wave filtered by exhaust mixing and sensor response. Assistant identified it as deliberate catalyst dither, but unusually slow (0.28 Hz vs a typical 1-2 Hz).; A/C state not confirmed by owner; requested but never stated",[163],163,2026-09-05 00:03:35,EX08,97.4,,14.41,14.86,0.45,,,1,pre_purge_valve,Fuel/Air com. ratio
PART2-0112,2026-09-04,unknown,unknown,graph_paired,O2S2 volt. (B1),Oxygen sensor 2 Bank 1 Voltage,unknown,unknown,idle,warm,unknown,unknown,unknown,0.58,0.17,0.82,0.65,V,curve_read,yes,pre_purge_valve,"Downstream bank 1 swinging full range in clean sweeps at the same 3.5-4 s period, average 0.58-0.63. Sensor itself clearly not lazy - full transitions in under a second. 6 screenshots.; A/C state not confirmed by owner; requested but never stated",[165],165,2026-09-05 00:11:41,EX09,105.5,0.58,0.17,0.82,0.65,,,1,pre_purge_valve,O2S2 volt. (B1)
PART2-0113,2026-09-04,unknown,unknown,graph_paired,O2S2 volt. (B1),Oxygen sensor 2 Bank 1 Voltage,unknown,unknown,idle,warm,unknown,unknown,unknown,0.63,unknown,unknown,unknown,V,curve_read,yes,pre_purge_valve,Upper end of the quoted average range.; A/C state not confirmed by owner; requested but never stated,[165],165,2026-09-05 00:11:41,EX09,105.5,0.63,,,,,,1,pre_purge_valve,O2S2 volt. (B1)
PART2-0114,2026-09-04,unknown,unknown,graph_paired,O2S2 volt. (B1),Oxygen sensor 2 Bank 1 Voltage,unknown,unknown,idle,warm,unknown,unknown,unknown,0.60,0.18,unknown,unknown,V,curve_read,yes,pre_purge_valve,"Restated in the bank-comparison table at [171]: avg 0.60, min 0.18.; A/C state not confirmed by owner; requested but never stated",[171],171,2026-09-05 00:26:48,EX10,120.62,0.6,0.18,,,,,1,pre_purge_valve,O2S2 volt. (B1)
PART2-0115,2026-09-04,unknown,unknown,graph_paired,O2S2 volt. (B1),Oxygen sensor 2 Bank 1 Voltage,unknown,unknown,idle,warm,unknown,unknown,unknown,unknown,0.17,0.82,unknown,V,curve_read,yes,pre_purge_valve,"Restated at [167] as typical minimum 0.17-0.22 and maximum 0.80-0.82, shape symmetric full swing.; A/C state not confirmed by owner; requested but never stated",[167],167,2026-09-05 00:14:16,EX09,108.08,,0.17,0.82,,,,1,pre_purge_valve,O2S2 volt. (B1)
PART2-0116,2026-09-04,unknown,unknown,value_read,unknown,Catalyst temperature,unknown,unknown,idle,warm,unknown,unknown,unknown,458,unknown,unknown,unknown,degC,value_read,yes,pre_purge_valve,"Quoted at [165] alongside the note that the truck had been idling nearly an hour, which cools a catalyst and reduces its oxygen storage.; A/C state not confirmed by owner; requested but never stated",[165],165,2026-09-05 00:11:41,EX09,105.5,458.0,,,,,,1,pre_purge_valve,unknown
PART2-0117,2026-09-04,unknown,unknown,graph_paired,O2S2 volt. (B2),Oxygen sensor 2 Bank 2 Voltage,unknown,unknown,idle,warm,unknown,unknown,unknown,0.70,0.30,0.83,0.53,V,curve_read,yes,pre_purge_valve,"Downstream bank 2: average 0.70-0.72, typical minimum 0.30-0.39, maximum 0.80-0.83. Shape biased high with shallower dips - spends most of its time at 0.78-0.80. 4 screenshots.; A/C state not confirmed by owner; requested but never stated",[167],167,2026-09-05 00:14:16,EX09,108.08,0.7,0.3,0.83,0.53,,,1,pre_purge_valve,O2S2 volt. (B2)
PART2-0118,2026-09-04,unknown,unknown,graph_paired,O2S2 volt. (B2),Oxygen sensor 2 Bank 2 Voltage,unknown,unknown,idle,warm,unknown,unknown,unknown,0.72,unknown,unknown,unknown,V,curve_read,yes,pre_purge_valve,Upper end of the quoted average range.; A/C state not confirmed by owner; requested but never stated,[167],167,2026-09-05 00:14:16,EX09,108.08,0.72,,,,,,1,pre_purge_valve,O2S2 volt. (B2)
PART2-0119,2026-09-04,unknown,unknown,graph_paired,O2S2 volt. (B2),Oxygen sensor 2 Bank 2 Voltage,unknown,unknown,idle,warm,unknown,unknown,unknown,0.71,0.35,unknown,unknown,V,curve_read,yes,pre_purge_valve,"Restated in the bank-comparison table at [171]: avg 0.71, min 0.35.; A/C state not confirmed by owner; requested but never stated",[171],171,2026-09-05 00:26:48,EX10,120.62,0.71,0.35,,,,,1,pre_purge_valve,O2S2 volt. (B2)
PART2-0120,2026-09-04,unknown,unknown,graph_paired,O2S1 air:fuel,Oxygen sensor 1 Wide Range Equivalence ratio,unknown,unknown,idle,warm,unknown,unknown,unknown,unknown,14.41,15.05,0.64,AFR,curve_read,yes,pre_purge_valve,"Upstream bank 1, healthy and fast: clean transitions in well under a second, tracking the commanded dither with the small overshoot expected from transport delay. 5 screenshots.; A/C state not confirmed by owner; requested but never stated",[169],169,2026-09-05 00:16:45,EX09,110.57,,14.41,15.05,0.64,,,1,pre_purge_valve,O2S1 air:fuel
PART2-0121,2026-09-04,unknown,unknown,graph_paired,O2S1 air:fuel,Oxygen sensor 1 Wide Range Equivalence ratio,unknown,unknown,idle,warm,unknown,unknown,unknown,14.65,unknown,unknown,unknown,AFR,app_minmaxavg,no,pre_purge_valve,Average quoted in the bank-comparison table at [171]. Averages of this kind come from the app's session-cumulative Avg field.; A/C state not confirmed by owner; requested but never stated,[171],171,2026-09-05 00:26:48,EX10,120.62,14.65,,,,,,0,pre_purge_valve,O2S1 air:fuel
PART2-0122,2026-09-04,unknown,unknown,graph_paired,O2S1 air:fuel,Oxygen sensor 1 Wide Range Equivalence ratio,unknown,unknown,idle,warm,unknown,unknown,unknown,unknown,14.41,15.05,unknown,AFR,app_minmaxavg,no,pre_purge_valve,"Per-window figures restated in the compaction summary: min 14.41-14.45, avg 14.64-14.67, max 14.95-15.05.; A/C state not confirmed by owner; requested but never stated",[173],173,,,,,14.41,15.05,,,,0,unknown,O2S1 air:fuel
PART2-0123,2026-09-04,unknown,unknown,graph_paired,O2S5 air:fuel,Oxygen sensor 5 Wide Range Equivalence ratio,PART2-0128,unknown,idle,warm,unknown,unknown,unknown,unknown,14.35,15.23,0.88,AFR,curve_read,yes,pre_purge_valve,"Upstream bank 2, identical in character to bank 1: same period, same clean fast transitions. 7 screenshots.; A/C state not confirmed by owner; requested but never stated",[171],171,2026-09-05 00:26:48,EX10,120.62,,14.35,15.23,0.88,,,1,pre_purge_valve,O2S5 air:fuel
PART2-0124,2026-09-04,unknown,unknown,graph_paired,O2S5 air:fuel,Oxygen sensor 5 Wide Range Equivalence ratio,unknown,unknown,idle,warm,unknown,unknown,unknown,14.68,14.66,14.70,unknown,AFR,app_minmaxavg,no,pre_purge_valve,Average range quoted across the windows (14.66-14.70); the single figure 14.68 is used in the bank-comparison table.; A/C state not confirmed by owner; requested but never stated,[171],171,2026-09-05 00:26:48,EX10,120.62,14.68,14.66,14.7,,,,0,pre_purge_valve,O2S5 air:fuel
PART2-0125,2026-09-04,unknown,4:32,graph_paired,O2S5 air:fuel,Oxygen sensor 5 Wide Range Equivalence ratio,PART2-0126,unknown,idle,warm,unknown,unknown,715,unknown,14.12,15.23,unknown,AFR,curve_read,yes,pre_purge_valve,"Excursion to 15.23/14.12 caused by an rpm spike to 715 - a transient, not sensor behaviour.; A/C state not confirmed by owner; requested but never stated",[171],171,2026-09-05 00:26:48,EX10,120.62,,14.12,15.23,,715.0,,1,pre_purge_valve,O2S5 air:fuel
PART2-0126,2026-09-04,unknown,4:32,graph_paired,Engine RPM,Engine RPM,PART2-0125,unknown,idle,warm,unknown,unknown,unknown,715,unknown,unknown,unknown,rpm,curve_read,yes,pre_purge_valve,RPM spike coincident with the O2S5 excursion.; A/C state not confirmed by owner; requested but never stated,[171],171,2026-09-05 00:26:48,EX10,120.62,715.0,,,,,,1,pre_purge_valve,Engine RPM
PART2-0127,2026-09-04,unknown,unknown,graph_paired,O2S5 air:fuel,Oxygen sensor 5 Wide Range Equivalence ratio,unknown,unknown,idle,warm,unknown,unknown,unknown,unknown,14.35,15.23,unknown,AFR,app_minmaxavg,no,pre_purge_valve,"Per-window figures restated in the compaction summary: min 14.35-14.43, avg 14.66-14.70, max 15.01-15.23.; A/C state not confirmed by owner; requested but never stated",[173],173,,,,,14.35,15.23,,,,0,unknown,O2S5 air:fuel
PART2-0128,2026-09-04,unknown,unknown,graph_paired,Engine RPM,Engine RPM,PART2-0123,unknown,idle,warm,unknown,unknown,unknown,unknown,616,679,63,rpm,app_minmaxavg,no,pre_purge_valve,"RPM in the O2S5 windows, restated in the compaction summary: 616-679, avg 647-657.; A/C state not confirmed by owner; requested but never stated",[173],173,,,,,616.0,679.0,63.0,,,0,unknown,Engine RPM
PART2-0129,2026-09-04,12:48-12:51,21:20-23:55,graph_paired,Short term fuel % trim - Bank 2,Short term fuel % trim - Bank 2,unknown,unknown,idle,warm,unknown,unknown,unknown,3.5,3.13,3.91,0.78,%,curve_read,yes,pre_purge_valve,"Rock-consistent across all nine windows: steps between the adjacent quantisation codes 3.13 and 3.91, so the true value is about +3.5 %. Excursions to 5.47 and 6.25, dips to 1.56.; A/C state not confirmed by owner; requested but never stated",[179],179,2026-09-05 00:48:34,EX11,142.38,3.5,3.13,3.91,0.78,,,1,pre_purge_valve,Short term fuel % trim - Bank 2
PART2-0130,2026-09-04,12:48-12:51,21:20-23:55,graph_paired,Short term fuel % trim - Bank 2,Short term fuel % trim - Bank 2,unknown,unknown,idle,warm,unknown,unknown,unknown,6.25,unknown,unknown,unknown,%,curve_read,yes,pre_purge_valve,Highest excursion seen in the nine windows.; A/C state not confirmed by owner; requested but never stated,[179],179,2026-09-05 00:48:34,EX11,142.38,6.25,,,,,,1,pre_purge_valve,Short term fuel % trim - Bank 2
PART2-0131,2026-09-04,12:48-12:51,21:20-23:55,graph_paired,Short term fuel % trim - Bank 2,Short term fuel % trim - Bank 2,unknown,unknown,idle,warm,unknown,unknown,unknown,5.47,unknown,unknown,unknown,%,curve_read,yes,pre_purge_valve,Second excursion value quoted.; A/C state not confirmed by owner; requested but never stated,[179],179,2026-09-05 00:48:34,EX11,142.38,5.47,,,,,,1,pre_purge_valve,Short term fuel % trim - Bank 2
PART2-0132,2026-09-04,12:48-12:51,21:20-23:55,graph_paired,Short term fuel % trim - Bank 2,Short term fuel % trim - Bank 2,unknown,unknown,idle,warm,unknown,unknown,unknown,1.56,unknown,unknown,unknown,%,curve_read,yes,pre_purge_valve,Lowest dip quoted.; A/C state not confirmed by owner; requested but never stated,[179],179,2026-09-05 00:48:34,EX11,142.38,1.56,,,,,,1,pre_purge_valve,Short term fuel % trim - Bank 2
PART2-0133,2026-09-04,12:48-12:51,21:20-23:55,graph_paired,Short term fuel % trim - Bank 1,Short term fuel % trim - Bank 1,unknown,unknown,idle,warm,unknown,unknown,unknown,0,-0.9,1.6,2.5,%,curve_read,yes,pre_purge_valve,"Bank 1 baseline restated at [179] for comparison, taken from the earlier Set A session - NOT captured in the same window as bank 2. The assistant later ruled this cross-session comparison inadmissible.; A/C state not confirmed by owner; requested but never stated",[179],179,2026-09-05 00:48:34,EX11,142.38,0.0,-0.9,1.6,2.5,,,1,pre_purge_valve,Short term fuel % trim - Bank 1
PART2-0134,2026-09-04,12:48-12:51,21:20-23:55,calculation,n/a,Graph axis width (settled),unknown,unknown,idle,warm,unknown,unknown,unknown,15,unknown,unknown,unknown,s,curve_read,yes,pre_purge_valve,"Graph clock ran 21:20 -> 23:55 (2 min 35 s) while the phone clock ran 12:48 -> 12:51 (~3 min). Axis is MM:SS, gridlines 5 s, screen ~15 s wide. Settles the timebase question by two independent clocks.; A/C state not confirmed by owner; requested but never stated",[179],179,2026-09-05 00:48:34,EX11,142.38,15.0,,,,,,1,pre_purge_valve,n/a
PART3-0001,2026-09-04,10:26-10:33,unknown,value_read,unknown,Vehicle Battery Voltage,unknown,unknown,idle,warm,unknown,unknown,unknown,13.8,unknown,unknown,unknown,V,value_read,yes,pre_purge_valve,"BCM reading; assistant read it as Ford smart charging, not a failed alternator",[183];[186],183,2026-09-04 22:26:11,EX01,0.0,13.8,,,,,,1,pre_purge_valve,unknown
PART3-0002,2026-09-04,10:26-10:33,unknown,value_read,unknown,Vehicle Battery Current,unknown,unknown,idle,warm,unknown,unknown,unknown,1,unknown,unknown,unknown,A,value_read,yes,pre_purge_valve,1 A going into a battery at 88 percent SoC,[183];[186],183,2026-09-04 22:26:11,EX01,0.0,1.0,,,,,,1,pre_purge_valve,unknown
PART3-0003,2026-09-04,10:26-10:33,unknown,value_read,unknown,Battery SoC,unknown,unknown,idle,warm,unknown,unknown,unknown,88,unknown,unknown,unknown,%,value_read,yes,pre_purge_valve,unknown,[183];[186],183,2026-09-04 22:26:11,EX01,0.0,88.0,,,,,,1,pre_purge_valve,unknown
PART3-0004,2026-09-04,10:31,unknown,value_read,unknown,Short term fuel % trim - Bank 1,PART3-0005,unknown,idle,warm,unknown,unknown,unknown,0.78,unknown,unknown,unknown,%,value_read,yes,pre_purge_valve,First of two screens taken seconds apart at 10:31; assistant later noted this session cannot be compared with the 12:48-12:51 graph session,[183];[186],183,2026-09-04 22:26:11,EX01,0.0,0.78,,,,,,1,pre_purge_valve,unknown
PART3-0005,2026-09-04,10:31,unknown,value_read,unknown,Short term fuel % trim - Bank 2,PART3-0004,unknown,idle,warm,unknown,unknown,unknown,0,unknown,unknown,unknown,%,value_read,yes,pre_purge_valve,First of two screens taken seconds apart at 10:31,[183];[186],183,2026-09-04 22:26:11,EX01,0.0,0.0,,,,,,1,pre_purge_valve,unknown
PART3-0006,2026-09-04,10:31,unknown,value_read,unknown,Short term fuel % trim - Bank 1,unknown,unknown,idle,warm,unknown,unknown,unknown,3.13,unknown,unknown,unknown,%,value_read,yes,pre_purge_valve,Second screen seconds later; assistant used this to walk back the claimed bank offset,[183];[186],183,2026-09-04 22:26:11,EX01,0.0,3.13,,,,,,1,pre_purge_valve,unknown
PART3-0007,2026-09-04,10:26-10:33,unknown,value_read,unknown,Catalyst temperature Bank 1 Sensor 1,PART3-0008,unknown,idle,warm,unknown,unknown,unknown,458.9,unknown,unknown,unknown,degC,value_read,yes,pre_purge_valve,Identical to bank 2,[183];[187],183,2026-09-04 22:26:11,EX01,0.0,458.9,,,,,,1,pre_purge_valve,unknown
PART3-0008,2026-09-04,10:26-10:33,unknown,value_read,unknown,Catalyst temperature Bank 2 Sensor 1,PART3-0007,unknown,idle,warm,unknown,unknown,unknown,458.9,unknown,unknown,unknown,degC,value_read,yes,pre_purge_valve,Identical to bank 1,[183];[187],183,2026-09-04 22:26:11,EX01,0.0,458.9,,,,,,1,pre_purge_valve,unknown
PART3-0009,2026-09-04,10:26-10:33,unknown,value_read,unknown,Knock retard,unknown,unknown,idle,warm,unknown,unknown,unknown,0,unknown,unknown,unknown,deg,value_read,yes,pre_purge_valve,No knock; assistant removed it from the graphing list,[183];[187],183,2026-09-04 22:26:11,EX01,0.0,0.0,,,,,,1,pre_purge_valve,unknown
PART3-0010,2026-09-04,10:26-10:33,unknown,value_read,unknown,Barometric pressure,unknown,unknown,idle,warm,unknown,unknown,unknown,blank,unknown,unknown,unknown,kPa,value_read,no,pre_purge_valve,Channel returns blank on this vehicle - not supported,[183];[187];[190],183,2026-09-04 22:26:11,EX01,0.0,,,,,,,0,pre_purge_valve,unknown
PART3-0011,2026-09-04,10:26-10:33,unknown,value_read,unknown,Manifold absolute pressure (high resolution),unknown,unknown,idle,warm,unknown,unknown,unknown,blank,unknown,unknown,unknown,kPa,value_read,no,pre_purge_valve,Channel returns blank on this vehicle - not supported,[183];[187];[190],183,2026-09-04 22:26:11,EX01,0.0,,,,,,,0,pre_purge_valve,unknown
PART3-0012,2026-09-04,10:26-10:33,unknown,value_read,unknown,Absolute pedal position D,PART3-0013,unknown,idle,warm,unknown,unknown,unknown,14.9,unknown,unknown,unknown,%,value_read,yes,pre_purge_valve,Foot off the pedal - normal resting value,[183];[187],183,2026-09-04 22:26:11,EX01,0.0,14.9,,,,,,1,pre_purge_valve,unknown
PART3-0013,2026-09-04,10:26-10:33,unknown,value_read,unknown,Absolute pedal position E,PART3-0012,unknown,idle,warm,unknown,unknown,unknown,7.45,unknown,unknown,unknown,%,value_read,yes,pre_purge_valve,Foot off the pedal - normal resting value,[183];[187],183,2026-09-04 22:26:11,EX01,0.0,7.45,,,,,,1,pre_purge_valve,unknown
PART3-0014,2026-09-04,10:26-10:33,unknown,value_read,unknown,PCM Odometer,unknown,unknown,idle,warm,unknown,unknown,unknown,131313,unknown,unknown,unknown,km,value_read,yes,pre_purge_valve,Matches the dash,[183];[187],183,2026-09-04 22:26:11,EX01,0.0,131313.0,,,,,,1,pre_purge_valve,unknown
PART3-0015,2026-09-04,10:26-10:33,unknown,value_read,unknown,ATF temperature,unknown,unknown,idle,warm,unknown,unknown,unknown,87.13,unknown,unknown,unknown,degC,value_read,yes,pre_purge_valve,Transmission fluid normal,[183],183,2026-09-04 22:26:11,EX01,0.0,87.13,,,,,,1,pre_purge_valve,unknown
PART3-0016,2026-09-04,10:26-10:33,unknown,value_read,unknown,Ambient air temperature,PART3-0017,unknown,idle,warm,unknown,unknown,unknown,37,unknown,unknown,unknown,degC,value_read,yes,pre_purge_valve,Only 1 degree apart from intake air after 37 min idling - no heat soak,[183],183,2026-09-04 22:26:11,EX01,0.0,37.0,,,,,,1,pre_purge_valve,unknown
PART3-0017,2026-09-04,10:26-10:33,unknown,value_read,unknown,Intake air temperature,PART3-0016,unknown,idle,warm,unknown,unknown,unknown,38,unknown,unknown,unknown,degC,value_read,yes,pre_purge_valve,Only 1 degree above ambient after 37 min idling,[183],183,2026-09-04 22:26:11,EX01,0.0,38.0,,,,,,1,pre_purge_valve,unknown
PART3-0018,2026-09-04,10:26-10:33,unknown,value_read,unknown,Gear (AT),unknown,unknown,idle,warm,unknown,unknown,unknown,1,unknown,unknown,unknown,gear,value_read,yes,pre_purge_valve,Assistant notes 1 is normal even in Park on this transmission; asked the owner to confirm Park and received no answer,[187],187,,,,1.0,,,,,,1,unknown,unknown
PART3-0019,2026-09-04,10:26-10:33,unknown,monitor_status,unknown,Monitor status since DTCs cleared. - Misfire,unknown,unknown,idle,warm,unknown,unknown,unknown,Completed,unknown,unknown,unknown,status,value_read,yes,pre_purge_valve,unknown,[183];[187],183,2026-09-04 22:26:11,EX01,0.0,,,,,,,1,pre_purge_valve,unknown
PART3-0020,2026-09-04,10:26-10:33,unknown,monitor_status,unknown,Monitor status since DTCs cleared. - Fuel System,unknown,unknown,idle,warm,unknown,unknown,unknown,Not completed,unknown,unknown,unknown,status,value_read,yes,pre_purge_valve,Blocks the on-board test results screen,[183];[187],183,2026-09-04 22:26:11,EX01,0.0,,,,,,,1,pre_purge_valve,unknown
PART3-0021,2026-09-04,10:26-10:33,unknown,monitor_status,unknown,Monitor status since DTCs cleared. - Catalyst,unknown,unknown,idle,warm,unknown,unknown,unknown,Not completed,unknown,unknown,unknown,status,value_read,yes,pre_purge_valve,Has not run since the codes were cleared,[183];[187],183,2026-09-04 22:26:11,EX01,0.0,,,,,,,1,pre_purge_valve,unknown
PART3-0022,2026-09-04,10:26-10:33,unknown,monitor_status,unknown,Monitor status since DTCs cleared. - Oxygen Sensor,unknown,unknown,idle,warm,unknown,unknown,unknown,Not completed,unknown,unknown,unknown,status,value_read,yes,pre_purge_valve,Has not run since the codes were cleared,[183];[187],183,2026-09-04 22:26:11,EX01,0.0,,,,,,,1,pre_purge_valve,unknown
PART3-0023,2026-09-04,unknown,unknown,value_read,unknown,Throttle position,PART3-0024,unknown,idle,warm,unknown,unknown,unknown,12.55,unknown,unknown,unknown,%,value_read,yes,pre_purge_valve,Different scale from Throttle Position Actually; assistant recorded not to compare the two,[190],190,,,,12.55,,,,,,1,unknown,unknown
PART3-0024,2026-09-04,unknown,unknown,value_read,unknown,Throttle Position Actually,PART3-0023,unknown,idle,warm,unknown,unknown,unknown,7.56,unknown,unknown,unknown,deg,value_read,yes,pre_purge_valve,Same butterfly as Throttle position but a different scale,[190],190,,,,7.56,,,,,,1,unknown,unknown
PART3-0025,2026-09-04,unknown,unknown,value_read,unknown,Evap. system vapor pressure,unknown,unknown,idle,warm,unknown,unknown,unknown,blank,unknown,unknown,unknown,unknown,value_read,no,pre_purge_valve,Comes back empty on this truck - do not request again,[190],190,,,,,,,,,,0,unknown,unknown
PART3-0026,2026-09-04,unknown,unknown,value_read,unknown,Oxygen sensor 1 Wide Range Current (mA),unknown,unknown,idle,warm,unknown,unknown,unknown,blank,unknown,unknown,unknown,mA,value_read,no,pre_purge_valve,Comes back empty on this truck,[190],190,,,,,,,,,,0,unknown,unknown
PART3-0027,2026-09-04,unknown,unknown,value_read,unknown,Oil Life %,unknown,unknown,idle,warm,unknown,unknown,unknown,blank,unknown,unknown,unknown,%,value_read,no,pre_purge_valve,Comes back empty on this truck,[190],190,,,,,,,,,,0,unknown,unknown
PART3-0028,2026-09-04,unknown,unknown,value_read,unknown,(ABS) Front left wheel speed,unknown,unknown,idle,warm,unknown,unknown,unknown,blank,unknown,unknown,unknown,km/h,value_read,no,pre_purge_valve,Comes back empty on this truck,[190],190,,,,,,,,,,0,unknown,unknown
PART3-0029,2026-09-04,unknown,unknown,value_read,unknown,(ABS) Front right wheel speed,unknown,unknown,idle,warm,unknown,unknown,unknown,blank,unknown,unknown,unknown,km/h,value_read,no,pre_purge_valve,Comes back empty on this truck,[190],190,,,,,,,,,,0,unknown,unknown
PART3-0030,2026-09-04,10:26-10:33,unknown,value_read,unknown,Run time since engine start,unknown,unknown,idle,warm,unknown,unknown,unknown,37,unknown,unknown,unknown,min,value_read,yes,pre_purge_valve,"Stated as ""after 37 min idling"" - approximate, not read off the PID directly",[183],183,2026-09-04 22:26:11,EX01,0.0,37.0,,,,,,1,pre_purge_valve,unknown
PART3-0031,2026-09-04,01:00,unknown,value_read,unknown,Run time since engine start,unknown,unknown,idle,warm,unknown,unknown,unknown,3:06:10,unknown,unknown,unknown,h:mm:ss,value_read,yes,pre_purge_valve,Three hours of run time - the basis for calling the long term trims properly learned,[192],192,2026-09-05 01:00:04,EX12,153.88,,,,,,,1,pre_purge_valve,unknown
PART3-0032,2026-09-04,01:00,unknown,value_read,LTFT - B1,Long term fuel % trim - Bank 1,PART3-0033,unknown,idle,warm,unknown,unknown,unknown,3.13,unknown,unknown,unknown,%,value_read,yes,pre_purge_valve,First genuinely learned long term value; had read 0 all night before this,[194],194,,,,3.13,,,,,,1,unknown,LTFT - B1
PART3-0033,2026-09-04,01:00,unknown,value_read,LTFT - B2,Long term fuel % trim - Bank 2,PART3-0032,unknown,idle,warm,unknown,unknown,unknown,2.34,unknown,unknown,unknown,%,value_read,yes,pre_purge_valve,Differs from bank 1 by 0.79 percent - one quantisation step - which killed the bank-asymmetry theory,[194],194,,,,2.34,,,,,,1,unknown,LTFT - B2
PART3-0034,2026-09-04,01:00,unknown,value_read,unknown,Oxygen sensor 2 Bank 1 Voltage,PART3-0035,unknown,idle,warm,unknown,unknown,unknown,0.79,unknown,unknown,unknown,V,value_read,yes,pre_purge_valve,Downstream sensor snapshot,[194],194,,,,0.79,,,,,,1,unknown,unknown
PART3-0035,2026-09-04,01:00,unknown,value_read,unknown,Oxygen sensor 2 Bank 2 Voltage,PART3-0034,unknown,idle,warm,unknown,unknown,unknown,unknown,0.67,0.79,0.12,V,value_read,yes,pre_purge_valve,Moved 0.67 to 0.79 between two screens - ranges overlap bank 1 so the downstream asymmetry is weak,[194],194,,,,,0.67,0.79,0.12,,,1,unknown,unknown
PART3-0036,2026-09-04,01:00,unknown,value_read,unknown,Vehicle Battery Voltage,unknown,unknown,idle,warm,unknown,unknown,unknown,12.8,unknown,unknown,unknown,V,value_read,yes,pre_purge_valve,unknown,[194],194,,,,12.8,,,,,,1,unknown,unknown
PART3-0037,2026-09-04,01:00,unknown,value_read,unknown,Vehicle Battery Current,unknown,unknown,idle,warm,unknown,unknown,unknown,0,unknown,unknown,unknown,A,value_read,yes,pre_purge_valve,Charging stopped after SoC rose 88 to 90 percent,[194],194,,,,0.0,,,,,,1,unknown,unknown
PART3-0038,2026-09-04,01:00,unknown,value_read,unknown,Battery SoC,unknown,unknown,idle,warm,unknown,unknown,unknown,90,unknown,unknown,unknown,%,value_read,yes,pre_purge_valve,Rose from 88 percent - proves the alternator charges,[194],194,,,,90.0,,,,,,1,unknown,unknown
PART3-0039,2026-09-04,01:00,unknown,value_read,STFT B1,Short term fuel % trim - Bank 1,PART3-0032,unknown,idle,warm,unknown,unknown,unknown,0,unknown,unknown,unknown,%,value_read,yes,pre_purge_valve,Quoted in the trim trade-off table,[196],196,2026-09-05 01:12:52,EX13,166.68,0.0,,,,,,1,pre_purge_valve,STFT B1
PART3-0040,2026-09-04,01:00,unknown,calculation,unknown,Total fuel correction Bank 1 (STFT + LTFT),unknown,unknown,idle,warm,unknown,unknown,unknown,3.1,unknown,unknown,unknown,%,inferred,yes,pre_purge_valve,Sum of LTFT +3.13 and STFT 0,[196],196,2026-09-05 01:12:52,EX13,166.68,3.1,,,,,,1,pre_purge_valve,unknown
PART3-0041,2026-09-04,01:13,unknown,graph_paired,LTFT - B2,Long term fuel % trim - Bank 2,PART3-0042,unknown,idle,warm,unknown,unknown,unknown,2.34,2.34,2.34,0,%,curve_read,yes,pre_purge_valve,Flat line across 70 seconds with min = max = average identical,[196],196,2026-09-05 01:12:52,EX13,166.68,2.34,2.34,2.34,0.0,,,1,pre_purge_valve,LTFT - B2
PART3-0042,2026-09-04,01:13,45:35-45:50,graph_paired,STFT B1,Short term fuel % trim - Bank 1,PART3-0041,unknown,idle,warm,unknown,unknown,unknown,0,-1.56,1.56,3.12,%,curve_read,yes,pre_purge_valve,Window centre about 0,[196],196,2026-09-05 01:12:52,EX13,166.68,0.0,-1.56,1.56,3.12,,,1,pre_purge_valve,STFT B1
PART3-0043,2026-09-04,01:13,45:55-46:12,graph_paired,STFT B1,Short term fuel % trim - Bank 1,PART3-0041,unknown,idle,warm,unknown,unknown,unknown,-1.3,unknown,unknown,unknown,%,curve_read,yes,pre_purge_valve,Window centre; part of a steady walk negative over 70 s,[196],196,2026-09-05 01:12:52,EX13,166.68,-1.3,,,,,,1,pre_purge_valve,STFT B1
PART3-0044,2026-09-04,01:13,46:15-46:30,graph_paired,STFT B1,Short term fuel % trim - Bank 1,PART3-0041,unknown,idle,warm,unknown,unknown,unknown,-1.4,unknown,unknown,unknown,%,curve_read,yes,pre_purge_valve,Window centre,[196],196,2026-09-05 01:12:52,EX13,166.68,-1.4,,,,,,1,pre_purge_valve,STFT B1
PART3-0045,2026-09-04,01:13,46:28-46:43,graph_paired,STFT B1,Short term fuel % trim - Bank 1,PART3-0041,unknown,idle,warm,unknown,unknown,unknown,-1.6,unknown,unknown,unknown,%,curve_read,yes,pre_purge_valve,Window centre; signature of long term learning taking over,[196],196,2026-09-05 01:12:52,EX13,166.68,-1.6,,,,,,1,pre_purge_valve,STFT B1
PART3-0046,2026-09-04,01:13,unknown,calculation,LTFT - B1,Long term fuel % trim - Bank 1,PART3-0045,unknown,idle,warm,unknown,unknown,unknown,4.5,unknown,unknown,unknown,%,inferred,no,pre_purge_valve,NOT MEASURED - inferred by the assistant from STFT -1.4 and an unchanged total of +3.1,[196],196,2026-09-05 01:12:52,EX13,166.68,4.5,,,,,,0,pre_purge_valve,LTFT - B1
PART3-0047,2026-09-04,01:13,unknown,calculation,unknown,Total fuel correction Bank 1 (STFT + LTFT),unknown,unknown,idle,warm,unknown,unknown,unknown,3.1,unknown,unknown,unknown,%,inferred,no,pre_purge_valve,Derived from the inferred LTFT value above,[196],196,2026-09-05 01:12:52,EX13,166.68,3.1,,,,,,0,pre_purge_valve,unknown
PART3-0048,2026-09-04,unknown,50:57-51:17,graph_paired,LTFT - B2,Long term fuel % trim - Bank 2,PART3-0050,P,idle,warm,unknown,unknown,unknown,2.34,unknown,unknown,unknown,%,curve_read,yes,pre_purge_valve,Idle segment before the throttle was opened,[198];[199],198,2026-09-05 01:18:14,EX14,172.05,2.34,,,,,,1,pre_purge_valve,LTFT - B2
PART3-0049,2026-09-04,unknown,51:17,graph_paired,LTFT - B2,Long term fuel % trim - Bank 2,PART3-0050,P,shift,warm,unknown,unknown,unknown,unknown,0,2.34,2.34,%,curve_read,yes,pre_purge_valve,"Stepped 2.34 to 0.78 to 0 the instant the throttle opened - a load-cell switch, not a re-learn",[199],199,2026-09-05 01:18:14,EX14,172.05,,0.0,2.34,2.34,,,1,pre_purge_valve,LTFT - B2
PART3-0050,2026-09-04,unknown,51:17,graph_paired,STFT B1,Short term fuel % trim - Bank 1,PART3-0049,P,shift,warm,unknown,unknown,unknown,9.38,unknown,unknown,unknown,%,curve_read,yes,pre_purge_valve,Tip-in enrichment spike at the moment the throttle opened,[199],199,2026-09-05 01:18:14,EX14,172.05,9.38,,,,,,1,pre_purge_valve,STFT B1
PART3-0051,2026-09-04,unknown,51:17-53:45,graph_paired,LTFT - B2,Long term fuel % trim - Bank 2,PART3-0050,P,2000rpm,warm,unknown,unknown,2000,0.00,0.00,0.00,0,%,curve_read,yes,pre_purge_valve,Dead flat for 2 min 28 s while holding about 2000 rpm; assistant flagged it may be an un-learned cell rather than a learned zero,[199];[200],199,2026-09-05 01:18:14,EX14,172.05,0.0,0.0,0.0,0.0,2000.0,,1,pre_purge_valve,LTFT - B2
PART3-0052,2026-09-04,unknown,53:45,graph_paired,LTFT - B2,Long term fuel % trim - Bank 2,PART3-0053,P,shift,warm,unknown,unknown,unknown,unknown,0,2.34,2.34,%,curve_read,yes,pre_purge_valve,Returned 0 to 0.78 to exactly 2.34 the instant the throttle closed,[199],199,2026-09-05 01:18:14,EX14,172.05,,0.0,2.34,2.34,,,1,pre_purge_valve,LTFT - B2
PART3-0053,2026-09-04,unknown,53:45,graph_paired,STFT B1,Short term fuel % trim - Bank 1,PART3-0052,P,overrun,warm,unknown,unknown,unknown,-11.72,unknown,unknown,unknown,%,curve_read,no,pre_purge_valve,Overrun crash; assistant declined to interpret this channel - wrong pairing (B1 short term against B2 long term) and rpm was unrecorded,[199];[200],199,2026-09-05 01:18:14,EX14,172.05,-11.72,,,,,,0,pre_purge_valve,STFT B1
PART3-0054,2026-09-04,unknown,unknown,graph_paired,LTFT - B1,Long term fuel % trim - Bank 1,PART3-0055,P,idle,warm,98,unknown,unknown,3.13,unknown,unknown,unknown,%,curve_read,yes,pre_purge_valve,Idle before the 2000 rpm hold,[201];[202],201,2026-09-05 01:30:18,EX15,184.12,3.13,,,,,98.0,1,pre_purge_valve,LTFT - B1
PART3-0055,2026-09-04,unknown,unknown,graph_paired,LTFT - B2,Long term fuel % trim - Bank 2,PART3-0054,P,idle,warm,98,unknown,unknown,2.34,unknown,unknown,unknown,%,curve_read,yes,pre_purge_valve,Idle before the 2000 rpm hold,[201];[202],201,2026-09-05 01:30:18,EX15,184.12,2.34,,,,,98.0,1,pre_purge_valve,LTFT - B2
PART3-0056,2026-09-04,unknown,unknown,graph_paired,LTFT - B1,Long term fuel % trim - Bank 1,PART3-0057,P,2000rpm,warm,98,unknown,2000,0,unknown,unknown,unknown,%,curve_read,yes,pre_purge_valve,Held about 2000 rpm for 2 min 7 s,[201];[202],201,2026-09-05 01:30:18,EX15,184.12,0.0,,,,2000.0,98.0,1,pre_purge_valve,LTFT - B1
PART3-0057,2026-09-04,unknown,unknown,graph_paired,LTFT - B2,Long term fuel % trim - Bank 2,PART3-0056,P,2000rpm,warm,98,unknown,2000,0,unknown,unknown,unknown,%,curve_read,yes,pre_purge_valve,Held about 2000 rpm for 2 min 7 s,[201];[202],201,2026-09-05 01:30:18,EX15,184.12,0.0,,,,2000.0,98.0,1,pre_purge_valve,LTFT - B2
PART3-0058,2026-09-04,unknown,unknown,graph_paired,LTFT - B1,Long term fuel % trim - Bank 1,PART3-0059,P,idle,warm,98,unknown,unknown,3.12,3.12,3.12,0,%,curve_read,yes,pre_purge_valve,Idle after the hold; min = avg = max. Assistant quoted this as both 3.13 and 3.12 in the same message,[201];[202],201,2026-09-05 01:30:18,EX15,184.12,3.12,3.12,3.12,0.0,,98.0,1,pre_purge_valve,LTFT - B1
PART3-0059,2026-09-04,unknown,unknown,graph_paired,LTFT - B2,Long term fuel % trim - Bank 2,PART3-0058,P,idle,warm,98,unknown,unknown,2.34,2.34,2.34,0,%,curve_read,yes,pre_purge_valve,Idle after the hold; min = avg = max; returned to exactly the pre-hold value,[201];[202],201,2026-09-05 01:30:18,EX15,184.12,2.34,2.34,2.34,0.0,,98.0,1,pre_purge_valve,LTFT - B2
PART3-0060,2026-09-04,unknown,unknown,graph_paired,LTFT - B1,Long term fuel % trim - Bank 1,PART3-0056,P,2000rpm,warm,98,unknown,unknown,0.78,unknown,unknown,unknown,%,curve_read,yes,pre_purge_valve,Kept flicking up to 0.78 and back during the hold as rpm wandered into a neighbouring load cell - the evidence for a gradient rather than a step,[202],202,2026-09-05 01:30:18,EX15,184.12,0.78,,,,,98.0,1,pre_purge_valve,LTFT - B1
PART3-0061,2026-09-04,unknown,unknown,graph_paired,LTFT - B2,Long term fuel % trim - Bank 2,PART3-0057,P,2000rpm,warm,98,unknown,unknown,0.78,unknown,unknown,unknown,%,curve_read,yes,pre_purge_valve,Same flicking to 0.78 as bank 1 but less often,[202],202,2026-09-05 01:30:18,EX15,184.12,0.78,,,,,98.0,1,pre_purge_valve,LTFT - B2
PART3-0062,2026-09-04,unknown,unknown,value_read,unknown,Engine coolant temperature,unknown,P,2000rpm,warm,98,unknown,2000,98,unknown,unknown,unknown,degC,value_read,yes,pre_purge_valve,Cited as the reason the cooling fan was cycling and loading the engine during the hold,[202],202,2026-09-05 01:30:18,EX15,184.12,98.0,,,,2000.0,98.0,1,pre_purge_valve,unknown
PART3-0063,2026-09-05,unknown,unknown,graph_paired,LTFT - B1,Long term fuel % trim - Bank 1,PART3-0065,P,idle,warm,unknown,unknown,unknown,0,0,0,0,%,curve_read,no,post_purge_valve_pre_drive,"Flat min = avg = max, but this is a WIPED default not a learned zero - the KAM was cleared with the valve change",[212];[213];[217],212,2026-09-05 03:11:06,EX16,284.92,0.0,0.0,0.0,0.0,,,0,post_purge_valve,LTFT - B1
PART3-0064,2026-09-05,unknown,unknown,graph_paired,LTFT - B2,Long term fuel % trim - Bank 2,PART3-0066,P,idle,warm,unknown,unknown,unknown,0,0,0,0,%,curve_read,no,post_purge_valve_pre_drive,Wiped default not a learned zero,[212];[213];[217],212,2026-09-05 03:11:06,EX16,284.92,0.0,0.0,0.0,0.0,,,0,post_purge_valve,LTFT - B2
PART3-0065,2026-09-05,unknown,unknown,graph_paired,STFT B1,Short term fuel % trim - Bank 1,PART3-0063,P,idle,warm,unknown,unknown,unknown,-1.5,-2.0,-1.5,0.5,%,curve_read,yes,post_purge_valve_pre_drive,Read from the curve not the Avg line; assistant quoted -1.5 to -2.0 and used -1.5 as the representative figure,[213];[215],213,2026-09-05 03:11:06,EX16,284.92,-1.5,-2.0,-1.5,0.5,,,1,post_purge_valve,STFT B1
PART3-0066,2026-09-05,unknown,unknown,graph_paired,STFT B2,Short term fuel % trim - Bank 2,PART3-0064,P,idle,warm,unknown,unknown,unknown,-1.3,-1.8,-0.8,1.0,%,curve_read,yes,post_purge_valve_pre_drive,Read from the curve not the Avg line,[213];[215],213,2026-09-05 03:11:06,EX16,284.92,-1.3,-1.8,-0.8,1.0,,,1,post_purge_valve,STFT B2
PART3-0067,2026-09-05,unknown,unknown,calculation,unknown,Total fuel correction Bank 1 (STFT + LTFT),unknown,P,idle,warm,unknown,unknown,unknown,-1.8,unknown,unknown,unknown,%,inferred,yes,post_purge_valve_pre_drive,Swing of about 4.6 points from the pre-valve +3.1,[213];[217],213,2026-09-05 03:11:06,EX16,284.92,-1.8,,,,,,1,post_purge_valve,unknown
PART3-0068,2026-09-05,unknown,unknown,calculation,unknown,Total fuel correction Bank 2 (STFT + LTFT),unknown,P,idle,warm,unknown,unknown,unknown,-1.3,unknown,unknown,unknown,%,inferred,yes,post_purge_valve_pre_drive,Swing of about 3.6 points from the pre-valve +2.3,[213],213,2026-09-05 03:11:06,EX16,284.92,-1.3,,,,,,1,post_purge_valve,unknown
PART3-0069,2026-09-05,unknown,unknown,graph_paired,STFT B1,Short term fuel % trim - Bank 1,PART3-0071,D,idle,warm,unknown,unknown,unknown,0.3,unknown,unknown,unknown,%,curve_read,yes,post_purge_valve_pre_drive,Drive at standstill foot on brake; about 1.8 points different from Park,[214];[215],214,2026-09-05 03:17:59,EX17,291.8,0.3,,,,,,1,post_purge_valve,STFT B1
PART3-0070,2026-09-05,unknown,unknown,graph_paired,STFT B2,Short term fuel % trim - Bank 2,PART3-0072,D,idle,warm,unknown,unknown,unknown,0.4,unknown,unknown,unknown,%,curve_read,yes,post_purge_valve_pre_drive,Drive at standstill foot on brake,[214];[215],214,2026-09-05 03:17:59,EX17,291.8,0.4,,,,,,1,post_purge_valve,STFT B2
PART3-0071,2026-09-05,unknown,unknown,graph_paired,LTFT - B1,Long term fuel % trim - Bank 1,PART3-0069,D,idle,warm,unknown,unknown,unknown,0,unknown,unknown,unknown,%,curve_read,no,post_purge_valve_pre_drive,Wiped default,[214];[215],214,2026-09-05 03:17:59,EX17,291.8,0.0,,,,,,0,post_purge_valve,LTFT - B1
PART3-0072,2026-09-05,unknown,unknown,graph_paired,LTFT - B2,Long term fuel % trim - Bank 2,PART3-0070,D,idle,warm,unknown,unknown,unknown,0,unknown,unknown,unknown,%,curve_read,no,post_purge_valve_pre_drive,Wiped default,[214];[215],214,2026-09-05 03:17:59,EX17,291.8,0.0,,,,,,0,post_purge_valve,LTFT - B2
PART3-0073,2026-09-05,unknown,14:08-14:23,graph_paired,Engine RPM,Engine RPM,PART3-0074,D,idle,warm,unknown,unknown,unknown,unknown,543,558,15,rpm,curve_read,yes,post_purge_valve_pre_drive,Drive at standstill; no clear rhythm in the trace,[219];[220],219,2026-09-05 03:23:31,EX17,297.33,,543.0,558.0,15.0,,,1,post_purge_valve,Engine RPM
PART3-0074,2026-09-05,unknown,14:08-14:23,graph_paired,Tim. adv.,Timing advance,PART3-0073,D,idle,warm,unknown,unknown,unknown,unknown,12,15,3,deg,curve_read,yes,post_purge_valve_pre_drive,Mostly 12.5-14,[219];[220],219,2026-09-05 03:23:31,EX17,297.33,,12.0,15.0,3.0,,,1,post_purge_valve,Tim. adv.
PART3-0075,2026-09-05,unknown,14:28-14:43,graph_paired,Engine RPM,Engine RPM,PART3-0076,D,idle,warm,unknown,unknown,unknown,unknown,543,556,13,rpm,curve_read,yes,post_purge_valve_pre_drive,unknown,[219];[220],219,2026-09-05 03:23:31,EX17,297.33,,543.0,556.0,13.0,,,1,post_purge_valve,Engine RPM
PART3-0076,2026-09-05,unknown,14:28-14:43,graph_paired,Tim. adv.,Timing advance,PART3-0075,D,idle,warm,unknown,unknown,unknown,unknown,12,14,2,deg,curve_read,yes,post_purge_valve_pre_drive,Mostly 12.5-13.5,[219];[220],219,2026-09-05 03:23:31,EX17,297.33,,12.0,14.0,2.0,,,1,post_purge_valve,Tim. adv.
PART3-0077,2026-09-05,unknown,14:43-14:58,graph_paired,Engine RPM,Engine RPM,PART3-0078,D,idle,warm,unknown,unknown,unknown,unknown,541,559,18,rpm,curve_read,yes,post_purge_valve_pre_drive,unknown,[219];[220],219,2026-09-05 03:23:31,EX17,297.33,,541.0,559.0,18.0,,,1,post_purge_valve,Engine RPM
PART3-0078,2026-09-05,unknown,14:43-14:58,graph_paired,Tim. adv.,Timing advance,PART3-0077,D,idle,warm,unknown,unknown,unknown,unknown,11,14.5,3.5,deg,curve_read,yes,post_purge_valve_pre_drive,unknown,[219];[220],219,2026-09-05 03:23:31,EX17,297.33,,11.0,14.5,3.5,,,1,post_purge_valve,Tim. adv.
PART3-0079,2026-09-05,unknown,14:57-15:12,graph_paired,Engine RPM,Engine RPM,PART3-0080,D,idle,warm,unknown,unknown,unknown,584,unknown,584,unknown,rpm,curve_read,yes,post_purge_valve_pre_drive,A single transient at graph clock 15:03 - something loaded the engine,[219];[220],219,2026-09-05 03:23:31,EX17,297.33,584.0,,584.0,,,,1,post_purge_valve,Engine RPM
PART3-0080,2026-09-05,unknown,14:57-15:12,graph_paired,Tim. adv.,Timing advance,PART3-0079,D,idle,warm,unknown,unknown,584,8.5,8.5,13,4.5,deg,curve_read,yes,post_purge_valve_pre_drive,Timing pulled from 13 down to 8.5 to catch the transient - textbook governor action,[219];[220],219,2026-09-05 03:23:31,EX17,297.33,8.5,8.5,13.0,4.5,584.0,,1,post_purge_valve,Tim. adv.
PART3-0081,2026-09-05,unknown,unknown,graph_paired,Engine RPM,Engine RPM,unknown,D,idle,warm,unknown,unknown,unknown,550,unknown,unknown,unknown,rpm,curve_read,yes,post_purge_valve_pre_drive,Idle speed in Drive - Ford commands a lower idle in gear,[220],220,2026-09-05 03:23:31,EX17,297.33,550.0,,,,,,1,post_purge_valve,Engine RPM
PART3-0082,2026-09-05,03:23,unknown,graph_paired,Engine RPM,Engine RPM,PART3-0087,P,idle,warm,unknown,unknown,650,unknown,unknown,unknown,44,rpm,curve_read,yes,post_purge_valve_pre_drive,Window 1 of 4; clean regular repeating shape,[221];[222];[257],221,2026-09-05 03:24:55,EX17,298.73,,,,44.0,650.0,,1,post_purge_valve,Engine RPM
PART3-0083,2026-09-05,03:23,unknown,graph_paired,Engine RPM,Engine RPM,PART3-0087,P,idle,warm,unknown,unknown,650,unknown,unknown,unknown,55,rpm,curve_read,yes,post_purge_valve_pre_drive,Window 2 of 4,[221];[222];[257],221,2026-09-05 03:24:55,EX17,298.73,,,,55.0,650.0,,1,post_purge_valve,Engine RPM
PART3-0084,2026-09-05,03:23,unknown,graph_paired,Engine RPM,Engine RPM,PART3-0087,P,idle,warm,unknown,unknown,650,unknown,unknown,unknown,53,rpm,curve_read,yes,post_purge_valve_pre_drive,Window 3 of 4,[221];[222];[257],221,2026-09-05 03:24:55,EX17,298.73,,,,53.0,650.0,,1,post_purge_valve,Engine RPM
PART3-0085,2026-09-05,03:23,16:03-16:18,graph_paired,Engine RPM,Engine RPM,PART3-0087,P,idle,warm,unknown,unknown,650,unknown,unknown,unknown,50,rpm,curve_read,yes,post_purge_valve_pre_drive,"Window 4; four evenly spaced humps with peaks at graph clock 16:07.5, 16:11, 16:14.5, 16:18",[221];[222],221,2026-09-05 03:24:55,EX17,298.73,,,,50.0,650.0,,1,post_purge_valve,Engine RPM
PART3-0086,2026-09-05,03:23,unknown,graph_paired,Engine RPM,Engine RPM,unknown,P,idle,warm,unknown,unknown,unknown,650,unknown,unknown,unknown,rpm,curve_read,yes,post_purge_valve_pre_drive,Idle speed in Park,[222],222,2026-09-05 03:24:55,EX17,298.73,650.0,,,,,,1,post_purge_valve,Engine RPM
PART3-0087,2026-09-05,03:23,unknown,graph_paired,Tim. adv.,Timing advance,PART3-0082,P,idle,warm,unknown,unknown,650,unknown,11.5,16,4.5,deg,curve_read,yes,post_purge_valve_pre_drive,Roughly twice the swing seen in Drive,[221];[222],221,2026-09-05 03:24:55,EX17,298.73,,11.5,16.0,4.5,650.0,,1,post_purge_valve,Tim. adv.
PART3-0088,2026-09-05,03:23,16:03-16:18,graph_paired,Engine RPM,Engine RPM,PART3-0087,P,idle,warm,unknown,unknown,650,3.4,3.4,3.5,0.1,s,curve_read,yes,post_purge_valve_pre_drive,"Period of the idle hunt - 4 cycles per 15 s screen, same as measured on the first night",[222],222,2026-09-05 03:24:55,EX17,298.73,3.4,3.4,3.5,0.1,650.0,,1,post_purge_valve,Engine RPM
PART3-0089,2026-09-05,unknown,8:36-8:54,graph_paired,Engine RPM,Engine RPM,PART3-0090,driving,coast,warm,unknown,unknown,unknown,unknown,1783,1859,76,rpm,curve_read,yes,post_drive,"Still on throttle before the lift; captured during the relearning drive, coasting 100 to 30 km/h",[232];[233],232,2026-09-05 03:49:34,EX18,323.38,,1783.0,1859.0,76.0,,,1,post_purge_valve,Engine RPM
PART3-0090,2026-09-05,unknown,8:36-8:54,graph_paired,O2S1 air:fuel,Oxygen sensor 1 Wide Range Equivalence ratio,PART3-0089,driving,coast,warm,unknown,unknown,unknown,unknown,13.5,15.8,2.3,AFR,curve_read,yes,post_drive,Oscillating in closed loop on throttle,[232];[233],232,2026-09-05 03:49:34,EX18,323.38,,13.5,15.8,2.3,,,1,post_purge_valve,O2S1 air:fuel
PART3-0091,2026-09-05,unknown,8:55,graph_paired,O2S1 air:fuel,Oxygen sensor 1 Wide Range Equivalence ratio,PART3-0089,driving,overrun,warm,unknown,unknown,unknown,29.38,unknown,unknown,unknown,AFR,curve_read,yes,post_drive,Vertical step to the top of the PID range the instant the throttle closed,[233],233,2026-09-05 03:49:34,EX18,323.38,29.38,,,,,,1,post_purge_valve,O2S1 air:fuel
PART3-0092,2026-09-05,unknown,8:58-9:13,graph_paired,Engine RPM,Engine RPM,PART3-0093,driving,overrun,warm,unknown,unknown,unknown,unknown,1238,1631,393,rpm,curve_read,yes,post_drive,Falling during the coast,[233],233,2026-09-05 03:49:34,EX18,323.38,,1238.0,1631.0,393.0,,,1,post_purge_valve,Engine RPM
PART3-0093,2026-09-05,unknown,8:58-9:13,graph_paired,O2S1 air:fuel,Oxygen sensor 1 Wide Range Equivalence ratio,PART3-0092,driving,overrun,warm,unknown,unknown,unknown,29.38,29.38,29.38,0,AFR,curve_read,yes,post_drive,Flat with min = avg = max - injectors fully sealed,[233],233,2026-09-05 03:49:34,EX18,323.38,29.38,29.38,29.38,0.0,,,1,post_purge_valve,O2S1 air:fuel
PART3-0094,2026-09-05,unknown,9:15-9:31,graph_paired,Engine RPM,Engine RPM,PART3-0095,driving,overrun,warm,unknown,unknown,unknown,unknown,1053,1190,137,rpm,curve_read,yes,post_drive,unknown,[233],233,2026-09-05 03:49:34,EX18,323.38,,1053.0,1190.0,137.0,,,1,post_purge_valve,Engine RPM
PART3-0095,2026-09-05,unknown,9:15-9:31,graph_paired,O2S1 air:fuel,Oxygen sensor 1 Wide Range Equivalence ratio,PART3-0094,driving,overrun,warm,unknown,unknown,unknown,29.38,29.38,29.38,0,AFR,curve_read,yes,post_drive,Flat,[233],233,2026-09-05 03:49:34,EX18,323.38,29.38,29.38,29.38,0.0,,,1,post_purge_valve,O2S1 air:fuel
PART3-0096,2026-09-05,unknown,9:25-9:41,graph_paired,Engine RPM,Engine RPM,PART3-0097,driving,overrun,warm,unknown,unknown,unknown,unknown,843,1203,360,rpm,curve_read,yes,post_drive,Fuel cut held all the way down to about 850 rpm,[233],233,2026-09-05 03:49:34,EX18,323.38,,843.0,1203.0,360.0,,,1,post_purge_valve,Engine RPM
PART3-0097,2026-09-05,unknown,9:25-9:41,graph_paired,O2S1 air:fuel,Oxygen sensor 1 Wide Range Equivalence ratio,PART3-0096,driving,overrun,warm,unknown,unknown,unknown,29.38,29.38,29.38,0,AFR,curve_read,yes,post_drive,Flat,[233],233,2026-09-05 03:49:34,EX18,323.38,29.38,29.38,29.38,0.0,,,1,post_purge_valve,O2S1 air:fuel
PART3-0098,2026-09-05,unknown,unknown,graph_paired,O2S1 air:fuel,Oxygen sensor 1 Wide Range Equivalence ratio,unknown,driving,coast,warm,unknown,unknown,unknown,unknown,13.49,29.38,15.89,AFR,curve_read,yes,post_drive,Full sweep quoted in the bank-comparison table; best O2 response test of the investigation,[238],238,2026-09-05 03:58:11,EX19,332.0,,13.49,29.38,15.89,,,1,post_purge_valve,O2S1 air:fuel
PART3-0099,2026-09-05,unknown,unknown,graph_paired,O2S5 air:fuel,Oxygen sensor 5 Wide Range Equivalence ratio,PART3-0100,driving,overrun,warm,unknown,unknown,unknown,29.38,29.38,29.38,0,AFR,curve_read,yes,post_drive,Pegged flat with min = avg = max across two full windows - bank 2 injectors sealed,[237];[238],237,2026-09-05 03:58:11,EX19,332.0,29.38,29.38,29.38,0.0,,,1,post_purge_valve,O2S5 air:fuel
PART3-0100,2026-09-05,unknown,unknown,graph_paired,Engine RPM,Engine RPM,PART3-0099,driving,overrun,warm,unknown,unknown,unknown,unknown,1381,1772,391,rpm,curve_read,yes,post_drive,RPM range across the two bank 2 fuel-cut windows,[237];[238],237,2026-09-05 03:58:11,EX19,332.0,,1381.0,1772.0,391.0,,,1,post_purge_valve,Engine RPM
PART3-0101,2026-09-05,unknown,unknown,graph_paired,O2S5 air:fuel,Oxygen sensor 5 Wide Range Equivalence ratio,unknown,driving,WOT,warm,unknown,unknown,unknown,unknown,12.33,29.38,17.05,AFR,curve_read,yes,post_drive,Full sweep both directions - dipped to 12.33 under power enrichment,[238],238,2026-09-05 03:58:11,EX19,332.0,,12.33,29.38,17.05,,,1,post_purge_valve,O2S5 air:fuel
PART3-0102,2026-09-05,unknown,unknown,value_read,unknown,Commanded air fuel ratio at wide throttle,unknown,driving,WOT,warm,unknown,unknown,unknown,12.3,unknown,unknown,unknown,AFR,curve_read,yes,post_drive,"Stated as ""commanded 12.3:1 at wide throttle and got it"" - proves pump, regulator and injectors under load",[238],238,2026-09-05 03:58:11,EX19,332.0,12.3,,,,,,1,post_purge_valve,unknown
PART3-0103,2026-09-05,unknown,unknown,graph_paired,Abs. load,Absolute load value,PART3-0105,driving,WOT,warm,unknown,unknown,unknown,96.47,91,96.47,unknown,%,curve_read,yes,post_drive,Peak 96.47 with 91-94 sustained through the pull; healthy target is 90-100,[240];[241],240,2026-09-05 03:58:11,EX19,332.0,96.47,91.0,96.47,,,,1,post_purge_valve,Abs. load
PART3-0104,2026-09-05,unknown,unknown,graph_paired,MAF,MAF air flow rate,PART3-0105,driving,WOT,warm,unknown,unknown,unknown,215.27,10,215.27,205.27,g/s,curve_read,yes,post_drive,Rose smoothly and linearly from 10 to 215 g/s to the limiter with no plateau,[240];[241],240,2026-09-05 03:58:11,EX19,332.0,215.27,10.0,215.27,205.27,,,1,post_purge_valve,MAF
PART3-0105,2026-09-05,unknown,unknown,graph_paired,Engine RPM,Engine RPM,PART3-0103,driving,WOT,warm,unknown,unknown,unknown,6832,unknown,6832,unknown,rpm,curve_read,yes,post_drive,Clean pull to the rev limiter,[240];[241],240,2026-09-05 03:58:11,EX19,332.0,6832.0,,6832.0,,,,1,post_purge_valve,Engine RPM
PART3-0106,2026-09-05,4:04,unknown,graph_paired,LTFT - B1,Long term fuel % trim - Bank 1,PART3-0107,unknown,unknown,warm,unknown,unknown,unknown,-1.56,-1.56,-1.56,0,%,curve_read,yes,post_drive,Flat min = avg = max. Operating condition NOT recorded - assistant asked whether it was cruise or idle and did not get an answer,[240];[241];[242],240,2026-09-05 03:58:11,EX19,332.0,-1.56,-1.56,-1.56,0.0,,,1,post_purge_valve,LTFT - B1
PART3-0107,2026-09-05,4:04,unknown,graph_paired,LTFT - B2,Long term fuel % trim - Bank 2,PART3-0106,unknown,unknown,warm,unknown,unknown,unknown,-0.78,-0.78,-0.78,0,%,curve_read,yes,post_drive,Flat; one quantisation step from bank 1. Operating condition not recorded,[240];[241];[242],240,2026-09-05 03:58:11,EX19,332.0,-0.78,-0.78,-0.78,0.0,,,1,post_purge_valve,LTFT - B2
PART3-0108,2026-09-05,unknown,unknown,calculation,unknown,Estimated peak power from MAF,unknown,driving,WOT,warm,unknown,unknown,6832,301,unknown,unknown,unknown,hp,inferred,yes,post_drive,215 g/s times a rule-of-thumb 1.4 against a 302 hp rating,[241],241,2026-09-05 03:58:11,EX19,332.0,301.0,,,,6832.0,,1,post_purge_valve,unknown
PART3-0109,2026-09-05,04:28,unknown,graph_paired,LTFT - B1,Long term fuel % trim - Bank 1,PART3-0110,P,idle,warm,unknown,unknown,unknown,-0.78,-0.78,-0.78,0,%,curve_read,yes,post_drive,Three consecutive windows all min = avg = max; the idle cell with adaptives fully relearned,[250];[251],250,2026-09-05 04:28:31,EX20,362.33,-0.78,-0.78,-0.78,0.0,,,1,post_purge_valve,LTFT - B1
PART3-0110,2026-09-05,04:28,unknown,graph_paired,LTFT - B2,Long term fuel % trim - Bank 2,PART3-0109,P,idle,warm,unknown,unknown,unknown,-0.78,-0.78,-0.78,0,%,curve_read,yes,post_drive,Identical to bank 1 - not within one step but literally the same number,[250];[251],250,2026-09-05 04:28:31,EX20,362.33,-0.78,-0.78,-0.78,0.0,,,1,post_purge_valve,LTFT - B2
PART3-0111,2026-09-05,04:28,unknown,graph_paired,EVAP purge,Commanded evaporative purge,unknown,P,idle,warm,unknown,unknown,unknown,unknown,47,49.8,2.8,%,curve_read,yes,post_drive,New valve - actively stepping up and down over tens of seconds,[250];[251],250,2026-09-05 04:28:31,EX20,362.33,,47.0,49.8,2.8,,,1,post_purge_valve,EVAP purge
PART3-0112,2026-09-05,unknown,unknown,graph_paired,EVAP purge,Commanded evaporative purge,unknown,P,idle,warm,unknown,unknown,unknown,unknown,40,41,1,%,curve_read,yes,post_drive,"Old valve - restated here for comparison; flat, drifting one step at a time; epoch corrected from pre_purge_valve - the source image clock puts this capture after the repair",[251],251,2026-09-05 04:28:31,EX20,362.33,,40.0,41.0,1.0,,,1,post_purge_valve,EVAP purge
PART3-0113,2026-09-05,04:28,12:37-12:52,graph_paired,Engine RPM,Engine RPM,unknown,P,idle,warm,unknown,unknown,650,unknown,unknown,unknown,56,rpm,curve_read,yes,post_drive,Same 3.4 s rhythm; hunt unchanged by the purge valve repair,[250];[251],250,2026-09-05 04:28:31,EX20,362.33,,,,56.0,650.0,,1,post_purge_valve,Engine RPM
PART3-0114,2026-09-05,04:28,12:52-13:07,graph_paired,Engine RPM,Engine RPM,unknown,P,idle,warm,unknown,unknown,650,unknown,unknown,unknown,51,rpm,curve_read,yes,post_drive,unknown,[250];[251],250,2026-09-05 04:28:31,EX20,362.33,,,,51.0,650.0,,1,post_purge_valve,Engine RPM
PART3-0115,2026-09-05,04:28,13:03-13:18,graph_paired,Engine RPM,Engine RPM,unknown,P,idle,warm,unknown,unknown,650,unknown,unknown,unknown,57,rpm,curve_read,yes,post_drive,unknown,[250];[251],250,2026-09-05 04:28:31,EX20,362.33,,,,57.0,650.0,,1,post_purge_valve,Engine RPM
PART3-0116,2026-09-05,04:28,13:18-13:33,graph_paired,Engine RPM,Engine RPM,unknown,P,idle,warm,unknown,unknown,650,unknown,unknown,unknown,67,rpm,curve_read,yes,post_drive,Widest span measured in this session,[250];[251],250,2026-09-05 04:28:31,EX20,362.33,,,,67.0,650.0,,1,post_purge_valve,Engine RPM
PART3-0117,2026-09-05,04:28,13:32-13:47,graph_paired,Engine RPM,Engine RPM,unknown,P,idle,warm,unknown,unknown,650,unknown,unknown,unknown,61,rpm,curve_read,yes,post_drive,unknown,[250];[251],250,2026-09-05 04:28:31,EX20,362.33,,,,61.0,650.0,,1,post_purge_valve,Engine RPM
PART3-0118,2026-09-05,unknown,unknown,mode06,unknown,Misfire Cylinder 1 Data - MID$A2 TID $0C,unknown,n/a,n/a,unknown,unknown,unknown,unknown,0,0,65535,unknown,counts,menu,yes,post_drive,PASSED; identifiers and full precision read from the Mode 06 screenshots and recorded in docs/f150-diagnosis.md - not present in the transcript text,[253];[254]; docs/f150-diagnosis.md MODE 06 section,253,2026-09-05 04:36:02,EX21,369.85,0.0,0.0,65535.0,,,,1,post_purge_valve,unknown
PART3-0119,2026-09-05,unknown,unknown,mode06,unknown,Misfire Cylinder 2 Data - MID$A3 TID $0C,unknown,n/a,n/a,unknown,unknown,unknown,unknown,0,0,65535,unknown,counts,menu,yes,post_drive,PASSED; identifiers and full precision read from the Mode 06 screenshots and recorded in docs/f150-diagnosis.md - not present in the transcript text,[253];[254]; docs/f150-diagnosis.md MODE 06 section,253,2026-09-05 04:36:02,EX21,369.85,0.0,0.0,65535.0,,,,1,post_purge_valve,unknown
PART3-0120,2026-09-05,unknown,unknown,mode06,unknown,Misfire Cylinder 3 Data - MID$A4 TID $0C,unknown,n/a,n/a,unknown,unknown,unknown,unknown,0,0,65535,unknown,counts,menu,yes,post_drive,PASSED; identifiers and full precision read from the Mode 06 screenshots and recorded in docs/f150-diagnosis.md - not present in the transcript text,[253];[254]; docs/f150-diagnosis.md MODE 06 section,253,2026-09-05 04:36:02,EX21,369.85,0.0,0.0,65535.0,,,,1,post_purge_valve,unknown
PART3-0121,2026-09-05,unknown,unknown,mode06,unknown,Misfire Cylinder 4 Data - MID$A5 TID $0C,unknown,n/a,n/a,unknown,unknown,unknown,unknown,2,0,65535,unknown,counts,menu,yes,post_drive,"PASSED. Highest of the six, but 10-cycle EWMA is zero. WOT pulls in this session hit the 6832 rpm rev limiter, which cuts fuel and spark and can be logged as misfire; identifiers and full precision read from the Mode 06 screenshots and recorded in docs/f150-diagnosis.md - not present in the transcript text",[253];[254]; docs/f150-diagnosis.md MODE 06 section,253,2026-09-05 04:36:02,EX21,369.85,2.0,0.0,65535.0,,,,1,post_purge_valve,unknown
PART3-0122,2026-09-05,unknown,unknown,mode06,unknown,Misfire Cylinder 5 Data - MID$A6 TID $0C,unknown,n/a,n/a,unknown,unknown,unknown,unknown,0,0,65535,unknown,counts,menu,yes,post_drive,PASSED; identifiers and full precision read from the Mode 06 screenshots and recorded in docs/f150-diagnosis.md - not present in the transcript text,[253];[254]; docs/f150-diagnosis.md MODE 06 section,253,2026-09-05 04:36:02,EX21,369.85,0.0,0.0,65535.0,,,,1,post_purge_valve,unknown
PART3-0123,2026-09-05,unknown,unknown,mode06,unknown,Misfire Cylinder 6 Data - MID$A7 TID $0C,unknown,n/a,n/a,unknown,unknown,unknown,unknown,1,0,65535,unknown,counts,menu,yes,post_drive,PASSED. See cylinder 4 note on the rev limiter; identifiers and full precision read from the Mode 06 screenshots and recorded in docs/f150-diagnosis.md - not present in the transcript text,[253];[254]; docs/f150-diagnosis.md MODE 06 section,253,2026-09-05 04:36:02,EX21,369.85,1.0,0.0,65535.0,,,,1,post_purge_valve,unknown
PART3-0124,2026-09-05,unknown,unknown,mode06,unknown,"Misfire Cylinder 1 Data - MID$A2 TID $0B (EWMA, 10 driving cycles)",unknown,n/a,n/a,unknown,unknown,unknown,unknown,0,0,65535,unknown,counts,menu,yes,post_drive,PASSED; identifiers and full precision read from the Mode 06 screenshots and recorded in docs/f150-diagnosis.md - not present in the transcript text,[253];[254]; docs/f150-diagnosis.md MODE 06 section,253,2026-09-05 04:36:02,EX21,369.85,0.0,0.0,65535.0,,,,1,post_purge_valve,unknown
PART3-0125,2026-09-05,unknown,unknown,mode06,unknown,"Misfire Cylinder 2 Data - MID$A3 TID $0B (EWMA, 10 driving cycles)",unknown,n/a,n/a,unknown,unknown,unknown,unknown,0,0,65535,unknown,counts,menu,yes,post_drive,PASSED; identifiers and full precision read from the Mode 06 screenshots and recorded in docs/f150-diagnosis.md - not present in the transcript text,[253];[254]; docs/f150-diagnosis.md MODE 06 section,253,2026-09-05 04:36:02,EX21,369.85,0.0,0.0,65535.0,,,,1,post_purge_valve,unknown
PART3-0126,2026-09-05,unknown,unknown,mode06,unknown,"Misfire Cylinder 3 Data - MID$A4 TID $0B (EWMA, 10 driving cycles)",unknown,n/a,n/a,unknown,unknown,unknown,unknown,0,0,65535,unknown,counts,menu,yes,post_drive,PASSED; identifiers and full precision read from the Mode 06 screenshots and recorded in docs/f150-diagnosis.md - not present in the transcript text,[253];[254]; docs/f150-diagnosis.md MODE 06 section,253,2026-09-05 04:36:02,EX21,369.85,0.0,0.0,65535.0,,,,1,post_purge_valve,unknown
PART3-0127,2026-09-05,unknown,unknown,mode06,unknown,"Misfire Cylinder 4 Data - MID$A5 TID $0B (EWMA, 10 driving cycles)",unknown,n/a,n/a,unknown,unknown,unknown,unknown,0,0,65535,unknown,counts,menu,yes,post_drive,PASSED. Zero despite 2 counts this cycle - nothing persistent; identifiers and full precision read from the Mode 06 screenshots and recorded in docs/f150-diagnosis.md - not present in the transcript text,[253];[254]; docs/f150-diagnosis.md MODE 06 section,253,2026-09-05 04:36:02,EX21,369.85,0.0,0.0,65535.0,,,,1,post_purge_valve,unknown
PART3-0128,2026-09-05,unknown,unknown,mode06,unknown,"Misfire Cylinder 5 Data - MID$A6 TID $0B (EWMA, 10 driving cycles)",unknown,n/a,n/a,unknown,unknown,unknown,unknown,0,0,65535,unknown,counts,menu,yes,post_drive,PASSED; identifiers and full precision read from the Mode 06 screenshots and recorded in docs/f150-diagnosis.md - not present in the transcript text,[253];[254]; docs/f150-diagnosis.md MODE 06 section,253,2026-09-05 04:36:02,EX21,369.85,0.0,0.0,65535.0,,,,1,post_purge_valve,unknown
PART3-0129,2026-09-05,unknown,unknown,mode06,unknown,"Misfire Cylinder 6 Data - MID$A7 TID $0B (EWMA, 10 driving cycles)",unknown,n/a,n/a,unknown,unknown,unknown,unknown,0,0,65535,unknown,counts,menu,yes,post_drive,PASSED. Zero despite 1 count this cycle; identifiers and full precision read from the Mode 06 screenshots and recorded in docs/f150-diagnosis.md - not present in the transcript text,[253];[254]; docs/f150-diagnosis.md MODE 06 section,253,2026-09-05 04:36:02,EX21,369.85,0.0,0.0,65535.0,,,,1,post_purge_valve,unknown
PART3-0130,2026-09-05,unknown,unknown,mode06,unknown,Catalyst Monitor Bank 1 - MID$21 TID $81,PART3-0131,n/a,n/a,unknown,unknown,unknown,unknown,0.3711,0,0.8359,unknown,ratio,menu,yes,post_drive,PASSED - 44 percent of the failure threshold; identifiers and full precision read from the Mode 06 screenshots and recorded in docs/f150-diagnosis.md - not present in the transcript text,[253];[254]; docs/f150-diagnosis.md MODE 06 section,253,2026-09-05 04:36:02,EX21,369.85,0.3711,0.0,0.8359,,,,1,post_purge_valve,unknown
PART3-0131,2026-09-05,unknown,unknown,mode06,unknown,Catalyst Monitor Bank 2 - MID$22 TID $81,PART3-0130,n/a,n/a,unknown,unknown,unknown,unknown,0.3633,0,0.8359,unknown,ratio,menu,yes,post_drive,PASSED - within 2 percent of bank 1; identifiers and full precision read from the Mode 06 screenshots and recorded in docs/f150-diagnosis.md - not present in the transcript text,[253];[254]; docs/f150-diagnosis.md MODE 06 section,253,2026-09-05 04:36:02,EX21,369.85,0.3633,0.0,0.8359,,,,1,post_purge_valve,unknown
PART3-0132,2026-09-05,unknown,unknown,mode06,unknown,Oxygen Sensor Monitor Bank 1 - Sensor 1 - MID$01 TID $87,PART3-0133,n/a,n/a,unknown,unknown,unknown,unknown,0.014,0,0.4,unknown,s,menu,yes,post_drive,PASSED - 3.5 percent of the allowance; identifiers and full precision read from the Mode 06 screenshots and recorded in docs/f150-diagnosis.md - not present in the transcript text,[253];[254]; docs/f150-diagnosis.md MODE 06 section,253,2026-09-05 04:36:02,EX21,369.85,0.014,0.0,0.4,,,,1,post_purge_valve,unknown
PART3-0133,2026-09-05,unknown,unknown,mode06,unknown,Oxygen Sensor Monitor Bank 2 - Sensor 1 - MID$05 TID $87,PART3-0132,n/a,n/a,unknown,unknown,unknown,unknown,0.014,0,0.4,unknown,s,menu,yes,post_drive,PASSED - identical to bank 1; identifiers and full precision read from the Mode 06 screenshots and recorded in docs/f150-diagnosis.md - not present in the transcript text,[253];[254]; docs/f150-diagnosis.md MODE 06 section,253,2026-09-05 04:36:02,EX21,369.85,0.014,0.0,0.4,,,,1,post_purge_valve,unknown
PART3-0134,2026-09-05,unknown,unknown,mode06,unknown,Oxygen Sensor Monitor Bank 1 - Sensor 2 - MID$02 TID $86,PART3-0135,n/a,n/a,unknown,unknown,unknown,unknown,0.792,0,10,unknown,s,menu,yes,post_drive,PASSED; identifiers and full precision read from the Mode 06 screenshots and recorded in docs/f150-diagnosis.md - not present in the transcript text,[253];[254]; docs/f150-diagnosis.md MODE 06 section,253,2026-09-05 04:36:02,EX21,369.85,0.792,0.0,10.0,,,,1,post_purge_valve,unknown
PART3-0135,2026-09-05,unknown,unknown,mode06,unknown,Oxygen Sensor Monitor Bank 2 - Sensor 2 - MID$06 TID $86,PART3-0134,n/a,n/a,unknown,unknown,unknown,unknown,0.856,0,10,unknown,s,menu,yes,post_drive,PASSED; identifiers and full precision read from the Mode 06 screenshots and recorded in docs/f150-diagnosis.md - not present in the transcript text,[253];[254]; docs/f150-diagnosis.md MODE 06 section,253,2026-09-05 04:36:02,EX21,369.85,0.856,0.0,10.0,,,,1,post_purge_valve,unknown
PART3-0136,2026-09-05,unknown,unknown,mode06,unknown,Oxygen Sensor Heater Monitor Bank 1 - Sensor 1 - MID$41 TID $81,PART3-0137,n/a,n/a,unknown,unknown,unknown,unknown,2550,1120,3800,unknown,mA,menu,yes,post_drive,PASSED; identifiers and full precision read from the Mode 06 screenshots and recorded in docs/f150-diagnosis.md - not present in the transcript text,[253];[254]; docs/f150-diagnosis.md MODE 06 section,253,2026-09-05 04:36:02,EX21,369.85,2550.0,1120.0,3800.0,,,,1,post_purge_valve,unknown
PART3-0137,2026-09-05,unknown,unknown,mode06,unknown,Oxygen Sensor Heater Monitor Bank 2 - Sensor 1 - MID$45 TID $81,PART3-0136,n/a,n/a,unknown,unknown,unknown,unknown,2455,1120,3800,unknown,mA,menu,yes,post_drive,PASSED; identifiers and full precision read from the Mode 06 screenshots and recorded in docs/f150-diagnosis.md - not present in the transcript text,[253];[254]; docs/f150-diagnosis.md MODE 06 section,253,2026-09-05 04:36:02,EX21,369.85,2455.0,1120.0,3800.0,,,,1,post_purge_valve,unknown
PART3-0138,2026-09-05,unknown,unknown,mode06,unknown,VVT Monitor Bank 1 - MID$35 TID $85,PART3-0139,n/a,n/a,unknown,unknown,unknown,unknown,0.06,0,20,unknown,deg,menu,yes,post_drive,PASSED - 0.3 percent of the allowance; identifiers and full precision read from the Mode 06 screenshots and recorded in docs/f150-diagnosis.md - not present in the transcript text,[253];[254]; docs/f150-diagnosis.md MODE 06 section,253,2026-09-05 04:36:02,EX21,369.85,0.06,0.0,20.0,,,,1,post_purge_valve,unknown
PART3-0139,2026-09-05,unknown,unknown,mode06,unknown,VVT Monitor Bank 2 - MID$36 TID $85,PART3-0138,n/a,n/a,unknown,unknown,unknown,unknown,0.05,0,20,unknown,deg,menu,yes,post_drive,PASSED; identifiers and full precision read from the Mode 06 screenshots and recorded in docs/f150-diagnosis.md - not present in the transcript text,[253];[254]; docs/f150-diagnosis.md MODE 06 section,253,2026-09-05 04:36:02,EX21,369.85,0.05,0.0,20.0,,,,1,post_purge_valve,unknown
PART3-0140,2026-09-05,unknown,unknown,mode06,unknown,Fuel System Monitor Bank 1 - MID$81 TID $80,PART3-0141,n/a,n/a,unknown,unknown,unknown,unknown,0,0,0.7968653696498055,unknown,unknown,menu,yes,post_drive,PASSED; identifiers and full precision read from the Mode 06 screenshots and recorded in docs/f150-diagnosis.md - not present in the transcript text,[255]; docs/f150-diagnosis.md MODE 06 section,255,,,,0.0,0.0,0.7968653696498055,,,,1,unknown,unknown
PART3-0141,2026-09-05,unknown,unknown,mode06,unknown,Fuel System Monitor Bank 2 - MID$82 TID $80,PART3-0140,n/a,n/a,unknown,unknown,unknown,unknown,0,0,0.7968653696498055,unknown,unknown,menu,yes,post_drive,PASSED; identifiers and full precision read from the Mode 06 screenshots and recorded in docs/f150-diagnosis.md - not present in the transcript text,[255]; docs/f150-diagnosis.md MODE 06 section,255,,,,0.0,0.0,0.7968653696498055,,,,1,unknown,unknown
PART3-0142,2026-09-05,unknown,unknown,monitor_status,unknown,Monitor status since DTCs cleared. - Evaporative System,unknown,n/a,n/a,unknown,unknown,unknown,unknown,Not completed,unknown,unknown,unknown,status,value_read,yes,post_drive,The only monitor still incomplete after the drive; needs fuel level and cold soak conditions,[266],266,,,,,,,,,,1,unknown,unknown
PART3-0143,2026-09-05,unknown,unknown,graph_paired,Fuel/Air com. ratio,Fuel/Air commanded equivalence ratio,PART3-0145,P,idle,warm,unknown,unknown,650,unknown,14.42,14.86,0.44,AFR,curve_read,yes,post_drive,"Two-level square wave with vertical edges, period about 3.5 s, amplitude about plus/minus 1.5 percent",[258];[259],258,2026-09-05 04:49:10,EX22,382.98,,14.42,14.86,0.44,650.0,,1,post_purge_valve,Fuel/Air com. ratio
PART3-0144,2026-09-04,unknown,unknown,graph_paired,Fuel/Air com. ratio,Fuel/Air commanded equivalence ratio,unknown,P,idle,warm,unknown,unknown,unknown,unknown,14.41,14.86,0.45,AFR,curve_read,yes,post_drive,First-night values restated here for comparison; period about 3.4 s; epoch corrected from pre_purge_valve - the source image clock puts this capture after the repair,[259],259,2026-09-05 04:49:10,EX22,382.98,,14.41,14.86,0.45,,,1,post_purge_valve,Fuel/Air com. ratio
PART3-0145,2026-09-05,unknown,unknown,graph_paired,Engine RPM,Engine RPM,PART3-0143,P,idle,warm,unknown,unknown,650,unknown,unknown,unknown,unknown,rpm,curve_read,yes,post_drive,"Assistant states rpm swings 40-56 in this capture - a range of spans, not a single window",[259],259,2026-09-05 04:49:10,EX22,382.98,,,,,650.0,,1,post_purge_valve,Engine RPM
PART3-0146,2026-09-05,unknown,37:00-37:15,graph_paired,Fuel/Air com. ratio,Fuel/Air commanded equivalence ratio,PART3-0147,P,idle,warm,unknown,unknown,650,14.42,unknown,unknown,unknown,AFR,curve_read,yes,post_drive,"Rich commands at graph clock 37:01.5, 37:05 and 37:08.5",[259],259,2026-09-05 04:49:10,EX22,382.98,14.42,,,,650.0,,1,post_purge_valve,Fuel/Air com. ratio
PART3-0147,2026-09-05,unknown,37:00-37:15,graph_paired,Engine RPM,Engine RPM,PART3-0146,P,idle,warm,unknown,unknown,650,unknown,unknown,unknown,unknown,s,curve_read,yes,post_drive,"RPM peaks at about 37:03, 37:06.5 and 37:10 - a lag of 1 to 1.5 s behind each rich command",[259],259,2026-09-05 04:49:10,EX22,382.98,,,,,650.0,,1,post_purge_valve,Engine RPM
PART3-0148,2026-09-05,unknown,unknown,graph_paired,Throttle Position Actually,Throttle Position Actually,PART3-0145,P,idle,warm,unknown,unknown,650,unknown,9.44,10.33,0.89,deg,curve_read,yes,post_drive,"Flat with min = avg = max within a window; steps between 9.44 / 9.55 / 9.88 / 10.33 over tens of seconds - drift, not oscillation",[258];[259],258,2026-09-05 04:49:10,EX22,382.98,,9.44,10.33,0.89,650.0,,1,post_purge_valve,Throttle Position Actually
PART3-0149,2026-09-05,unknown,unknown,physical,unknown,Acceleration Spectrum (phyphox),unknown,unknown,unknown,unknown,unknown,unknown,unknown,unknown,0,210,210,Hz,curve_read,no,post_drive,"Unreadable - horizontal axis spanned 0-210 Hz so the 5-33 Hz region of interest was compressed at the left edge. rpm, phone location, engine on/off and a noise-floor recording were all not recorded",[263];[264],263,2026-09-05 05:02:16,EX23,396.08,,0.0,210.0,210.0,,,0,post_purge_valve,unknown
PART3-0150,2026-09-05,unknown,unknown,value_read,ping,Scan app ping (adapter response time),unknown,unknown,unknown,unknown,unknown,unknown,unknown,unknown,60,90,30,ms,value_read,yes,post_drive,"Tool metadata, not a vehicle reading; implies a resolution ceiling of about 5-8 Hz",[249],249,,,,,60.0,90.0,30.0,,,1,unknown,ping
PART3-0151,2026-09-05,unknown,unknown,value_read,ping,Scan app ping (adapter response time),unknown,unknown,unknown,unknown,unknown,unknown,unknown,unknown,56,117,61,ms,value_read,yes,post_drive,"Tool metadata; restated range implying 4-8 Hz resolution, below the 10.8 Hz and 32.5 Hz frequencies of interest",[252],252,,,,,56.0,117.0,61.0,,,1,unknown,ping
PART3-0152,2026-09-05,unknown,unknown,calculation,unknown,Half order frequency at 650 rpm,unknown,P,idle,warm,unknown,unknown,650,5.4,unknown,unknown,unknown,Hz,inferred,yes,post_drive,One cylinder differing from the other five,[244],244,,,,5.4,,,,650.0,,1,unknown,unknown
PART3-0153,2026-09-05,unknown,unknown,calculation,unknown,First order frequency at 650 rpm,unknown,P,idle,warm,unknown,unknown,650,10.8,unknown,unknown,unknown,Hz,inferred,yes,post_drive,Rotational imbalance or engine rock on mounts,[244],244,,,,10.8,,,,650.0,,1,unknown,unknown
PART3-0154,2026-09-05,unknown,unknown,calculation,unknown,Second order frequency at 650 rpm,unknown,P,idle,warm,unknown,unknown,650,21.7,unknown,unknown,unknown,Hz,inferred,yes,post_drive,unknown,[262],262,,,,21.7,,,,650.0,,1,unknown,unknown
PART3-0155,2026-09-05,unknown,unknown,calculation,unknown,Third order (firing pulse) frequency at 650 rpm,unknown,P,idle,warm,unknown,unknown,650,32.5,unknown,unknown,unknown,Hz,inferred,yes,post_drive,Normal V6 firing beat,[244];[262],244,,,,32.5,,,,650.0,,1,unknown,unknown
PART3-0156,2026-09-05,unknown,unknown,calculation,unknown,Half order frequency at 1200 rpm,unknown,P,rpm_sweep,warm,unknown,unknown,1200,10,unknown,unknown,unknown,Hz,inferred,yes,post_drive,unknown,[244],244,,,,10.0,,,,1200.0,,1,unknown,unknown
PART3-0157,2026-09-05,unknown,unknown,calculation,unknown,First order frequency at 1200 rpm,unknown,P,rpm_sweep,warm,unknown,unknown,1200,20,unknown,unknown,unknown,Hz,inferred,yes,post_drive,unknown,[244],244,,,,20.0,,,,1200.0,,1,unknown,unknown
PART3-0158,2026-09-05,unknown,unknown,calculation,unknown,Third order (firing pulse) frequency at 1200 rpm,unknown,P,rpm_sweep,warm,unknown,unknown,1200,60,unknown,unknown,unknown,Hz,inferred,yes,post_drive,unknown,[244],244,,,,60.0,,,,1200.0,,1,unknown,unknown
PART3-0159,2026-09-05,unknown,unknown,calculation,unknown,First order frequency at 660 rpm,unknown,P,idle,warm,unknown,unknown,660,11.0,unknown,unknown,unknown,Hz,inferred,yes,post_drive,Given to show every order scales with the recorded rpm,[262],262,,,,11.0,,,,660.0,,1,unknown,unknown
PART3-0160,2026-09-05,unknown,unknown,calculation,unknown,Engine rock on mounts resonance band,unknown,P,idle,warm,unknown,unknown,650,unknown,8,15,7,Hz,inferred,no,post_drive,"Generic reference band quoted by the assistant, not measured on this truck",[244];[247],244,,,,,8.0,15.0,7.0,650.0,,0,unknown,unknown
PART3-D001,2026-09-05,04:36,unknown,mode06,unknown,Oxygen Sensor Heater Monitor Bank 1 - Sensor 2 - MID$42 TID $81,unknown,n/a,n/a,warm,unknown,unknown,unknown,637,220,3000,unknown,mA,menu,yes,post_drive,"PASSED; exists only in docs/f150-diagnosis.md, read from the Mode 06 screenshots and never stated in the transcript text",docs/f150-diagnosis.md MODE 06 section,,,,,637.0,220.0,3000.0,,,,1,unknown,unknown
PART3-D002,2026-09-05,04:36,unknown,mode06,unknown,Oxygen Sensor Heater Monitor Bank 2 - Sensor 2 - MID$46 TID $81,unknown,n/a,n/a,warm,unknown,unknown,unknown,652,220,3000,unknown,mA,menu,yes,post_drive,"PASSED; exists only in docs/f150-diagnosis.md, read from the Mode 06 screenshots and never stated in the transcript text",docs/f150-diagnosis.md MODE 06 section,,,,,652.0,220.0,3000.0,,,,1,unknown,unknown
PART3-D003,2026-09-05,04:36,unknown,mode06,unknown,Oxygen Sensor Monitor Bank 1 - Sensor 2 - MID$02 TID $85,unknown,n/a,n/a,warm,unknown,unknown,unknown,-3846,-30000,0,unknown,mV/sec,menu,yes,post_drive,"PASSED; exists only in docs/f150-diagnosis.md, read from the Mode 06 screenshots and never stated in the transcript text",docs/f150-diagnosis.md MODE 06 section,,,,,-3846.0,-30000.0,0.0,,,,1,unknown,unknown
PART3-D004,2026-09-05,04:36,unknown,mode06,unknown,Oxygen Sensor Monitor Bank 2 - Sensor 2 - MID$06 TID $85,unknown,n/a,n/a,warm,unknown,unknown,unknown,-3788,-30000,0,unknown,mV/sec,menu,yes,post_drive,"PASSED; exists only in docs/f150-diagnosis.md, read from the Mode 06 screenshots and never stated in the transcript text",docs/f150-diagnosis.md MODE 06 section,,,,,-3788.0,-30000.0,0.0,,,,1,unknown,unknown
PART3-D005,2026-09-05,04:36,unknown,mode06,unknown,Misfire Monitor General Data - MID$A1 TID $84,unknown,n/a,n/a,warm,unknown,unknown,unknown,527.1982909895476,0,918.8744258793012,unknown,unknown,menu,yes,post_drive,"PASSED. [VERIFY] Manufacturer-defined and undocumented. The ONLY value in the whole Mode 06 set that is neither near zero nor matched between banks - 57 percent of its allowed range; exists only in docs/f150-diagnosis.md, read from the Mode 06 screenshots and never stated in the transcript text",docs/f150-diagnosis.md MODE 06 section,,,,,527.1982909895476,0.0,918.8744258793012,,,,1,unknown,unknown
